run,run_short,raw_step,effective_step,metric,value
Pure Stage1 beta=0.1,stage1,1,1,response length mean,379.16015625
Pure Stage1 beta=0.1,stage1,1,1,response clip ratio,0.025390625
Pure Stage1 beta=0.1,stage1,1,1,rollout correct ratio,0.49609375
Pure Stage1 beta=0.1,stage1,1,1,actor grad norm,38.47754669189453
Pure Stage1 beta=0.1,stage1,2,2,response length mean,378.298828125
Pure Stage1 beta=0.1,stage1,2,2,response clip ratio,0.015625
Pure Stage1 beta=0.1,stage1,2,2,rollout correct ratio,0.4296875
Pure Stage1 beta=0.1,stage1,2,2,actor grad norm,40.50734329223633
Pure Stage1 beta=0.1,stage1,3,3,response length mean,292.27734375
Pure Stage1 beta=0.1,stage1,3,3,response clip ratio,0.00390625
Pure Stage1 beta=0.1,stage1,3,3,rollout correct ratio,0.466796875
Pure Stage1 beta=0.1,stage1,3,3,actor grad norm,36.656368255615234
Pure Stage1 beta=0.1,stage1,4,4,response length mean,292.1875
Pure Stage1 beta=0.1,stage1,4,4,response clip ratio,0.009765625
Pure Stage1 beta=0.1,stage1,4,4,rollout correct ratio,0.501953125
Pure Stage1 beta=0.1,stage1,4,4,actor grad norm,35.406368255615234
Pure Stage1 beta=0.1,stage1,5,5,response length mean,320.0
Pure Stage1 beta=0.1,stage1,5,5,response clip ratio,0.01171875
Pure Stage1 beta=0.1,stage1,5,5,rollout correct ratio,0.50390625
Pure Stage1 beta=0.1,stage1,5,5,actor grad norm,39.31312942504883
Pure Stage1 beta=0.1,stage1,6,6,response length mean,241.861328125
Pure Stage1 beta=0.1,stage1,6,6,response clip ratio,0.0
Pure Stage1 beta=0.1,stage1,6,6,rollout correct ratio,0.490234375
Pure Stage1 beta=0.1,stage1,6,6,actor grad norm,40.080535888671875
Pure Stage1 beta=0.1,stage1,7,7,response length mean,351.931640625
Pure Stage1 beta=0.1,stage1,7,7,response clip ratio,0.009765625
Pure Stage1 beta=0.1,stage1,7,7,rollout correct ratio,0.384765625
Pure Stage1 beta=0.1,stage1,7,7,actor grad norm,40.681209564208984
Pure Stage1 beta=0.1,stage1,8,8,response length mean,301.435546875
Pure Stage1 beta=0.1,stage1,8,8,response clip ratio,0.0
Pure Stage1 beta=0.1,stage1,8,8,rollout correct ratio,0.521484375
Pure Stage1 beta=0.1,stage1,8,8,actor grad norm,34.55699157714844
Pure Stage1 beta=0.1,stage1,9,9,response length mean,280.666015625
Pure Stage1 beta=0.1,stage1,9,9,response clip ratio,0.00390625
Pure Stage1 beta=0.1,stage1,9,9,rollout correct ratio,0.408203125
Pure Stage1 beta=0.1,stage1,9,9,actor grad norm,40.20084762573242
Pure Stage1 beta=0.1,stage1,10,10,response length mean,285.66015625
Pure Stage1 beta=0.1,stage1,10,10,response clip ratio,0.001953125
Pure Stage1 beta=0.1,stage1,10,10,rollout correct ratio,0.533203125
Pure Stage1 beta=0.1,stage1,10,10,actor grad norm,32.09552764892578
Pure Stage1 beta=0.1,stage1,11,11,response length mean,329.302734375
Pure Stage1 beta=0.1,stage1,11,11,response clip ratio,0.001953125
Pure Stage1 beta=0.1,stage1,11,11,rollout correct ratio,0.474609375
Pure Stage1 beta=0.1,stage1,11,11,actor grad norm,39.30127716064453
Pure Stage1 beta=0.1,stage1,12,12,response length mean,277.154296875
Pure Stage1 beta=0.1,stage1,12,12,response clip ratio,0.001953125
Pure Stage1 beta=0.1,stage1,12,12,rollout correct ratio,0.421875
Pure Stage1 beta=0.1,stage1,12,12,actor grad norm,35.595027923583984
Pure Stage1 beta=0.1,stage1,13,13,response length mean,290.001953125
Pure Stage1 beta=0.1,stage1,13,13,response clip ratio,0.0
Pure Stage1 beta=0.1,stage1,13,13,rollout correct ratio,0.521484375
Pure Stage1 beta=0.1,stage1,13,13,actor grad norm,31.467571258544922
Pure Stage1 beta=0.1,stage1,14,14,response length mean,383.59375
Pure Stage1 beta=0.1,stage1,14,14,response clip ratio,0.01953125
Pure Stage1 beta=0.1,stage1,14,14,rollout correct ratio,0.443359375
Pure Stage1 beta=0.1,stage1,14,14,actor grad norm,46.64434814453125
Pure Stage1 beta=0.1,stage1,15,15,response length mean,308.9921875
Pure Stage1 beta=0.1,stage1,15,15,response clip ratio,0.00390625
Pure Stage1 beta=0.1,stage1,15,15,rollout correct ratio,0.48828125
Pure Stage1 beta=0.1,stage1,15,15,actor grad norm,34.70201873779297
Pure Stage1 beta=0.1,stage1,16,16,response length mean,358.30859375
Pure Stage1 beta=0.1,stage1,16,16,response clip ratio,0.0078125
Pure Stage1 beta=0.1,stage1,16,16,rollout correct ratio,0.51171875
Pure Stage1 beta=0.1,stage1,16,16,actor grad norm,33.92583465576172
Pure Stage1 beta=0.1,stage1,17,17,response length mean,327.314453125
Pure Stage1 beta=0.1,stage1,17,17,response clip ratio,0.001953125
Pure Stage1 beta=0.1,stage1,17,17,rollout correct ratio,0.568359375
Pure Stage1 beta=0.1,stage1,17,17,actor grad norm,29.49516487121582
Pure Stage1 beta=0.1,stage1,18,18,response length mean,336.95703125
Pure Stage1 beta=0.1,stage1,18,18,response clip ratio,0.0
Pure Stage1 beta=0.1,stage1,18,18,rollout correct ratio,0.44140625
Pure Stage1 beta=0.1,stage1,18,18,actor grad norm,37.77708435058594
Pure Stage1 beta=0.1,stage1,19,19,response length mean,347.443359375
Pure Stage1 beta=0.1,stage1,19,19,response clip ratio,0.013671875
Pure Stage1 beta=0.1,stage1,19,19,rollout correct ratio,0.48828125
Pure Stage1 beta=0.1,stage1,19,19,actor grad norm,35.337196350097656
Pure Stage1 beta=0.1,stage1,20,20,response length mean,251.4921875
Pure Stage1 beta=0.1,stage1,20,20,response clip ratio,0.0
Pure Stage1 beta=0.1,stage1,20,20,rollout correct ratio,0.58984375
Pure Stage1 beta=0.1,stage1,20,20,actor grad norm,28.824234008789062
Pure Stage1 beta=0.1,stage1,21,21,response length mean,415.0390625
Pure Stage1 beta=0.1,stage1,21,21,response clip ratio,0.015625
Pure Stage1 beta=0.1,stage1,21,21,rollout correct ratio,0.388671875
Pure Stage1 beta=0.1,stage1,21,21,actor grad norm,37.80793762207031
Pure Stage1 beta=0.1,stage1,22,22,response length mean,332.701171875
Pure Stage1 beta=0.1,stage1,22,22,response clip ratio,0.017578125
Pure Stage1 beta=0.1,stage1,22,22,rollout correct ratio,0.525390625
Pure Stage1 beta=0.1,stage1,22,22,actor grad norm,36.44491958618164
Pure Stage1 beta=0.1,stage1,23,23,response length mean,435.89453125
Pure Stage1 beta=0.1,stage1,23,23,response clip ratio,0.025390625
Pure Stage1 beta=0.1,stage1,23,23,rollout correct ratio,0.4140625
Pure Stage1 beta=0.1,stage1,23,23,actor grad norm,40.26014709472656
Pure Stage1 beta=0.1,stage1,24,24,response length mean,389.607421875
Pure Stage1 beta=0.1,stage1,24,24,response clip ratio,0.017578125
Pure Stage1 beta=0.1,stage1,24,24,rollout correct ratio,0.546875
Pure Stage1 beta=0.1,stage1,24,24,actor grad norm,33.490760803222656
Pure Stage1 beta=0.1,stage1,25,25,response length mean,405.65234375
Pure Stage1 beta=0.1,stage1,25,25,response clip ratio,0.015625
Pure Stage1 beta=0.1,stage1,25,25,rollout correct ratio,0.494140625
Pure Stage1 beta=0.1,stage1,25,25,actor grad norm,35.3095703125
Pure Stage1 beta=0.1,stage1,26,26,response length mean,461.990234375
Pure Stage1 beta=0.1,stage1,26,26,response clip ratio,0.0390625
Pure Stage1 beta=0.1,stage1,26,26,rollout correct ratio,0.556640625
Pure Stage1 beta=0.1,stage1,26,26,actor grad norm,32.55451965332031
Pure Stage1 beta=0.1,stage1,27,27,response length mean,333.234375
Pure Stage1 beta=0.1,stage1,27,27,response clip ratio,0.005859375
Pure Stage1 beta=0.1,stage1,27,27,rollout correct ratio,0.494140625
Pure Stage1 beta=0.1,stage1,27,27,actor grad norm,37.45820236206055
Pure Stage1 beta=0.1,stage1,28,28,response length mean,308.12890625
Pure Stage1 beta=0.1,stage1,28,28,response clip ratio,0.001953125
Pure Stage1 beta=0.1,stage1,28,28,rollout correct ratio,0.498046875
Pure Stage1 beta=0.1,stage1,28,28,actor grad norm,35.00016403198242
Pure Stage1 beta=0.1,stage1,29,29,response length mean,337.060546875
Pure Stage1 beta=0.1,stage1,29,29,response clip ratio,0.001953125
Pure Stage1 beta=0.1,stage1,29,29,rollout correct ratio,0.51953125
Pure Stage1 beta=0.1,stage1,29,29,actor grad norm,32.38151931762695
Pure Stage1 beta=0.1,stage1,30,30,response length mean,356.84765625
Pure Stage1 beta=0.1,stage1,30,30,response clip ratio,0.00390625
Pure Stage1 beta=0.1,stage1,30,30,rollout correct ratio,0.509765625
Pure Stage1 beta=0.1,stage1,30,30,actor grad norm,34.844078063964844
Pure Stage1 beta=0.1,stage1,31,31,response length mean,330.560546875
Pure Stage1 beta=0.1,stage1,31,31,response clip ratio,0.0078125
Pure Stage1 beta=0.1,stage1,31,31,rollout correct ratio,0.6171875
Pure Stage1 beta=0.1,stage1,31,31,actor grad norm,30.189138412475586
Pure Stage1 beta=0.1,stage1,32,32,response length mean,403.998046875
Pure Stage1 beta=0.1,stage1,32,32,response clip ratio,0.013671875
Pure Stage1 beta=0.1,stage1,32,32,rollout correct ratio,0.48828125
Pure Stage1 beta=0.1,stage1,32,32,actor grad norm,33.50400161743164
Pure Stage1 beta=0.1,stage1,33,33,response length mean,360.646484375
Pure Stage1 beta=0.1,stage1,33,33,response clip ratio,0.0078125
Pure Stage1 beta=0.1,stage1,33,33,rollout correct ratio,0.5625
Pure Stage1 beta=0.1,stage1,33,33,actor grad norm,32.18473434448242
Pure Stage1 beta=0.1,stage1,34,34,response length mean,352.46875
Pure Stage1 beta=0.1,stage1,34,34,response clip ratio,0.009765625
Pure Stage1 beta=0.1,stage1,34,34,rollout correct ratio,0.599609375
Pure Stage1 beta=0.1,stage1,34,34,actor grad norm,32.37046432495117
Pure Stage1 beta=0.1,stage1,35,35,response length mean,311.47265625
Pure Stage1 beta=0.1,stage1,35,35,response clip ratio,0.005859375
Pure Stage1 beta=0.1,stage1,35,35,rollout correct ratio,0.435546875
Pure Stage1 beta=0.1,stage1,35,35,actor grad norm,37.66281509399414
Pure Stage1 beta=0.1,stage1,36,36,response length mean,359.17578125
Pure Stage1 beta=0.1,stage1,36,36,response clip ratio,0.00390625
Pure Stage1 beta=0.1,stage1,36,36,rollout correct ratio,0.603515625
Pure Stage1 beta=0.1,stage1,36,36,actor grad norm,40.703433990478516
Pure Stage1 beta=0.1,stage1,37,37,response length mean,343.69140625
Pure Stage1 beta=0.1,stage1,37,37,response clip ratio,0.0078125
Pure Stage1 beta=0.1,stage1,37,37,rollout correct ratio,0.544921875
Pure Stage1 beta=0.1,stage1,37,37,actor grad norm,31.352739334106445
Pure Stage1 beta=0.1,stage1,38,38,response length mean,342.98046875
Pure Stage1 beta=0.1,stage1,38,38,response clip ratio,0.00390625
Pure Stage1 beta=0.1,stage1,38,38,rollout correct ratio,0.46875
Pure Stage1 beta=0.1,stage1,38,38,actor grad norm,46.078922271728516
Pure Stage1 beta=0.1,stage1,39,39,response length mean,326.12109375
Pure Stage1 beta=0.1,stage1,39,39,response clip ratio,0.001953125
Pure Stage1 beta=0.1,stage1,39,39,rollout correct ratio,0.591796875
Pure Stage1 beta=0.1,stage1,39,39,actor grad norm,41.75464630126953
Pure Stage1 beta=0.1,stage1,40,40,response length mean,320.263671875
Pure Stage1 beta=0.1,stage1,40,40,response clip ratio,0.0
Pure Stage1 beta=0.1,stage1,40,40,rollout correct ratio,0.494140625
Pure Stage1 beta=0.1,stage1,40,40,actor grad norm,32.48411560058594
Pure Stage1 beta=0.1,stage1,41,41,response length mean,477.2265625
Pure Stage1 beta=0.1,stage1,41,41,response clip ratio,0.015625
Pure Stage1 beta=0.1,stage1,41,41,rollout correct ratio,0.6015625
Pure Stage1 beta=0.1,stage1,41,41,actor grad norm,35.49158477783203
Pure Stage1 beta=0.1,stage1,42,42,response length mean,421.025390625
Pure Stage1 beta=0.1,stage1,42,42,response clip ratio,0.021484375
Pure Stage1 beta=0.1,stage1,42,42,rollout correct ratio,0.59375
Pure Stage1 beta=0.1,stage1,42,42,actor grad norm,29.770143508911133
Pure Stage1 beta=0.1,stage1,43,43,response length mean,368.794921875
Pure Stage1 beta=0.1,stage1,43,43,response clip ratio,0.015625
Pure Stage1 beta=0.1,stage1,43,43,rollout correct ratio,0.47265625
Pure Stage1 beta=0.1,stage1,43,43,actor grad norm,34.63686752319336
Pure Stage1 beta=0.1,stage1,44,44,response length mean,364.1875
Pure Stage1 beta=0.1,stage1,44,44,response clip ratio,0.01171875
Pure Stage1 beta=0.1,stage1,44,44,rollout correct ratio,0.6328125
Pure Stage1 beta=0.1,stage1,44,44,actor grad norm,30.832670211791992
Pure Stage1 beta=0.1,stage1,45,45,response length mean,310.947265625
Pure Stage1 beta=0.1,stage1,45,45,response clip ratio,0.0
Pure Stage1 beta=0.1,stage1,45,45,rollout correct ratio,0.47265625
Pure Stage1 beta=0.1,stage1,45,45,actor grad norm,34.43742370605469
Pure Stage1 beta=0.1,stage1,46,46,response length mean,352.689453125
Pure Stage1 beta=0.1,stage1,46,46,response clip ratio,0.009765625
Pure Stage1 beta=0.1,stage1,46,46,rollout correct ratio,0.568359375
Pure Stage1 beta=0.1,stage1,46,46,actor grad norm,33.089595794677734
Pure Stage1 beta=0.1,stage1,47,47,response length mean,302.623046875
Pure Stage1 beta=0.1,stage1,47,47,response clip ratio,0.0
Pure Stage1 beta=0.1,stage1,47,47,rollout correct ratio,0.6875
Pure Stage1 beta=0.1,stage1,47,47,actor grad norm,27.88103485107422
Pure Stage1 beta=0.1,stage1,48,48,response length mean,356.953125
Pure Stage1 beta=0.1,stage1,48,48,response clip ratio,0.009765625
Pure Stage1 beta=0.1,stage1,48,48,rollout correct ratio,0.568359375
Pure Stage1 beta=0.1,stage1,48,48,actor grad norm,30.919321060180664
Pure Stage1 beta=0.1,stage1,49,49,response length mean,359.33984375
Pure Stage1 beta=0.1,stage1,49,49,response clip ratio,0.01953125
Pure Stage1 beta=0.1,stage1,49,49,rollout correct ratio,0.578125
Pure Stage1 beta=0.1,stage1,49,49,actor grad norm,34.65280532836914
Pure Stage1 beta=0.1,stage1,50,50,response length mean,346.685546875
Pure Stage1 beta=0.1,stage1,50,50,response clip ratio,0.00390625
Pure Stage1 beta=0.1,stage1,50,50,rollout correct ratio,0.615234375
Pure Stage1 beta=0.1,stage1,50,50,actor grad norm,31.421785354614258
Pure Stage1 beta=0.1,stage1,51,51,response length mean,381.11328125
Pure Stage1 beta=0.1,stage1,51,51,response clip ratio,0.013671875
Pure Stage1 beta=0.1,stage1,51,51,rollout correct ratio,0.599609375
Pure Stage1 beta=0.1,stage1,51,51,actor grad norm,32.55976486206055
Pure Stage1 beta=0.1,stage1,52,52,response length mean,334.775390625
Pure Stage1 beta=0.1,stage1,52,52,response clip ratio,0.009765625
Pure Stage1 beta=0.1,stage1,52,52,rollout correct ratio,0.55078125
Pure Stage1 beta=0.1,stage1,52,52,actor grad norm,27.23468589782715
Pure Stage1 beta=0.1,stage1,53,53,response length mean,353.80859375
Pure Stage1 beta=0.1,stage1,53,53,response clip ratio,0.013671875
Pure Stage1 beta=0.1,stage1,53,53,rollout correct ratio,0.59375
Pure Stage1 beta=0.1,stage1,53,53,actor grad norm,29.42422866821289
Pure Stage1 beta=0.1,stage1,54,54,response length mean,403.28515625
Pure Stage1 beta=0.1,stage1,54,54,response clip ratio,0.015625
Pure Stage1 beta=0.1,stage1,54,54,rollout correct ratio,0.501953125
Pure Stage1 beta=0.1,stage1,54,54,actor grad norm,38.102256774902344
Pure Stage1 beta=0.1,stage1,55,55,response length mean,344.515625
Pure Stage1 beta=0.1,stage1,55,55,response clip ratio,0.013671875
Pure Stage1 beta=0.1,stage1,55,55,rollout correct ratio,0.52734375
Pure Stage1 beta=0.1,stage1,55,55,actor grad norm,30.769947052001953
Pure Stage1 beta=0.1,stage1,56,56,response length mean,355.7578125
Pure Stage1 beta=0.1,stage1,56,56,response clip ratio,0.0078125
Pure Stage1 beta=0.1,stage1,56,56,rollout correct ratio,0.595703125
Pure Stage1 beta=0.1,stage1,56,56,actor grad norm,31.130449295043945
Pure Stage1 beta=0.1,stage1,57,57,response length mean,420.02734375
Pure Stage1 beta=0.1,stage1,57,57,response clip ratio,0.01953125
Pure Stage1 beta=0.1,stage1,57,57,rollout correct ratio,0.58984375
Pure Stage1 beta=0.1,stage1,57,57,actor grad norm,31.087997436523438
Pure Stage1 beta=0.1,stage1,58,58,response length mean,303.34765625
Pure Stage1 beta=0.1,stage1,58,58,response clip ratio,0.0
Pure Stage1 beta=0.1,stage1,58,58,rollout correct ratio,0.611328125
Pure Stage1 beta=0.1,stage1,58,58,actor grad norm,29.298702239990234
Pure Stage1 beta=0.1,stage1,59,59,response length mean,390.68359375
Pure Stage1 beta=0.1,stage1,59,59,response clip ratio,0.015625
Pure Stage1 beta=0.1,stage1,59,59,rollout correct ratio,0.580078125
Pure Stage1 beta=0.1,stage1,59,59,actor grad norm,33.948646545410156
Pure Stage1 beta=0.1,stage1,60,60,response length mean,331.892578125
Pure Stage1 beta=0.1,stage1,60,60,response clip ratio,0.005859375
Pure Stage1 beta=0.1,stage1,60,60,rollout correct ratio,0.482421875
Pure Stage1 beta=0.1,stage1,60,60,actor grad norm,33.869346618652344
Pure Stage1 beta=0.1,stage1,61,61,response length mean,283.5625
Pure Stage1 beta=0.1,stage1,61,61,response clip ratio,0.0
Pure Stage1 beta=0.1,stage1,61,61,rollout correct ratio,0.66015625
Pure Stage1 beta=0.1,stage1,61,61,actor grad norm,28.471302032470703
Pure Stage1 beta=0.1,stage1,62,62,response length mean,422.390625
Pure Stage1 beta=0.1,stage1,62,62,response clip ratio,0.021484375
Pure Stage1 beta=0.1,stage1,62,62,rollout correct ratio,0.521484375
Pure Stage1 beta=0.1,stage1,62,62,actor grad norm,60.13466262817383
Pure Stage1 beta=0.1,stage1,63,63,response length mean,388.123046875
Pure Stage1 beta=0.1,stage1,63,63,response clip ratio,0.013671875
Pure Stage1 beta=0.1,stage1,63,63,rollout correct ratio,0.56640625
Pure Stage1 beta=0.1,stage1,63,63,actor grad norm,36.27961349487305
Pure Stage1 beta=0.1,stage1,64,64,response length mean,447.3515625
Pure Stage1 beta=0.1,stage1,64,64,response clip ratio,0.041015625
Pure Stage1 beta=0.1,stage1,64,64,rollout correct ratio,0.48828125
Pure Stage1 beta=0.1,stage1,64,64,actor grad norm,33.52742385864258
Pure Stage1 beta=0.1,stage1,65,65,response length mean,392.087890625
Pure Stage1 beta=0.1,stage1,65,65,response clip ratio,0.017578125
Pure Stage1 beta=0.1,stage1,65,65,rollout correct ratio,0.580078125
Pure Stage1 beta=0.1,stage1,65,65,actor grad norm,31.201854705810547
Pure Stage1 beta=0.1,stage1,66,66,response length mean,311.578125
Pure Stage1 beta=0.1,stage1,66,66,response clip ratio,0.0078125
Pure Stage1 beta=0.1,stage1,66,66,rollout correct ratio,0.615234375
Pure Stage1 beta=0.1,stage1,66,66,actor grad norm,27.937175750732422
Pure Stage1 beta=0.1,stage1,67,67,response length mean,322.40625
Pure Stage1 beta=0.1,stage1,67,67,response clip ratio,0.0078125
Pure Stage1 beta=0.1,stage1,67,67,rollout correct ratio,0.5859375
Pure Stage1 beta=0.1,stage1,67,67,actor grad norm,29.6429443359375
Pure Stage1 beta=0.1,stage1,68,68,response length mean,348.220703125
Pure Stage1 beta=0.1,stage1,68,68,response clip ratio,0.009765625
Pure Stage1 beta=0.1,stage1,68,68,rollout correct ratio,0.60546875
Pure Stage1 beta=0.1,stage1,68,68,actor grad norm,29.43528938293457
Pure Stage1 beta=0.1,stage1,69,69,response length mean,376.546875
Pure Stage1 beta=0.1,stage1,69,69,response clip ratio,0.013671875
Pure Stage1 beta=0.1,stage1,69,69,rollout correct ratio,0.640625
Pure Stage1 beta=0.1,stage1,69,69,actor grad norm,29.022111892700195
Pure Stage1 beta=0.1,stage1,70,70,response length mean,481.466796875
Pure Stage1 beta=0.1,stage1,70,70,response clip ratio,0.0234375
Pure Stage1 beta=0.1,stage1,70,70,rollout correct ratio,0.541015625
Pure Stage1 beta=0.1,stage1,70,70,actor grad norm,50.147132873535156
Pure Stage1 beta=0.1,stage1,71,71,response length mean,441.865234375
Pure Stage1 beta=0.1,stage1,71,71,response clip ratio,0.013671875
Pure Stage1 beta=0.1,stage1,71,71,rollout correct ratio,0.6015625
Pure Stage1 beta=0.1,stage1,71,71,actor grad norm,31.14604377746582
Pure Stage1 beta=0.1,stage1,72,72,response length mean,370.57421875
Pure Stage1 beta=0.1,stage1,72,72,response clip ratio,0.0234375
Pure Stage1 beta=0.1,stage1,72,72,rollout correct ratio,0.482421875
Pure Stage1 beta=0.1,stage1,72,72,actor grad norm,37.618377685546875
Pure Stage1 beta=0.1,stage1,73,73,response length mean,341.095703125
Pure Stage1 beta=0.1,stage1,73,73,response clip ratio,0.01171875
Pure Stage1 beta=0.1,stage1,73,73,rollout correct ratio,0.5546875
Pure Stage1 beta=0.1,stage1,73,73,actor grad norm,38.222049713134766
Pure Stage1 beta=0.1,stage1,74,74,response length mean,340.990234375
Pure Stage1 beta=0.1,stage1,74,74,response clip ratio,0.00390625
Pure Stage1 beta=0.1,stage1,74,74,rollout correct ratio,0.48046875
Pure Stage1 beta=0.1,stage1,74,74,actor grad norm,33.0184326171875
Pure Stage1 beta=0.1,stage1,75,75,response length mean,436.978515625
Pure Stage1 beta=0.1,stage1,75,75,response clip ratio,0.0234375
Pure Stage1 beta=0.1,stage1,75,75,rollout correct ratio,0.6484375
Pure Stage1 beta=0.1,stage1,75,75,actor grad norm,29.297685623168945
Pure Stage1 beta=0.1,stage1,76,76,response length mean,363.486328125
Pure Stage1 beta=0.1,stage1,76,76,response clip ratio,0.01953125
Pure Stage1 beta=0.1,stage1,76,76,rollout correct ratio,0.654296875
Pure Stage1 beta=0.1,stage1,76,76,actor grad norm,27.75286865234375
Pure Stage1 beta=0.1,stage1,77,77,response length mean,329.2734375
Pure Stage1 beta=0.1,stage1,77,77,response clip ratio,0.0078125
Pure Stage1 beta=0.1,stage1,77,77,rollout correct ratio,0.607421875
Pure Stage1 beta=0.1,stage1,77,77,actor grad norm,28.653087615966797
Pure Stage1 beta=0.1,stage1,78,78,response length mean,337.236328125
Pure Stage1 beta=0.1,stage1,78,78,response clip ratio,0.0078125
Pure Stage1 beta=0.1,stage1,78,78,rollout correct ratio,0.4765625
Pure Stage1 beta=0.1,stage1,78,78,actor grad norm,35.382816314697266
Pure Stage1 beta=0.1,stage1,79,79,response length mean,304.982421875
Pure Stage1 beta=0.1,stage1,79,79,response clip ratio,0.001953125
Pure Stage1 beta=0.1,stage1,79,79,rollout correct ratio,0.583984375
Pure Stage1 beta=0.1,stage1,79,79,actor grad norm,31.920001983642578
Pure Stage1 beta=0.1,stage1,80,80,response length mean,344.41015625
Pure Stage1 beta=0.1,stage1,80,80,response clip ratio,0.005859375
Pure Stage1 beta=0.1,stage1,80,80,rollout correct ratio,0.65625
Pure Stage1 beta=0.1,stage1,80,80,actor grad norm,29.298433303833008
Pure Stage1 beta=0.1,stage1,81,81,response length mean,311.48046875
Pure Stage1 beta=0.1,stage1,81,81,response clip ratio,0.0078125
Pure Stage1 beta=0.1,stage1,81,81,rollout correct ratio,0.55078125
Pure Stage1 beta=0.1,stage1,81,81,actor grad norm,33.262054443359375
Pure Stage1 beta=0.1,stage1,82,82,response length mean,338.01171875
Pure Stage1 beta=0.1,stage1,82,82,response clip ratio,0.00390625
Pure Stage1 beta=0.1,stage1,82,82,rollout correct ratio,0.494140625
Pure Stage1 beta=0.1,stage1,82,82,actor grad norm,38.50038146972656
Pure Stage1 beta=0.1,stage1,83,83,response length mean,409.1484375
Pure Stage1 beta=0.1,stage1,83,83,response clip ratio,0.017578125
Pure Stage1 beta=0.1,stage1,83,83,rollout correct ratio,0.54296875
Pure Stage1 beta=0.1,stage1,83,83,actor grad norm,34.08625793457031
Pure Stage1 beta=0.1,stage1,84,84,response length mean,373.908203125
Pure Stage1 beta=0.1,stage1,84,84,response clip ratio,0.015625
Pure Stage1 beta=0.1,stage1,84,84,rollout correct ratio,0.576171875
Pure Stage1 beta=0.1,stage1,84,84,actor grad norm,30.73023796081543
Pure Stage1 beta=0.1,stage1,85,85,response length mean,353.802734375
Pure Stage1 beta=0.1,stage1,85,85,response clip ratio,0.005859375
Pure Stage1 beta=0.1,stage1,85,85,rollout correct ratio,0.5703125
Pure Stage1 beta=0.1,stage1,85,85,actor grad norm,30.85222625732422
Pure Stage1 beta=0.1,stage1,86,86,response length mean,416.404296875
Pure Stage1 beta=0.1,stage1,86,86,response clip ratio,0.021484375
Pure Stage1 beta=0.1,stage1,86,86,rollout correct ratio,0.451171875
Pure Stage1 beta=0.1,stage1,86,86,actor grad norm,35.72167205810547
Pure Stage1 beta=0.1,stage1,87,87,response length mean,309.9921875
Pure Stage1 beta=0.1,stage1,87,87,response clip ratio,0.00390625
Pure Stage1 beta=0.1,stage1,87,87,rollout correct ratio,0.583984375
Pure Stage1 beta=0.1,stage1,87,87,actor grad norm,44.56118392944336
Pure Stage1 beta=0.1,stage1,88,88,response length mean,443.01171875
Pure Stage1 beta=0.1,stage1,88,88,response clip ratio,0.02734375
Pure Stage1 beta=0.1,stage1,88,88,rollout correct ratio,0.51171875
Pure Stage1 beta=0.1,stage1,88,88,actor grad norm,34.94450759887695
Pure Stage1 beta=0.1,stage1,89,89,response length mean,336.84375
Pure Stage1 beta=0.1,stage1,89,89,response clip ratio,0.015625
Pure Stage1 beta=0.1,stage1,89,89,rollout correct ratio,0.71484375
Pure Stage1 beta=0.1,stage1,89,89,actor grad norm,28.02797508239746
Pure Stage1 beta=0.1,stage1,90,90,response length mean,331.31640625
Pure Stage1 beta=0.1,stage1,90,90,response clip ratio,0.001953125
Pure Stage1 beta=0.1,stage1,90,90,rollout correct ratio,0.517578125
Pure Stage1 beta=0.1,stage1,90,90,actor grad norm,38.249935150146484
Pure Stage1 beta=0.1,stage1,91,91,response length mean,361.654296875
Pure Stage1 beta=0.1,stage1,91,91,response clip ratio,0.0234375
Pure Stage1 beta=0.1,stage1,91,91,rollout correct ratio,0.638671875
Pure Stage1 beta=0.1,stage1,91,91,actor grad norm,29.583633422851562
Pure Stage1 beta=0.1,stage1,92,92,response length mean,302.00390625
Pure Stage1 beta=0.1,stage1,92,92,response clip ratio,0.0078125
Pure Stage1 beta=0.1,stage1,92,92,rollout correct ratio,0.615234375
Pure Stage1 beta=0.1,stage1,92,92,actor grad norm,30.211971282958984
Pure Stage1 beta=0.1,stage1,93,93,response length mean,353.5859375
Pure Stage1 beta=0.1,stage1,93,93,response clip ratio,0.0078125
Pure Stage1 beta=0.1,stage1,93,93,rollout correct ratio,0.517578125
Pure Stage1 beta=0.1,stage1,93,93,actor grad norm,35.157352447509766
Pure Stage1 beta=0.1,stage1,94,94,response length mean,397.552734375
Pure Stage1 beta=0.1,stage1,94,94,response clip ratio,0.0234375
Pure Stage1 beta=0.1,stage1,94,94,rollout correct ratio,0.533203125
Pure Stage1 beta=0.1,stage1,94,94,actor grad norm,32.2629280090332
Pure Stage1 beta=0.1,stage1,95,95,response length mean,318.57421875
Pure Stage1 beta=0.1,stage1,95,95,response clip ratio,0.005859375
Pure Stage1 beta=0.1,stage1,95,95,rollout correct ratio,0.69140625
Pure Stage1 beta=0.1,stage1,95,95,actor grad norm,26.903636932373047
Pure Stage1 beta=0.1,stage1,96,96,response length mean,377.337890625
Pure Stage1 beta=0.1,stage1,96,96,response clip ratio,0.009765625
Pure Stage1 beta=0.1,stage1,96,96,rollout correct ratio,0.482421875
Pure Stage1 beta=0.1,stage1,96,96,actor grad norm,38.077545166015625
Pure Stage1 beta=0.1,stage1,97,97,response length mean,365.0703125
Pure Stage1 beta=0.1,stage1,97,97,response clip ratio,0.013671875
Pure Stage1 beta=0.1,stage1,97,97,rollout correct ratio,0.5546875
Pure Stage1 beta=0.1,stage1,97,97,actor grad norm,30.855117797851562
Pure Stage1 beta=0.1,stage1,98,98,response length mean,295.181640625
Pure Stage1 beta=0.1,stage1,98,98,response clip ratio,0.0
Pure Stage1 beta=0.1,stage1,98,98,rollout correct ratio,0.43359375
Pure Stage1 beta=0.1,stage1,98,98,actor grad norm,37.972740173339844
Pure Stage1 beta=0.1,stage1,99,99,response length mean,393.708984375
Pure Stage1 beta=0.1,stage1,99,99,response clip ratio,0.017578125
Pure Stage1 beta=0.1,stage1,99,99,rollout correct ratio,0.49609375
Pure Stage1 beta=0.1,stage1,99,99,actor grad norm,35.3029899597168
Pure Stage1 beta=0.1,stage1,100,100,response length mean,322.88671875
Pure Stage1 beta=0.1,stage1,100,100,response clip ratio,0.00390625
Pure Stage1 beta=0.1,stage1,100,100,rollout correct ratio,0.56640625
Pure Stage1 beta=0.1,stage1,100,100,actor grad norm,29.85303497314453
Pure Stage1 beta=0.1,stage1,101,101,response length mean,440.08203125
Pure Stage1 beta=0.1,stage1,101,101,response clip ratio,0.037109375
Pure Stage1 beta=0.1,stage1,101,101,rollout correct ratio,0.6015625
Pure Stage1 beta=0.1,stage1,101,101,actor grad norm,31.67522621154785
Pure Stage1 beta=0.1,stage1,102,102,response length mean,283.2578125
Pure Stage1 beta=0.1,stage1,102,102,response clip ratio,0.00390625
Pure Stage1 beta=0.1,stage1,102,102,rollout correct ratio,0.521484375
Pure Stage1 beta=0.1,stage1,102,102,actor grad norm,30.397932052612305
Pure Stage1 beta=0.1,stage1,103,103,response length mean,334.130859375
Pure Stage1 beta=0.1,stage1,103,103,response clip ratio,0.005859375
Pure Stage1 beta=0.1,stage1,103,103,rollout correct ratio,0.552734375
Pure Stage1 beta=0.1,stage1,103,103,actor grad norm,32.19762420654297
Pure Stage1 beta=0.1,stage1,104,104,response length mean,306.474609375
Pure Stage1 beta=0.1,stage1,104,104,response clip ratio,0.0078125
Pure Stage1 beta=0.1,stage1,104,104,rollout correct ratio,0.548828125
Pure Stage1 beta=0.1,stage1,104,104,actor grad norm,31.691993713378906
Pure Stage1 beta=0.1,stage1,105,105,response length mean,301.75
Pure Stage1 beta=0.1,stage1,105,105,response clip ratio,0.0078125
Pure Stage1 beta=0.1,stage1,105,105,rollout correct ratio,0.53125
Pure Stage1 beta=0.1,stage1,105,105,actor grad norm,30.416696548461914
Pure Stage1 beta=0.1,stage1,106,106,response length mean,269.767578125
Pure Stage1 beta=0.1,stage1,106,106,response clip ratio,0.001953125
Pure Stage1 beta=0.1,stage1,106,106,rollout correct ratio,0.505859375
Pure Stage1 beta=0.1,stage1,106,106,actor grad norm,28.626235961914062
Pure Stage1 beta=0.1,stage1,107,107,response length mean,373.025390625
Pure Stage1 beta=0.1,stage1,107,107,response clip ratio,0.017578125
Pure Stage1 beta=0.1,stage1,107,107,rollout correct ratio,0.53515625
Pure Stage1 beta=0.1,stage1,107,107,actor grad norm,35.46807861328125
Pure Stage1 beta=0.1,stage1,108,108,response length mean,267.203125
Pure Stage1 beta=0.1,stage1,108,108,response clip ratio,0.0
Pure Stage1 beta=0.1,stage1,108,108,rollout correct ratio,0.568359375
Pure Stage1 beta=0.1,stage1,108,108,actor grad norm,31.754871368408203
Pure Stage1 beta=0.1,stage1,109,109,response length mean,268.8046875
Pure Stage1 beta=0.1,stage1,109,109,response clip ratio,0.0
Pure Stage1 beta=0.1,stage1,109,109,rollout correct ratio,0.513671875
Pure Stage1 beta=0.1,stage1,109,109,actor grad norm,30.686100006103516
Pure Stage1 beta=0.1,stage1,110,110,response length mean,370.62890625
Pure Stage1 beta=0.1,stage1,110,110,response clip ratio,0.017578125
Pure Stage1 beta=0.1,stage1,110,110,rollout correct ratio,0.58984375
Pure Stage1 beta=0.1,stage1,110,110,actor grad norm,29.194547653198242
Pure Stage1 beta=0.1,stage1,111,111,response length mean,298.080078125
Pure Stage1 beta=0.1,stage1,111,111,response clip ratio,0.0078125
Pure Stage1 beta=0.1,stage1,111,111,rollout correct ratio,0.595703125
Pure Stage1 beta=0.1,stage1,111,111,actor grad norm,27.306583404541016
Pure Stage1 beta=0.1,stage1,112,112,response length mean,273.09765625
Pure Stage1 beta=0.1,stage1,112,112,response clip ratio,0.0
Pure Stage1 beta=0.1,stage1,112,112,rollout correct ratio,0.654296875
Pure Stage1 beta=0.1,stage1,112,112,actor grad norm,28.046981811523438
Pure Stage1 beta=0.1,stage1,113,113,response length mean,284.8671875
Pure Stage1 beta=0.1,stage1,113,113,response clip ratio,0.001953125
Pure Stage1 beta=0.1,stage1,113,113,rollout correct ratio,0.505859375
Pure Stage1 beta=0.1,stage1,113,113,actor grad norm,33.69507598876953
Pure Stage1 beta=0.1,stage1,114,114,response length mean,303.794921875
Pure Stage1 beta=0.1,stage1,114,114,response clip ratio,0.00390625
Pure Stage1 beta=0.1,stage1,114,114,rollout correct ratio,0.62890625
Pure Stage1 beta=0.1,stage1,114,114,actor grad norm,29.56095314025879
Pure Stage1 beta=0.1,stage1,115,115,response length mean,312.986328125
Pure Stage1 beta=0.1,stage1,115,115,response clip ratio,0.001953125
Pure Stage1 beta=0.1,stage1,115,115,rollout correct ratio,0.423828125
Pure Stage1 beta=0.1,stage1,115,115,actor grad norm,37.390655517578125
Pure Stage1 beta=0.1,stage1,116,116,response length mean,362.642578125
Pure Stage1 beta=0.1,stage1,116,116,response clip ratio,0.0078125
Pure Stage1 beta=0.1,stage1,116,116,rollout correct ratio,0.443359375
Pure Stage1 beta=0.1,stage1,116,116,actor grad norm,41.9835090637207
Pure Stage1 beta=0.1,stage1,117,117,response length mean,281.841796875
Pure Stage1 beta=0.1,stage1,117,117,response clip ratio,0.00390625
Pure Stage1 beta=0.1,stage1,117,117,rollout correct ratio,0.427734375
Pure Stage1 beta=0.1,stage1,117,117,actor grad norm,32.26955795288086
Pure Stage1 beta=0.1,stage1,118,118,response length mean,325.6953125
Pure Stage1 beta=0.1,stage1,118,118,response clip ratio,0.00390625
Pure Stage1 beta=0.1,stage1,118,118,rollout correct ratio,0.587890625
Pure Stage1 beta=0.1,stage1,118,118,actor grad norm,30.74776268005371
Pure Stage1 beta=0.1,stage1,119,119,response length mean,342.828125
Pure Stage1 beta=0.1,stage1,119,119,response clip ratio,0.00390625
Pure Stage1 beta=0.1,stage1,119,119,rollout correct ratio,0.623046875
Pure Stage1 beta=0.1,stage1,119,119,actor grad norm,314.25341796875
Pure Stage1 beta=0.1,stage1,120,120,response length mean,303.375
Pure Stage1 beta=0.1,stage1,120,120,response clip ratio,0.0
Pure Stage1 beta=0.1,stage1,120,120,rollout correct ratio,0.5859375
Pure Stage1 beta=0.1,stage1,120,120,actor grad norm,33.30589294433594
Pure Stage1 beta=0.1,stage1,121,121,response length mean,287.82421875
Pure Stage1 beta=0.1,stage1,121,121,response clip ratio,0.0
Pure Stage1 beta=0.1,stage1,121,121,rollout correct ratio,0.583984375
Pure Stage1 beta=0.1,stage1,121,121,actor grad norm,30.773372650146484
Pure Stage1 beta=0.1,stage1,122,122,response length mean,260.041015625
Pure Stage1 beta=0.1,stage1,122,122,response clip ratio,0.0
Pure Stage1 beta=0.1,stage1,122,122,rollout correct ratio,0.625
Pure Stage1 beta=0.1,stage1,122,122,actor grad norm,31.9792423248291
Pure Stage1 beta=0.1,stage1,123,123,response length mean,306.11328125
Pure Stage1 beta=0.1,stage1,123,123,response clip ratio,0.00390625
Pure Stage1 beta=0.1,stage1,123,123,rollout correct ratio,0.62890625
Pure Stage1 beta=0.1,stage1,123,123,actor grad norm,27.67997169494629
Pure Stage1 beta=0.1,stage1,124,124,response length mean,338.708984375
Pure Stage1 beta=0.1,stage1,124,124,response clip ratio,0.00390625
Pure Stage1 beta=0.1,stage1,124,124,rollout correct ratio,0.541015625
Pure Stage1 beta=0.1,stage1,124,124,actor grad norm,29.936138153076172
Pure Stage1 beta=0.1,stage1,125,125,response length mean,360.298828125
Pure Stage1 beta=0.1,stage1,125,125,response clip ratio,0.0078125
Pure Stage1 beta=0.1,stage1,125,125,rollout correct ratio,0.5625
Pure Stage1 beta=0.1,stage1,125,125,actor grad norm,30.831707000732422
Pure Stage1 beta=0.1,stage1,126,126,response length mean,318.349609375
Pure Stage1 beta=0.1,stage1,126,126,response clip ratio,0.005859375
Pure Stage1 beta=0.1,stage1,126,126,rollout correct ratio,0.587890625
Pure Stage1 beta=0.1,stage1,126,126,actor grad norm,30.78853988647461
Pure Stage1 beta=0.1,stage1,127,127,response length mean,280.671875
Pure Stage1 beta=0.1,stage1,127,127,response clip ratio,0.001953125
Pure Stage1 beta=0.1,stage1,127,127,rollout correct ratio,0.521484375
Pure Stage1 beta=0.1,stage1,127,127,actor grad norm,32.036251068115234
Pure Stage1 beta=0.1,stage1,128,128,response length mean,266.353515625
Pure Stage1 beta=0.1,stage1,128,128,response clip ratio,0.0
Pure Stage1 beta=0.1,stage1,128,128,rollout correct ratio,0.5625
Pure Stage1 beta=0.1,stage1,128,128,actor grad norm,30.933473587036133
Pure Stage1 beta=0.1,stage1,129,129,response length mean,290.4140625
Pure Stage1 beta=0.1,stage1,129,129,response clip ratio,0.0
Pure Stage1 beta=0.1,stage1,129,129,rollout correct ratio,0.50390625
Pure Stage1 beta=0.1,stage1,129,129,actor grad norm,29.728864669799805
Pure Stage1 beta=0.1,stage1,130,130,response length mean,316.029296875
Pure Stage1 beta=0.1,stage1,130,130,response clip ratio,0.001953125
Pure Stage1 beta=0.1,stage1,130,130,rollout correct ratio,0.595703125
Pure Stage1 beta=0.1,stage1,130,130,actor grad norm,31.283498764038086
Pure Stage1 beta=0.1,stage1,131,131,response length mean,285.61328125
Pure Stage1 beta=0.1,stage1,131,131,response clip ratio,0.001953125
Pure Stage1 beta=0.1,stage1,131,131,rollout correct ratio,0.623046875
Pure Stage1 beta=0.1,stage1,131,131,actor grad norm,26.821792602539062
Pure Stage1 beta=0.1,stage1,132,132,response length mean,312.29296875
Pure Stage1 beta=0.1,stage1,132,132,response clip ratio,0.005859375
Pure Stage1 beta=0.1,stage1,132,132,rollout correct ratio,0.556640625
Pure Stage1 beta=0.1,stage1,132,132,actor grad norm,29.238494873046875
Pure Stage1 beta=0.1,stage1,133,133,response length mean,338.587890625
Pure Stage1 beta=0.1,stage1,133,133,response clip ratio,0.009765625
Pure Stage1 beta=0.1,stage1,133,133,rollout correct ratio,0.548828125
Pure Stage1 beta=0.1,stage1,133,133,actor grad norm,34.03024673461914
Pure Stage1 beta=0.1,stage1,134,134,response length mean,287.5390625
Pure Stage1 beta=0.1,stage1,134,134,response clip ratio,0.005859375
Pure Stage1 beta=0.1,stage1,134,134,rollout correct ratio,0.482421875
Pure Stage1 beta=0.1,stage1,134,134,actor grad norm,30.69107437133789
Pure Stage1 beta=0.1,stage1,135,135,response length mean,432.876953125
Pure Stage1 beta=0.1,stage1,135,135,response clip ratio,0.01953125
Pure Stage1 beta=0.1,stage1,135,135,rollout correct ratio,0.46875
Pure Stage1 beta=0.1,stage1,135,135,actor grad norm,35.917991638183594
Pure Stage1 beta=0.1,stage1,136,136,response length mean,358.384765625
Pure Stage1 beta=0.1,stage1,136,136,response clip ratio,0.015625
Pure Stage1 beta=0.1,stage1,136,136,rollout correct ratio,0.57421875
Pure Stage1 beta=0.1,stage1,136,136,actor grad norm,98.98338317871094
Pure Stage1 beta=0.1,stage1,137,137,response length mean,395.41015625
Pure Stage1 beta=0.1,stage1,137,137,response clip ratio,0.01953125
Pure Stage1 beta=0.1,stage1,137,137,rollout correct ratio,0.576171875
Pure Stage1 beta=0.1,stage1,137,137,actor grad norm,32.391998291015625
Pure Stage1 beta=0.1,stage1,138,138,response length mean,326.98828125
Pure Stage1 beta=0.1,stage1,138,138,response clip ratio,0.00390625
Pure Stage1 beta=0.1,stage1,138,138,rollout correct ratio,0.669921875
Pure Stage1 beta=0.1,stage1,138,138,actor grad norm,28.358320236206055
Pure Stage1 beta=0.1,stage1,139,139,response length mean,300.416015625
Pure Stage1 beta=0.1,stage1,139,139,response clip ratio,0.009765625
Pure Stage1 beta=0.1,stage1,139,139,rollout correct ratio,0.638671875
Pure Stage1 beta=0.1,stage1,139,139,actor grad norm,25.698505401611328
Pure Stage1 beta=0.1,stage1,140,140,response length mean,254.775390625
Pure Stage1 beta=0.1,stage1,140,140,response clip ratio,0.00390625
Pure Stage1 beta=0.1,stage1,140,140,rollout correct ratio,0.5703125
Pure Stage1 beta=0.1,stage1,140,140,actor grad norm,32.03684997558594
Pure Stage1 beta=0.1,stage1,141,141,response length mean,305.08203125
Pure Stage1 beta=0.1,stage1,141,141,response clip ratio,0.0078125
Pure Stage1 beta=0.1,stage1,141,141,rollout correct ratio,0.595703125
Pure Stage1 beta=0.1,stage1,141,141,actor grad norm,28.200130462646484
Pure Stage1 beta=0.1,stage1,142,142,response length mean,413.8515625
Pure Stage1 beta=0.1,stage1,142,142,response clip ratio,0.02734375
Pure Stage1 beta=0.1,stage1,142,142,rollout correct ratio,0.5390625
Pure Stage1 beta=0.1,stage1,142,142,actor grad norm,32.02321243286133
Pure Stage1 beta=0.1,stage1,143,143,response length mean,297.126953125
Pure Stage1 beta=0.1,stage1,143,143,response clip ratio,0.001953125
Pure Stage1 beta=0.1,stage1,143,143,rollout correct ratio,0.60546875
Pure Stage1 beta=0.1,stage1,143,143,actor grad norm,29.968183517456055
Pure Stage1 beta=0.1,stage1,144,144,response length mean,349.41796875
Pure Stage1 beta=0.1,stage1,144,144,response clip ratio,0.013671875
Pure Stage1 beta=0.1,stage1,144,144,rollout correct ratio,0.521484375
Pure Stage1 beta=0.1,stage1,144,144,actor grad norm,34.47836685180664
Pure Stage1 beta=0.1,stage1,145,145,response length mean,304.890625
Pure Stage1 beta=0.1,stage1,145,145,response clip ratio,0.001953125
Pure Stage1 beta=0.1,stage1,145,145,rollout correct ratio,0.5625
Pure Stage1 beta=0.1,stage1,145,145,actor grad norm,31.213674545288086
Pure Stage1 beta=0.1,stage1,146,146,response length mean,306.373046875
Pure Stage1 beta=0.1,stage1,146,146,response clip ratio,0.0
Pure Stage1 beta=0.1,stage1,146,146,rollout correct ratio,0.55859375
Pure Stage1 beta=0.1,stage1,146,146,actor grad norm,33.24014663696289
Pure Stage1 beta=0.1,stage1,147,147,response length mean,307.35546875
Pure Stage1 beta=0.1,stage1,147,147,response clip ratio,0.001953125
Pure Stage1 beta=0.1,stage1,147,147,rollout correct ratio,0.62109375
Pure Stage1 beta=0.1,stage1,147,147,actor grad norm,29.054582595825195
Pure Stage1 beta=0.1,stage1,148,148,response length mean,320.5
Pure Stage1 beta=0.1,stage1,148,148,response clip ratio,0.00390625
Pure Stage1 beta=0.1,stage1,148,148,rollout correct ratio,0.572265625
Pure Stage1 beta=0.1,stage1,148,148,actor grad norm,31.967723846435547
Pure Stage1 beta=0.1,stage1,149,149,response length mean,359.51953125
Pure Stage1 beta=0.1,stage1,149,149,response clip ratio,0.013671875
Pure Stage1 beta=0.1,stage1,149,149,rollout correct ratio,0.494140625
Pure Stage1 beta=0.1,stage1,149,149,actor grad norm,36.55377960205078
Pure Stage1 beta=0.1,stage1,150,150,response length mean,441.810546875
Pure Stage1 beta=0.1,stage1,150,150,response clip ratio,0.029296875
Pure Stage1 beta=0.1,stage1,150,150,rollout correct ratio,0.490234375
Pure Stage1 beta=0.1,stage1,150,150,actor grad norm,31.576860427856445
Stage2 no KL lambda=0.8,no-kl-l0.8,1,41,response length mean,382.392578125
Stage2 no KL lambda=0.8,no-kl-l0.8,1,41,response clip ratio,0.01953125
Stage2 no KL lambda=0.8,no-kl-l0.8,1,41,rollout correct ratio,0.5234375
Stage2 no KL lambda=0.8,no-kl-l0.8,1,41,actor grad norm,26.605466842651367
Stage2 no KL lambda=0.8,no-kl-l0.8,2,42,response length mean,307.173828125
Stage2 no KL lambda=0.8,no-kl-l0.8,2,42,response clip ratio,0.005859375
Stage2 no KL lambda=0.8,no-kl-l0.8,2,42,rollout correct ratio,0.63671875
Stage2 no KL lambda=0.8,no-kl-l0.8,2,42,actor grad norm,31.408710479736328
Stage2 no KL lambda=0.8,no-kl-l0.8,3,43,response length mean,452.8203125
Stage2 no KL lambda=0.8,no-kl-l0.8,3,43,response clip ratio,0.01953125
Stage2 no KL lambda=0.8,no-kl-l0.8,3,43,rollout correct ratio,0.453125
Stage2 no KL lambda=0.8,no-kl-l0.8,3,43,actor grad norm,34.67582702636719
Stage2 no KL lambda=0.8,no-kl-l0.8,4,44,response length mean,359.564453125
Stage2 no KL lambda=0.8,no-kl-l0.8,4,44,response clip ratio,0.005859375
Stage2 no KL lambda=0.8,no-kl-l0.8,4,44,rollout correct ratio,0.513671875
Stage2 no KL lambda=0.8,no-kl-l0.8,4,44,actor grad norm,28.842592239379883
Stage2 no KL lambda=0.8,no-kl-l0.8,5,45,response length mean,449.205078125
Stage2 no KL lambda=0.8,no-kl-l0.8,5,45,response clip ratio,0.021484375
Stage2 no KL lambda=0.8,no-kl-l0.8,5,45,rollout correct ratio,0.443359375
Stage2 no KL lambda=0.8,no-kl-l0.8,5,45,actor grad norm,34.67618179321289
Stage2 no KL lambda=0.8,no-kl-l0.8,6,46,response length mean,460.990234375
Stage2 no KL lambda=0.8,no-kl-l0.8,6,46,response clip ratio,0.025390625
Stage2 no KL lambda=0.8,no-kl-l0.8,6,46,rollout correct ratio,0.48046875
Stage2 no KL lambda=0.8,no-kl-l0.8,6,46,actor grad norm,46.89671325683594
Stage2 no KL lambda=0.8,no-kl-l0.8,7,47,response length mean,356.326171875
Stage2 no KL lambda=0.8,no-kl-l0.8,7,47,response clip ratio,0.015625
Stage2 no KL lambda=0.8,no-kl-l0.8,7,47,rollout correct ratio,0.46484375
Stage2 no KL lambda=0.8,no-kl-l0.8,7,47,actor grad norm,30.935956954956055
Stage2 no KL lambda=0.8,no-kl-l0.8,8,48,response length mean,435.470703125
Stage2 no KL lambda=0.8,no-kl-l0.8,8,48,response clip ratio,0.037109375
Stage2 no KL lambda=0.8,no-kl-l0.8,8,48,rollout correct ratio,0.494140625
Stage2 no KL lambda=0.8,no-kl-l0.8,8,48,actor grad norm,28.065933227539062
Stage2 no KL lambda=0.8,no-kl-l0.8,9,49,response length mean,411.189453125
Stage2 no KL lambda=0.8,no-kl-l0.8,9,49,response clip ratio,0.02734375
Stage2 no KL lambda=0.8,no-kl-l0.8,9,49,rollout correct ratio,0.572265625
Stage2 no KL lambda=0.8,no-kl-l0.8,9,49,actor grad norm,30.633831024169922
Stage2 no KL lambda=0.8,no-kl-l0.8,10,50,response length mean,427.142578125
Stage2 no KL lambda=0.8,no-kl-l0.8,10,50,response clip ratio,0.01953125
Stage2 no KL lambda=0.8,no-kl-l0.8,10,50,rollout correct ratio,0.544921875
Stage2 no KL lambda=0.8,no-kl-l0.8,10,50,actor grad norm,33.40270233154297
Stage2 no KL lambda=0.8,no-kl-l0.8,11,51,response length mean,438.69921875
Stage2 no KL lambda=0.8,no-kl-l0.8,11,51,response clip ratio,0.015625
Stage2 no KL lambda=0.8,no-kl-l0.8,11,51,rollout correct ratio,0.509765625
Stage2 no KL lambda=0.8,no-kl-l0.8,11,51,actor grad norm,35.45824432373047
Stage2 no KL lambda=0.8,no-kl-l0.8,12,52,response length mean,333.748046875
Stage2 no KL lambda=0.8,no-kl-l0.8,12,52,response clip ratio,0.00390625
Stage2 no KL lambda=0.8,no-kl-l0.8,12,52,rollout correct ratio,0.564453125
Stage2 no KL lambda=0.8,no-kl-l0.8,12,52,actor grad norm,27.307802200317383
Stage2 no KL lambda=0.8,no-kl-l0.8,13,53,response length mean,407.150390625
Stage2 no KL lambda=0.8,no-kl-l0.8,13,53,response clip ratio,0.0078125
Stage2 no KL lambda=0.8,no-kl-l0.8,13,53,rollout correct ratio,0.548828125
Stage2 no KL lambda=0.8,no-kl-l0.8,13,53,actor grad norm,29.242782592773438
Stage2 no KL lambda=0.8,no-kl-l0.8,14,54,response length mean,379.0546875
Stage2 no KL lambda=0.8,no-kl-l0.8,14,54,response clip ratio,0.001953125
Stage2 no KL lambda=0.8,no-kl-l0.8,14,54,rollout correct ratio,0.4921875
Stage2 no KL lambda=0.8,no-kl-l0.8,14,54,actor grad norm,33.306060791015625
Stage2 no KL lambda=0.8,no-kl-l0.8,15,55,response length mean,368.03125
Stage2 no KL lambda=0.8,no-kl-l0.8,15,55,response clip ratio,0.00390625
Stage2 no KL lambda=0.8,no-kl-l0.8,15,55,rollout correct ratio,0.5859375
Stage2 no KL lambda=0.8,no-kl-l0.8,15,55,actor grad norm,30.536197662353516
Stage2 no KL lambda=0.8,no-kl-l0.8,16,56,response length mean,377.07421875
Stage2 no KL lambda=0.8,no-kl-l0.8,16,56,response clip ratio,0.005859375
Stage2 no KL lambda=0.8,no-kl-l0.8,16,56,rollout correct ratio,0.537109375
Stage2 no KL lambda=0.8,no-kl-l0.8,16,56,actor grad norm,30.317901611328125
Stage2 no KL lambda=0.8,no-kl-l0.8,17,57,response length mean,358.576171875
Stage2 no KL lambda=0.8,no-kl-l0.8,17,57,response clip ratio,0.001953125
Stage2 no KL lambda=0.8,no-kl-l0.8,17,57,rollout correct ratio,0.486328125
Stage2 no KL lambda=0.8,no-kl-l0.8,17,57,actor grad norm,28.235029220581055
Stage2 no KL lambda=0.8,no-kl-l0.8,18,58,response length mean,529.14453125
Stage2 no KL lambda=0.8,no-kl-l0.8,18,58,response clip ratio,0.033203125
Stage2 no KL lambda=0.8,no-kl-l0.8,18,58,rollout correct ratio,0.521484375
Stage2 no KL lambda=0.8,no-kl-l0.8,18,58,actor grad norm,32.57111358642578
Stage2 no KL lambda=0.8,no-kl-l0.8,19,59,response length mean,485.380859375
Stage2 no KL lambda=0.8,no-kl-l0.8,19,59,response clip ratio,0.02734375
Stage2 no KL lambda=0.8,no-kl-l0.8,19,59,rollout correct ratio,0.611328125
Stage2 no KL lambda=0.8,no-kl-l0.8,19,59,actor grad norm,33.63875961303711
Stage2 no KL lambda=0.8,no-kl-l0.8,20,60,response length mean,504.849609375
Stage2 no KL lambda=0.8,no-kl-l0.8,20,60,response clip ratio,0.025390625
Stage2 no KL lambda=0.8,no-kl-l0.8,20,60,rollout correct ratio,0.4765625
Stage2 no KL lambda=0.8,no-kl-l0.8,20,60,actor grad norm,34.51549530029297
Stage2 no KL lambda=0.8,no-kl-l0.8,21,61,response length mean,324.912109375
Stage2 no KL lambda=0.8,no-kl-l0.8,21,61,response clip ratio,0.00390625
Stage2 no KL lambda=0.8,no-kl-l0.8,21,61,rollout correct ratio,0.580078125
Stage2 no KL lambda=0.8,no-kl-l0.8,21,61,actor grad norm,27.420978546142578
Stage2 no KL lambda=0.8,no-kl-l0.8,22,62,response length mean,401.724609375
Stage2 no KL lambda=0.8,no-kl-l0.8,22,62,response clip ratio,0.017578125
Stage2 no KL lambda=0.8,no-kl-l0.8,22,62,rollout correct ratio,0.580078125
Stage2 no KL lambda=0.8,no-kl-l0.8,22,62,actor grad norm,26.083585739135742
Stage2 no KL lambda=0.8,no-kl-l0.8,23,63,response length mean,574.455078125
Stage2 no KL lambda=0.8,no-kl-l0.8,23,63,response clip ratio,0.046875
Stage2 no KL lambda=0.8,no-kl-l0.8,23,63,rollout correct ratio,0.484375
Stage2 no KL lambda=0.8,no-kl-l0.8,23,63,actor grad norm,34.77850341796875
Stage2 no KL lambda=0.8,no-kl-l0.8,24,64,response length mean,551.39453125
Stage2 no KL lambda=0.8,no-kl-l0.8,24,64,response clip ratio,0.017578125
Stage2 no KL lambda=0.8,no-kl-l0.8,24,64,rollout correct ratio,0.5234375
Stage2 no KL lambda=0.8,no-kl-l0.8,24,64,actor grad norm,35.87671661376953
Stage2 no KL lambda=0.8,no-kl-l0.8,25,65,response length mean,467.681640625
Stage2 no KL lambda=0.8,no-kl-l0.8,25,65,response clip ratio,0.0234375
Stage2 no KL lambda=0.8,no-kl-l0.8,25,65,rollout correct ratio,0.525390625
Stage2 no KL lambda=0.8,no-kl-l0.8,25,65,actor grad norm,29.56167984008789
Stage2 no KL lambda=0.8,no-kl-l0.8,26,66,response length mean,434.7421875
Stage2 no KL lambda=0.8,no-kl-l0.8,26,66,response clip ratio,0.01953125
Stage2 no KL lambda=0.8,no-kl-l0.8,26,66,rollout correct ratio,0.517578125
Stage2 no KL lambda=0.8,no-kl-l0.8,26,66,actor grad norm,31.114782333374023
Stage2 no KL lambda=0.8,no-kl-l0.8,27,67,response length mean,373.373046875
Stage2 no KL lambda=0.8,no-kl-l0.8,27,67,response clip ratio,0.00390625
Stage2 no KL lambda=0.8,no-kl-l0.8,27,67,rollout correct ratio,0.59375
Stage2 no KL lambda=0.8,no-kl-l0.8,27,67,actor grad norm,29.89106559753418
Stage2 no KL lambda=0.8,no-kl-l0.8,28,68,response length mean,524.99609375
Stage2 no KL lambda=0.8,no-kl-l0.8,28,68,response clip ratio,0.017578125
Stage2 no KL lambda=0.8,no-kl-l0.8,28,68,rollout correct ratio,0.5703125
Stage2 no KL lambda=0.8,no-kl-l0.8,28,68,actor grad norm,35.159183502197266
Stage2 no KL lambda=0.8,no-kl-l0.8,29,69,response length mean,488.072265625
Stage2 no KL lambda=0.8,no-kl-l0.8,29,69,response clip ratio,0.01171875
Stage2 no KL lambda=0.8,no-kl-l0.8,29,69,rollout correct ratio,0.5390625
Stage2 no KL lambda=0.8,no-kl-l0.8,29,69,actor grad norm,37.193336486816406
Stage2 no KL lambda=0.8,no-kl-l0.8,30,70,response length mean,606.185546875
Stage2 no KL lambda=0.8,no-kl-l0.8,30,70,response clip ratio,0.0234375
Stage2 no KL lambda=0.8,no-kl-l0.8,30,70,rollout correct ratio,0.61328125
Stage2 no KL lambda=0.8,no-kl-l0.8,30,70,actor grad norm,31.006919860839844
Stage2 no KL lambda=0.8,no-kl-l0.8,31,71,response length mean,734.921875
Stage2 no KL lambda=0.8,no-kl-l0.8,31,71,response clip ratio,0.048828125
Stage2 no KL lambda=0.8,no-kl-l0.8,31,71,rollout correct ratio,0.623046875
Stage2 no KL lambda=0.8,no-kl-l0.8,31,71,actor grad norm,39.9581184387207
Stage2 no KL lambda=0.8,no-kl-l0.8,32,72,response length mean,467.537109375
Stage2 no KL lambda=0.8,no-kl-l0.8,32,72,response clip ratio,0.005859375
Stage2 no KL lambda=0.8,no-kl-l0.8,32,72,rollout correct ratio,0.61328125
Stage2 no KL lambda=0.8,no-kl-l0.8,32,72,actor grad norm,35.38744354248047
Stage2 no KL lambda=0.8,no-kl-l0.8,33,73,response length mean,650.619140625
Stage2 no KL lambda=0.8,no-kl-l0.8,33,73,response clip ratio,0.048828125
Stage2 no KL lambda=0.8,no-kl-l0.8,33,73,rollout correct ratio,0.517578125
Stage2 no KL lambda=0.8,no-kl-l0.8,33,73,actor grad norm,39.15946578979492
Stage2 no KL lambda=0.8,no-kl-l0.8,34,74,response length mean,550.62109375
Stage2 no KL lambda=0.8,no-kl-l0.8,34,74,response clip ratio,0.01171875
Stage2 no KL lambda=0.8,no-kl-l0.8,34,74,rollout correct ratio,0.625
Stage2 no KL lambda=0.8,no-kl-l0.8,34,74,actor grad norm,34.82667922973633
Stage2 no KL lambda=0.8,no-kl-l0.8,35,75,response length mean,698.40625
Stage2 no KL lambda=0.8,no-kl-l0.8,35,75,response clip ratio,0.0234375
Stage2 no KL lambda=0.8,no-kl-l0.8,35,75,rollout correct ratio,0.560546875
Stage2 no KL lambda=0.8,no-kl-l0.8,35,75,actor grad norm,39.95465850830078
Stage2 no KL lambda=0.8,no-kl-l0.8,36,76,response length mean,605.220703125
Stage2 no KL lambda=0.8,no-kl-l0.8,36,76,response clip ratio,0.033203125
Stage2 no KL lambda=0.8,no-kl-l0.8,36,76,rollout correct ratio,0.630859375
Stage2 no KL lambda=0.8,no-kl-l0.8,36,76,actor grad norm,35.818721771240234
Stage2 no KL lambda=0.8,no-kl-l0.8,37,77,response length mean,683.349609375
Stage2 no KL lambda=0.8,no-kl-l0.8,37,77,response clip ratio,0.046875
Stage2 no KL lambda=0.8,no-kl-l0.8,37,77,rollout correct ratio,0.568359375
Stage2 no KL lambda=0.8,no-kl-l0.8,37,77,actor grad norm,35.821895599365234
Stage2 no KL lambda=0.8,no-kl-l0.8,38,78,response length mean,553.380859375
Stage2 no KL lambda=0.8,no-kl-l0.8,38,78,response clip ratio,0.013671875
Stage2 no KL lambda=0.8,no-kl-l0.8,38,78,rollout correct ratio,0.642578125
Stage2 no KL lambda=0.8,no-kl-l0.8,38,78,actor grad norm,36.076412200927734
Stage2 no KL lambda=0.8,no-kl-l0.8,39,79,response length mean,698.2578125
Stage2 no KL lambda=0.8,no-kl-l0.8,39,79,response clip ratio,0.056640625
Stage2 no KL lambda=0.8,no-kl-l0.8,39,79,rollout correct ratio,0.591796875
Stage2 no KL lambda=0.8,no-kl-l0.8,39,79,actor grad norm,36.2127571105957
Stage2 no KL lambda=0.8,no-kl-l0.8,40,80,response length mean,582.98046875
Stage2 no KL lambda=0.8,no-kl-l0.8,40,80,response clip ratio,0.01953125
Stage2 no KL lambda=0.8,no-kl-l0.8,40,80,rollout correct ratio,0.603515625
Stage2 no KL lambda=0.8,no-kl-l0.8,40,80,actor grad norm,50.21554946899414
Stage2 no KL lambda=0.8,no-kl-l0.8,41,81,response length mean,679.798828125
Stage2 no KL lambda=0.8,no-kl-l0.8,41,81,response clip ratio,0.013671875
Stage2 no KL lambda=0.8,no-kl-l0.8,41,81,rollout correct ratio,0.4375
Stage2 no KL lambda=0.8,no-kl-l0.8,41,81,actor grad norm,44.81831741333008
Stage2 no KL lambda=0.8,no-kl-l0.8,42,82,response length mean,763.1953125
Stage2 no KL lambda=0.8,no-kl-l0.8,42,82,response clip ratio,0.02734375
Stage2 no KL lambda=0.8,no-kl-l0.8,42,82,rollout correct ratio,0.525390625
Stage2 no KL lambda=0.8,no-kl-l0.8,42,82,actor grad norm,53.972572326660156
Stage2 no KL lambda=0.8,no-kl-l0.8,43,83,response length mean,881.13671875
Stage2 no KL lambda=0.8,no-kl-l0.8,43,83,response clip ratio,0.06640625
Stage2 no KL lambda=0.8,no-kl-l0.8,43,83,rollout correct ratio,0.54296875
Stage2 no KL lambda=0.8,no-kl-l0.8,43,83,actor grad norm,41.90873718261719
Stage2 no KL lambda=0.8,no-kl-l0.8,44,84,response length mean,1015.080078125
Stage2 no KL lambda=0.8,no-kl-l0.8,44,84,response clip ratio,0.078125
Stage2 no KL lambda=0.8,no-kl-l0.8,44,84,rollout correct ratio,0.537109375
Stage2 no KL lambda=0.8,no-kl-l0.8,44,84,actor grad norm,62.40150451660156
Stage2 no KL lambda=0.8,no-kl-l0.8,45,85,response length mean,1182.5625
Stage2 no KL lambda=0.8,no-kl-l0.8,45,85,response clip ratio,0.10546875
Stage2 no KL lambda=0.8,no-kl-l0.8,45,85,rollout correct ratio,0.4375
Stage2 no KL lambda=0.8,no-kl-l0.8,45,85,actor grad norm,57.2140998840332
Stage2 no KL lambda=0.8,no-kl-l0.8,46,86,response length mean,1271.162109375
Stage2 no KL lambda=0.8,no-kl-l0.8,46,86,response clip ratio,0.10546875
Stage2 no KL lambda=0.8,no-kl-l0.8,46,86,rollout correct ratio,0.376953125
Stage2 no KL lambda=0.8,no-kl-l0.8,46,86,actor grad norm,63.5057487487793
Stage2 no KL lambda=0.8,no-kl-l0.8,47,87,response length mean,1120.4375
Stage2 no KL lambda=0.8,no-kl-l0.8,47,87,response clip ratio,0.087890625
Stage2 no KL lambda=0.8,no-kl-l0.8,47,87,rollout correct ratio,0.51953125
Stage2 no KL lambda=0.8,no-kl-l0.8,47,87,actor grad norm,63.87364196777344
Stage2 no KL lambda=0.8,no-kl-l0.8,48,88,response length mean,1218.6953125
Stage2 no KL lambda=0.8,no-kl-l0.8,48,88,response clip ratio,0.080078125
Stage2 no KL lambda=0.8,no-kl-l0.8,48,88,rollout correct ratio,0.435546875
Stage2 no KL lambda=0.8,no-kl-l0.8,48,88,actor grad norm,64.96343994140625
Stage2 no KL lambda=0.8,no-kl-l0.8,49,89,response length mean,1113.072265625
Stage2 no KL lambda=0.8,no-kl-l0.8,49,89,response clip ratio,0.07421875
Stage2 no KL lambda=0.8,no-kl-l0.8,49,89,rollout correct ratio,0.40625
Stage2 no KL lambda=0.8,no-kl-l0.8,49,89,actor grad norm,64.8691635131836
Stage2 no KL lambda=0.8,no-kl-l0.8,50,90,response length mean,950.69921875
Stage2 no KL lambda=0.8,no-kl-l0.8,50,90,response clip ratio,0.04296875
Stage2 no KL lambda=0.8,no-kl-l0.8,50,90,rollout correct ratio,0.423828125
Stage2 no KL lambda=0.8,no-kl-l0.8,50,90,actor grad norm,68.63762664794922
Stage2 no KL lambda=0.8,no-kl-l0.8,51,91,response length mean,1327.078125
Stage2 no KL lambda=0.8,no-kl-l0.8,51,91,response clip ratio,0.0859375
Stage2 no KL lambda=0.8,no-kl-l0.8,51,91,rollout correct ratio,0.427734375
Stage2 no KL lambda=0.8,no-kl-l0.8,51,91,actor grad norm,69.65301513671875
Stage2 no KL lambda=0.8,no-kl-l0.8,52,92,response length mean,1265.048828125
Stage2 no KL lambda=0.8,no-kl-l0.8,52,92,response clip ratio,0.080078125
Stage2 no KL lambda=0.8,no-kl-l0.8,52,92,rollout correct ratio,0.380859375
Stage2 no KL lambda=0.8,no-kl-l0.8,52,92,actor grad norm,91.17225646972656
Stage2 no KL lambda=0.8,no-kl-l0.8,53,93,response length mean,1453.3828125
Stage2 no KL lambda=0.8,no-kl-l0.8,53,93,response clip ratio,0.095703125
Stage2 no KL lambda=0.8,no-kl-l0.8,53,93,rollout correct ratio,0.361328125
Stage2 no KL lambda=0.8,no-kl-l0.8,53,93,actor grad norm,96.17526245117188
Stage2 no KL lambda=0.8,no-kl-l0.8,54,94,response length mean,1640.9140625
Stage2 no KL lambda=0.8,no-kl-l0.8,54,94,response clip ratio,0.103515625
Stage2 no KL lambda=0.8,no-kl-l0.8,54,94,rollout correct ratio,0.39453125
Stage2 no KL lambda=0.8,no-kl-l0.8,54,94,actor grad norm,80.22774505615234
Stage2 no KL lambda=0.8,no-kl-l0.8,55,95,response length mean,1423.666015625
Stage2 no KL lambda=0.8,no-kl-l0.8,55,95,response clip ratio,0.109375
Stage2 no KL lambda=0.8,no-kl-l0.8,55,95,rollout correct ratio,0.361328125
Stage2 no KL lambda=0.8,no-kl-l0.8,55,95,actor grad norm,87.85704803466797
Stage2 no KL lambda=0.8,no-kl-l0.8,56,96,response length mean,1529.763671875
Stage2 no KL lambda=0.8,no-kl-l0.8,56,96,response clip ratio,0.1171875
Stage2 no KL lambda=0.8,no-kl-l0.8,56,96,rollout correct ratio,0.306640625
Stage2 no KL lambda=0.8,no-kl-l0.8,56,96,actor grad norm,84.47869110107422
Stage2 no KL lambda=0.8,no-kl-l0.8,57,97,response length mean,1831.392578125
Stage2 no KL lambda=0.8,no-kl-l0.8,57,97,response clip ratio,0.1640625
Stage2 no KL lambda=0.8,no-kl-l0.8,57,97,rollout correct ratio,0.314453125
Stage2 no KL lambda=0.8,no-kl-l0.8,57,97,actor grad norm,79.52416229248047
Stage2 no KL lambda=0.8,no-kl-l0.8,58,98,response length mean,2016.984375
Stage2 no KL lambda=0.8,no-kl-l0.8,58,98,response clip ratio,0.18359375
Stage2 no KL lambda=0.8,no-kl-l0.8,58,98,rollout correct ratio,0.271484375
Stage2 no KL lambda=0.8,no-kl-l0.8,58,98,actor grad norm,64.0367431640625
Stage2 no KL lambda=0.8,no-kl-l0.8,59,99,response length mean,2022.419921875
Stage2 no KL lambda=0.8,no-kl-l0.8,59,99,response clip ratio,0.193359375
Stage2 no KL lambda=0.8,no-kl-l0.8,59,99,rollout correct ratio,0.287109375
Stage2 no KL lambda=0.8,no-kl-l0.8,59,99,actor grad norm,75.43267822265625
Stage2 no KL lambda=0.8,no-kl-l0.8,60,100,response length mean,1982.4140625
Stage2 no KL lambda=0.8,no-kl-l0.8,60,100,response clip ratio,0.173828125
Stage2 no KL lambda=0.8,no-kl-l0.8,60,100,rollout correct ratio,0.265625
Stage2 no KL lambda=0.8,no-kl-l0.8,60,100,actor grad norm,67.2904281616211
Stage2 M1-only KL lambda=0.8,m1-kl-l0.8,1,41,response length mean,377.3203125
Stage2 M1-only KL lambda=0.8,m1-kl-l0.8,1,41,response clip ratio,0.015625
Stage2 M1-only KL lambda=0.8,m1-kl-l0.8,1,41,rollout correct ratio,0.54296875
Stage2 M1-only KL lambda=0.8,m1-kl-l0.8,1,41,actor grad norm,28.483016967773438
Stage2 M1-only KL lambda=0.8,m1-kl-l0.8,1,41,model1 KL,0.0
Stage2 M1-only KL lambda=0.8,m1-kl-l0.8,2,42,response length mean,285.587890625
Stage2 M1-only KL lambda=0.8,m1-kl-l0.8,2,42,response clip ratio,0.0
Stage2 M1-only KL lambda=0.8,m1-kl-l0.8,2,42,rollout correct ratio,0.646484375
Stage2 M1-only KL lambda=0.8,m1-kl-l0.8,2,42,actor grad norm,26.220727920532227
Stage2 M1-only KL lambda=0.8,m1-kl-l0.8,2,42,model1 KL,0.0
Stage2 M1-only KL lambda=0.8,m1-kl-l0.8,3,43,response length mean,489.5703125
Stage2 M1-only KL lambda=0.8,m1-kl-l0.8,3,43,response clip ratio,0.0234375
Stage2 M1-only KL lambda=0.8,m1-kl-l0.8,3,43,rollout correct ratio,0.458984375
Stage2 M1-only KL lambda=0.8,m1-kl-l0.8,3,43,actor grad norm,97.86418914794922
Stage2 M1-only KL lambda=0.8,m1-kl-l0.8,3,43,model1 KL,0.4103121800082071
Stage2 M1-only KL lambda=0.8,m1-kl-l0.8,4,44,response length mean,359.125
Stage2 M1-only KL lambda=0.8,m1-kl-l0.8,4,44,response clip ratio,0.00390625
Stage2 M1-only KL lambda=0.8,m1-kl-l0.8,4,44,rollout correct ratio,0.513671875
Stage2 M1-only KL lambda=0.8,m1-kl-l0.8,4,44,actor grad norm,25.76720428466797
Stage2 M1-only KL lambda=0.8,m1-kl-l0.8,4,44,model1 KL,0.27752091611425084
Stage2 M1-only KL lambda=0.8,m1-kl-l0.8,5,45,response length mean,450.80078125
Stage2 M1-only KL lambda=0.8,m1-kl-l0.8,5,45,response clip ratio,0.01171875
Stage2 M1-only KL lambda=0.8,m1-kl-l0.8,5,45,rollout correct ratio,0.451171875
Stage2 M1-only KL lambda=0.8,m1-kl-l0.8,5,45,actor grad norm,33.47764205932617
Stage2 M1-only KL lambda=0.8,m1-kl-l0.8,5,45,model1 KL,0.42566355371049475
Stage2 M1-only KL lambda=0.8,m1-kl-l0.8,6,46,response length mean,444.392578125
Stage2 M1-only KL lambda=0.8,m1-kl-l0.8,6,46,response clip ratio,0.025390625
Stage2 M1-only KL lambda=0.8,m1-kl-l0.8,6,46,rollout correct ratio,0.482421875
Stage2 M1-only KL lambda=0.8,m1-kl-l0.8,6,46,actor grad norm,31.90643882751465
Stage2 M1-only KL lambda=0.8,m1-kl-l0.8,6,46,model1 KL,0.38563701044768095
Stage2 M1-only KL lambda=0.8,m1-kl-l0.8,7,47,response length mean,361.1328125
Stage2 M1-only KL lambda=0.8,m1-kl-l0.8,7,47,response clip ratio,0.013671875
Stage2 M1-only KL lambda=0.8,m1-kl-l0.8,7,47,rollout correct ratio,0.44921875
Stage2 M1-only KL lambda=0.8,m1-kl-l0.8,7,47,actor grad norm,30.322864532470703
Stage2 M1-only KL lambda=0.8,m1-kl-l0.8,7,47,model1 KL,0.3128841031342745
Stage2 M1-only KL lambda=0.8,m1-kl-l0.8,8,48,response length mean,419.35546875
Stage2 M1-only KL lambda=0.8,m1-kl-l0.8,8,48,response clip ratio,0.03125
Stage2 M1-only KL lambda=0.8,m1-kl-l0.8,8,48,rollout correct ratio,0.50390625
Stage2 M1-only KL lambda=0.8,m1-kl-l0.8,8,48,actor grad norm,24.9647159576416
Stage2 M1-only KL lambda=0.8,m1-kl-l0.8,8,48,model1 KL,0.35616988098869723
Stage2 M1-only KL lambda=0.8,m1-kl-l0.8,9,49,response length mean,377.33203125
Stage2 M1-only KL lambda=0.8,m1-kl-l0.8,9,49,response clip ratio,0.01953125
Stage2 M1-only KL lambda=0.8,m1-kl-l0.8,9,49,rollout correct ratio,0.580078125
Stage2 M1-only KL lambda=0.8,m1-kl-l0.8,9,49,actor grad norm,43.623741149902344
Stage2 M1-only KL lambda=0.8,m1-kl-l0.8,9,49,model1 KL,0.3331755129620433
Stage2 M1-only KL lambda=0.8,m1-kl-l0.8,10,50,response length mean,474.599609375
Stage2 M1-only KL lambda=0.8,m1-kl-l0.8,10,50,response clip ratio,0.01953125
Stage2 M1-only KL lambda=0.8,m1-kl-l0.8,10,50,rollout correct ratio,0.578125
Stage2 M1-only KL lambda=0.8,m1-kl-l0.8,10,50,actor grad norm,121.07091522216797
Stage2 M1-only KL lambda=0.8,m1-kl-l0.8,10,50,model1 KL,0.41947411506303717
Stage2 M1-only KL lambda=0.8,m1-kl-l0.8,11,51,response length mean,395.55859375
Stage2 M1-only KL lambda=0.8,m1-kl-l0.8,11,51,response clip ratio,0.00390625
Stage2 M1-only KL lambda=0.8,m1-kl-l0.8,11,51,rollout correct ratio,0.48828125
Stage2 M1-only KL lambda=0.8,m1-kl-l0.8,11,51,actor grad norm,32.280975341796875
Stage2 M1-only KL lambda=0.8,m1-kl-l0.8,11,51,model1 KL,0.3800414642319083
Stage2 M1-only KL lambda=0.8,m1-kl-l0.8,12,52,response length mean,324.3984375
Stage2 M1-only KL lambda=0.8,m1-kl-l0.8,12,52,response clip ratio,0.001953125
Stage2 M1-only KL lambda=0.8,m1-kl-l0.8,12,52,rollout correct ratio,0.578125
Stage2 M1-only KL lambda=0.8,m1-kl-l0.8,12,52,actor grad norm,27.16563606262207
Stage2 M1-only KL lambda=0.8,m1-kl-l0.8,12,52,model1 KL,0.351730490475893
Stage2 M1-only KL lambda=0.8,m1-kl-l0.8,13,53,response length mean,390.48828125
Stage2 M1-only KL lambda=0.8,m1-kl-l0.8,13,53,response clip ratio,0.00390625
Stage2 M1-only KL lambda=0.8,m1-kl-l0.8,13,53,rollout correct ratio,0.525390625
Stage2 M1-only KL lambda=0.8,m1-kl-l0.8,13,53,actor grad norm,29.586036682128906
Stage2 M1-only KL lambda=0.8,m1-kl-l0.8,13,53,model1 KL,0.42682711593806744
Stage2 M1-only KL lambda=0.8,m1-kl-l0.8,14,54,response length mean,366.76953125
Stage2 M1-only KL lambda=0.8,m1-kl-l0.8,14,54,response clip ratio,0.00390625
Stage2 M1-only KL lambda=0.8,m1-kl-l0.8,14,54,rollout correct ratio,0.494140625
Stage2 M1-only KL lambda=0.8,m1-kl-l0.8,14,54,actor grad norm,30.1127872467041
Stage2 M1-only KL lambda=0.8,m1-kl-l0.8,14,54,model1 KL,0.44863780463735264
Stage2 M1-only KL lambda=0.8,m1-kl-l0.8,15,55,response length mean,396.998046875
Stage2 M1-only KL lambda=0.8,m1-kl-l0.8,15,55,response clip ratio,0.00390625
Stage2 M1-only KL lambda=0.8,m1-kl-l0.8,15,55,rollout correct ratio,0.5859375
Stage2 M1-only KL lambda=0.8,m1-kl-l0.8,15,55,actor grad norm,29.02851104736328
Stage2 M1-only KL lambda=0.8,m1-kl-l0.8,15,55,model1 KL,0.6264375398556391
Stage2 M1-only KL lambda=0.8,m1-kl-l0.8,16,56,response length mean,412.7421875
Stage2 M1-only KL lambda=0.8,m1-kl-l0.8,16,56,response clip ratio,0.021484375
Stage2 M1-only KL lambda=0.8,m1-kl-l0.8,16,56,rollout correct ratio,0.564453125
Stage2 M1-only KL lambda=0.8,m1-kl-l0.8,16,56,actor grad norm,30.663192749023438
Stage2 M1-only KL lambda=0.8,m1-kl-l0.8,16,56,model1 KL,0.6449447199702263
Stage2 M1-only KL lambda=0.8,m1-kl-l0.8,17,57,response length mean,348.259765625
Stage2 M1-only KL lambda=0.8,m1-kl-l0.8,17,57,response clip ratio,0.005859375
Stage2 M1-only KL lambda=0.8,m1-kl-l0.8,17,57,rollout correct ratio,0.5
Stage2 M1-only KL lambda=0.8,m1-kl-l0.8,17,57,actor grad norm,27.897785186767578
Stage2 M1-only KL lambda=0.8,m1-kl-l0.8,17,57,model1 KL,0.7308139607310296
Stage2 M1-only KL lambda=0.8,m1-kl-l0.8,18,58,response length mean,561.697265625
Stage2 M1-only KL lambda=0.8,m1-kl-l0.8,18,58,response clip ratio,0.04296875
Stage2 M1-only KL lambda=0.8,m1-kl-l0.8,18,58,rollout correct ratio,0.529296875
Stage2 M1-only KL lambda=0.8,m1-kl-l0.8,18,58,actor grad norm,31.86824607849121
Stage2 M1-only KL lambda=0.8,m1-kl-l0.8,18,58,model1 KL,0.999886902315276
Stage2 M1-only KL lambda=0.8,m1-kl-l0.8,19,59,response length mean,460.625
Stage2 M1-only KL lambda=0.8,m1-kl-l0.8,19,59,response clip ratio,0.017578125
Stage2 M1-only KL lambda=0.8,m1-kl-l0.8,19,59,rollout correct ratio,0.578125
Stage2 M1-only KL lambda=0.8,m1-kl-l0.8,19,59,actor grad norm,28.841970443725586
Stage2 M1-only KL lambda=0.8,m1-kl-l0.8,19,59,model1 KL,1.200989914437135
Stage2 M1-only KL lambda=0.8,m1-kl-l0.8,20,60,response length mean,500.517578125
Stage2 M1-only KL lambda=0.8,m1-kl-l0.8,20,60,response clip ratio,0.037109375
Stage2 M1-only KL lambda=0.8,m1-kl-l0.8,20,60,rollout correct ratio,0.45703125
Stage2 M1-only KL lambda=0.8,m1-kl-l0.8,20,60,actor grad norm,35.84247970581055
Stage2 M1-only KL lambda=0.8,m1-kl-l0.8,20,60,model1 KL,1.3637006344894569
Stage2 M1-only KL lambda=0.8,m1-kl-l0.8,21,61,response length mean,316.3046875
Stage2 M1-only KL lambda=0.8,m1-kl-l0.8,21,61,response clip ratio,0.001953125
Stage2 M1-only KL lambda=0.8,m1-kl-l0.8,21,61,rollout correct ratio,0.580078125
Stage2 M1-only KL lambda=0.8,m1-kl-l0.8,21,61,actor grad norm,25.585824966430664
Stage2 M1-only KL lambda=0.8,m1-kl-l0.8,21,61,model1 KL,1.2964759767055511
Stage2 M1-only KL lambda=0.8,m1-kl-l0.8,22,62,response length mean,393.796875
Stage2 M1-only KL lambda=0.8,m1-kl-l0.8,22,62,response clip ratio,0.015625
Stage2 M1-only KL lambda=0.8,m1-kl-l0.8,22,62,rollout correct ratio,0.580078125
Stage2 M1-only KL lambda=0.8,m1-kl-l0.8,22,62,actor grad norm,30.24165916442871
Stage2 M1-only KL lambda=0.8,m1-kl-l0.8,22,62,model1 KL,1.420698373268048
Stage2 M1-only KL lambda=0.8,m1-kl-l0.8,23,63,response length mean,569.009765625
Stage2 M1-only KL lambda=0.8,m1-kl-l0.8,23,63,response clip ratio,0.0546875
Stage2 M1-only KL lambda=0.8,m1-kl-l0.8,23,63,rollout correct ratio,0.458984375
Stage2 M1-only KL lambda=0.8,m1-kl-l0.8,23,63,actor grad norm,32.32887649536133
Stage2 M1-only KL lambda=0.8,m1-kl-l0.8,23,63,model1 KL,1.7166219055652618
Stage2 M1-only KL lambda=0.8,m1-kl-l0.8,24,64,response length mean,462.505859375
Stage2 M1-only KL lambda=0.8,m1-kl-l0.8,24,64,response clip ratio,0.00390625
Stage2 M1-only KL lambda=0.8,m1-kl-l0.8,24,64,rollout correct ratio,0.51953125
Stage2 M1-only KL lambda=0.8,m1-kl-l0.8,24,64,actor grad norm,35.242820739746094
Stage2 M1-only KL lambda=0.8,m1-kl-l0.8,24,64,model1 KL,1.749033265880176
Stage2 M1-only KL lambda=0.8,m1-kl-l0.8,25,65,response length mean,406.494140625
Stage2 M1-only KL lambda=0.8,m1-kl-l0.8,25,65,response clip ratio,0.013671875
Stage2 M1-only KL lambda=0.8,m1-kl-l0.8,25,65,rollout correct ratio,0.509765625
Stage2 M1-only KL lambda=0.8,m1-kl-l0.8,25,65,actor grad norm,31.727460861206055
Stage2 M1-only KL lambda=0.8,m1-kl-l0.8,25,65,model1 KL,2.0299535306791463
Stage2 M1-only KL lambda=0.8,m1-kl-l0.8,26,66,response length mean,426.736328125
Stage2 M1-only KL lambda=0.8,m1-kl-l0.8,26,66,response clip ratio,0.015625
Stage2 M1-only KL lambda=0.8,m1-kl-l0.8,26,66,rollout correct ratio,0.494140625
Stage2 M1-only KL lambda=0.8,m1-kl-l0.8,26,66,actor grad norm,29.14299774169922
Stage2 M1-only KL lambda=0.8,m1-kl-l0.8,26,66,model1 KL,2.00515682498614
Stage2 M1-only KL lambda=0.8,m1-kl-l0.8,27,67,response length mean,318.41796875
Stage2 M1-only KL lambda=0.8,m1-kl-l0.8,27,67,response clip ratio,0.0
Stage2 M1-only KL lambda=0.8,m1-kl-l0.8,27,67,rollout correct ratio,0.591796875
Stage2 M1-only KL lambda=0.8,m1-kl-l0.8,27,67,actor grad norm,28.082365036010742
Stage2 M1-only KL lambda=0.8,m1-kl-l0.8,27,67,model1 KL,2.594293174147606
Stage2 M1-only KL lambda=0.8,m1-kl-l0.8,28,68,response length mean,447.875
Stage2 M1-only KL lambda=0.8,m1-kl-l0.8,28,68,response clip ratio,0.017578125
Stage2 M1-only KL lambda=0.8,m1-kl-l0.8,28,68,rollout correct ratio,0.564453125
Stage2 M1-only KL lambda=0.8,m1-kl-l0.8,28,68,actor grad norm,29.6920223236084
Stage2 M1-only KL lambda=0.8,m1-kl-l0.8,28,68,model1 KL,2.9713424059251943
Stage2 M1-only KL lambda=0.8,m1-kl-l0.8,29,69,response length mean,410.662109375
Stage2 M1-only KL lambda=0.8,m1-kl-l0.8,29,69,response clip ratio,0.009765625
Stage2 M1-only KL lambda=0.8,m1-kl-l0.8,29,69,rollout correct ratio,0.544921875
Stage2 M1-only KL lambda=0.8,m1-kl-l0.8,29,69,actor grad norm,28.948461532592773
Stage2 M1-only KL lambda=0.8,m1-kl-l0.8,29,69,model1 KL,3.1028611436486244
Stage2 M1-only KL lambda=0.8,m1-kl-l0.8,30,70,response length mean,478.259765625
Stage2 M1-only KL lambda=0.8,m1-kl-l0.8,30,70,response clip ratio,0.01171875
Stage2 M1-only KL lambda=0.8,m1-kl-l0.8,30,70,rollout correct ratio,0.619140625
Stage2 M1-only KL lambda=0.8,m1-kl-l0.8,30,70,actor grad norm,32.333709716796875
Stage2 M1-only KL lambda=0.8,m1-kl-l0.8,30,70,model1 KL,3.7147845838751112
Stage2 M1-only KL lambda=0.8,m1-kl-l0.8,31,71,response length mean,583.80859375
Stage2 M1-only KL lambda=0.8,m1-kl-l0.8,31,71,response clip ratio,0.025390625
Stage2 M1-only KL lambda=0.8,m1-kl-l0.8,31,71,rollout correct ratio,0.64453125
Stage2 M1-only KL lambda=0.8,m1-kl-l0.8,31,71,actor grad norm,30.059654235839844
Stage2 M1-only KL lambda=0.8,m1-kl-l0.8,31,71,model1 KL,4.469774833747318
Stage2 M1-only KL lambda=0.8,m1-kl-l0.8,32,72,response length mean,380.7578125
Stage2 M1-only KL lambda=0.8,m1-kl-l0.8,32,72,response clip ratio,0.005859375
Stage2 M1-only KL lambda=0.8,m1-kl-l0.8,32,72,rollout correct ratio,0.58203125
Stage2 M1-only KL lambda=0.8,m1-kl-l0.8,32,72,actor grad norm,33.567169189453125
Stage2 M1-only KL lambda=0.8,m1-kl-l0.8,32,72,model1 KL,4.387617031733195
Stage2 M1-only KL lambda=0.8,m1-kl-l0.8,33,73,response length mean,512.21484375
Stage2 M1-only KL lambda=0.8,m1-kl-l0.8,33,73,response clip ratio,0.02734375
Stage2 M1-only KL lambda=0.8,m1-kl-l0.8,33,73,rollout correct ratio,0.505859375
Stage2 M1-only KL lambda=0.8,m1-kl-l0.8,33,73,actor grad norm,32.31339645385742
Stage2 M1-only KL lambda=0.8,m1-kl-l0.8,33,73,model1 KL,4.0123709844691415
Stage2 M1-only KL lambda=0.8,m1-kl-l0.8,34,74,response length mean,455.767578125
Stage2 M1-only KL lambda=0.8,m1-kl-l0.8,34,74,response clip ratio,0.013671875
Stage2 M1-only KL lambda=0.8,m1-kl-l0.8,34,74,rollout correct ratio,0.6171875
Stage2 M1-only KL lambda=0.8,m1-kl-l0.8,34,74,actor grad norm,31.738582611083984
Stage2 M1-only KL lambda=0.8,m1-kl-l0.8,34,74,model1 KL,4.8763772050539655
Stage2 M1-only KL lambda=0.8,m1-kl-l0.8,35,75,response length mean,513.60546875
Stage2 M1-only KL lambda=0.8,m1-kl-l0.8,35,75,response clip ratio,0.015625
Stage2 M1-only KL lambda=0.8,m1-kl-l0.8,35,75,rollout correct ratio,0.5703125
Stage2 M1-only KL lambda=0.8,m1-kl-l0.8,35,75,actor grad norm,34.50944137573242
Stage2 M1-only KL lambda=0.8,m1-kl-l0.8,35,75,model1 KL,5.1745105768953055
Stage2 M1-only KL lambda=0.8,m1-kl-l0.8,36,76,response length mean,465.5546875
Stage2 M1-only KL lambda=0.8,m1-kl-l0.8,36,76,response clip ratio,0.021484375
Stage2 M1-only KL lambda=0.8,m1-kl-l0.8,36,76,rollout correct ratio,0.634765625
Stage2 M1-only KL lambda=0.8,m1-kl-l0.8,36,76,actor grad norm,30.348398208618164
Stage2 M1-only KL lambda=0.8,m1-kl-l0.8,36,76,model1 KL,5.847047818558557
Stage2 M1-only KL lambda=0.8,m1-kl-l0.8,37,77,response length mean,606.8125
Stage2 M1-only KL lambda=0.8,m1-kl-l0.8,37,77,response clip ratio,0.052734375
Stage2 M1-only KL lambda=0.8,m1-kl-l0.8,37,77,rollout correct ratio,0.56640625
Stage2 M1-only KL lambda=0.8,m1-kl-l0.8,37,77,actor grad norm,57.9627799987793
Stage2 M1-only KL lambda=0.8,m1-kl-l0.8,37,77,model1 KL,6.074269410222769
Stage2 M1-only KL lambda=0.8,m1-kl-l0.8,38,78,response length mean,414.01953125
Stage2 M1-only KL lambda=0.8,m1-kl-l0.8,38,78,response clip ratio,0.01171875
Stage2 M1-only KL lambda=0.8,m1-kl-l0.8,38,78,rollout correct ratio,0.6796875
Stage2 M1-only KL lambda=0.8,m1-kl-l0.8,38,78,actor grad norm,36.879512786865234
Stage2 M1-only KL lambda=0.8,m1-kl-l0.8,38,78,model1 KL,6.623607774575551
Stage2 M1-only KL lambda=0.8,m1-kl-l0.8,39,79,response length mean,555.953125
Stage2 M1-only KL lambda=0.8,m1-kl-l0.8,39,79,response clip ratio,0.044921875
Stage2 M1-only KL lambda=0.8,m1-kl-l0.8,39,79,rollout correct ratio,0.5859375
Stage2 M1-only KL lambda=0.8,m1-kl-l0.8,39,79,actor grad norm,30.734954833984375
Stage2 M1-only KL lambda=0.8,m1-kl-l0.8,39,79,model1 KL,6.314533135720661
Stage2 M1-only KL lambda=0.8,m1-kl-l0.8,40,80,response length mean,448.06640625
Stage2 M1-only KL lambda=0.8,m1-kl-l0.8,40,80,response clip ratio,0.013671875
Stage2 M1-only KL lambda=0.8,m1-kl-l0.8,40,80,rollout correct ratio,0.61328125
Stage2 M1-only KL lambda=0.8,m1-kl-l0.8,40,80,actor grad norm,32.11924743652344
Stage2 M1-only KL lambda=0.8,m1-kl-l0.8,40,80,model1 KL,7.145239939292272
Stage2 M1-only KL lambda=0.8,m1-kl-l0.8,41,81,response length mean,478.34765625
Stage2 M1-only KL lambda=0.8,m1-kl-l0.8,41,81,response clip ratio,0.0
Stage2 M1-only KL lambda=0.8,m1-kl-l0.8,41,81,rollout correct ratio,0.44140625
Stage2 M1-only KL lambda=0.8,m1-kl-l0.8,41,81,actor grad norm,38.211177825927734
Stage2 M1-only KL lambda=0.8,m1-kl-l0.8,41,81,model1 KL,7.81048063437144
Stage2 M1-only KL lambda=0.8,m1-kl-l0.8,42,82,response length mean,549.037109375
Stage2 M1-only KL lambda=0.8,m1-kl-l0.8,42,82,response clip ratio,0.013671875
Stage2 M1-only KL lambda=0.8,m1-kl-l0.8,42,82,rollout correct ratio,0.55859375
Stage2 M1-only KL lambda=0.8,m1-kl-l0.8,42,82,actor grad norm,36.771881103515625
Stage2 M1-only KL lambda=0.8,m1-kl-l0.8,42,82,model1 KL,9.127396396228246
Stage2 M1-only KL lambda=0.8,m1-kl-l0.8,43,83,response length mean,592.142578125
Stage2 M1-only KL lambda=0.8,m1-kl-l0.8,43,83,response clip ratio,0.03125
Stage2 M1-only KL lambda=0.8,m1-kl-l0.8,43,83,rollout correct ratio,0.548828125
Stage2 M1-only KL lambda=0.8,m1-kl-l0.8,43,83,actor grad norm,35.984745025634766
Stage2 M1-only KL lambda=0.8,m1-kl-l0.8,43,83,model1 KL,8.96726826259068
Stage2 M1-only KL lambda=0.8,m1-kl-l0.8,44,84,response length mean,750.98828125
Stage2 M1-only KL lambda=0.8,m1-kl-l0.8,44,84,response clip ratio,0.064453125
Stage2 M1-only KL lambda=0.8,m1-kl-l0.8,44,84,rollout correct ratio,0.580078125
Stage2 M1-only KL lambda=0.8,m1-kl-l0.8,44,84,actor grad norm,37.629066467285156
Stage2 M1-only KL lambda=0.8,m1-kl-l0.8,44,84,model1 KL,9.36485403113895
Stage2 M1-only KL lambda=0.8,m1-kl-l0.8,45,85,response length mean,764.9140625
Stage2 M1-only KL lambda=0.8,m1-kl-l0.8,45,85,response clip ratio,0.05859375
Stage2 M1-only KL lambda=0.8,m1-kl-l0.8,45,85,rollout correct ratio,0.5234375
Stage2 M1-only KL lambda=0.8,m1-kl-l0.8,45,85,actor grad norm,38.32666015625
Stage2 M1-only KL lambda=0.8,m1-kl-l0.8,45,85,model1 KL,9.994387368361155
Stage2 M1-only KL lambda=0.8,m1-kl-l0.8,46,86,response length mean,804.609375
Stage2 M1-only KL lambda=0.8,m1-kl-l0.8,46,86,response clip ratio,0.046875
Stage2 M1-only KL lambda=0.8,m1-kl-l0.8,46,86,rollout correct ratio,0.435546875
Stage2 M1-only KL lambda=0.8,m1-kl-l0.8,46,86,actor grad norm,52.070404052734375
Stage2 M1-only KL lambda=0.8,m1-kl-l0.8,46,86,model1 KL,11.111327038870918
Stage2 M1-only KL lambda=0.8,m1-kl-l0.8,47,87,response length mean,692.71875
Stage2 M1-only KL lambda=0.8,m1-kl-l0.8,47,87,response clip ratio,0.0390625
Stage2 M1-only KL lambda=0.8,m1-kl-l0.8,47,87,rollout correct ratio,0.603515625
Stage2 M1-only KL lambda=0.8,m1-kl-l0.8,47,87,actor grad norm,39.83799743652344
Stage2 M1-only KL lambda=0.8,m1-kl-l0.8,47,87,model1 KL,11.949955865740776
Stage2 M1-only KL lambda=0.8,m1-kl-l0.8,48,88,response length mean,670.83984375
Stage2 M1-only KL lambda=0.8,m1-kl-l0.8,48,88,response clip ratio,0.03125
Stage2 M1-only KL lambda=0.8,m1-kl-l0.8,48,88,rollout correct ratio,0.54296875
Stage2 M1-only KL lambda=0.8,m1-kl-l0.8,48,88,actor grad norm,45.252601623535156
Stage2 M1-only KL lambda=0.8,m1-kl-l0.8,48,88,model1 KL,12.781653866171837
Stage2 M1-only KL lambda=0.8,m1-kl-l0.8,49,89,response length mean,642.337890625
Stage2 M1-only KL lambda=0.8,m1-kl-l0.8,49,89,response clip ratio,0.037109375
Stage2 M1-only KL lambda=0.8,m1-kl-l0.8,49,89,rollout correct ratio,0.48828125
Stage2 M1-only KL lambda=0.8,m1-kl-l0.8,49,89,actor grad norm,40.82505416870117
Stage2 M1-only KL lambda=0.8,m1-kl-l0.8,49,89,model1 KL,15.032709151506424
Stage2 M1-only KL lambda=0.8,m1-kl-l0.8,50,90,response length mean,521.576171875
Stage2 M1-only KL lambda=0.8,m1-kl-l0.8,50,90,response clip ratio,0.01953125
Stage2 M1-only KL lambda=0.8,m1-kl-l0.8,50,90,rollout correct ratio,0.623046875
Stage2 M1-only KL lambda=0.8,m1-kl-l0.8,50,90,actor grad norm,36.16054916381836
Stage2 M1-only KL lambda=0.8,m1-kl-l0.8,50,90,model1 KL,16.56601446866989
Stage2 M1-only KL lambda=0.8,m1-kl-l0.8,51,91,response length mean,782.423828125
Stage2 M1-only KL lambda=0.8,m1-kl-l0.8,51,91,response clip ratio,0.044921875
Stage2 M1-only KL lambda=0.8,m1-kl-l0.8,51,91,rollout correct ratio,0.55859375
Stage2 M1-only KL lambda=0.8,m1-kl-l0.8,51,91,actor grad norm,51.81965255737305
Stage2 M1-only KL lambda=0.8,m1-kl-l0.8,51,91,model1 KL,18.589267863167656
Stage2 M1-only KL lambda=0.8,m1-kl-l0.8,52,92,response length mean,732.828125
Stage2 M1-only KL lambda=0.8,m1-kl-l0.8,52,92,response clip ratio,0.04296875
Stage2 M1-only KL lambda=0.8,m1-kl-l0.8,52,92,rollout correct ratio,0.580078125
Stage2 M1-only KL lambda=0.8,m1-kl-l0.8,52,92,actor grad norm,60.2677116394043
Stage2 M1-only KL lambda=0.8,m1-kl-l0.8,52,92,model1 KL,20.995169907808304
Stage2 M1-only KL lambda=0.8,m1-kl-l0.8,53,93,response length mean,789.4921875
Stage2 M1-only KL lambda=0.8,m1-kl-l0.8,53,93,response clip ratio,0.04296875
Stage2 M1-only KL lambda=0.8,m1-kl-l0.8,53,93,rollout correct ratio,0.58984375
Stage2 M1-only KL lambda=0.8,m1-kl-l0.8,53,93,actor grad norm,51.22566223144531
Stage2 M1-only KL lambda=0.8,m1-kl-l0.8,53,93,model1 KL,22.716000424491035
Stage2 M1-only KL lambda=0.8,m1-kl-l0.8,54,94,response length mean,912.205078125
Stage2 M1-only KL lambda=0.8,m1-kl-l0.8,54,94,response clip ratio,0.041015625
Stage2 M1-only KL lambda=0.8,m1-kl-l0.8,54,94,rollout correct ratio,0.626953125
Stage2 M1-only KL lambda=0.8,m1-kl-l0.8,54,94,actor grad norm,59.504066467285156
Stage2 M1-only KL lambda=0.8,m1-kl-l0.8,54,94,model1 KL,26.3299711227417
Stage2 M1-only KL lambda=0.8,m1-kl-l0.8,55,95,response length mean,715.728515625
Stage2 M1-only KL lambda=0.8,m1-kl-l0.8,55,95,response clip ratio,0.025390625
Stage2 M1-only KL lambda=0.8,m1-kl-l0.8,55,95,rollout correct ratio,0.60546875
Stage2 M1-only KL lambda=0.8,m1-kl-l0.8,55,95,actor grad norm,75.4992446899414
Stage2 M1-only KL lambda=0.8,m1-kl-l0.8,55,95,model1 KL,32.40295389294624
Stage2 M1-only KL lambda=0.8,m1-kl-l0.8,56,96,response length mean,892.916015625
Stage2 M1-only KL lambda=0.8,m1-kl-l0.8,56,96,response clip ratio,0.0625
Stage2 M1-only KL lambda=0.8,m1-kl-l0.8,56,96,rollout correct ratio,0.509765625
Stage2 M1-only KL lambda=0.8,m1-kl-l0.8,56,96,actor grad norm,70.9842300415039
Stage2 M1-only KL lambda=0.8,m1-kl-l0.8,56,96,model1 KL,37.688650488853455
Stage2 M1-only KL lambda=0.8,m1-kl-l0.8,57,97,response length mean,1086.0546875
Stage2 M1-only KL lambda=0.8,m1-kl-l0.8,57,97,response clip ratio,0.076171875
Stage2 M1-only KL lambda=0.8,m1-kl-l0.8,57,97,rollout correct ratio,0.490234375
Stage2 M1-only KL lambda=0.8,m1-kl-l0.8,57,97,actor grad norm,74.0395278930664
Stage2 M1-only KL lambda=0.8,m1-kl-l0.8,57,97,model1 KL,45.58107816089284
Stage2 M1-only KL lambda=0.8,m1-kl-l0.8,58,98,response length mean,1337.1953125
Stage2 M1-only KL lambda=0.8,m1-kl-l0.8,58,98,response clip ratio,0.103515625
Stage2 M1-only KL lambda=0.8,m1-kl-l0.8,58,98,rollout correct ratio,0.47265625
Stage2 M1-only KL lambda=0.8,m1-kl-l0.8,58,98,actor grad norm,76.99333953857422
Stage2 M1-only KL lambda=0.8,m1-kl-l0.8,58,98,model1 KL,50.711078937237076
Stage2 M1-only KL lambda=0.8,m1-kl-l0.8,59,99,response length mean,1231.935546875
Stage2 M1-only KL lambda=0.8,m1-kl-l0.8,59,99,response clip ratio,0.076171875
Stage2 M1-only KL lambda=0.8,m1-kl-l0.8,59,99,rollout correct ratio,0.53515625
Stage2 M1-only KL lambda=0.8,m1-kl-l0.8,59,99,actor grad norm,95.15760803222656
Stage2 M1-only KL lambda=0.8,m1-kl-l0.8,59,99,model1 KL,62.97539337476095
Stage2 M1-only KL lambda=0.8,m1-kl-l0.8,60,100,response length mean,1331.794921875
Stage2 M1-only KL lambda=0.8,m1-kl-l0.8,60,100,response clip ratio,0.107421875
Stage2 M1-only KL lambda=0.8,m1-kl-l0.8,60,100,rollout correct ratio,0.45703125
Stage2 M1-only KL lambda=0.8,m1-kl-l0.8,60,100,actor grad norm,99.79930877685547
Stage2 M1-only KL lambda=0.8,m1-kl-l0.8,60,100,model1 KL,72.16001382240883
Stage2 M2-only KL lambda=0.8,m2-kl-l0.8,1,41,response length mean,361.8828125
Stage2 M2-only KL lambda=0.8,m2-kl-l0.8,1,41,response clip ratio,0.015625
Stage2 M2-only KL lambda=0.8,m2-kl-l0.8,1,41,rollout correct ratio,0.513671875
Stage2 M2-only KL lambda=0.8,m2-kl-l0.8,1,41,actor grad norm,26.986474990844727
Stage2 M2-only KL lambda=0.8,m2-kl-l0.8,1,41,model2 KL,0.0
Stage2 M2-only KL lambda=0.8,m2-kl-l0.8,2,42,response length mean,283.888671875
Stage2 M2-only KL lambda=0.8,m2-kl-l0.8,2,42,response clip ratio,0.001953125
Stage2 M2-only KL lambda=0.8,m2-kl-l0.8,2,42,rollout correct ratio,0.650390625
Stage2 M2-only KL lambda=0.8,m2-kl-l0.8,2,42,actor grad norm,23.67595863342285
Stage2 M2-only KL lambda=0.8,m2-kl-l0.8,2,42,model2 KL,0.0
Stage2 M2-only KL lambda=0.8,m2-kl-l0.8,3,43,response length mean,465.15234375
Stage2 M2-only KL lambda=0.8,m2-kl-l0.8,3,43,response clip ratio,0.0234375
Stage2 M2-only KL lambda=0.8,m2-kl-l0.8,3,43,rollout correct ratio,0.431640625
Stage2 M2-only KL lambda=0.8,m2-kl-l0.8,3,43,actor grad norm,38.821041107177734
Stage2 M2-only KL lambda=0.8,m2-kl-l0.8,3,43,model2 KL,0.37355890156080324
Stage2 M2-only KL lambda=0.8,m2-kl-l0.8,4,44,response length mean,367.943359375
Stage2 M2-only KL lambda=0.8,m2-kl-l0.8,4,44,response clip ratio,0.00390625
Stage2 M2-only KL lambda=0.8,m2-kl-l0.8,4,44,rollout correct ratio,0.525390625
Stage2 M2-only KL lambda=0.8,m2-kl-l0.8,4,44,actor grad norm,28.69464874267578
Stage2 M2-only KL lambda=0.8,m2-kl-l0.8,4,44,model2 KL,0.2755879381050666
Stage2 M2-only KL lambda=0.8,m2-kl-l0.8,5,45,response length mean,453.0390625
Stage2 M2-only KL lambda=0.8,m2-kl-l0.8,5,45,response clip ratio,0.015625
Stage2 M2-only KL lambda=0.8,m2-kl-l0.8,5,45,rollout correct ratio,0.453125
Stage2 M2-only KL lambda=0.8,m2-kl-l0.8,5,45,actor grad norm,32.77839279174805
Stage2 M2-only KL lambda=0.8,m2-kl-l0.8,5,45,model2 KL,0.36638771050742697
Stage2 M2-only KL lambda=0.8,m2-kl-l0.8,6,46,response length mean,454.9375
Stage2 M2-only KL lambda=0.8,m2-kl-l0.8,6,46,response clip ratio,0.0234375
Stage2 M2-only KL lambda=0.8,m2-kl-l0.8,6,46,rollout correct ratio,0.46484375
Stage2 M2-only KL lambda=0.8,m2-kl-l0.8,6,46,actor grad norm,32.49406814575195
Stage2 M2-only KL lambda=0.8,m2-kl-l0.8,6,46,model2 KL,0.3538587596267462
Stage2 M2-only KL lambda=0.8,m2-kl-l0.8,7,47,response length mean,363.49609375
Stage2 M2-only KL lambda=0.8,m2-kl-l0.8,7,47,response clip ratio,0.013671875
Stage2 M2-only KL lambda=0.8,m2-kl-l0.8,7,47,rollout correct ratio,0.47265625
Stage2 M2-only KL lambda=0.8,m2-kl-l0.8,7,47,actor grad norm,32.04558181762695
Stage2 M2-only KL lambda=0.8,m2-kl-l0.8,7,47,model2 KL,0.29961592160786193
Stage2 M2-only KL lambda=0.8,m2-kl-l0.8,8,48,response length mean,473.158203125
Stage2 M2-only KL lambda=0.8,m2-kl-l0.8,8,48,response clip ratio,0.044921875
Stage2 M2-only KL lambda=0.8,m2-kl-l0.8,8,48,rollout correct ratio,0.5
Stage2 M2-only KL lambda=0.8,m2-kl-l0.8,8,48,actor grad norm,31.619586944580078
Stage2 M2-only KL lambda=0.8,m2-kl-l0.8,8,48,model2 KL,0.4013633920500676
Stage2 M2-only KL lambda=0.8,m2-kl-l0.8,9,49,response length mean,406.30859375
Stage2 M2-only KL lambda=0.8,m2-kl-l0.8,9,49,response clip ratio,0.02734375
Stage2 M2-only KL lambda=0.8,m2-kl-l0.8,9,49,rollout correct ratio,0.55859375
Stage2 M2-only KL lambda=0.8,m2-kl-l0.8,9,49,actor grad norm,28.063968658447266
Stage2 M2-only KL lambda=0.8,m2-kl-l0.8,9,49,model2 KL,0.351803879874448
Stage2 M2-only KL lambda=0.8,m2-kl-l0.8,10,50,response length mean,436.40234375
Stage2 M2-only KL lambda=0.8,m2-kl-l0.8,10,50,response clip ratio,0.013671875
Stage2 M2-only KL lambda=0.8,m2-kl-l0.8,10,50,rollout correct ratio,0.568359375
Stage2 M2-only KL lambda=0.8,m2-kl-l0.8,10,50,actor grad norm,76.20222473144531
Stage2 M2-only KL lambda=0.8,m2-kl-l0.8,10,50,model2 KL,0.3550581308081746
Stage2 M2-only KL lambda=0.8,m2-kl-l0.8,11,51,response length mean,437.326171875
Stage2 M2-only KL lambda=0.8,m2-kl-l0.8,11,51,response clip ratio,0.009765625
Stage2 M2-only KL lambda=0.8,m2-kl-l0.8,11,51,rollout correct ratio,0.49609375
Stage2 M2-only KL lambda=0.8,m2-kl-l0.8,11,51,actor grad norm,32.54164123535156
Stage2 M2-only KL lambda=0.8,m2-kl-l0.8,11,51,model2 KL,0.3948497887079914
Stage2 M2-only KL lambda=0.8,m2-kl-l0.8,12,52,response length mean,332.62890625
Stage2 M2-only KL lambda=0.8,m2-kl-l0.8,12,52,response clip ratio,0.005859375
Stage2 M2-only KL lambda=0.8,m2-kl-l0.8,12,52,rollout correct ratio,0.564453125
Stage2 M2-only KL lambda=0.8,m2-kl-l0.8,12,52,actor grad norm,26.226058959960938
Stage2 M2-only KL lambda=0.8,m2-kl-l0.8,12,52,model2 KL,0.3214401204138994
Stage2 M2-only KL lambda=0.8,m2-kl-l0.8,13,53,response length mean,438.5078125
Stage2 M2-only KL lambda=0.8,m2-kl-l0.8,13,53,response clip ratio,0.01953125
Stage2 M2-only KL lambda=0.8,m2-kl-l0.8,13,53,rollout correct ratio,0.546875
Stage2 M2-only KL lambda=0.8,m2-kl-l0.8,13,53,actor grad norm,27.8934383392334
Stage2 M2-only KL lambda=0.8,m2-kl-l0.8,13,53,model2 KL,0.43790130658696097
Stage2 M2-only KL lambda=0.8,m2-kl-l0.8,14,54,response length mean,404.17578125
Stage2 M2-only KL lambda=0.8,m2-kl-l0.8,14,54,response clip ratio,0.009765625
Stage2 M2-only KL lambda=0.8,m2-kl-l0.8,14,54,rollout correct ratio,0.501953125
Stage2 M2-only KL lambda=0.8,m2-kl-l0.8,14,54,actor grad norm,29.52254295349121
Stage2 M2-only KL lambda=0.8,m2-kl-l0.8,14,54,model2 KL,0.4308237734561165
Stage2 M2-only KL lambda=0.8,m2-kl-l0.8,15,55,response length mean,399.9921875
Stage2 M2-only KL lambda=0.8,m2-kl-l0.8,15,55,response clip ratio,0.0078125
Stage2 M2-only KL lambda=0.8,m2-kl-l0.8,15,55,rollout correct ratio,0.580078125
Stage2 M2-only KL lambda=0.8,m2-kl-l0.8,15,55,actor grad norm,26.640474319458008
Stage2 M2-only KL lambda=0.8,m2-kl-l0.8,15,55,model2 KL,0.49970629811286926
Stage2 M2-only KL lambda=0.8,m2-kl-l0.8,16,56,response length mean,379.16015625
Stage2 M2-only KL lambda=0.8,m2-kl-l0.8,16,56,response clip ratio,0.013671875
Stage2 M2-only KL lambda=0.8,m2-kl-l0.8,16,56,rollout correct ratio,0.548828125
Stage2 M2-only KL lambda=0.8,m2-kl-l0.8,16,56,actor grad norm,29.45207405090332
Stage2 M2-only KL lambda=0.8,m2-kl-l0.8,16,56,model2 KL,0.5136401917164525
Stage2 M2-only KL lambda=0.8,m2-kl-l0.8,17,57,response length mean,346.91015625
Stage2 M2-only KL lambda=0.8,m2-kl-l0.8,17,57,response clip ratio,0.00390625
Stage2 M2-only KL lambda=0.8,m2-kl-l0.8,17,57,rollout correct ratio,0.486328125
Stage2 M2-only KL lambda=0.8,m2-kl-l0.8,17,57,actor grad norm,27.015716552734375
Stage2 M2-only KL lambda=0.8,m2-kl-l0.8,17,57,model2 KL,0.5946590885519981
Stage2 M2-only KL lambda=0.8,m2-kl-l0.8,18,58,response length mean,581.583984375
Stage2 M2-only KL lambda=0.8,m2-kl-l0.8,18,58,response clip ratio,0.046875
Stage2 M2-only KL lambda=0.8,m2-kl-l0.8,18,58,rollout correct ratio,0.501953125
Stage2 M2-only KL lambda=0.8,m2-kl-l0.8,18,58,actor grad norm,32.44939422607422
Stage2 M2-only KL lambda=0.8,m2-kl-l0.8,18,58,model2 KL,0.8833295016416481
Stage2 M2-only KL lambda=0.8,m2-kl-l0.8,19,59,response length mean,479.693359375
Stage2 M2-only KL lambda=0.8,m2-kl-l0.8,19,59,response clip ratio,0.021484375
Stage2 M2-only KL lambda=0.8,m2-kl-l0.8,19,59,rollout correct ratio,0.599609375
Stage2 M2-only KL lambda=0.8,m2-kl-l0.8,19,59,actor grad norm,29.65355110168457
Stage2 M2-only KL lambda=0.8,m2-kl-l0.8,19,59,model2 KL,0.9965661487409047
Stage2 M2-only KL lambda=0.8,m2-kl-l0.8,20,60,response length mean,506.693359375
Stage2 M2-only KL lambda=0.8,m2-kl-l0.8,20,60,response clip ratio,0.0390625
Stage2 M2-only KL lambda=0.8,m2-kl-l0.8,20,60,rollout correct ratio,0.439453125
Stage2 M2-only KL lambda=0.8,m2-kl-l0.8,20,60,actor grad norm,31.166860580444336
Stage2 M2-only KL lambda=0.8,m2-kl-l0.8,20,60,model2 KL,1.115254385130746
Stage2 M2-only KL lambda=0.8,m2-kl-l0.8,21,61,response length mean,305.642578125
Stage2 M2-only KL lambda=0.8,m2-kl-l0.8,21,61,response clip ratio,0.001953125
Stage2 M2-only KL lambda=0.8,m2-kl-l0.8,21,61,rollout correct ratio,0.599609375
Stage2 M2-only KL lambda=0.8,m2-kl-l0.8,21,61,actor grad norm,26.585086822509766
Stage2 M2-only KL lambda=0.8,m2-kl-l0.8,21,61,model2 KL,1.007739892601967
Stage2 M2-only KL lambda=0.8,m2-kl-l0.8,22,62,response length mean,399.046875
Stage2 M2-only KL lambda=0.8,m2-kl-l0.8,22,62,response clip ratio,0.021484375
Stage2 M2-only KL lambda=0.8,m2-kl-l0.8,22,62,rollout correct ratio,0.560546875
Stage2 M2-only KL lambda=0.8,m2-kl-l0.8,22,62,actor grad norm,26.543302536010742
Stage2 M2-only KL lambda=0.8,m2-kl-l0.8,22,62,model2 KL,1.3791794118781884
Stage2 M2-only KL lambda=0.8,m2-kl-l0.8,23,63,response length mean,581.89453125
Stage2 M2-only KL lambda=0.8,m2-kl-l0.8,23,63,response clip ratio,0.048828125
Stage2 M2-only KL lambda=0.8,m2-kl-l0.8,23,63,rollout correct ratio,0.455078125
Stage2 M2-only KL lambda=0.8,m2-kl-l0.8,23,63,actor grad norm,38.49658966064453
Stage2 M2-only KL lambda=0.8,m2-kl-l0.8,23,63,model2 KL,1.7164309131247657
Stage2 M2-only KL lambda=0.8,m2-kl-l0.8,24,64,response length mean,538.765625
Stage2 M2-only KL lambda=0.8,m2-kl-l0.8,24,64,response clip ratio,0.01953125
Stage2 M2-only KL lambda=0.8,m2-kl-l0.8,24,64,rollout correct ratio,0.50390625
Stage2 M2-only KL lambda=0.8,m2-kl-l0.8,24,64,actor grad norm,37.38042449951172
Stage2 M2-only KL lambda=0.8,m2-kl-l0.8,24,64,model2 KL,1.7523846221821648
Stage2 M2-only KL lambda=0.8,m2-kl-l0.8,25,65,response length mean,436.056640625
Stage2 M2-only KL lambda=0.8,m2-kl-l0.8,25,65,response clip ratio,0.021484375
Stage2 M2-only KL lambda=0.8,m2-kl-l0.8,25,65,rollout correct ratio,0.50390625
Stage2 M2-only KL lambda=0.8,m2-kl-l0.8,25,65,actor grad norm,30.363061904907227
Stage2 M2-only KL lambda=0.8,m2-kl-l0.8,25,65,model2 KL,1.986156380424897
Stage2 M2-only KL lambda=0.8,m2-kl-l0.8,26,66,response length mean,398.955078125
Stage2 M2-only KL lambda=0.8,m2-kl-l0.8,26,66,response clip ratio,0.013671875
Stage2 M2-only KL lambda=0.8,m2-kl-l0.8,26,66,rollout correct ratio,0.529296875
Stage2 M2-only KL lambda=0.8,m2-kl-l0.8,26,66,actor grad norm,27.512792587280273
Stage2 M2-only KL lambda=0.8,m2-kl-l0.8,26,66,model2 KL,2.1549936768909297
Stage2 M2-only KL lambda=0.8,m2-kl-l0.8,27,67,response length mean,346.0625
Stage2 M2-only KL lambda=0.8,m2-kl-l0.8,27,67,response clip ratio,0.00390625
Stage2 M2-only KL lambda=0.8,m2-kl-l0.8,27,67,rollout correct ratio,0.607421875
Stage2 M2-only KL lambda=0.8,m2-kl-l0.8,27,67,actor grad norm,29.059696197509766
Stage2 M2-only KL lambda=0.8,m2-kl-l0.8,27,67,model2 KL,2.360555060207844
Stage2 M2-only KL lambda=0.8,m2-kl-l0.8,28,68,response length mean,432.642578125
Stage2 M2-only KL lambda=0.8,m2-kl-l0.8,28,68,response clip ratio,0.005859375
Stage2 M2-only KL lambda=0.8,m2-kl-l0.8,28,68,rollout correct ratio,0.587890625
Stage2 M2-only KL lambda=0.8,m2-kl-l0.8,28,68,actor grad norm,31.229703903198242
Stage2 M2-only KL lambda=0.8,m2-kl-l0.8,28,68,model2 KL,2.398258291184902
Stage2 M2-only KL lambda=0.8,m2-kl-l0.8,29,69,response length mean,421.638671875
Stage2 M2-only KL lambda=0.8,m2-kl-l0.8,29,69,response clip ratio,0.005859375
Stage2 M2-only KL lambda=0.8,m2-kl-l0.8,29,69,rollout correct ratio,0.5390625
Stage2 M2-only KL lambda=0.8,m2-kl-l0.8,29,69,actor grad norm,40.52947235107422
Stage2 M2-only KL lambda=0.8,m2-kl-l0.8,29,69,model2 KL,2.83955929428339
Stage2 M2-only KL lambda=0.8,m2-kl-l0.8,30,70,response length mean,506.67578125
Stage2 M2-only KL lambda=0.8,m2-kl-l0.8,30,70,response clip ratio,0.017578125
Stage2 M2-only KL lambda=0.8,m2-kl-l0.8,30,70,rollout correct ratio,0.634765625
Stage2 M2-only KL lambda=0.8,m2-kl-l0.8,30,70,actor grad norm,28.97297477722168
Stage2 M2-only KL lambda=0.8,m2-kl-l0.8,30,70,model2 KL,2.8967423822198595
Stage2 M2-only KL lambda=0.8,m2-kl-l0.8,31,71,response length mean,636.20703125
Stage2 M2-only KL lambda=0.8,m2-kl-l0.8,31,71,response clip ratio,0.04296875
Stage2 M2-only KL lambda=0.8,m2-kl-l0.8,31,71,rollout correct ratio,0.638671875
Stage2 M2-only KL lambda=0.8,m2-kl-l0.8,31,71,actor grad norm,30.178104400634766
Stage2 M2-only KL lambda=0.8,m2-kl-l0.8,31,71,model2 KL,3.833442907780409
Stage2 M2-only KL lambda=0.8,m2-kl-l0.8,32,72,response length mean,358.20703125
Stage2 M2-only KL lambda=0.8,m2-kl-l0.8,32,72,response clip ratio,0.0
Stage2 M2-only KL lambda=0.8,m2-kl-l0.8,32,72,rollout correct ratio,0.6015625
Stage2 M2-only KL lambda=0.8,m2-kl-l0.8,32,72,actor grad norm,30.783245086669922
Stage2 M2-only KL lambda=0.8,m2-kl-l0.8,32,72,model2 KL,3.451775652666887
Stage2 M2-only KL lambda=0.8,m2-kl-l0.8,33,73,response length mean,523.63671875
Stage2 M2-only KL lambda=0.8,m2-kl-l0.8,33,73,response clip ratio,0.029296875
Stage2 M2-only KL lambda=0.8,m2-kl-l0.8,33,73,rollout correct ratio,0.529296875
Stage2 M2-only KL lambda=0.8,m2-kl-l0.8,33,73,actor grad norm,29.448244094848633
Stage2 M2-only KL lambda=0.8,m2-kl-l0.8,33,73,model2 KL,3.419025120990617
Stage2 M2-only KL lambda=0.8,m2-kl-l0.8,34,74,response length mean,422.111328125
Stage2 M2-only KL lambda=0.8,m2-kl-l0.8,34,74,response clip ratio,0.005859375
Stage2 M2-only KL lambda=0.8,m2-kl-l0.8,34,74,rollout correct ratio,0.619140625
Stage2 M2-only KL lambda=0.8,m2-kl-l0.8,34,74,actor grad norm,29.44070816040039
Stage2 M2-only KL lambda=0.8,m2-kl-l0.8,34,74,model2 KL,3.8558490773042045
Stage2 M2-only KL lambda=0.8,m2-kl-l0.8,35,75,response length mean,529.4140625
Stage2 M2-only KL lambda=0.8,m2-kl-l0.8,35,75,response clip ratio,0.017578125
Stage2 M2-only KL lambda=0.8,m2-kl-l0.8,35,75,rollout correct ratio,0.556640625
Stage2 M2-only KL lambda=0.8,m2-kl-l0.8,35,75,actor grad norm,36.36852264404297
Stage2 M2-only KL lambda=0.8,m2-kl-l0.8,35,75,model2 KL,4.009083918162754
Stage2 M2-only KL lambda=0.8,m2-kl-l0.8,36,76,response length mean,478.0546875
Stage2 M2-only KL lambda=0.8,m2-kl-l0.8,36,76,response clip ratio,0.017578125
Stage2 M2-only KL lambda=0.8,m2-kl-l0.8,36,76,rollout correct ratio,0.62890625
Stage2 M2-only KL lambda=0.8,m2-kl-l0.8,36,76,actor grad norm,26.06852149963379
Stage2 M2-only KL lambda=0.8,m2-kl-l0.8,36,76,model2 KL,4.276982145650046
Stage2 M2-only KL lambda=0.8,m2-kl-l0.8,37,77,response length mean,564.748046875
Stage2 M2-only KL lambda=0.8,m2-kl-l0.8,37,77,response clip ratio,0.033203125
Stage2 M2-only KL lambda=0.8,m2-kl-l0.8,37,77,rollout correct ratio,0.576171875
Stage2 M2-only KL lambda=0.8,m2-kl-l0.8,37,77,actor grad norm,28.296140670776367
Stage2 M2-only KL lambda=0.8,m2-kl-l0.8,37,77,model2 KL,5.014145829847881
Stage2 M2-only KL lambda=0.8,m2-kl-l0.8,38,78,response length mean,376.69921875
Stage2 M2-only KL lambda=0.8,m2-kl-l0.8,38,78,response clip ratio,0.005859375
Stage2 M2-only KL lambda=0.8,m2-kl-l0.8,38,78,rollout correct ratio,0.650390625
Stage2 M2-only KL lambda=0.8,m2-kl-l0.8,38,78,actor grad norm,40.6883430480957
Stage2 M2-only KL lambda=0.8,m2-kl-l0.8,38,78,model2 KL,4.775657792886098
Stage2 M2-only KL lambda=0.8,m2-kl-l0.8,39,79,response length mean,512.138671875
Stage2 M2-only KL lambda=0.8,m2-kl-l0.8,39,79,response clip ratio,0.037109375
Stage2 M2-only KL lambda=0.8,m2-kl-l0.8,39,79,rollout correct ratio,0.599609375
Stage2 M2-only KL lambda=0.8,m2-kl-l0.8,39,79,actor grad norm,27.205835342407227
Stage2 M2-only KL lambda=0.8,m2-kl-l0.8,39,79,model2 KL,4.325637410793986
Stage2 M2-only KL lambda=0.8,m2-kl-l0.8,40,80,response length mean,410.59765625
Stage2 M2-only KL lambda=0.8,m2-kl-l0.8,40,80,response clip ratio,0.009765625
Stage2 M2-only KL lambda=0.8,m2-kl-l0.8,40,80,rollout correct ratio,0.611328125
Stage2 M2-only KL lambda=0.8,m2-kl-l0.8,40,80,actor grad norm,27.733612060546875
Stage2 M2-only KL lambda=0.8,m2-kl-l0.8,40,80,model2 KL,4.751049265265465
Stage2 M2-only KL lambda=0.8,m2-kl-l0.8,41,81,response length mean,453.220703125
Stage2 M2-only KL lambda=0.8,m2-kl-l0.8,41,81,response clip ratio,0.0078125
Stage2 M2-only KL lambda=0.8,m2-kl-l0.8,41,81,rollout correct ratio,0.435546875
Stage2 M2-only KL lambda=0.8,m2-kl-l0.8,41,81,actor grad norm,33.635833740234375
Stage2 M2-only KL lambda=0.8,m2-kl-l0.8,41,81,model2 KL,5.013441135485967
Stage2 M2-only KL lambda=0.8,m2-kl-l0.8,42,82,response length mean,478.083984375
Stage2 M2-only KL lambda=0.8,m2-kl-l0.8,42,82,response clip ratio,0.009765625
Stage2 M2-only KL lambda=0.8,m2-kl-l0.8,42,82,rollout correct ratio,0.56640625
Stage2 M2-only KL lambda=0.8,m2-kl-l0.8,42,82,actor grad norm,31.6947078704834
Stage2 M2-only KL lambda=0.8,m2-kl-l0.8,42,82,model2 KL,5.672302688871111
Stage2 M2-only KL lambda=0.8,m2-kl-l0.8,43,83,response length mean,565.501953125
Stage2 M2-only KL lambda=0.8,m2-kl-l0.8,43,83,response clip ratio,0.041015625
Stage2 M2-only KL lambda=0.8,m2-kl-l0.8,43,83,rollout correct ratio,0.53515625
Stage2 M2-only KL lambda=0.8,m2-kl-l0.8,43,83,actor grad norm,33.01349639892578
Stage2 M2-only KL lambda=0.8,m2-kl-l0.8,43,83,model2 KL,5.602369465998241
Stage2 M2-only KL lambda=0.8,m2-kl-l0.8,44,84,response length mean,640.857421875
Stage2 M2-only KL lambda=0.8,m2-kl-l0.8,44,84,response clip ratio,0.05078125
Stage2 M2-only KL lambda=0.8,m2-kl-l0.8,44,84,rollout correct ratio,0.6015625
Stage2 M2-only KL lambda=0.8,m2-kl-l0.8,44,84,actor grad norm,32.80745315551758
Stage2 M2-only KL lambda=0.8,m2-kl-l0.8,44,84,model2 KL,5.497297700494528
Stage2 M2-only KL lambda=0.8,m2-kl-l0.8,45,85,response length mean,661.86328125
Stage2 M2-only KL lambda=0.8,m2-kl-l0.8,45,85,response clip ratio,0.044921875
Stage2 M2-only KL lambda=0.8,m2-kl-l0.8,45,85,rollout correct ratio,0.51171875
Stage2 M2-only KL lambda=0.8,m2-kl-l0.8,45,85,actor grad norm,31.37649917602539
Stage2 M2-only KL lambda=0.8,m2-kl-l0.8,45,85,model2 KL,5.127358864992857
Stage2 M2-only KL lambda=0.8,m2-kl-l0.8,46,86,response length mean,593.138671875
Stage2 M2-only KL lambda=0.8,m2-kl-l0.8,46,86,response clip ratio,0.029296875
Stage2 M2-only KL lambda=0.8,m2-kl-l0.8,46,86,rollout correct ratio,0.421875
Stage2 M2-only KL lambda=0.8,m2-kl-l0.8,46,86,actor grad norm,82.88654327392578
Stage2 M2-only KL lambda=0.8,m2-kl-l0.8,46,86,model2 KL,5.7942595183849335
Stage2 M2-only KL lambda=0.8,m2-kl-l0.8,47,87,response length mean,570.798828125
Stage2 M2-only KL lambda=0.8,m2-kl-l0.8,47,87,response clip ratio,0.033203125
Stage2 M2-only KL lambda=0.8,m2-kl-l0.8,47,87,rollout correct ratio,0.5859375
Stage2 M2-only KL lambda=0.8,m2-kl-l0.8,47,87,actor grad norm,31.074501037597656
Stage2 M2-only KL lambda=0.8,m2-kl-l0.8,47,87,model2 KL,5.356700194733484
Stage2 M2-only KL lambda=0.8,m2-kl-l0.8,48,88,response length mean,536.0625
Stage2 M2-only KL lambda=0.8,m2-kl-l0.8,48,88,response clip ratio,0.01171875
Stage2 M2-only KL lambda=0.8,m2-kl-l0.8,48,88,rollout correct ratio,0.560546875
Stage2 M2-only KL lambda=0.8,m2-kl-l0.8,48,88,actor grad norm,32.13019943237305
Stage2 M2-only KL lambda=0.8,m2-kl-l0.8,48,88,model2 KL,5.297147669962475
Stage2 M2-only KL lambda=0.8,m2-kl-l0.8,49,89,response length mean,493.236328125
Stage2 M2-only KL lambda=0.8,m2-kl-l0.8,49,89,response clip ratio,0.0234375
Stage2 M2-only KL lambda=0.8,m2-kl-l0.8,49,89,rollout correct ratio,0.52734375
Stage2 M2-only KL lambda=0.8,m2-kl-l0.8,49,89,actor grad norm,33.27712631225586
Stage2 M2-only KL lambda=0.8,m2-kl-l0.8,49,89,model2 KL,5.15399798254172
Stage2 M2-only KL lambda=0.8,m2-kl-l0.8,50,90,response length mean,340.07421875
Stage2 M2-only KL lambda=0.8,m2-kl-l0.8,50,90,response clip ratio,0.0
Stage2 M2-only KL lambda=0.8,m2-kl-l0.8,50,90,rollout correct ratio,0.6640625
Stage2 M2-only KL lambda=0.8,m2-kl-l0.8,50,90,actor grad norm,26.586429595947266
Stage2 M2-only KL lambda=0.8,m2-kl-l0.8,50,90,model2 KL,5.862571561336518
Stage2 M2-only KL lambda=0.8,m2-kl-l0.8,51,91,response length mean,482.7578125
Stage2 M2-only KL lambda=0.8,m2-kl-l0.8,51,91,response clip ratio,0.013671875
Stage2 M2-only KL lambda=0.8,m2-kl-l0.8,51,91,rollout correct ratio,0.595703125
Stage2 M2-only KL lambda=0.8,m2-kl-l0.8,51,91,actor grad norm,31.4799861907959
Stage2 M2-only KL lambda=0.8,m2-kl-l0.8,51,91,model2 KL,5.5839596177850455
Stage2 M2-only KL lambda=0.8,m2-kl-l0.8,52,92,response length mean,476.544921875
Stage2 M2-only KL lambda=0.8,m2-kl-l0.8,52,92,response clip ratio,0.0234375
Stage2 M2-only KL lambda=0.8,m2-kl-l0.8,52,92,rollout correct ratio,0.57421875
Stage2 M2-only KL lambda=0.8,m2-kl-l0.8,52,92,actor grad norm,28.555383682250977
Stage2 M2-only KL lambda=0.8,m2-kl-l0.8,52,92,model2 KL,5.181463236610095
Stage2 M2-only KL lambda=0.8,m2-kl-l0.8,53,93,response length mean,533.28125
Stage2 M2-only KL lambda=0.8,m2-kl-l0.8,53,93,response clip ratio,0.02734375
Stage2 M2-only KL lambda=0.8,m2-kl-l0.8,53,93,rollout correct ratio,0.59765625
Stage2 M2-only KL lambda=0.8,m2-kl-l0.8,53,93,actor grad norm,29.980833053588867
Stage2 M2-only KL lambda=0.8,m2-kl-l0.8,53,93,model2 KL,5.204375092472349
Stage2 M2-only KL lambda=0.8,m2-kl-l0.8,54,94,response length mean,538.505859375
Stage2 M2-only KL lambda=0.8,m2-kl-l0.8,54,94,response clip ratio,0.029296875
Stage2 M2-only KL lambda=0.8,m2-kl-l0.8,54,94,rollout correct ratio,0.62890625
Stage2 M2-only KL lambda=0.8,m2-kl-l0.8,54,94,actor grad norm,29.23529052734375
Stage2 M2-only KL lambda=0.8,m2-kl-l0.8,54,94,model2 KL,4.8641084390027185
Stage2 M2-only KL lambda=0.8,m2-kl-l0.8,55,95,response length mean,420.291015625
Stage2 M2-only KL lambda=0.8,m2-kl-l0.8,55,95,response clip ratio,0.015625
Stage2 M2-only KL lambda=0.8,m2-kl-l0.8,55,95,rollout correct ratio,0.625
Stage2 M2-only KL lambda=0.8,m2-kl-l0.8,55,95,actor grad norm,27.259605407714844
Stage2 M2-only KL lambda=0.8,m2-kl-l0.8,55,95,model2 KL,5.265709926684697
Stage2 M2-only KL lambda=0.8,m2-kl-l0.8,56,96,response length mean,417.515625
Stage2 M2-only KL lambda=0.8,m2-kl-l0.8,56,96,response clip ratio,0.015625
Stage2 M2-only KL lambda=0.8,m2-kl-l0.8,56,96,rollout correct ratio,0.544921875
Stage2 M2-only KL lambda=0.8,m2-kl-l0.8,56,96,actor grad norm,32.31001663208008
Stage2 M2-only KL lambda=0.8,m2-kl-l0.8,56,96,model2 KL,4.222311000029246
Stage2 M2-only KL lambda=0.8,m2-kl-l0.8,57,97,response length mean,495.6796875
Stage2 M2-only KL lambda=0.8,m2-kl-l0.8,57,97,response clip ratio,0.021484375
Stage2 M2-only KL lambda=0.8,m2-kl-l0.8,57,97,rollout correct ratio,0.521484375
Stage2 M2-only KL lambda=0.8,m2-kl-l0.8,57,97,actor grad norm,38.888118743896484
Stage2 M2-only KL lambda=0.8,m2-kl-l0.8,57,97,model2 KL,4.885977725187938
Stage2 M2-only KL lambda=0.8,m2-kl-l0.8,58,98,response length mean,604.966796875
Stage2 M2-only KL lambda=0.8,m2-kl-l0.8,58,98,response clip ratio,0.037109375
Stage2 M2-only KL lambda=0.8,m2-kl-l0.8,58,98,rollout correct ratio,0.544921875
Stage2 M2-only KL lambda=0.8,m2-kl-l0.8,58,98,actor grad norm,30.555334091186523
Stage2 M2-only KL lambda=0.8,m2-kl-l0.8,58,98,model2 KL,4.855858486145735
Stage2 M2-only KL lambda=0.8,m2-kl-l0.8,59,99,response length mean,456.388671875
Stage2 M2-only KL lambda=0.8,m2-kl-l0.8,59,99,response clip ratio,0.0234375
Stage2 M2-only KL lambda=0.8,m2-kl-l0.8,59,99,rollout correct ratio,0.611328125
Stage2 M2-only KL lambda=0.8,m2-kl-l0.8,59,99,actor grad norm,28.495983123779297
Stage2 M2-only KL lambda=0.8,m2-kl-l0.8,59,99,model2 KL,5.184830456972122
Stage2 M2-only KL lambda=0.8,m2-kl-l0.8,60,100,response length mean,478.873046875
Stage2 M2-only KL lambda=0.8,m2-kl-l0.8,60,100,response clip ratio,0.017578125
Stage2 M2-only KL lambda=0.8,m2-kl-l0.8,60,100,rollout correct ratio,0.607421875
Stage2 M2-only KL lambda=0.8,m2-kl-l0.8,60,100,actor grad norm,30.84345817565918
Stage2 M2-only KL lambda=0.8,m2-kl-l0.8,60,100,model2 KL,4.939065422330584
Stage2 both KL lambda=0.8,both-kl-l0.8,1,41,response length mean,384.099609375
Stage2 both KL lambda=0.8,both-kl-l0.8,1,41,response clip ratio,0.01953125
Stage2 both KL lambda=0.8,both-kl-l0.8,1,41,rollout correct ratio,0.529296875
Stage2 both KL lambda=0.8,both-kl-l0.8,1,41,actor grad norm,208.68812561035156
Stage2 both KL lambda=0.8,both-kl-l0.8,1,41,model1 KL,0.0
Stage2 both KL lambda=0.8,both-kl-l0.8,1,41,model2 KL,0.0
Stage2 both KL lambda=0.8,both-kl-l0.8,2,42,response length mean,277.095703125
Stage2 both KL lambda=0.8,both-kl-l0.8,2,42,response clip ratio,0.0
Stage2 both KL lambda=0.8,both-kl-l0.8,2,42,rollout correct ratio,0.6484375
Stage2 both KL lambda=0.8,both-kl-l0.8,2,42,actor grad norm,22.469501495361328
Stage2 both KL lambda=0.8,both-kl-l0.8,2,42,model1 KL,0.0
Stage2 both KL lambda=0.8,both-kl-l0.8,2,42,model2 KL,0.0
Stage2 both KL lambda=0.8,both-kl-l0.8,3,43,response length mean,498.509765625
Stage2 both KL lambda=0.8,both-kl-l0.8,3,43,response clip ratio,0.02734375
Stage2 both KL lambda=0.8,both-kl-l0.8,3,43,rollout correct ratio,0.45703125
Stage2 both KL lambda=0.8,both-kl-l0.8,3,43,actor grad norm,37.05427169799805
Stage2 both KL lambda=0.8,both-kl-l0.8,3,43,model1 KL,0.42928750200995375
Stage2 both KL lambda=0.8,both-kl-l0.8,3,43,model2 KL,0.4112200992447989
Stage2 both KL lambda=0.8,both-kl-l0.8,4,44,response length mean,388.84765625
Stage2 both KL lambda=0.8,both-kl-l0.8,4,44,response clip ratio,0.0078125
Stage2 both KL lambda=0.8,both-kl-l0.8,4,44,rollout correct ratio,0.53125
Stage2 both KL lambda=0.8,both-kl-l0.8,4,44,actor grad norm,27.941131591796875
Stage2 both KL lambda=0.8,both-kl-l0.8,4,44,model1 KL,0.3215366691971819
Stage2 both KL lambda=0.8,both-kl-l0.8,4,44,model2 KL,0.3028995580971241
Stage2 both KL lambda=0.8,both-kl-l0.8,5,45,response length mean,444.28515625
Stage2 both KL lambda=0.8,both-kl-l0.8,5,45,response clip ratio,0.015625
Stage2 both KL lambda=0.8,both-kl-l0.8,5,45,rollout correct ratio,0.4453125
Stage2 both KL lambda=0.8,both-kl-l0.8,5,45,actor grad norm,36.436344146728516
Stage2 both KL lambda=0.8,both-kl-l0.8,5,45,model1 KL,0.4032950345426798
Stage2 both KL lambda=0.8,both-kl-l0.8,5,45,model2 KL,0.37076552398502827
Stage2 both KL lambda=0.8,both-kl-l0.8,6,46,response length mean,452.498046875
Stage2 both KL lambda=0.8,both-kl-l0.8,6,46,response clip ratio,0.021484375
Stage2 both KL lambda=0.8,both-kl-l0.8,6,46,rollout correct ratio,0.44921875
Stage2 both KL lambda=0.8,both-kl-l0.8,6,46,actor grad norm,35.313560485839844
Stage2 both KL lambda=0.8,both-kl-l0.8,6,46,model1 KL,0.393575057387352
Stage2 both KL lambda=0.8,both-kl-l0.8,6,46,model2 KL,0.3882060681159298
Stage2 both KL lambda=0.8,both-kl-l0.8,7,47,response length mean,361.43359375
Stage2 both KL lambda=0.8,both-kl-l0.8,7,47,response clip ratio,0.015625
Stage2 both KL lambda=0.8,both-kl-l0.8,7,47,rollout correct ratio,0.478515625
Stage2 both KL lambda=0.8,both-kl-l0.8,7,47,actor grad norm,31.703529357910156
Stage2 both KL lambda=0.8,both-kl-l0.8,7,47,model1 KL,0.33498321877171594
Stage2 both KL lambda=0.8,both-kl-l0.8,7,47,model2 KL,0.3343594924857219
Stage2 both KL lambda=0.8,both-kl-l0.8,8,48,response length mean,448.001953125
Stage2 both KL lambda=0.8,both-kl-l0.8,8,48,response clip ratio,0.041015625
Stage2 both KL lambda=0.8,both-kl-l0.8,8,48,rollout correct ratio,0.5234375
Stage2 both KL lambda=0.8,both-kl-l0.8,8,48,actor grad norm,28.852949142456055
Stage2 both KL lambda=0.8,both-kl-l0.8,8,48,model1 KL,0.4038640847429633
Stage2 both KL lambda=0.8,both-kl-l0.8,8,48,model2 KL,0.36658266993860406
Stage2 both KL lambda=0.8,both-kl-l0.8,9,49,response length mean,382.6953125
Stage2 both KL lambda=0.8,both-kl-l0.8,9,49,response clip ratio,0.021484375
Stage2 both KL lambda=0.8,both-kl-l0.8,9,49,rollout correct ratio,0.5625
Stage2 both KL lambda=0.8,both-kl-l0.8,9,49,actor grad norm,26.868886947631836
Stage2 both KL lambda=0.8,both-kl-l0.8,9,49,model1 KL,0.3533606358493368
Stage2 both KL lambda=0.8,both-kl-l0.8,9,49,model2 KL,0.3251471609498064
Stage2 both KL lambda=0.8,both-kl-l0.8,10,50,response length mean,429.265625
Stage2 both KL lambda=0.8,both-kl-l0.8,10,50,response clip ratio,0.0078125
Stage2 both KL lambda=0.8,both-kl-l0.8,10,50,rollout correct ratio,0.556640625
Stage2 both KL lambda=0.8,both-kl-l0.8,10,50,actor grad norm,133.21376037597656
Stage2 both KL lambda=0.8,both-kl-l0.8,10,50,model1 KL,0.38068326842039824
Stage2 both KL lambda=0.8,both-kl-l0.8,10,50,model2 KL,0.33791527183105546
Stage2 both KL lambda=0.8,both-kl-l0.8,11,51,response length mean,400.2421875
Stage2 both KL lambda=0.8,both-kl-l0.8,11,51,response clip ratio,0.01171875
Stage2 both KL lambda=0.8,both-kl-l0.8,11,51,rollout correct ratio,0.50390625
Stage2 both KL lambda=0.8,both-kl-l0.8,11,51,actor grad norm,50.521549224853516
Stage2 both KL lambda=0.8,both-kl-l0.8,11,51,model1 KL,0.3926218704630931
Stage2 both KL lambda=0.8,both-kl-l0.8,11,51,model2 KL,0.3351977076381445
Stage2 both KL lambda=0.8,both-kl-l0.8,12,52,response length mean,310.775390625
Stage2 both KL lambda=0.8,both-kl-l0.8,12,52,response clip ratio,0.0
Stage2 both KL lambda=0.8,both-kl-l0.8,12,52,rollout correct ratio,0.544921875
Stage2 both KL lambda=0.8,both-kl-l0.8,12,52,actor grad norm,27.02501678466797
Stage2 both KL lambda=0.8,both-kl-l0.8,12,52,model1 KL,0.31997594349086284
Stage2 both KL lambda=0.8,both-kl-l0.8,12,52,model2 KL,0.27430688180029394
Stage2 both KL lambda=0.8,both-kl-l0.8,13,53,response length mean,401.013671875
Stage2 both KL lambda=0.8,both-kl-l0.8,13,53,response clip ratio,0.01171875
Stage2 both KL lambda=0.8,both-kl-l0.8,13,53,rollout correct ratio,0.5546875
Stage2 both KL lambda=0.8,both-kl-l0.8,13,53,actor grad norm,26.705158233642578
Stage2 both KL lambda=0.8,both-kl-l0.8,13,53,model1 KL,0.4061528919264674
Stage2 both KL lambda=0.8,both-kl-l0.8,13,53,model2 KL,0.3552762471760313
Stage2 both KL lambda=0.8,both-kl-l0.8,14,54,response length mean,365.498046875
Stage2 both KL lambda=0.8,both-kl-l0.8,14,54,response clip ratio,0.0
Stage2 both KL lambda=0.8,both-kl-l0.8,14,54,rollout correct ratio,0.517578125
Stage2 both KL lambda=0.8,both-kl-l0.8,14,54,actor grad norm,32.31624984741211
Stage2 both KL lambda=0.8,both-kl-l0.8,14,54,model1 KL,0.4228303525596857
Stage2 both KL lambda=0.8,both-kl-l0.8,14,54,model2 KL,0.35952447696278494
Stage2 both KL lambda=0.8,both-kl-l0.8,15,55,response length mean,363.9609375
Stage2 both KL lambda=0.8,both-kl-l0.8,15,55,response clip ratio,0.00390625
Stage2 both KL lambda=0.8,both-kl-l0.8,15,55,rollout correct ratio,0.55859375
Stage2 both KL lambda=0.8,both-kl-l0.8,15,55,actor grad norm,27.973575592041016
Stage2 both KL lambda=0.8,both-kl-l0.8,15,55,model1 KL,0.5236098996053139
Stage2 both KL lambda=0.8,both-kl-l0.8,15,55,model2 KL,0.38192309470226365
Stage2 both KL lambda=0.8,both-kl-l0.8,16,56,response length mean,386.955078125
Stage2 both KL lambda=0.8,both-kl-l0.8,16,56,response clip ratio,0.013671875
Stage2 both KL lambda=0.8,both-kl-l0.8,16,56,rollout correct ratio,0.552734375
Stage2 both KL lambda=0.8,both-kl-l0.8,16,56,actor grad norm,30.25891876220703
Stage2 both KL lambda=0.8,both-kl-l0.8,16,56,model1 KL,0.5779705177992582
Stage2 both KL lambda=0.8,both-kl-l0.8,16,56,model2 KL,0.42936978302896023
Stage2 both KL lambda=0.8,both-kl-l0.8,17,57,response length mean,345.990234375
Stage2 both KL lambda=0.8,both-kl-l0.8,17,57,response clip ratio,0.001953125
Stage2 both KL lambda=0.8,both-kl-l0.8,17,57,rollout correct ratio,0.4921875
Stage2 both KL lambda=0.8,both-kl-l0.8,17,57,actor grad norm,27.172758102416992
Stage2 both KL lambda=0.8,both-kl-l0.8,17,57,model1 KL,0.6486791022121906
Stage2 both KL lambda=0.8,both-kl-l0.8,17,57,model2 KL,0.45767557844519613
Stage2 both KL lambda=0.8,both-kl-l0.8,18,58,response length mean,480.6875
Stage2 both KL lambda=0.8,both-kl-l0.8,18,58,response clip ratio,0.0234375
Stage2 both KL lambda=0.8,both-kl-l0.8,18,58,rollout correct ratio,0.513671875
Stage2 both KL lambda=0.8,both-kl-l0.8,18,58,actor grad norm,29.97158432006836
Stage2 both KL lambda=0.8,both-kl-l0.8,18,58,model1 KL,0.8619001289563519
Stage2 both KL lambda=0.8,both-kl-l0.8,18,58,model2 KL,0.640476546649422
Stage2 both KL lambda=0.8,both-kl-l0.8,19,59,response length mean,454.89453125
Stage2 both KL lambda=0.8,both-kl-l0.8,19,59,response clip ratio,0.0234375
Stage2 both KL lambda=0.8,both-kl-l0.8,19,59,rollout correct ratio,0.591796875
Stage2 both KL lambda=0.8,both-kl-l0.8,19,59,actor grad norm,30.029600143432617
Stage2 both KL lambda=0.8,both-kl-l0.8,19,59,model1 KL,1.0041295941919088
Stage2 both KL lambda=0.8,both-kl-l0.8,19,59,model2 KL,0.7426992213974396
Stage2 both KL lambda=0.8,both-kl-l0.8,20,60,response length mean,496.158203125
Stage2 both KL lambda=0.8,both-kl-l0.8,20,60,response clip ratio,0.033203125
Stage2 both KL lambda=0.8,both-kl-l0.8,20,60,rollout correct ratio,0.435546875
Stage2 both KL lambda=0.8,both-kl-l0.8,20,60,actor grad norm,31.48768424987793
Stage2 both KL lambda=0.8,both-kl-l0.8,20,60,model1 KL,1.1361521258950233
Stage2 both KL lambda=0.8,both-kl-l0.8,20,60,model2 KL,0.8976598928372065
Stage2 both KL lambda=0.8,both-kl-l0.8,21,61,response length mean,314.12890625
Stage2 both KL lambda=0.8,both-kl-l0.8,21,61,response clip ratio,0.00390625
Stage2 both KL lambda=0.8,both-kl-l0.8,21,61,rollout correct ratio,0.587890625
Stage2 both KL lambda=0.8,both-kl-l0.8,21,61,actor grad norm,24.740652084350586
Stage2 both KL lambda=0.8,both-kl-l0.8,21,61,model1 KL,1.1994206197559834
Stage2 both KL lambda=0.8,both-kl-l0.8,21,61,model2 KL,0.7596126563847065
Stage2 both KL lambda=0.8,both-kl-l0.8,22,62,response length mean,386.046875
Stage2 both KL lambda=0.8,both-kl-l0.8,22,62,response clip ratio,0.01953125
Stage2 both KL lambda=0.8,both-kl-l0.8,22,62,rollout correct ratio,0.591796875
Stage2 both KL lambda=0.8,both-kl-l0.8,22,62,actor grad norm,25.98349952697754
Stage2 both KL lambda=0.8,both-kl-l0.8,22,62,model1 KL,1.2473414142926533
Stage2 both KL lambda=0.8,both-kl-l0.8,22,62,model2 KL,0.9767365281780561
Stage2 both KL lambda=0.8,both-kl-l0.8,23,63,response length mean,547.03515625
Stage2 both KL lambda=0.8,both-kl-l0.8,23,63,response clip ratio,0.048828125
Stage2 both KL lambda=0.8,both-kl-l0.8,23,63,rollout correct ratio,0.447265625
Stage2 both KL lambda=0.8,both-kl-l0.8,23,63,actor grad norm,35.641265869140625
Stage2 both KL lambda=0.8,both-kl-l0.8,23,63,model1 KL,1.537206266607557
Stage2 both KL lambda=0.8,both-kl-l0.8,23,63,model2 KL,1.201850845345429
Stage2 both KL lambda=0.8,both-kl-l0.8,24,64,response length mean,515.654296875
Stage2 both KL lambda=0.8,both-kl-l0.8,24,64,response clip ratio,0.017578125
Stage2 both KL lambda=0.8,both-kl-l0.8,24,64,rollout correct ratio,0.515625
Stage2 both KL lambda=0.8,both-kl-l0.8,24,64,actor grad norm,38.581844329833984
Stage2 both KL lambda=0.8,both-kl-l0.8,24,64,model1 KL,1.6555648701531547
Stage2 both KL lambda=0.8,both-kl-l0.8,24,64,model2 KL,1.3399292390261377
Stage2 both KL lambda=0.8,both-kl-l0.8,25,65,response length mean,399.478515625
Stage2 both KL lambda=0.8,both-kl-l0.8,25,65,response clip ratio,0.015625
Stage2 both KL lambda=0.8,both-kl-l0.8,25,65,rollout correct ratio,0.49609375
Stage2 both KL lambda=0.8,both-kl-l0.8,25,65,actor grad norm,28.765413284301758
Stage2 both KL lambda=0.8,both-kl-l0.8,25,65,model1 KL,1.8009469745059807
Stage2 both KL lambda=0.8,both-kl-l0.8,25,65,model2 KL,1.3796457362671692
Stage2 both KL lambda=0.8,both-kl-l0.8,26,66,response length mean,371.515625
Stage2 both KL lambda=0.8,both-kl-l0.8,26,66,response clip ratio,0.0078125
Stage2 both KL lambda=0.8,both-kl-l0.8,26,66,rollout correct ratio,0.529296875
Stage2 both KL lambda=0.8,both-kl-l0.8,26,66,actor grad norm,27.986942291259766
Stage2 both KL lambda=0.8,both-kl-l0.8,26,66,model1 KL,1.8618261441588402
Stage2 both KL lambda=0.8,both-kl-l0.8,26,66,model2 KL,1.4687243774533272
Stage2 both KL lambda=0.8,both-kl-l0.8,27,67,response length mean,329.724609375
Stage2 both KL lambda=0.8,both-kl-l0.8,27,67,response clip ratio,0.00390625
Stage2 both KL lambda=0.8,both-kl-l0.8,27,67,rollout correct ratio,0.59765625
Stage2 both KL lambda=0.8,both-kl-l0.8,27,67,actor grad norm,28.94906997680664
Stage2 both KL lambda=0.8,both-kl-l0.8,27,67,model1 KL,2.095849001407623
Stage2 both KL lambda=0.8,both-kl-l0.8,27,67,model2 KL,1.6816044569015502
Stage2 both KL lambda=0.8,both-kl-l0.8,28,68,response length mean,442.3515625
Stage2 both KL lambda=0.8,both-kl-l0.8,28,68,response clip ratio,0.013671875
Stage2 both KL lambda=0.8,both-kl-l0.8,28,68,rollout correct ratio,0.576171875
Stage2 both KL lambda=0.8,both-kl-l0.8,28,68,actor grad norm,29.0059757232666
Stage2 both KL lambda=0.8,both-kl-l0.8,28,68,model1 KL,2.4332139839728675
Stage2 both KL lambda=0.8,both-kl-l0.8,28,68,model2 KL,2.005628022054831
Stage2 both KL lambda=0.8,both-kl-l0.8,29,69,response length mean,400.25
Stage2 both KL lambda=0.8,both-kl-l0.8,29,69,response clip ratio,0.00390625
Stage2 both KL lambda=0.8,both-kl-l0.8,29,69,rollout correct ratio,0.525390625
Stage2 both KL lambda=0.8,both-kl-l0.8,29,69,actor grad norm,30.496891021728516
Stage2 both KL lambda=0.8,both-kl-l0.8,29,69,model1 KL,2.8308001135786376
Stage2 both KL lambda=0.8,both-kl-l0.8,29,69,model2 KL,2.49800506234169
Stage2 both KL lambda=0.8,both-kl-l0.8,30,70,response length mean,547.984375
Stage2 both KL lambda=0.8,both-kl-l0.8,30,70,response clip ratio,0.02734375
Stage2 both KL lambda=0.8,both-kl-l0.8,30,70,rollout correct ratio,0.6015625
Stage2 both KL lambda=0.8,both-kl-l0.8,30,70,actor grad norm,29.917442321777344
Stage2 both KL lambda=0.8,both-kl-l0.8,30,70,model1 KL,3.109865435532161
Stage2 both KL lambda=0.8,both-kl-l0.8,30,70,model2 KL,2.701698456491743
Stage2 both KL lambda=0.8,both-kl-l0.8,31,71,response length mean,606.833984375
Stage2 both KL lambda=0.8,both-kl-l0.8,31,71,response clip ratio,0.041015625
Stage2 both KL lambda=0.8,both-kl-l0.8,31,71,rollout correct ratio,0.64453125
Stage2 both KL lambda=0.8,both-kl-l0.8,31,71,actor grad norm,53.13956832885742
Stage2 both KL lambda=0.8,both-kl-l0.8,31,71,model1 KL,3.452365219593048
Stage2 both KL lambda=0.8,both-kl-l0.8,31,71,model2 KL,3.2535389895950044
Stage2 both KL lambda=0.8,both-kl-l0.8,32,72,response length mean,369.56640625
Stage2 both KL lambda=0.8,both-kl-l0.8,32,72,response clip ratio,0.00390625
Stage2 both KL lambda=0.8,both-kl-l0.8,32,72,rollout correct ratio,0.5859375
Stage2 both KL lambda=0.8,both-kl-l0.8,32,72,actor grad norm,30.0889835357666
Stage2 both KL lambda=0.8,both-kl-l0.8,32,72,model1 KL,4.044379090269406
Stage2 both KL lambda=0.8,both-kl-l0.8,32,72,model2 KL,3.9140896697839103
Stage2 both KL lambda=0.8,both-kl-l0.8,33,73,response length mean,488.232421875
Stage2 both KL lambda=0.8,both-kl-l0.8,33,73,response clip ratio,0.015625
Stage2 both KL lambda=0.8,both-kl-l0.8,33,73,rollout correct ratio,0.517578125
Stage2 both KL lambda=0.8,both-kl-l0.8,33,73,actor grad norm,29.373538970947266
Stage2 both KL lambda=0.8,both-kl-l0.8,33,73,model1 KL,4.071252321203549
Stage2 both KL lambda=0.8,both-kl-l0.8,33,73,model2 KL,3.891196851929029
Stage2 both KL lambda=0.8,both-kl-l0.8,34,74,response length mean,451.728515625
Stage2 both KL lambda=0.8,both-kl-l0.8,34,74,response clip ratio,0.009765625
Stage2 both KL lambda=0.8,both-kl-l0.8,34,74,rollout correct ratio,0.630859375
Stage2 both KL lambda=0.8,both-kl-l0.8,34,74,actor grad norm,29.106956481933594
Stage2 both KL lambda=0.8,both-kl-l0.8,34,74,model1 KL,4.785054350892703
Stage2 both KL lambda=0.8,both-kl-l0.8,34,74,model2 KL,4.632694224516551
Stage2 both KL lambda=0.8,both-kl-l0.8,35,75,response length mean,482.755859375
Stage2 both KL lambda=0.8,both-kl-l0.8,35,75,response clip ratio,0.009765625
Stage2 both KL lambda=0.8,both-kl-l0.8,35,75,rollout correct ratio,0.58203125
Stage2 both KL lambda=0.8,both-kl-l0.8,35,75,actor grad norm,34.339054107666016
Stage2 both KL lambda=0.8,both-kl-l0.8,35,75,model1 KL,5.484522829453151
Stage2 both KL lambda=0.8,both-kl-l0.8,35,75,model2 KL,5.200273712476094
Stage2 both KL lambda=0.8,both-kl-l0.8,36,76,response length mean,500.400390625
Stage2 both KL lambda=0.8,both-kl-l0.8,36,76,response clip ratio,0.029296875
Stage2 both KL lambda=0.8,both-kl-l0.8,36,76,rollout correct ratio,0.62890625
Stage2 both KL lambda=0.8,both-kl-l0.8,36,76,actor grad norm,30.119508743286133
Stage2 both KL lambda=0.8,both-kl-l0.8,36,76,model1 KL,5.441547227757318
Stage2 both KL lambda=0.8,both-kl-l0.8,36,76,model2 KL,5.3288692235946655
Stage2 both KL lambda=0.8,both-kl-l0.8,37,77,response length mean,633.107421875
Stage2 both KL lambda=0.8,both-kl-l0.8,37,77,response clip ratio,0.05078125
Stage2 both KL lambda=0.8,both-kl-l0.8,37,77,rollout correct ratio,0.55078125
Stage2 both KL lambda=0.8,both-kl-l0.8,37,77,actor grad norm,35.391883850097656
Stage2 both KL lambda=0.8,both-kl-l0.8,37,77,model1 KL,6.378021162003279
Stage2 both KL lambda=0.8,both-kl-l0.8,37,77,model2 KL,6.52152306959033
Stage2 both KL lambda=0.8,both-kl-l0.8,38,78,response length mean,406.591796875
Stage2 both KL lambda=0.8,both-kl-l0.8,38,78,response clip ratio,0.0078125
Stage2 both KL lambda=0.8,both-kl-l0.8,38,78,rollout correct ratio,0.671875
Stage2 both KL lambda=0.8,both-kl-l0.8,38,78,actor grad norm,30.66088104248047
Stage2 both KL lambda=0.8,both-kl-l0.8,38,78,model1 KL,6.878430177768071
Stage2 both KL lambda=0.8,both-kl-l0.8,38,78,model2 KL,7.225557188193004
Stage2 both KL lambda=0.8,both-kl-l0.8,39,79,response length mean,542.18359375
Stage2 both KL lambda=0.8,both-kl-l0.8,39,79,response clip ratio,0.037109375
Stage2 both KL lambda=0.8,both-kl-l0.8,39,79,rollout correct ratio,0.595703125
Stage2 both KL lambda=0.8,both-kl-l0.8,39,79,actor grad norm,34.535255432128906
Stage2 both KL lambda=0.8,both-kl-l0.8,39,79,model1 KL,7.452318983418601
Stage2 both KL lambda=0.8,both-kl-l0.8,39,79,model2 KL,7.823607700211661
Stage2 both KL lambda=0.8,both-kl-l0.8,40,80,response length mean,463.263671875
Stage2 both KL lambda=0.8,both-kl-l0.8,40,80,response clip ratio,0.015625
Stage2 both KL lambda=0.8,both-kl-l0.8,40,80,rollout correct ratio,0.60546875
Stage2 both KL lambda=0.8,both-kl-l0.8,40,80,actor grad norm,29.770221710205078
Stage2 both KL lambda=0.8,both-kl-l0.8,40,80,model1 KL,8.952919830878576
Stage2 both KL lambda=0.8,both-kl-l0.8,40,80,model2 KL,9.69213111201922
Stage2 both KL lambda=0.8,both-kl-l0.8,41,81,response length mean,486.736328125
Stage2 both KL lambda=0.8,both-kl-l0.8,41,81,response clip ratio,0.00390625
Stage2 both KL lambda=0.8,both-kl-l0.8,41,81,rollout correct ratio,0.4375
Stage2 both KL lambda=0.8,both-kl-l0.8,41,81,actor grad norm,40.90009307861328
Stage2 both KL lambda=0.8,both-kl-l0.8,41,81,model1 KL,9.453811049461365
Stage2 both KL lambda=0.8,both-kl-l0.8,41,81,model2 KL,10.326320605618614
Stage2 both KL lambda=0.8,both-kl-l0.8,42,82,response length mean,553.41015625
Stage2 both KL lambda=0.8,both-kl-l0.8,42,82,response clip ratio,0.017578125
Stage2 both KL lambda=0.8,both-kl-l0.8,42,82,rollout correct ratio,0.5625
Stage2 both KL lambda=0.8,both-kl-l0.8,42,82,actor grad norm,73.44996643066406
Stage2 both KL lambda=0.8,both-kl-l0.8,42,82,model1 KL,11.400009248937879
Stage2 both KL lambda=0.8,both-kl-l0.8,42,82,model2 KL,12.501134429659162
Stage2 both KL lambda=0.8,both-kl-l0.8,43,83,response length mean,652.802734375
Stage2 both KL lambda=0.8,both-kl-l0.8,43,83,response clip ratio,0.048828125
Stage2 both KL lambda=0.8,both-kl-l0.8,43,83,rollout correct ratio,0.546875
Stage2 both KL lambda=0.8,both-kl-l0.8,43,83,actor grad norm,38.645286560058594
Stage2 both KL lambda=0.8,both-kl-l0.8,43,83,model1 KL,12.444813042879105
Stage2 both KL lambda=0.8,both-kl-l0.8,43,83,model2 KL,13.644661083817482
Stage2 both KL lambda=0.8,both-kl-l0.8,44,84,response length mean,784.951171875
Stage2 both KL lambda=0.8,both-kl-l0.8,44,84,response clip ratio,0.07421875
Stage2 both KL lambda=0.8,both-kl-l0.8,44,84,rollout correct ratio,0.578125
Stage2 both KL lambda=0.8,both-kl-l0.8,44,84,actor grad norm,40.784889221191406
Stage2 both KL lambda=0.8,both-kl-l0.8,44,84,model1 KL,13.194795886675516
Stage2 both KL lambda=0.8,both-kl-l0.8,44,84,model2 KL,14.769189159075419
Stage2 both KL lambda=0.8,both-kl-l0.8,45,85,response length mean,815.234375
Stage2 both KL lambda=0.8,both-kl-l0.8,45,85,response clip ratio,0.072265625
Stage2 both KL lambda=0.8,both-kl-l0.8,45,85,rollout correct ratio,0.48046875
Stage2 both KL lambda=0.8,both-kl-l0.8,45,85,actor grad norm,40.19535446166992
Stage2 both KL lambda=0.8,both-kl-l0.8,45,85,model1 KL,14.268477400143942
Stage2 both KL lambda=0.8,both-kl-l0.8,45,85,model2 KL,16.205933531125385
Stage2 both KL lambda=0.8,both-kl-l0.8,46,86,response length mean,845.86328125
Stage2 both KL lambda=0.8,both-kl-l0.8,46,86,response clip ratio,0.0546875
Stage2 both KL lambda=0.8,both-kl-l0.8,46,86,rollout correct ratio,0.44140625
Stage2 both KL lambda=0.8,both-kl-l0.8,46,86,actor grad norm,48.35929870605469
Stage2 both KL lambda=0.8,both-kl-l0.8,46,86,model1 KL,16.754200485017563
Stage2 both KL lambda=0.8,both-kl-l0.8,46,86,model2 KL,19.551465378867256
Stage2 both KL lambda=0.8,both-kl-l0.8,47,87,response length mean,769.533203125
Stage2 both KL lambda=0.8,both-kl-l0.8,47,87,response clip ratio,0.05078125
Stage2 both KL lambda=0.8,both-kl-l0.8,47,87,rollout correct ratio,0.59765625
Stage2 both KL lambda=0.8,both-kl-l0.8,47,87,actor grad norm,58.50832748413086
Stage2 both KL lambda=0.8,both-kl-l0.8,47,87,model1 KL,19.065116975042557
Stage2 both KL lambda=0.8,both-kl-l0.8,47,87,model2 KL,22.310322205225628
Stage2 both KL lambda=0.8,both-kl-l0.8,48,88,response length mean,775.744140625
Stage2 both KL lambda=0.8,both-kl-l0.8,48,88,response clip ratio,0.025390625
Stage2 both KL lambda=0.8,both-kl-l0.8,48,88,rollout correct ratio,0.529296875
Stage2 both KL lambda=0.8,both-kl-l0.8,48,88,actor grad norm,51.09763717651367
Stage2 both KL lambda=0.8,both-kl-l0.8,48,88,model1 KL,20.799574216206867
Stage2 both KL lambda=0.8,both-kl-l0.8,48,88,model2 KL,25.53565760453542
Stage2 both KL lambda=0.8,both-kl-l0.8,49,89,response length mean,772.353515625
Stage2 both KL lambda=0.8,both-kl-l0.8,49,89,response clip ratio,0.064453125
Stage2 both KL lambda=0.8,both-kl-l0.8,49,89,rollout correct ratio,0.490234375
Stage2 both KL lambda=0.8,both-kl-l0.8,49,89,actor grad norm,52.673343658447266
Stage2 both KL lambda=0.8,both-kl-l0.8,49,89,model1 KL,24.502792835235596
Stage2 both KL lambda=0.8,both-kl-l0.8,49,89,model2 KL,28.99276304244995
Stage2 both KL lambda=0.8,both-kl-l0.8,50,90,response length mean,656.408203125
Stage2 both KL lambda=0.8,both-kl-l0.8,50,90,response clip ratio,0.02734375
Stage2 both KL lambda=0.8,both-kl-l0.8,50,90,rollout correct ratio,0.58984375
Stage2 both KL lambda=0.8,both-kl-l0.8,50,90,actor grad norm,52.36471176147461
Stage2 both KL lambda=0.8,both-kl-l0.8,50,90,model1 KL,31.3770854473114
Stage2 both KL lambda=0.8,both-kl-l0.8,50,90,model2 KL,38.27106812596321
Stage2 both KL lambda=0.8,both-kl-l0.8,51,91,response length mean,960.427734375
Stage2 both KL lambda=0.8,both-kl-l0.8,51,91,response clip ratio,0.060546875
Stage2 both KL lambda=0.8,both-kl-l0.8,51,91,rollout correct ratio,0.53515625
Stage2 both KL lambda=0.8,both-kl-l0.8,51,91,actor grad norm,54.331939697265625
Stage2 both KL lambda=0.8,both-kl-l0.8,51,91,model1 KL,31.992966628074647
Stage2 both KL lambda=0.8,both-kl-l0.8,51,91,model2 KL,40.055715107917784
Stage2 both KL lambda=0.8,both-kl-l0.8,52,92,response length mean,947.064453125
Stage2 both KL lambda=0.8,both-kl-l0.8,52,92,response clip ratio,0.056640625
Stage2 both KL lambda=0.8,both-kl-l0.8,52,92,rollout correct ratio,0.5078125
Stage2 both KL lambda=0.8,both-kl-l0.8,52,92,actor grad norm,75.4400863647461
Stage2 both KL lambda=0.8,both-kl-l0.8,52,92,model1 KL,40.60388867855072
Stage2 both KL lambda=0.8,both-kl-l0.8,52,92,model2 KL,50.42255816459656
Stage2 both KL lambda=0.8,both-kl-l0.8,53,93,response length mean,1060.830078125
Stage2 both KL lambda=0.8,both-kl-l0.8,53,93,response clip ratio,0.068359375
Stage2 both KL lambda=0.8,both-kl-l0.8,53,93,rollout correct ratio,0.509765625
Stage2 both KL lambda=0.8,both-kl-l0.8,53,93,actor grad norm,59.4676399230957
Stage2 both KL lambda=0.8,both-kl-l0.8,53,93,model1 KL,44.575960007580846
Stage2 both KL lambda=0.8,both-kl-l0.8,53,93,model2 KL,55.49624638123946
Stage2 both KL lambda=0.8,both-kl-l0.8,54,94,response length mean,1238.66015625
Stage2 both KL lambda=0.8,both-kl-l0.8,54,94,response clip ratio,0.07421875
Stage2 both KL lambda=0.8,both-kl-l0.8,54,94,rollout correct ratio,0.533203125
Stage2 both KL lambda=0.8,both-kl-l0.8,54,94,actor grad norm,65.64180755615234
Stage2 both KL lambda=0.8,both-kl-l0.8,54,94,model1 KL,49.384319910636314
Stage2 both KL lambda=0.8,both-kl-l0.8,54,94,model2 KL,63.37221549107478
Stage2 both KL lambda=0.8,both-kl-l0.8,55,95,response length mean,1019.771484375
Stage2 both KL lambda=0.8,both-kl-l0.8,55,95,response clip ratio,0.052734375
Stage2 both KL lambda=0.8,both-kl-l0.8,55,95,rollout correct ratio,0.44921875
Stage2 both KL lambda=0.8,both-kl-l0.8,55,95,actor grad norm,68.76110076904297
Stage2 both KL lambda=0.8,both-kl-l0.8,55,95,model1 KL,62.76026877489957
Stage2 both KL lambda=0.8,both-kl-l0.8,55,95,model2 KL,77.39769077301025
Stage2 both KL lambda=0.8,both-kl-l0.8,56,96,response length mean,1144.412109375
Stage2 both KL lambda=0.8,both-kl-l0.8,56,96,response clip ratio,0.08203125
Stage2 both KL lambda=0.8,both-kl-l0.8,56,96,rollout correct ratio,0.373046875
Stage2 both KL lambda=0.8,both-kl-l0.8,56,96,actor grad norm,76.55390167236328
Stage2 both KL lambda=0.8,both-kl-l0.8,56,96,model1 KL,68.65437189737956
Stage2 both KL lambda=0.8,both-kl-l0.8,56,96,model2 KL,85.2925474246343
Stage2 both KL lambda=0.8,both-kl-l0.8,57,97,response length mean,1381.53515625
Stage2 both KL lambda=0.8,both-kl-l0.8,57,97,response clip ratio,0.1015625
Stage2 both KL lambda=0.8,both-kl-l0.8,57,97,rollout correct ratio,0.35546875
Stage2 both KL lambda=0.8,both-kl-l0.8,57,97,actor grad norm,92.05467987060547
Stage2 both KL lambda=0.8,both-kl-l0.8,57,97,model1 KL,80.01366076102623
Stage2 both KL lambda=0.8,both-kl-l0.8,57,97,model2 KL,101.02695868565486
Stage2 both KL lambda=0.8,both-kl-l0.8,58,98,response length mean,1568.72265625
Stage2 both KL lambda=0.8,both-kl-l0.8,58,98,response clip ratio,0.1171875
Stage2 both KL lambda=0.8,both-kl-l0.8,58,98,rollout correct ratio,0.361328125
Stage2 both KL lambda=0.8,both-kl-l0.8,58,98,actor grad norm,89.45868682861328
Stage2 both KL lambda=0.8,both-kl-l0.8,58,98,model1 KL,83.76228853861491
Stage2 both KL lambda=0.8,both-kl-l0.8,58,98,model2 KL,106.93038711547851
Stage2 both KL lambda=0.8,both-kl-l0.8,59,99,response length mean,1581.830078125
Stage2 both KL lambda=0.8,both-kl-l0.8,59,99,response clip ratio,0.109375
Stage2 both KL lambda=0.8,both-kl-l0.8,59,99,rollout correct ratio,0.392578125
Stage2 both KL lambda=0.8,both-kl-l0.8,59,99,actor grad norm,97.3619384765625
Stage2 both KL lambda=0.8,both-kl-l0.8,59,99,model1 KL,101.98771896362305
Stage2 both KL lambda=0.8,both-kl-l0.8,59,99,model2 KL,130.8465492248535
Stage2 both KL lambda=0.8,both-kl-l0.8,60,100,response length mean,1532.521484375
Stage2 both KL lambda=0.8,both-kl-l0.8,60,100,response clip ratio,0.095703125
Stage2 both KL lambda=0.8,both-kl-l0.8,60,100,rollout correct ratio,0.353515625
Stage2 both KL lambda=0.8,both-kl-l0.8,60,100,actor grad norm,80.89533996582031
Stage2 both KL lambda=0.8,both-kl-l0.8,60,100,model1 KL,112.30746326446533
Stage2 both KL lambda=0.8,both-kl-l0.8,60,100,model2 KL,141.55114135742187
