run_name,fraction,fraction_pct,beta,beta_key,step,metric,key,value
ONPOLICY-SFT-Qwen3-1P7B-COLDSTART-FRAC25-CODE-KODCODE-CTX8K-S1-BETA0-V1_1783416222,25%,25,beta=0.0,beta0,0,HumanEval+ pass@1,val-core/HumanEval+/acc/pass@1,0.4634146341463415
ONPOLICY-SFT-Qwen3-1P7B-COLDSTART-FRAC25-CODE-KODCODE-CTX8K-S1-BETA0-V1_1783416222,25%,25,beta=0.0,beta0,0,MBPP+ pass@1,val-core/MBPP+/acc/pass@1,0.4656084656084656
ONPOLICY-SFT-Qwen3-1P7B-COLDSTART-FRAC25-CODE-KODCODE-CTX8K-S1-BETA0-V1_1783416222,25%,25,beta=0.0,beta0,0,LiveCodeBench pass@1,val-core/LiveCodeBench/acc/pass@1,0.2109375
ONPOLICY-SFT-Qwen3-1P7B-COLDSTART-FRAC25-CODE-KODCODE-CTX8K-S1-BETA0-V1_1783416222,25%,25,beta=0.0,beta0,0,HumanEval+ extract fail,val-aux/HumanEval+/code_reward_extraction_fail/mean@1,0.006097560975609756
ONPOLICY-SFT-Qwen3-1P7B-COLDSTART-FRAC25-CODE-KODCODE-CTX8K-S1-BETA0-V1_1783416222,25%,25,beta=0.0,beta0,0,MBPP+ extract fail,val-aux/MBPP+/code_reward_extraction_fail/mean@1,0.005291005291005291
ONPOLICY-SFT-Qwen3-1P7B-COLDSTART-FRAC25-CODE-KODCODE-CTX8K-S1-BETA0-V1_1783416222,25%,25,beta=0.0,beta0,0,LiveCodeBench extract fail,val-aux/LiveCodeBench/code_reward_extraction_fail/mean@1,0.0390625
ONPOLICY-SFT-Qwen3-1P7B-COLDSTART-FRAC25-CODE-KODCODE-CTX8K-S1-BETA0-V1_1783416222,25%,25,beta=0.0,beta0,1,Rollout correct ratio,wdl_sft/correct_ratio,0.349609375
ONPOLICY-SFT-Qwen3-1P7B-COLDSTART-FRAC25-CODE-KODCODE-CTX8K-S1-BETA0-V1_1783416222,25%,25,beta=0.0,beta0,1,Gradient norm,actor/grad_norm,11.009403228759766
ONPOLICY-SFT-Qwen3-1P7B-COLDSTART-FRAC25-CODE-KODCODE-CTX8K-S1-BETA0-V1_1783416222,25%,25,beta=0.0,beta0,1,Train score mean,critic/score/mean,-0.30078125
ONPOLICY-SFT-Qwen3-1P7B-COLDSTART-FRAC25-CODE-KODCODE-CTX8K-S1-BETA0-V1_1783416222,25%,25,beta=0.0,beta0,1,Response length mean,response_length/mean,163.28125
ONPOLICY-SFT-Qwen3-1P7B-COLDSTART-FRAC25-CODE-KODCODE-CTX8K-S1-BETA0-V1_1783416222,25%,25,beta=0.0,beta0,1,Time per step,perf/time_per_step,45.41698690317571
ONPOLICY-SFT-Qwen3-1P7B-COLDSTART-FRAC25-CODE-KODCODE-CTX8K-S1-BETA0-V1_1783416222,25%,25,beta=0.0,beta0,2,Rollout correct ratio,wdl_sft/correct_ratio,0.361328125
ONPOLICY-SFT-Qwen3-1P7B-COLDSTART-FRAC25-CODE-KODCODE-CTX8K-S1-BETA0-V1_1783416222,25%,25,beta=0.0,beta0,2,Gradient norm,actor/grad_norm,10.388644218444824
ONPOLICY-SFT-Qwen3-1P7B-COLDSTART-FRAC25-CODE-KODCODE-CTX8K-S1-BETA0-V1_1783416222,25%,25,beta=0.0,beta0,2,Train score mean,critic/score/mean,-0.27734375
ONPOLICY-SFT-Qwen3-1P7B-COLDSTART-FRAC25-CODE-KODCODE-CTX8K-S1-BETA0-V1_1783416222,25%,25,beta=0.0,beta0,2,Response length mean,response_length/mean,162.255859375
ONPOLICY-SFT-Qwen3-1P7B-COLDSTART-FRAC25-CODE-KODCODE-CTX8K-S1-BETA0-V1_1783416222,25%,25,beta=0.0,beta0,2,Time per step,perf/time_per_step,44.1511068996042
ONPOLICY-SFT-Qwen3-1P7B-COLDSTART-FRAC25-CODE-KODCODE-CTX8K-S1-BETA0-V1_1783416222,25%,25,beta=0.0,beta0,3,Rollout correct ratio,wdl_sft/correct_ratio,0.388671875
ONPOLICY-SFT-Qwen3-1P7B-COLDSTART-FRAC25-CODE-KODCODE-CTX8K-S1-BETA0-V1_1783416222,25%,25,beta=0.0,beta0,3,Gradient norm,actor/grad_norm,9.4043607711792
ONPOLICY-SFT-Qwen3-1P7B-COLDSTART-FRAC25-CODE-KODCODE-CTX8K-S1-BETA0-V1_1783416222,25%,25,beta=0.0,beta0,3,Train score mean,critic/score/mean,-0.22265625
ONPOLICY-SFT-Qwen3-1P7B-COLDSTART-FRAC25-CODE-KODCODE-CTX8K-S1-BETA0-V1_1783416222,25%,25,beta=0.0,beta0,3,Response length mean,response_length/mean,181.6171875
ONPOLICY-SFT-Qwen3-1P7B-COLDSTART-FRAC25-CODE-KODCODE-CTX8K-S1-BETA0-V1_1783416222,25%,25,beta=0.0,beta0,3,Time per step,perf/time_per_step,42.21545377932489
ONPOLICY-SFT-Qwen3-1P7B-COLDSTART-FRAC25-CODE-KODCODE-CTX8K-S1-BETA0-V1_1783416222,25%,25,beta=0.0,beta0,4,Rollout correct ratio,wdl_sft/correct_ratio,0.349609375
ONPOLICY-SFT-Qwen3-1P7B-COLDSTART-FRAC25-CODE-KODCODE-CTX8K-S1-BETA0-V1_1783416222,25%,25,beta=0.0,beta0,4,Gradient norm,actor/grad_norm,9.735408782958984
ONPOLICY-SFT-Qwen3-1P7B-COLDSTART-FRAC25-CODE-KODCODE-CTX8K-S1-BETA0-V1_1783416222,25%,25,beta=0.0,beta0,4,Train score mean,critic/score/mean,-0.30078125
ONPOLICY-SFT-Qwen3-1P7B-COLDSTART-FRAC25-CODE-KODCODE-CTX8K-S1-BETA0-V1_1783416222,25%,25,beta=0.0,beta0,4,Response length mean,response_length/mean,154.140625
ONPOLICY-SFT-Qwen3-1P7B-COLDSTART-FRAC25-CODE-KODCODE-CTX8K-S1-BETA0-V1_1783416222,25%,25,beta=0.0,beta0,4,Time per step,perf/time_per_step,40.013389554806054
ONPOLICY-SFT-Qwen3-1P7B-COLDSTART-FRAC25-CODE-KODCODE-CTX8K-S1-BETA0-V1_1783416222,25%,25,beta=0.0,beta0,5,HumanEval+ pass@1,val-core/HumanEval+/acc/pass@1,0.4451219512195122
ONPOLICY-SFT-Qwen3-1P7B-COLDSTART-FRAC25-CODE-KODCODE-CTX8K-S1-BETA0-V1_1783416222,25%,25,beta=0.0,beta0,5,MBPP+ pass@1,val-core/MBPP+/acc/pass@1,0.4947089947089947
ONPOLICY-SFT-Qwen3-1P7B-COLDSTART-FRAC25-CODE-KODCODE-CTX8K-S1-BETA0-V1_1783416222,25%,25,beta=0.0,beta0,5,LiveCodeBench pass@1,val-core/LiveCodeBench/acc/pass@1,0.234375
ONPOLICY-SFT-Qwen3-1P7B-COLDSTART-FRAC25-CODE-KODCODE-CTX8K-S1-BETA0-V1_1783416222,25%,25,beta=0.0,beta0,5,HumanEval+ extract fail,val-aux/HumanEval+/code_reward_extraction_fail/mean@1,0.012195121951219513
ONPOLICY-SFT-Qwen3-1P7B-COLDSTART-FRAC25-CODE-KODCODE-CTX8K-S1-BETA0-V1_1783416222,25%,25,beta=0.0,beta0,5,MBPP+ extract fail,val-aux/MBPP+/code_reward_extraction_fail/mean@1,0.010582010582010581
ONPOLICY-SFT-Qwen3-1P7B-COLDSTART-FRAC25-CODE-KODCODE-CTX8K-S1-BETA0-V1_1783416222,25%,25,beta=0.0,beta0,5,LiveCodeBench extract fail,val-aux/LiveCodeBench/code_reward_extraction_fail/mean@1,0.0234375
ONPOLICY-SFT-Qwen3-1P7B-COLDSTART-FRAC25-CODE-KODCODE-CTX8K-S1-BETA0-V1_1783416222,25%,25,beta=0.0,beta0,5,Rollout correct ratio,wdl_sft/correct_ratio,0.43359375
ONPOLICY-SFT-Qwen3-1P7B-COLDSTART-FRAC25-CODE-KODCODE-CTX8K-S1-BETA0-V1_1783416222,25%,25,beta=0.0,beta0,5,Gradient norm,actor/grad_norm,10.219834327697754
ONPOLICY-SFT-Qwen3-1P7B-COLDSTART-FRAC25-CODE-KODCODE-CTX8K-S1-BETA0-V1_1783416222,25%,25,beta=0.0,beta0,5,Train score mean,critic/score/mean,-0.1328125
ONPOLICY-SFT-Qwen3-1P7B-COLDSTART-FRAC25-CODE-KODCODE-CTX8K-S1-BETA0-V1_1783416222,25%,25,beta=0.0,beta0,5,Response length mean,response_length/mean,152.197265625
ONPOLICY-SFT-Qwen3-1P7B-COLDSTART-FRAC25-CODE-KODCODE-CTX8K-S1-BETA0-V1_1783416222,25%,25,beta=0.0,beta0,5,Time per step,perf/time_per_step,46.2597489207983
ONPOLICY-SFT-Qwen3-1P7B-COLDSTART-FRAC25-CODE-KODCODE-CTX8K-S1-BETA0-V1_1783416222,25%,25,beta=0.0,beta0,6,Rollout correct ratio,wdl_sft/correct_ratio,0.349609375
ONPOLICY-SFT-Qwen3-1P7B-COLDSTART-FRAC25-CODE-KODCODE-CTX8K-S1-BETA0-V1_1783416222,25%,25,beta=0.0,beta0,6,Gradient norm,actor/grad_norm,9.728829383850098
ONPOLICY-SFT-Qwen3-1P7B-COLDSTART-FRAC25-CODE-KODCODE-CTX8K-S1-BETA0-V1_1783416222,25%,25,beta=0.0,beta0,6,Train score mean,critic/score/mean,-0.30078125
ONPOLICY-SFT-Qwen3-1P7B-COLDSTART-FRAC25-CODE-KODCODE-CTX8K-S1-BETA0-V1_1783416222,25%,25,beta=0.0,beta0,6,Response length mean,response_length/mean,156.484375
ONPOLICY-SFT-Qwen3-1P7B-COLDSTART-FRAC25-CODE-KODCODE-CTX8K-S1-BETA0-V1_1783416222,25%,25,beta=0.0,beta0,6,Time per step,perf/time_per_step,41.55041289702058
ONPOLICY-SFT-Qwen3-1P7B-COLDSTART-FRAC25-CODE-KODCODE-CTX8K-S1-BETA0-V1_1783416222,25%,25,beta=0.0,beta0,7,Rollout correct ratio,wdl_sft/correct_ratio,0.271484375
ONPOLICY-SFT-Qwen3-1P7B-COLDSTART-FRAC25-CODE-KODCODE-CTX8K-S1-BETA0-V1_1783416222,25%,25,beta=0.0,beta0,7,Gradient norm,actor/grad_norm,11.230684280395508
ONPOLICY-SFT-Qwen3-1P7B-COLDSTART-FRAC25-CODE-KODCODE-CTX8K-S1-BETA0-V1_1783416222,25%,25,beta=0.0,beta0,7,Train score mean,critic/score/mean,-0.45703125
ONPOLICY-SFT-Qwen3-1P7B-COLDSTART-FRAC25-CODE-KODCODE-CTX8K-S1-BETA0-V1_1783416222,25%,25,beta=0.0,beta0,7,Response length mean,response_length/mean,159.353515625
ONPOLICY-SFT-Qwen3-1P7B-COLDSTART-FRAC25-CODE-KODCODE-CTX8K-S1-BETA0-V1_1783416222,25%,25,beta=0.0,beta0,7,Time per step,perf/time_per_step,41.91927437763661
ONPOLICY-SFT-Qwen3-1P7B-COLDSTART-FRAC25-CODE-KODCODE-CTX8K-S1-BETA0-V1_1783416222,25%,25,beta=0.0,beta0,8,Rollout correct ratio,wdl_sft/correct_ratio,0.328125
ONPOLICY-SFT-Qwen3-1P7B-COLDSTART-FRAC25-CODE-KODCODE-CTX8K-S1-BETA0-V1_1783416222,25%,25,beta=0.0,beta0,8,Gradient norm,actor/grad_norm,10.114167213439941
ONPOLICY-SFT-Qwen3-1P7B-COLDSTART-FRAC25-CODE-KODCODE-CTX8K-S1-BETA0-V1_1783416222,25%,25,beta=0.0,beta0,8,Train score mean,critic/score/mean,-0.34375
ONPOLICY-SFT-Qwen3-1P7B-COLDSTART-FRAC25-CODE-KODCODE-CTX8K-S1-BETA0-V1_1783416222,25%,25,beta=0.0,beta0,8,Response length mean,response_length/mean,181.150390625
ONPOLICY-SFT-Qwen3-1P7B-COLDSTART-FRAC25-CODE-KODCODE-CTX8K-S1-BETA0-V1_1783416222,25%,25,beta=0.0,beta0,8,Time per step,perf/time_per_step,43.95470944233239
ONPOLICY-SFT-Qwen3-1P7B-COLDSTART-FRAC25-CODE-KODCODE-CTX8K-S1-BETA0-V1_1783416222,25%,25,beta=0.0,beta0,9,Rollout correct ratio,wdl_sft/correct_ratio,0.298828125
ONPOLICY-SFT-Qwen3-1P7B-COLDSTART-FRAC25-CODE-KODCODE-CTX8K-S1-BETA0-V1_1783416222,25%,25,beta=0.0,beta0,9,Gradient norm,actor/grad_norm,10.271885871887207
ONPOLICY-SFT-Qwen3-1P7B-COLDSTART-FRAC25-CODE-KODCODE-CTX8K-S1-BETA0-V1_1783416222,25%,25,beta=0.0,beta0,9,Train score mean,critic/score/mean,-0.40234375
ONPOLICY-SFT-Qwen3-1P7B-COLDSTART-FRAC25-CODE-KODCODE-CTX8K-S1-BETA0-V1_1783416222,25%,25,beta=0.0,beta0,9,Response length mean,response_length/mean,165.3984375
ONPOLICY-SFT-Qwen3-1P7B-COLDSTART-FRAC25-CODE-KODCODE-CTX8K-S1-BETA0-V1_1783416222,25%,25,beta=0.0,beta0,9,Time per step,perf/time_per_step,41.96728279720992
ONPOLICY-SFT-Qwen3-1P7B-COLDSTART-FRAC25-CODE-KODCODE-CTX8K-S1-BETA0-V1_1783416222,25%,25,beta=0.0,beta0,10,HumanEval+ pass@1,val-core/HumanEval+/acc/pass@1,0.4329268292682927
ONPOLICY-SFT-Qwen3-1P7B-COLDSTART-FRAC25-CODE-KODCODE-CTX8K-S1-BETA0-V1_1783416222,25%,25,beta=0.0,beta0,10,MBPP+ pass@1,val-core/MBPP+/acc/pass@1,0.46825396825396826
ONPOLICY-SFT-Qwen3-1P7B-COLDSTART-FRAC25-CODE-KODCODE-CTX8K-S1-BETA0-V1_1783416222,25%,25,beta=0.0,beta0,10,LiveCodeBench pass@1,val-core/LiveCodeBench/acc/pass@1,0.203125
ONPOLICY-SFT-Qwen3-1P7B-COLDSTART-FRAC25-CODE-KODCODE-CTX8K-S1-BETA0-V1_1783416222,25%,25,beta=0.0,beta0,10,HumanEval+ extract fail,val-aux/HumanEval+/code_reward_extraction_fail/mean@1,0.006097560975609756
ONPOLICY-SFT-Qwen3-1P7B-COLDSTART-FRAC25-CODE-KODCODE-CTX8K-S1-BETA0-V1_1783416222,25%,25,beta=0.0,beta0,10,MBPP+ extract fail,val-aux/MBPP+/code_reward_extraction_fail/mean@1,0.018518518518518517
ONPOLICY-SFT-Qwen3-1P7B-COLDSTART-FRAC25-CODE-KODCODE-CTX8K-S1-BETA0-V1_1783416222,25%,25,beta=0.0,beta0,10,LiveCodeBench extract fail,val-aux/LiveCodeBench/code_reward_extraction_fail/mean@1,0.0234375
ONPOLICY-SFT-Qwen3-1P7B-COLDSTART-FRAC25-CODE-KODCODE-CTX8K-S1-BETA0-V1_1783416222,25%,25,beta=0.0,beta0,10,Rollout correct ratio,wdl_sft/correct_ratio,0.392578125
ONPOLICY-SFT-Qwen3-1P7B-COLDSTART-FRAC25-CODE-KODCODE-CTX8K-S1-BETA0-V1_1783416222,25%,25,beta=0.0,beta0,10,Gradient norm,actor/grad_norm,9.466813087463379
ONPOLICY-SFT-Qwen3-1P7B-COLDSTART-FRAC25-CODE-KODCODE-CTX8K-S1-BETA0-V1_1783416222,25%,25,beta=0.0,beta0,10,Train score mean,critic/score/mean,-0.21484375
ONPOLICY-SFT-Qwen3-1P7B-COLDSTART-FRAC25-CODE-KODCODE-CTX8K-S1-BETA0-V1_1783416222,25%,25,beta=0.0,beta0,10,Response length mean,response_length/mean,158.46484375
ONPOLICY-SFT-Qwen3-1P7B-COLDSTART-FRAC25-CODE-KODCODE-CTX8K-S1-BETA0-V1_1783416222,25%,25,beta=0.0,beta0,10,Time per step,perf/time_per_step,48.46119574923068
ONPOLICY-SFT-Qwen3-1P7B-COLDSTART-FRAC25-CODE-KODCODE-CTX8K-S1-BETA0-V1_1783416222,25%,25,beta=0.0,beta0,11,Rollout correct ratio,wdl_sft/correct_ratio,0.275390625
ONPOLICY-SFT-Qwen3-1P7B-COLDSTART-FRAC25-CODE-KODCODE-CTX8K-S1-BETA0-V1_1783416222,25%,25,beta=0.0,beta0,11,Gradient norm,actor/grad_norm,12.074036598205566
ONPOLICY-SFT-Qwen3-1P7B-COLDSTART-FRAC25-CODE-KODCODE-CTX8K-S1-BETA0-V1_1783416222,25%,25,beta=0.0,beta0,11,Train score mean,critic/score/mean,-0.44921875
ONPOLICY-SFT-Qwen3-1P7B-COLDSTART-FRAC25-CODE-KODCODE-CTX8K-S1-BETA0-V1_1783416222,25%,25,beta=0.0,beta0,11,Response length mean,response_length/mean,165.73046875
ONPOLICY-SFT-Qwen3-1P7B-COLDSTART-FRAC25-CODE-KODCODE-CTX8K-S1-BETA0-V1_1783416222,25%,25,beta=0.0,beta0,11,Time per step,perf/time_per_step,41.98055569361895
ONPOLICY-SFT-Qwen3-1P7B-COLDSTART-FRAC25-CODE-KODCODE-CTX8K-S1-BETA0-V1_1783416222,25%,25,beta=0.0,beta0,12,Rollout correct ratio,wdl_sft/correct_ratio,0.265625
ONPOLICY-SFT-Qwen3-1P7B-COLDSTART-FRAC25-CODE-KODCODE-CTX8K-S1-BETA0-V1_1783416222,25%,25,beta=0.0,beta0,12,Gradient norm,actor/grad_norm,12.238964080810547
ONPOLICY-SFT-Qwen3-1P7B-COLDSTART-FRAC25-CODE-KODCODE-CTX8K-S1-BETA0-V1_1783416222,25%,25,beta=0.0,beta0,12,Train score mean,critic/score/mean,-0.46875
ONPOLICY-SFT-Qwen3-1P7B-COLDSTART-FRAC25-CODE-KODCODE-CTX8K-S1-BETA0-V1_1783416222,25%,25,beta=0.0,beta0,12,Response length mean,response_length/mean,155.341796875
ONPOLICY-SFT-Qwen3-1P7B-COLDSTART-FRAC25-CODE-KODCODE-CTX8K-S1-BETA0-V1_1783416222,25%,25,beta=0.0,beta0,12,Time per step,perf/time_per_step,42.51550205796957
ONPOLICY-SFT-Qwen3-1P7B-COLDSTART-FRAC25-CODE-KODCODE-CTX8K-S1-BETA0-V1_1783416222,25%,25,beta=0.0,beta0,13,Rollout correct ratio,wdl_sft/correct_ratio,0.30859375
ONPOLICY-SFT-Qwen3-1P7B-COLDSTART-FRAC25-CODE-KODCODE-CTX8K-S1-BETA0-V1_1783416222,25%,25,beta=0.0,beta0,13,Gradient norm,actor/grad_norm,19.2721004486084
ONPOLICY-SFT-Qwen3-1P7B-COLDSTART-FRAC25-CODE-KODCODE-CTX8K-S1-BETA0-V1_1783416222,25%,25,beta=0.0,beta0,13,Train score mean,critic/score/mean,-0.3828125
ONPOLICY-SFT-Qwen3-1P7B-COLDSTART-FRAC25-CODE-KODCODE-CTX8K-S1-BETA0-V1_1783416222,25%,25,beta=0.0,beta0,13,Response length mean,response_length/mean,170.517578125
ONPOLICY-SFT-Qwen3-1P7B-COLDSTART-FRAC25-CODE-KODCODE-CTX8K-S1-BETA0-V1_1783416222,25%,25,beta=0.0,beta0,13,Time per step,perf/time_per_step,41.67545926105231
ONPOLICY-SFT-Qwen3-1P7B-COLDSTART-FRAC25-CODE-KODCODE-CTX8K-S1-BETA0-V1_1783416222,25%,25,beta=0.0,beta0,14,Rollout correct ratio,wdl_sft/correct_ratio,0.3828125
ONPOLICY-SFT-Qwen3-1P7B-COLDSTART-FRAC25-CODE-KODCODE-CTX8K-S1-BETA0-V1_1783416222,25%,25,beta=0.0,beta0,14,Gradient norm,actor/grad_norm,11.023085594177246
ONPOLICY-SFT-Qwen3-1P7B-COLDSTART-FRAC25-CODE-KODCODE-CTX8K-S1-BETA0-V1_1783416222,25%,25,beta=0.0,beta0,14,Train score mean,critic/score/mean,-0.234375
ONPOLICY-SFT-Qwen3-1P7B-COLDSTART-FRAC25-CODE-KODCODE-CTX8K-S1-BETA0-V1_1783416222,25%,25,beta=0.0,beta0,14,Response length mean,response_length/mean,174.818359375
ONPOLICY-SFT-Qwen3-1P7B-COLDSTART-FRAC25-CODE-KODCODE-CTX8K-S1-BETA0-V1_1783416222,25%,25,beta=0.0,beta0,14,Time per step,perf/time_per_step,43.854998644441366
ONPOLICY-SFT-Qwen3-1P7B-COLDSTART-FRAC25-CODE-KODCODE-CTX8K-S1-BETA0-V1_1783416222,25%,25,beta=0.0,beta0,15,HumanEval+ pass@1,val-core/HumanEval+/acc/pass@1,0.4329268292682927
ONPOLICY-SFT-Qwen3-1P7B-COLDSTART-FRAC25-CODE-KODCODE-CTX8K-S1-BETA0-V1_1783416222,25%,25,beta=0.0,beta0,15,MBPP+ pass@1,val-core/MBPP+/acc/pass@1,0.47354497354497355
ONPOLICY-SFT-Qwen3-1P7B-COLDSTART-FRAC25-CODE-KODCODE-CTX8K-S1-BETA0-V1_1783416222,25%,25,beta=0.0,beta0,15,LiveCodeBench pass@1,val-core/LiveCodeBench/acc/pass@1,0.1875
ONPOLICY-SFT-Qwen3-1P7B-COLDSTART-FRAC25-CODE-KODCODE-CTX8K-S1-BETA0-V1_1783416222,25%,25,beta=0.0,beta0,15,HumanEval+ extract fail,val-aux/HumanEval+/code_reward_extraction_fail/mean@1,0.0
ONPOLICY-SFT-Qwen3-1P7B-COLDSTART-FRAC25-CODE-KODCODE-CTX8K-S1-BETA0-V1_1783416222,25%,25,beta=0.0,beta0,15,MBPP+ extract fail,val-aux/MBPP+/code_reward_extraction_fail/mean@1,0.007936507936507936
ONPOLICY-SFT-Qwen3-1P7B-COLDSTART-FRAC25-CODE-KODCODE-CTX8K-S1-BETA0-V1_1783416222,25%,25,beta=0.0,beta0,15,LiveCodeBench extract fail,val-aux/LiveCodeBench/code_reward_extraction_fail/mean@1,0.0234375
ONPOLICY-SFT-Qwen3-1P7B-COLDSTART-FRAC25-CODE-KODCODE-CTX8K-S1-BETA0-V1_1783416222,25%,25,beta=0.0,beta0,15,Rollout correct ratio,wdl_sft/correct_ratio,0.359375
ONPOLICY-SFT-Qwen3-1P7B-COLDSTART-FRAC25-CODE-KODCODE-CTX8K-S1-BETA0-V1_1783416222,25%,25,beta=0.0,beta0,15,Gradient norm,actor/grad_norm,10.713798522949219
ONPOLICY-SFT-Qwen3-1P7B-COLDSTART-FRAC25-CODE-KODCODE-CTX8K-S1-BETA0-V1_1783416222,25%,25,beta=0.0,beta0,15,Train score mean,critic/score/mean,-0.28125
ONPOLICY-SFT-Qwen3-1P7B-COLDSTART-FRAC25-CODE-KODCODE-CTX8K-S1-BETA0-V1_1783416222,25%,25,beta=0.0,beta0,15,Response length mean,response_length/mean,166.1015625
ONPOLICY-SFT-Qwen3-1P7B-COLDSTART-FRAC25-CODE-KODCODE-CTX8K-S1-BETA0-V1_1783416222,25%,25,beta=0.0,beta0,15,Time per step,perf/time_per_step,48.41155193652958
ONPOLICY-SFT-Qwen3-1P7B-COLDSTART-FRAC25-CODE-KODCODE-CTX8K-S1-BETA0-V1_1783416222,25%,25,beta=0.0,beta0,16,Rollout correct ratio,wdl_sft/correct_ratio,0.380859375
ONPOLICY-SFT-Qwen3-1P7B-COLDSTART-FRAC25-CODE-KODCODE-CTX8K-S1-BETA0-V1_1783416222,25%,25,beta=0.0,beta0,16,Gradient norm,actor/grad_norm,10.161575317382812
ONPOLICY-SFT-Qwen3-1P7B-COLDSTART-FRAC25-CODE-KODCODE-CTX8K-S1-BETA0-V1_1783416222,25%,25,beta=0.0,beta0,16,Train score mean,critic/score/mean,-0.23828125
ONPOLICY-SFT-Qwen3-1P7B-COLDSTART-FRAC25-CODE-KODCODE-CTX8K-S1-BETA0-V1_1783416222,25%,25,beta=0.0,beta0,16,Response length mean,response_length/mean,171.462890625
ONPOLICY-SFT-Qwen3-1P7B-COLDSTART-FRAC25-CODE-KODCODE-CTX8K-S1-BETA0-V1_1783416222,25%,25,beta=0.0,beta0,16,Time per step,perf/time_per_step,42.87144236732274
ONPOLICY-SFT-Qwen3-1P7B-COLDSTART-FRAC25-CODE-KODCODE-CTX8K-S1-BETA0-V1_1783416222,25%,25,beta=0.0,beta0,17,Rollout correct ratio,wdl_sft/correct_ratio,0.390625
ONPOLICY-SFT-Qwen3-1P7B-COLDSTART-FRAC25-CODE-KODCODE-CTX8K-S1-BETA0-V1_1783416222,25%,25,beta=0.0,beta0,17,Gradient norm,actor/grad_norm,10.654190063476562
ONPOLICY-SFT-Qwen3-1P7B-COLDSTART-FRAC25-CODE-KODCODE-CTX8K-S1-BETA0-V1_1783416222,25%,25,beta=0.0,beta0,17,Train score mean,critic/score/mean,-0.21875
ONPOLICY-SFT-Qwen3-1P7B-COLDSTART-FRAC25-CODE-KODCODE-CTX8K-S1-BETA0-V1_1783416222,25%,25,beta=0.0,beta0,17,Response length mean,response_length/mean,175.078125
ONPOLICY-SFT-Qwen3-1P7B-COLDSTART-FRAC25-CODE-KODCODE-CTX8K-S1-BETA0-V1_1783416222,25%,25,beta=0.0,beta0,17,Time per step,perf/time_per_step,64.72644483391196
ONPOLICY-SFT-Qwen3-1P7B-COLDSTART-FRAC25-CODE-KODCODE-CTX8K-S1-BETA0-V1_1783416222,25%,25,beta=0.0,beta0,18,Rollout correct ratio,wdl_sft/correct_ratio,0.279296875
ONPOLICY-SFT-Qwen3-1P7B-COLDSTART-FRAC25-CODE-KODCODE-CTX8K-S1-BETA0-V1_1783416222,25%,25,beta=0.0,beta0,18,Gradient norm,actor/grad_norm,12.087124824523926
ONPOLICY-SFT-Qwen3-1P7B-COLDSTART-FRAC25-CODE-KODCODE-CTX8K-S1-BETA0-V1_1783416222,25%,25,beta=0.0,beta0,18,Train score mean,critic/score/mean,-0.44140625
ONPOLICY-SFT-Qwen3-1P7B-COLDSTART-FRAC25-CODE-KODCODE-CTX8K-S1-BETA0-V1_1783416222,25%,25,beta=0.0,beta0,18,Response length mean,response_length/mean,167.38671875
ONPOLICY-SFT-Qwen3-1P7B-COLDSTART-FRAC25-CODE-KODCODE-CTX8K-S1-BETA0-V1_1783416222,25%,25,beta=0.0,beta0,18,Time per step,perf/time_per_step,68.48826777562499
ONPOLICY-SFT-Qwen3-1P7B-COLDSTART-FRAC25-CODE-KODCODE-CTX8K-S1-BETA0-V1_1783416222,25%,25,beta=0.0,beta0,19,Rollout correct ratio,wdl_sft/correct_ratio,0.353515625
ONPOLICY-SFT-Qwen3-1P7B-COLDSTART-FRAC25-CODE-KODCODE-CTX8K-S1-BETA0-V1_1783416222,25%,25,beta=0.0,beta0,19,Gradient norm,actor/grad_norm,9.94308090209961
ONPOLICY-SFT-Qwen3-1P7B-COLDSTART-FRAC25-CODE-KODCODE-CTX8K-S1-BETA0-V1_1783416222,25%,25,beta=0.0,beta0,19,Train score mean,critic/score/mean,-0.29296875
ONPOLICY-SFT-Qwen3-1P7B-COLDSTART-FRAC25-CODE-KODCODE-CTX8K-S1-BETA0-V1_1783416222,25%,25,beta=0.0,beta0,19,Response length mean,response_length/mean,165.552734375
ONPOLICY-SFT-Qwen3-1P7B-COLDSTART-FRAC25-CODE-KODCODE-CTX8K-S1-BETA0-V1_1783416222,25%,25,beta=0.0,beta0,19,Time per step,perf/time_per_step,43.80382574722171
ONPOLICY-SFT-Qwen3-1P7B-COLDSTART-FRAC25-CODE-KODCODE-CTX8K-S1-BETA0-V1_1783416222,25%,25,beta=0.0,beta0,20,HumanEval+ pass@1,val-core/HumanEval+/acc/pass@1,0.4878048780487805
ONPOLICY-SFT-Qwen3-1P7B-COLDSTART-FRAC25-CODE-KODCODE-CTX8K-S1-BETA0-V1_1783416222,25%,25,beta=0.0,beta0,20,MBPP+ pass@1,val-core/MBPP+/acc/pass@1,0.4973544973544973
ONPOLICY-SFT-Qwen3-1P7B-COLDSTART-FRAC25-CODE-KODCODE-CTX8K-S1-BETA0-V1_1783416222,25%,25,beta=0.0,beta0,20,LiveCodeBench pass@1,val-core/LiveCodeBench/acc/pass@1,0.2109375
ONPOLICY-SFT-Qwen3-1P7B-COLDSTART-FRAC25-CODE-KODCODE-CTX8K-S1-BETA0-V1_1783416222,25%,25,beta=0.0,beta0,20,HumanEval+ extract fail,val-aux/HumanEval+/code_reward_extraction_fail/mean@1,0.006097560975609756
ONPOLICY-SFT-Qwen3-1P7B-COLDSTART-FRAC25-CODE-KODCODE-CTX8K-S1-BETA0-V1_1783416222,25%,25,beta=0.0,beta0,20,MBPP+ extract fail,val-aux/MBPP+/code_reward_extraction_fail/mean@1,0.007936507936507936
ONPOLICY-SFT-Qwen3-1P7B-COLDSTART-FRAC25-CODE-KODCODE-CTX8K-S1-BETA0-V1_1783416222,25%,25,beta=0.0,beta0,20,LiveCodeBench extract fail,val-aux/LiveCodeBench/code_reward_extraction_fail/mean@1,0.015625
ONPOLICY-SFT-Qwen3-1P7B-COLDSTART-FRAC25-CODE-KODCODE-CTX8K-S1-BETA0-V1_1783416222,25%,25,beta=0.0,beta0,20,Rollout correct ratio,wdl_sft/correct_ratio,0.33203125
ONPOLICY-SFT-Qwen3-1P7B-COLDSTART-FRAC25-CODE-KODCODE-CTX8K-S1-BETA0-V1_1783416222,25%,25,beta=0.0,beta0,20,Gradient norm,actor/grad_norm,9.181807518005371
ONPOLICY-SFT-Qwen3-1P7B-COLDSTART-FRAC25-CODE-KODCODE-CTX8K-S1-BETA0-V1_1783416222,25%,25,beta=0.0,beta0,20,Train score mean,critic/score/mean,-0.3359375
ONPOLICY-SFT-Qwen3-1P7B-COLDSTART-FRAC25-CODE-KODCODE-CTX8K-S1-BETA0-V1_1783416222,25%,25,beta=0.0,beta0,20,Response length mean,response_length/mean,144.0390625
ONPOLICY-SFT-Qwen3-1P7B-COLDSTART-FRAC25-CODE-KODCODE-CTX8K-S1-BETA0-V1_1783416222,25%,25,beta=0.0,beta0,20,Time per step,perf/time_per_step,47.142557522282004
ONPOLICY-SFT-Qwen3-1P7B-COLDSTART-FRAC25-CODE-KODCODE-CTX8K-S1-BETA0-V1_1783416222,25%,25,beta=0.0,beta0,21,Rollout correct ratio,wdl_sft/correct_ratio,0.271484375
ONPOLICY-SFT-Qwen3-1P7B-COLDSTART-FRAC25-CODE-KODCODE-CTX8K-S1-BETA0-V1_1783416222,25%,25,beta=0.0,beta0,21,Gradient norm,actor/grad_norm,13.453716278076172
ONPOLICY-SFT-Qwen3-1P7B-COLDSTART-FRAC25-CODE-KODCODE-CTX8K-S1-BETA0-V1_1783416222,25%,25,beta=0.0,beta0,21,Train score mean,critic/score/mean,-0.45703125
ONPOLICY-SFT-Qwen3-1P7B-COLDSTART-FRAC25-CODE-KODCODE-CTX8K-S1-BETA0-V1_1783416222,25%,25,beta=0.0,beta0,21,Response length mean,response_length/mean,181.306640625
ONPOLICY-SFT-Qwen3-1P7B-COLDSTART-FRAC25-CODE-KODCODE-CTX8K-S1-BETA0-V1_1783416222,25%,25,beta=0.0,beta0,21,Time per step,perf/time_per_step,50.482135691680014
ONPOLICY-SFT-Qwen3-1P7B-COLDSTART-FRAC25-CODE-KODCODE-CTX8K-S1-BETA0-V1_1783416222,25%,25,beta=0.0,beta0,22,Rollout correct ratio,wdl_sft/correct_ratio,0.345703125
ONPOLICY-SFT-Qwen3-1P7B-COLDSTART-FRAC25-CODE-KODCODE-CTX8K-S1-BETA0-V1_1783416222,25%,25,beta=0.0,beta0,22,Gradient norm,actor/grad_norm,9.876036643981934
ONPOLICY-SFT-Qwen3-1P7B-COLDSTART-FRAC25-CODE-KODCODE-CTX8K-S1-BETA0-V1_1783416222,25%,25,beta=0.0,beta0,22,Train score mean,critic/score/mean,-0.30859375
ONPOLICY-SFT-Qwen3-1P7B-COLDSTART-FRAC25-CODE-KODCODE-CTX8K-S1-BETA0-V1_1783416222,25%,25,beta=0.0,beta0,22,Response length mean,response_length/mean,159.548828125
ONPOLICY-SFT-Qwen3-1P7B-COLDSTART-FRAC25-CODE-KODCODE-CTX8K-S1-BETA0-V1_1783416222,25%,25,beta=0.0,beta0,22,Time per step,perf/time_per_step,44.43493772763759
ONPOLICY-SFT-Qwen3-1P7B-COLDSTART-FRAC25-CODE-KODCODE-CTX8K-S1-BETA0-V1_1783416222,25%,25,beta=0.0,beta0,23,Rollout correct ratio,wdl_sft/correct_ratio,0.287109375
ONPOLICY-SFT-Qwen3-1P7B-COLDSTART-FRAC25-CODE-KODCODE-CTX8K-S1-BETA0-V1_1783416222,25%,25,beta=0.0,beta0,23,Gradient norm,actor/grad_norm,12.461054801940918
ONPOLICY-SFT-Qwen3-1P7B-COLDSTART-FRAC25-CODE-KODCODE-CTX8K-S1-BETA0-V1_1783416222,25%,25,beta=0.0,beta0,23,Train score mean,critic/score/mean,-0.42578125
ONPOLICY-SFT-Qwen3-1P7B-COLDSTART-FRAC25-CODE-KODCODE-CTX8K-S1-BETA0-V1_1783416222,25%,25,beta=0.0,beta0,23,Response length mean,response_length/mean,166.916015625
ONPOLICY-SFT-Qwen3-1P7B-COLDSTART-FRAC25-CODE-KODCODE-CTX8K-S1-BETA0-V1_1783416222,25%,25,beta=0.0,beta0,23,Time per step,perf/time_per_step,42.312206032685935
ONPOLICY-SFT-Qwen3-1P7B-COLDSTART-FRAC25-CODE-KODCODE-CTX8K-S1-BETA0-V1_1783416222,25%,25,beta=0.0,beta0,24,Rollout correct ratio,wdl_sft/correct_ratio,0.31640625
ONPOLICY-SFT-Qwen3-1P7B-COLDSTART-FRAC25-CODE-KODCODE-CTX8K-S1-BETA0-V1_1783416222,25%,25,beta=0.0,beta0,24,Gradient norm,actor/grad_norm,10.573413848876953
ONPOLICY-SFT-Qwen3-1P7B-COLDSTART-FRAC25-CODE-KODCODE-CTX8K-S1-BETA0-V1_1783416222,25%,25,beta=0.0,beta0,24,Train score mean,critic/score/mean,-0.3671875
ONPOLICY-SFT-Qwen3-1P7B-COLDSTART-FRAC25-CODE-KODCODE-CTX8K-S1-BETA0-V1_1783416222,25%,25,beta=0.0,beta0,24,Response length mean,response_length/mean,171.046875
ONPOLICY-SFT-Qwen3-1P7B-COLDSTART-FRAC25-CODE-KODCODE-CTX8K-S1-BETA0-V1_1783416222,25%,25,beta=0.0,beta0,24,Time per step,perf/time_per_step,42.21854270808399
ONPOLICY-SFT-Qwen3-1P7B-COLDSTART-FRAC25-CODE-KODCODE-CTX8K-S1-BETA0-V1_1783416222,25%,25,beta=0.0,beta0,25,HumanEval+ pass@1,val-core/HumanEval+/acc/pass@1,0.45121951219512196
ONPOLICY-SFT-Qwen3-1P7B-COLDSTART-FRAC25-CODE-KODCODE-CTX8K-S1-BETA0-V1_1783416222,25%,25,beta=0.0,beta0,25,MBPP+ pass@1,val-core/MBPP+/acc/pass@1,0.4656084656084656
ONPOLICY-SFT-Qwen3-1P7B-COLDSTART-FRAC25-CODE-KODCODE-CTX8K-S1-BETA0-V1_1783416222,25%,25,beta=0.0,beta0,25,LiveCodeBench pass@1,val-core/LiveCodeBench/acc/pass@1,0.2109375
ONPOLICY-SFT-Qwen3-1P7B-COLDSTART-FRAC25-CODE-KODCODE-CTX8K-S1-BETA0-V1_1783416222,25%,25,beta=0.0,beta0,25,HumanEval+ extract fail,val-aux/HumanEval+/code_reward_extraction_fail/mean@1,0.012195121951219513
ONPOLICY-SFT-Qwen3-1P7B-COLDSTART-FRAC25-CODE-KODCODE-CTX8K-S1-BETA0-V1_1783416222,25%,25,beta=0.0,beta0,25,MBPP+ extract fail,val-aux/MBPP+/code_reward_extraction_fail/mean@1,0.010582010582010581
ONPOLICY-SFT-Qwen3-1P7B-COLDSTART-FRAC25-CODE-KODCODE-CTX8K-S1-BETA0-V1_1783416222,25%,25,beta=0.0,beta0,25,LiveCodeBench extract fail,val-aux/LiveCodeBench/code_reward_extraction_fail/mean@1,0.015625
ONPOLICY-SFT-Qwen3-1P7B-COLDSTART-FRAC25-CODE-KODCODE-CTX8K-S1-BETA0-V1_1783416222,25%,25,beta=0.0,beta0,25,Rollout correct ratio,wdl_sft/correct_ratio,0.2890625
ONPOLICY-SFT-Qwen3-1P7B-COLDSTART-FRAC25-CODE-KODCODE-CTX8K-S1-BETA0-V1_1783416222,25%,25,beta=0.0,beta0,25,Gradient norm,actor/grad_norm,12.668572425842285
ONPOLICY-SFT-Qwen3-1P7B-COLDSTART-FRAC25-CODE-KODCODE-CTX8K-S1-BETA0-V1_1783416222,25%,25,beta=0.0,beta0,25,Train score mean,critic/score/mean,-0.421875
ONPOLICY-SFT-Qwen3-1P7B-COLDSTART-FRAC25-CODE-KODCODE-CTX8K-S1-BETA0-V1_1783416222,25%,25,beta=0.0,beta0,25,Response length mean,response_length/mean,171.728515625
ONPOLICY-SFT-Qwen3-1P7B-COLDSTART-FRAC25-CODE-KODCODE-CTX8K-S1-BETA0-V1_1783416222,25%,25,beta=0.0,beta0,25,Time per step,perf/time_per_step,46.99830839689821
ONPOLICY-SFT-Qwen3-1P7B-COLDSTART-FRAC25-CODE-KODCODE-CTX8K-S1-BETA0-V1_1783416222,25%,25,beta=0.0,beta0,26,Rollout correct ratio,wdl_sft/correct_ratio,0.30859375
ONPOLICY-SFT-Qwen3-1P7B-COLDSTART-FRAC25-CODE-KODCODE-CTX8K-S1-BETA0-V1_1783416222,25%,25,beta=0.0,beta0,26,Gradient norm,actor/grad_norm,12.005109786987305
ONPOLICY-SFT-Qwen3-1P7B-COLDSTART-FRAC25-CODE-KODCODE-CTX8K-S1-BETA0-V1_1783416222,25%,25,beta=0.0,beta0,26,Train score mean,critic/score/mean,-0.3828125
ONPOLICY-SFT-Qwen3-1P7B-COLDSTART-FRAC25-CODE-KODCODE-CTX8K-S1-BETA0-V1_1783416222,25%,25,beta=0.0,beta0,26,Response length mean,response_length/mean,167.607421875
ONPOLICY-SFT-Qwen3-1P7B-COLDSTART-FRAC25-CODE-KODCODE-CTX8K-S1-BETA0-V1_1783416222,25%,25,beta=0.0,beta0,26,Time per step,perf/time_per_step,43.23501608893275
ONPOLICY-SFT-Qwen3-1P7B-COLDSTART-FRAC25-CODE-KODCODE-CTX8K-S1-BETA0-V1_1783416222,25%,25,beta=0.0,beta0,27,Rollout correct ratio,wdl_sft/correct_ratio,0.345703125
ONPOLICY-SFT-Qwen3-1P7B-COLDSTART-FRAC25-CODE-KODCODE-CTX8K-S1-BETA0-V1_1783416222,25%,25,beta=0.0,beta0,27,Gradient norm,actor/grad_norm,9.80807876586914
ONPOLICY-SFT-Qwen3-1P7B-COLDSTART-FRAC25-CODE-KODCODE-CTX8K-S1-BETA0-V1_1783416222,25%,25,beta=0.0,beta0,27,Train score mean,critic/score/mean,-0.30859375
ONPOLICY-SFT-Qwen3-1P7B-COLDSTART-FRAC25-CODE-KODCODE-CTX8K-S1-BETA0-V1_1783416222,25%,25,beta=0.0,beta0,27,Response length mean,response_length/mean,164.09375
ONPOLICY-SFT-Qwen3-1P7B-COLDSTART-FRAC25-CODE-KODCODE-CTX8K-S1-BETA0-V1_1783416222,25%,25,beta=0.0,beta0,27,Time per step,perf/time_per_step,42.672628971748054
ONPOLICY-SFT-Qwen3-1P7B-COLDSTART-FRAC25-CODE-KODCODE-CTX8K-S1-BETA0-V1_1783416222,25%,25,beta=0.0,beta0,28,Rollout correct ratio,wdl_sft/correct_ratio,0.271484375
ONPOLICY-SFT-Qwen3-1P7B-COLDSTART-FRAC25-CODE-KODCODE-CTX8K-S1-BETA0-V1_1783416222,25%,25,beta=0.0,beta0,28,Gradient norm,actor/grad_norm,11.283814430236816
ONPOLICY-SFT-Qwen3-1P7B-COLDSTART-FRAC25-CODE-KODCODE-CTX8K-S1-BETA0-V1_1783416222,25%,25,beta=0.0,beta0,28,Train score mean,critic/score/mean,-0.45703125
ONPOLICY-SFT-Qwen3-1P7B-COLDSTART-FRAC25-CODE-KODCODE-CTX8K-S1-BETA0-V1_1783416222,25%,25,beta=0.0,beta0,28,Response length mean,response_length/mean,175.208984375
ONPOLICY-SFT-Qwen3-1P7B-COLDSTART-FRAC25-CODE-KODCODE-CTX8K-S1-BETA0-V1_1783416222,25%,25,beta=0.0,beta0,28,Time per step,perf/time_per_step,41.72073706239462
ONPOLICY-SFT-Qwen3-1P7B-COLDSTART-FRAC25-CODE-KODCODE-CTX8K-S1-BETA0-V1_1783416222,25%,25,beta=0.0,beta0,29,Rollout correct ratio,wdl_sft/correct_ratio,0.328125
ONPOLICY-SFT-Qwen3-1P7B-COLDSTART-FRAC25-CODE-KODCODE-CTX8K-S1-BETA0-V1_1783416222,25%,25,beta=0.0,beta0,29,Gradient norm,actor/grad_norm,11.102856636047363
ONPOLICY-SFT-Qwen3-1P7B-COLDSTART-FRAC25-CODE-KODCODE-CTX8K-S1-BETA0-V1_1783416222,25%,25,beta=0.0,beta0,29,Train score mean,critic/score/mean,-0.34375
ONPOLICY-SFT-Qwen3-1P7B-COLDSTART-FRAC25-CODE-KODCODE-CTX8K-S1-BETA0-V1_1783416222,25%,25,beta=0.0,beta0,29,Response length mean,response_length/mean,172.287109375
ONPOLICY-SFT-Qwen3-1P7B-COLDSTART-FRAC25-CODE-KODCODE-CTX8K-S1-BETA0-V1_1783416222,25%,25,beta=0.0,beta0,29,Time per step,perf/time_per_step,66.69373628124595
ONPOLICY-SFT-Qwen3-1P7B-COLDSTART-FRAC25-CODE-KODCODE-CTX8K-S1-BETA0-V1_1783416222,25%,25,beta=0.0,beta0,30,HumanEval+ pass@1,val-core/HumanEval+/acc/pass@1,0.4634146341463415
ONPOLICY-SFT-Qwen3-1P7B-COLDSTART-FRAC25-CODE-KODCODE-CTX8K-S1-BETA0-V1_1783416222,25%,25,beta=0.0,beta0,30,MBPP+ pass@1,val-core/MBPP+/acc/pass@1,0.47883597883597884
ONPOLICY-SFT-Qwen3-1P7B-COLDSTART-FRAC25-CODE-KODCODE-CTX8K-S1-BETA0-V1_1783416222,25%,25,beta=0.0,beta0,30,LiveCodeBench pass@1,val-core/LiveCodeBench/acc/pass@1,0.1953125
ONPOLICY-SFT-Qwen3-1P7B-COLDSTART-FRAC25-CODE-KODCODE-CTX8K-S1-BETA0-V1_1783416222,25%,25,beta=0.0,beta0,30,HumanEval+ extract fail,val-aux/HumanEval+/code_reward_extraction_fail/mean@1,0.006097560975609756
ONPOLICY-SFT-Qwen3-1P7B-COLDSTART-FRAC25-CODE-KODCODE-CTX8K-S1-BETA0-V1_1783416222,25%,25,beta=0.0,beta0,30,MBPP+ extract fail,val-aux/MBPP+/code_reward_extraction_fail/mean@1,0.010582010582010581
ONPOLICY-SFT-Qwen3-1P7B-COLDSTART-FRAC25-CODE-KODCODE-CTX8K-S1-BETA0-V1_1783416222,25%,25,beta=0.0,beta0,30,LiveCodeBench extract fail,val-aux/LiveCodeBench/code_reward_extraction_fail/mean@1,0.03125
ONPOLICY-SFT-Qwen3-1P7B-COLDSTART-FRAC25-CODE-KODCODE-CTX8K-S1-BETA0-V1_1783416222,25%,25,beta=0.0,beta0,30,Rollout correct ratio,wdl_sft/correct_ratio,0.291015625
ONPOLICY-SFT-Qwen3-1P7B-COLDSTART-FRAC25-CODE-KODCODE-CTX8K-S1-BETA0-V1_1783416222,25%,25,beta=0.0,beta0,30,Gradient norm,actor/grad_norm,11.025749206542969
ONPOLICY-SFT-Qwen3-1P7B-COLDSTART-FRAC25-CODE-KODCODE-CTX8K-S1-BETA0-V1_1783416222,25%,25,beta=0.0,beta0,30,Train score mean,critic/score/mean,-0.41796875
ONPOLICY-SFT-Qwen3-1P7B-COLDSTART-FRAC25-CODE-KODCODE-CTX8K-S1-BETA0-V1_1783416222,25%,25,beta=0.0,beta0,30,Response length mean,response_length/mean,173.20703125
ONPOLICY-SFT-Qwen3-1P7B-COLDSTART-FRAC25-CODE-KODCODE-CTX8K-S1-BETA0-V1_1783416222,25%,25,beta=0.0,beta0,30,Time per step,perf/time_per_step,47.85069356393069
ONPOLICY-SFT-Qwen3-1P7B-COLDSTART-FRAC25-CODE-KODCODE-CTX8K-S1-BETA0-V1_1783416222,25%,25,beta=0.0,beta0,31,Rollout correct ratio,wdl_sft/correct_ratio,0.35546875
ONPOLICY-SFT-Qwen3-1P7B-COLDSTART-FRAC25-CODE-KODCODE-CTX8K-S1-BETA0-V1_1783416222,25%,25,beta=0.0,beta0,31,Gradient norm,actor/grad_norm,9.992951393127441
ONPOLICY-SFT-Qwen3-1P7B-COLDSTART-FRAC25-CODE-KODCODE-CTX8K-S1-BETA0-V1_1783416222,25%,25,beta=0.0,beta0,31,Train score mean,critic/score/mean,-0.2890625
ONPOLICY-SFT-Qwen3-1P7B-COLDSTART-FRAC25-CODE-KODCODE-CTX8K-S1-BETA0-V1_1783416222,25%,25,beta=0.0,beta0,31,Response length mean,response_length/mean,156.328125
ONPOLICY-SFT-Qwen3-1P7B-COLDSTART-FRAC25-CODE-KODCODE-CTX8K-S1-BETA0-V1_1783416222,25%,25,beta=0.0,beta0,31,Time per step,perf/time_per_step,43.75779992341995
ONPOLICY-SFT-Qwen3-1P7B-COLDSTART-FRAC25-CODE-KODCODE-CTX8K-S1-BETA0-V1_1783416222,25%,25,beta=0.0,beta0,32,Rollout correct ratio,wdl_sft/correct_ratio,0.318359375
ONPOLICY-SFT-Qwen3-1P7B-COLDSTART-FRAC25-CODE-KODCODE-CTX8K-S1-BETA0-V1_1783416222,25%,25,beta=0.0,beta0,32,Gradient norm,actor/grad_norm,10.507680892944336
ONPOLICY-SFT-Qwen3-1P7B-COLDSTART-FRAC25-CODE-KODCODE-CTX8K-S1-BETA0-V1_1783416222,25%,25,beta=0.0,beta0,32,Train score mean,critic/score/mean,-0.36328125
ONPOLICY-SFT-Qwen3-1P7B-COLDSTART-FRAC25-CODE-KODCODE-CTX8K-S1-BETA0-V1_1783416222,25%,25,beta=0.0,beta0,32,Response length mean,response_length/mean,156.154296875
ONPOLICY-SFT-Qwen3-1P7B-COLDSTART-FRAC25-CODE-KODCODE-CTX8K-S1-BETA0-V1_1783416222,25%,25,beta=0.0,beta0,32,Time per step,perf/time_per_step,42.680425031110644
ONPOLICY-SFT-Qwen3-1P7B-COLDSTART-FRAC25-CODE-KODCODE-CTX8K-S1-BETA0-V1_1783416222,25%,25,beta=0.0,beta0,33,Rollout correct ratio,wdl_sft/correct_ratio,0.34765625
ONPOLICY-SFT-Qwen3-1P7B-COLDSTART-FRAC25-CODE-KODCODE-CTX8K-S1-BETA0-V1_1783416222,25%,25,beta=0.0,beta0,33,Gradient norm,actor/grad_norm,11.573105812072754
ONPOLICY-SFT-Qwen3-1P7B-COLDSTART-FRAC25-CODE-KODCODE-CTX8K-S1-BETA0-V1_1783416222,25%,25,beta=0.0,beta0,33,Train score mean,critic/score/mean,-0.3046875
ONPOLICY-SFT-Qwen3-1P7B-COLDSTART-FRAC25-CODE-KODCODE-CTX8K-S1-BETA0-V1_1783416222,25%,25,beta=0.0,beta0,33,Response length mean,response_length/mean,167.5234375
ONPOLICY-SFT-Qwen3-1P7B-COLDSTART-FRAC25-CODE-KODCODE-CTX8K-S1-BETA0-V1_1783416222,25%,25,beta=0.0,beta0,33,Time per step,perf/time_per_step,64.78349147550762
ONPOLICY-SFT-Qwen3-1P7B-COLDSTART-FRAC25-CODE-KODCODE-CTX8K-S1-BETA0-V1_1783416222,25%,25,beta=0.0,beta0,34,Rollout correct ratio,wdl_sft/correct_ratio,0.30078125
ONPOLICY-SFT-Qwen3-1P7B-COLDSTART-FRAC25-CODE-KODCODE-CTX8K-S1-BETA0-V1_1783416222,25%,25,beta=0.0,beta0,34,Gradient norm,actor/grad_norm,12.738212585449219
ONPOLICY-SFT-Qwen3-1P7B-COLDSTART-FRAC25-CODE-KODCODE-CTX8K-S1-BETA0-V1_1783416222,25%,25,beta=0.0,beta0,34,Train score mean,critic/score/mean,-0.3984375
ONPOLICY-SFT-Qwen3-1P7B-COLDSTART-FRAC25-CODE-KODCODE-CTX8K-S1-BETA0-V1_1783416222,25%,25,beta=0.0,beta0,34,Response length mean,response_length/mean,160.283203125
ONPOLICY-SFT-Qwen3-1P7B-COLDSTART-FRAC25-CODE-KODCODE-CTX8K-S1-BETA0-V1_1783416222,25%,25,beta=0.0,beta0,34,Time per step,perf/time_per_step,43.36582044698298
ONPOLICY-SFT-Qwen3-1P7B-COLDSTART-FRAC25-CODE-KODCODE-CTX8K-S1-BETA0-V1_1783416222,25%,25,beta=0.0,beta0,35,HumanEval+ pass@1,val-core/HumanEval+/acc/pass@1,0.45121951219512196
ONPOLICY-SFT-Qwen3-1P7B-COLDSTART-FRAC25-CODE-KODCODE-CTX8K-S1-BETA0-V1_1783416222,25%,25,beta=0.0,beta0,35,MBPP+ pass@1,val-core/MBPP+/acc/pass@1,0.48412698412698413
ONPOLICY-SFT-Qwen3-1P7B-COLDSTART-FRAC25-CODE-KODCODE-CTX8K-S1-BETA0-V1_1783416222,25%,25,beta=0.0,beta0,35,LiveCodeBench pass@1,val-core/LiveCodeBench/acc/pass@1,0.1875
ONPOLICY-SFT-Qwen3-1P7B-COLDSTART-FRAC25-CODE-KODCODE-CTX8K-S1-BETA0-V1_1783416222,25%,25,beta=0.0,beta0,35,HumanEval+ extract fail,val-aux/HumanEval+/code_reward_extraction_fail/mean@1,0.0
ONPOLICY-SFT-Qwen3-1P7B-COLDSTART-FRAC25-CODE-KODCODE-CTX8K-S1-BETA0-V1_1783416222,25%,25,beta=0.0,beta0,35,MBPP+ extract fail,val-aux/MBPP+/code_reward_extraction_fail/mean@1,0.015873015873015872
ONPOLICY-SFT-Qwen3-1P7B-COLDSTART-FRAC25-CODE-KODCODE-CTX8K-S1-BETA0-V1_1783416222,25%,25,beta=0.0,beta0,35,LiveCodeBench extract fail,val-aux/LiveCodeBench/code_reward_extraction_fail/mean@1,0.0078125
ONPOLICY-SFT-Qwen3-1P7B-COLDSTART-FRAC25-CODE-KODCODE-CTX8K-S1-BETA0-V1_1783416222,25%,25,beta=0.0,beta0,35,Rollout correct ratio,wdl_sft/correct_ratio,0.359375
ONPOLICY-SFT-Qwen3-1P7B-COLDSTART-FRAC25-CODE-KODCODE-CTX8K-S1-BETA0-V1_1783416222,25%,25,beta=0.0,beta0,35,Gradient norm,actor/grad_norm,9.901738166809082
ONPOLICY-SFT-Qwen3-1P7B-COLDSTART-FRAC25-CODE-KODCODE-CTX8K-S1-BETA0-V1_1783416222,25%,25,beta=0.0,beta0,35,Train score mean,critic/score/mean,-0.28125
ONPOLICY-SFT-Qwen3-1P7B-COLDSTART-FRAC25-CODE-KODCODE-CTX8K-S1-BETA0-V1_1783416222,25%,25,beta=0.0,beta0,35,Response length mean,response_length/mean,162.287109375
ONPOLICY-SFT-Qwen3-1P7B-COLDSTART-FRAC25-CODE-KODCODE-CTX8K-S1-BETA0-V1_1783416222,25%,25,beta=0.0,beta0,35,Time per step,perf/time_per_step,50.04621536284685
ONPOLICY-SFT-Qwen3-1P7B-COLDSTART-FRAC25-CODE-KODCODE-CTX8K-S1-BETA0-V1_1783416222,25%,25,beta=0.0,beta0,36,Rollout correct ratio,wdl_sft/correct_ratio,0.31640625
ONPOLICY-SFT-Qwen3-1P7B-COLDSTART-FRAC25-CODE-KODCODE-CTX8K-S1-BETA0-V1_1783416222,25%,25,beta=0.0,beta0,36,Gradient norm,actor/grad_norm,10.139552116394043
ONPOLICY-SFT-Qwen3-1P7B-COLDSTART-FRAC25-CODE-KODCODE-CTX8K-S1-BETA0-V1_1783416222,25%,25,beta=0.0,beta0,36,Train score mean,critic/score/mean,-0.3671875
ONPOLICY-SFT-Qwen3-1P7B-COLDSTART-FRAC25-CODE-KODCODE-CTX8K-S1-BETA0-V1_1783416222,25%,25,beta=0.0,beta0,36,Response length mean,response_length/mean,189.28125
ONPOLICY-SFT-Qwen3-1P7B-COLDSTART-FRAC25-CODE-KODCODE-CTX8K-S1-BETA0-V1_1783416222,25%,25,beta=0.0,beta0,36,Time per step,perf/time_per_step,64.3208435550332
ONPOLICY-SFT-Qwen3-1P7B-COLDSTART-FRAC25-CODE-KODCODE-CTX8K-S1-BETA0-V1_1783416222,25%,25,beta=0.0,beta0,37,Rollout correct ratio,wdl_sft/correct_ratio,0.478515625
ONPOLICY-SFT-Qwen3-1P7B-COLDSTART-FRAC25-CODE-KODCODE-CTX8K-S1-BETA0-V1_1783416222,25%,25,beta=0.0,beta0,37,Gradient norm,actor/grad_norm,9.183145523071289
ONPOLICY-SFT-Qwen3-1P7B-COLDSTART-FRAC25-CODE-KODCODE-CTX8K-S1-BETA0-V1_1783416222,25%,25,beta=0.0,beta0,37,Train score mean,critic/score/mean,-0.04296875
ONPOLICY-SFT-Qwen3-1P7B-COLDSTART-FRAC25-CODE-KODCODE-CTX8K-S1-BETA0-V1_1783416222,25%,25,beta=0.0,beta0,37,Response length mean,response_length/mean,154.763671875
ONPOLICY-SFT-Qwen3-1P7B-COLDSTART-FRAC25-CODE-KODCODE-CTX8K-S1-BETA0-V1_1783416222,25%,25,beta=0.0,beta0,37,Time per step,perf/time_per_step,41.29234835971147
ONPOLICY-SFT-Qwen3-1P7B-COLDSTART-FRAC25-CODE-KODCODE-CTX8K-S1-BETA0-V1_1783416222,25%,25,beta=0.0,beta0,38,Rollout correct ratio,wdl_sft/correct_ratio,0.3046875
ONPOLICY-SFT-Qwen3-1P7B-COLDSTART-FRAC25-CODE-KODCODE-CTX8K-S1-BETA0-V1_1783416222,25%,25,beta=0.0,beta0,38,Gradient norm,actor/grad_norm,12.695782661437988
ONPOLICY-SFT-Qwen3-1P7B-COLDSTART-FRAC25-CODE-KODCODE-CTX8K-S1-BETA0-V1_1783416222,25%,25,beta=0.0,beta0,38,Train score mean,critic/score/mean,-0.390625
ONPOLICY-SFT-Qwen3-1P7B-COLDSTART-FRAC25-CODE-KODCODE-CTX8K-S1-BETA0-V1_1783416222,25%,25,beta=0.0,beta0,38,Response length mean,response_length/mean,164.455078125
ONPOLICY-SFT-Qwen3-1P7B-COLDSTART-FRAC25-CODE-KODCODE-CTX8K-S1-BETA0-V1_1783416222,25%,25,beta=0.0,beta0,38,Time per step,perf/time_per_step,41.56470935512334
ONPOLICY-SFT-Qwen3-1P7B-COLDSTART-FRAC25-CODE-KODCODE-CTX8K-S1-BETA0-V1_1783416222,25%,25,beta=0.0,beta0,39,Rollout correct ratio,wdl_sft/correct_ratio,0.390625
ONPOLICY-SFT-Qwen3-1P7B-COLDSTART-FRAC25-CODE-KODCODE-CTX8K-S1-BETA0-V1_1783416222,25%,25,beta=0.0,beta0,39,Gradient norm,actor/grad_norm,9.169670104980469
ONPOLICY-SFT-Qwen3-1P7B-COLDSTART-FRAC25-CODE-KODCODE-CTX8K-S1-BETA0-V1_1783416222,25%,25,beta=0.0,beta0,39,Train score mean,critic/score/mean,-0.21875
ONPOLICY-SFT-Qwen3-1P7B-COLDSTART-FRAC25-CODE-KODCODE-CTX8K-S1-BETA0-V1_1783416222,25%,25,beta=0.0,beta0,39,Response length mean,response_length/mean,177.478515625
ONPOLICY-SFT-Qwen3-1P7B-COLDSTART-FRAC25-CODE-KODCODE-CTX8K-S1-BETA0-V1_1783416222,25%,25,beta=0.0,beta0,39,Time per step,perf/time_per_step,64.00112182926387
ONPOLICY-SFT-Qwen3-1P7B-COLDSTART-FRAC25-CODE-KODCODE-CTX8K-S1-BETA0-V1_1783416222,25%,25,beta=0.0,beta0,40,HumanEval+ pass@1,val-core/HumanEval+/acc/pass@1,0.45121951219512196
ONPOLICY-SFT-Qwen3-1P7B-COLDSTART-FRAC25-CODE-KODCODE-CTX8K-S1-BETA0-V1_1783416222,25%,25,beta=0.0,beta0,40,MBPP+ pass@1,val-core/MBPP+/acc/pass@1,0.49206349206349204
ONPOLICY-SFT-Qwen3-1P7B-COLDSTART-FRAC25-CODE-KODCODE-CTX8K-S1-BETA0-V1_1783416222,25%,25,beta=0.0,beta0,40,LiveCodeBench pass@1,val-core/LiveCodeBench/acc/pass@1,0.2109375
ONPOLICY-SFT-Qwen3-1P7B-COLDSTART-FRAC25-CODE-KODCODE-CTX8K-S1-BETA0-V1_1783416222,25%,25,beta=0.0,beta0,40,HumanEval+ extract fail,val-aux/HumanEval+/code_reward_extraction_fail/mean@1,0.0
ONPOLICY-SFT-Qwen3-1P7B-COLDSTART-FRAC25-CODE-KODCODE-CTX8K-S1-BETA0-V1_1783416222,25%,25,beta=0.0,beta0,40,MBPP+ extract fail,val-aux/MBPP+/code_reward_extraction_fail/mean@1,0.010582010582010581
ONPOLICY-SFT-Qwen3-1P7B-COLDSTART-FRAC25-CODE-KODCODE-CTX8K-S1-BETA0-V1_1783416222,25%,25,beta=0.0,beta0,40,LiveCodeBench extract fail,val-aux/LiveCodeBench/code_reward_extraction_fail/mean@1,0.0078125
ONPOLICY-SFT-Qwen3-1P7B-COLDSTART-FRAC25-CODE-KODCODE-CTX8K-S1-BETA0-V1_1783416222,25%,25,beta=0.0,beta0,40,Rollout correct ratio,wdl_sft/correct_ratio,0.267578125
ONPOLICY-SFT-Qwen3-1P7B-COLDSTART-FRAC25-CODE-KODCODE-CTX8K-S1-BETA0-V1_1783416222,25%,25,beta=0.0,beta0,40,Gradient norm,actor/grad_norm,11.882678031921387
ONPOLICY-SFT-Qwen3-1P7B-COLDSTART-FRAC25-CODE-KODCODE-CTX8K-S1-BETA0-V1_1783416222,25%,25,beta=0.0,beta0,40,Train score mean,critic/score/mean,-0.46484375
ONPOLICY-SFT-Qwen3-1P7B-COLDSTART-FRAC25-CODE-KODCODE-CTX8K-S1-BETA0-V1_1783416222,25%,25,beta=0.0,beta0,40,Response length mean,response_length/mean,163.119140625
ONPOLICY-SFT-Qwen3-1P7B-COLDSTART-FRAC25-CODE-KODCODE-CTX8K-S1-BETA0-V1_1783416222,25%,25,beta=0.0,beta0,40,Time per step,perf/time_per_step,47.54013563878834
ONPOLICY-SFT-Qwen3-1P7B-COLDSTART-FRAC25-CODE-KODCODE-CTX8K-S1-BETA0-V1_1783416222,25%,25,beta=0.0,beta0,41,Rollout correct ratio,wdl_sft/correct_ratio,0.298828125
ONPOLICY-SFT-Qwen3-1P7B-COLDSTART-FRAC25-CODE-KODCODE-CTX8K-S1-BETA0-V1_1783416222,25%,25,beta=0.0,beta0,41,Gradient norm,actor/grad_norm,11.305177688598633
ONPOLICY-SFT-Qwen3-1P7B-COLDSTART-FRAC25-CODE-KODCODE-CTX8K-S1-BETA0-V1_1783416222,25%,25,beta=0.0,beta0,41,Train score mean,critic/score/mean,-0.40234375
ONPOLICY-SFT-Qwen3-1P7B-COLDSTART-FRAC25-CODE-KODCODE-CTX8K-S1-BETA0-V1_1783416222,25%,25,beta=0.0,beta0,41,Response length mean,response_length/mean,171.720703125
ONPOLICY-SFT-Qwen3-1P7B-COLDSTART-FRAC25-CODE-KODCODE-CTX8K-S1-BETA0-V1_1783416222,25%,25,beta=0.0,beta0,41,Time per step,perf/time_per_step,41.73521660640836
ONPOLICY-SFT-Qwen3-1P7B-COLDSTART-FRAC25-CODE-KODCODE-CTX8K-S1-BETA0-V1_1783416222,25%,25,beta=0.0,beta0,42,Rollout correct ratio,wdl_sft/correct_ratio,0.37109375
ONPOLICY-SFT-Qwen3-1P7B-COLDSTART-FRAC25-CODE-KODCODE-CTX8K-S1-BETA0-V1_1783416222,25%,25,beta=0.0,beta0,42,Gradient norm,actor/grad_norm,9.88618278503418
ONPOLICY-SFT-Qwen3-1P7B-COLDSTART-FRAC25-CODE-KODCODE-CTX8K-S1-BETA0-V1_1783416222,25%,25,beta=0.0,beta0,42,Train score mean,critic/score/mean,-0.2578125
ONPOLICY-SFT-Qwen3-1P7B-COLDSTART-FRAC25-CODE-KODCODE-CTX8K-S1-BETA0-V1_1783416222,25%,25,beta=0.0,beta0,42,Response length mean,response_length/mean,167.85546875
ONPOLICY-SFT-Qwen3-1P7B-COLDSTART-FRAC25-CODE-KODCODE-CTX8K-S1-BETA0-V1_1783416222,25%,25,beta=0.0,beta0,42,Time per step,perf/time_per_step,44.90092310961336
ONPOLICY-SFT-Qwen3-1P7B-COLDSTART-FRAC25-CODE-KODCODE-CTX8K-S1-BETA0-V1_1783416222,25%,25,beta=0.0,beta0,43,Rollout correct ratio,wdl_sft/correct_ratio,0.26953125
ONPOLICY-SFT-Qwen3-1P7B-COLDSTART-FRAC25-CODE-KODCODE-CTX8K-S1-BETA0-V1_1783416222,25%,25,beta=0.0,beta0,43,Gradient norm,actor/grad_norm,12.893363952636719
ONPOLICY-SFT-Qwen3-1P7B-COLDSTART-FRAC25-CODE-KODCODE-CTX8K-S1-BETA0-V1_1783416222,25%,25,beta=0.0,beta0,43,Train score mean,critic/score/mean,-0.4609375
ONPOLICY-SFT-Qwen3-1P7B-COLDSTART-FRAC25-CODE-KODCODE-CTX8K-S1-BETA0-V1_1783416222,25%,25,beta=0.0,beta0,43,Response length mean,response_length/mean,171.447265625
ONPOLICY-SFT-Qwen3-1P7B-COLDSTART-FRAC25-CODE-KODCODE-CTX8K-S1-BETA0-V1_1783416222,25%,25,beta=0.0,beta0,43,Time per step,perf/time_per_step,43.74940656777471
ONPOLICY-SFT-Qwen3-1P7B-COLDSTART-FRAC25-CODE-KODCODE-CTX8K-S1-BETA0-V1_1783416222,25%,25,beta=0.0,beta0,44,Rollout correct ratio,wdl_sft/correct_ratio,0.373046875
ONPOLICY-SFT-Qwen3-1P7B-COLDSTART-FRAC25-CODE-KODCODE-CTX8K-S1-BETA0-V1_1783416222,25%,25,beta=0.0,beta0,44,Gradient norm,actor/grad_norm,11.491342544555664
ONPOLICY-SFT-Qwen3-1P7B-COLDSTART-FRAC25-CODE-KODCODE-CTX8K-S1-BETA0-V1_1783416222,25%,25,beta=0.0,beta0,44,Train score mean,critic/score/mean,-0.25390625
ONPOLICY-SFT-Qwen3-1P7B-COLDSTART-FRAC25-CODE-KODCODE-CTX8K-S1-BETA0-V1_1783416222,25%,25,beta=0.0,beta0,44,Response length mean,response_length/mean,167.90234375
ONPOLICY-SFT-Qwen3-1P7B-COLDSTART-FRAC25-CODE-KODCODE-CTX8K-S1-BETA0-V1_1783416222,25%,25,beta=0.0,beta0,44,Time per step,perf/time_per_step,42.89129779022187
ONPOLICY-SFT-Qwen3-1P7B-COLDSTART-FRAC25-CODE-KODCODE-CTX8K-S1-BETA0-V1_1783416222,25%,25,beta=0.0,beta0,45,HumanEval+ pass@1,val-core/HumanEval+/acc/pass@1,0.4268292682926829
ONPOLICY-SFT-Qwen3-1P7B-COLDSTART-FRAC25-CODE-KODCODE-CTX8K-S1-BETA0-V1_1783416222,25%,25,beta=0.0,beta0,45,MBPP+ pass@1,val-core/MBPP+/acc/pass@1,0.48677248677248675
ONPOLICY-SFT-Qwen3-1P7B-COLDSTART-FRAC25-CODE-KODCODE-CTX8K-S1-BETA0-V1_1783416222,25%,25,beta=0.0,beta0,45,LiveCodeBench pass@1,val-core/LiveCodeBench/acc/pass@1,0.203125
ONPOLICY-SFT-Qwen3-1P7B-COLDSTART-FRAC25-CODE-KODCODE-CTX8K-S1-BETA0-V1_1783416222,25%,25,beta=0.0,beta0,45,HumanEval+ extract fail,val-aux/HumanEval+/code_reward_extraction_fail/mean@1,0.0
ONPOLICY-SFT-Qwen3-1P7B-COLDSTART-FRAC25-CODE-KODCODE-CTX8K-S1-BETA0-V1_1783416222,25%,25,beta=0.0,beta0,45,MBPP+ extract fail,val-aux/MBPP+/code_reward_extraction_fail/mean@1,0.007936507936507936
ONPOLICY-SFT-Qwen3-1P7B-COLDSTART-FRAC25-CODE-KODCODE-CTX8K-S1-BETA0-V1_1783416222,25%,25,beta=0.0,beta0,45,LiveCodeBench extract fail,val-aux/LiveCodeBench/code_reward_extraction_fail/mean@1,0.015625
ONPOLICY-SFT-Qwen3-1P7B-COLDSTART-FRAC25-CODE-KODCODE-CTX8K-S1-BETA0-V1_1783416222,25%,25,beta=0.0,beta0,45,Rollout correct ratio,wdl_sft/correct_ratio,0.35546875
ONPOLICY-SFT-Qwen3-1P7B-COLDSTART-FRAC25-CODE-KODCODE-CTX8K-S1-BETA0-V1_1783416222,25%,25,beta=0.0,beta0,45,Gradient norm,actor/grad_norm,12.032724380493164
ONPOLICY-SFT-Qwen3-1P7B-COLDSTART-FRAC25-CODE-KODCODE-CTX8K-S1-BETA0-V1_1783416222,25%,25,beta=0.0,beta0,45,Train score mean,critic/score/mean,-0.2890625
ONPOLICY-SFT-Qwen3-1P7B-COLDSTART-FRAC25-CODE-KODCODE-CTX8K-S1-BETA0-V1_1783416222,25%,25,beta=0.0,beta0,45,Response length mean,response_length/mean,160.275390625
ONPOLICY-SFT-Qwen3-1P7B-COLDSTART-FRAC25-CODE-KODCODE-CTX8K-S1-BETA0-V1_1783416222,25%,25,beta=0.0,beta0,45,Time per step,perf/time_per_step,47.896126131527126
ONPOLICY-SFT-Qwen3-1P7B-COLDSTART-FRAC25-CODE-KODCODE-CTX8K-S1-BETA0-V1_1783416222,25%,25,beta=0.0,beta0,46,Rollout correct ratio,wdl_sft/correct_ratio,0.40234375
ONPOLICY-SFT-Qwen3-1P7B-COLDSTART-FRAC25-CODE-KODCODE-CTX8K-S1-BETA0-V1_1783416222,25%,25,beta=0.0,beta0,46,Gradient norm,actor/grad_norm,10.910857200622559
ONPOLICY-SFT-Qwen3-1P7B-COLDSTART-FRAC25-CODE-KODCODE-CTX8K-S1-BETA0-V1_1783416222,25%,25,beta=0.0,beta0,46,Train score mean,critic/score/mean,-0.1953125
ONPOLICY-SFT-Qwen3-1P7B-COLDSTART-FRAC25-CODE-KODCODE-CTX8K-S1-BETA0-V1_1783416222,25%,25,beta=0.0,beta0,46,Response length mean,response_length/mean,182.421875
ONPOLICY-SFT-Qwen3-1P7B-COLDSTART-FRAC25-CODE-KODCODE-CTX8K-S1-BETA0-V1_1783416222,25%,25,beta=0.0,beta0,46,Time per step,perf/time_per_step,66.01368827093393
ONPOLICY-SFT-Qwen3-1P7B-COLDSTART-FRAC25-CODE-KODCODE-CTX8K-S1-BETA0-V1_1783416222,25%,25,beta=0.0,beta0,47,Rollout correct ratio,wdl_sft/correct_ratio,0.439453125
ONPOLICY-SFT-Qwen3-1P7B-COLDSTART-FRAC25-CODE-KODCODE-CTX8K-S1-BETA0-V1_1783416222,25%,25,beta=0.0,beta0,47,Gradient norm,actor/grad_norm,8.369966506958008
ONPOLICY-SFT-Qwen3-1P7B-COLDSTART-FRAC25-CODE-KODCODE-CTX8K-S1-BETA0-V1_1783416222,25%,25,beta=0.0,beta0,47,Train score mean,critic/score/mean,-0.12109375
ONPOLICY-SFT-Qwen3-1P7B-COLDSTART-FRAC25-CODE-KODCODE-CTX8K-S1-BETA0-V1_1783416222,25%,25,beta=0.0,beta0,47,Response length mean,response_length/mean,152.845703125
ONPOLICY-SFT-Qwen3-1P7B-COLDSTART-FRAC25-CODE-KODCODE-CTX8K-S1-BETA0-V1_1783416222,25%,25,beta=0.0,beta0,47,Time per step,perf/time_per_step,42.64411419816315
ONPOLICY-SFT-Qwen3-1P7B-COLDSTART-FRAC25-CODE-KODCODE-CTX8K-S1-BETA0-V1_1783416222,25%,25,beta=0.0,beta0,48,Rollout correct ratio,wdl_sft/correct_ratio,0.34765625
ONPOLICY-SFT-Qwen3-1P7B-COLDSTART-FRAC25-CODE-KODCODE-CTX8K-S1-BETA0-V1_1783416222,25%,25,beta=0.0,beta0,48,Gradient norm,actor/grad_norm,11.035801887512207
ONPOLICY-SFT-Qwen3-1P7B-COLDSTART-FRAC25-CODE-KODCODE-CTX8K-S1-BETA0-V1_1783416222,25%,25,beta=0.0,beta0,48,Train score mean,critic/score/mean,-0.3046875
ONPOLICY-SFT-Qwen3-1P7B-COLDSTART-FRAC25-CODE-KODCODE-CTX8K-S1-BETA0-V1_1783416222,25%,25,beta=0.0,beta0,48,Response length mean,response_length/mean,159.87890625
ONPOLICY-SFT-Qwen3-1P7B-COLDSTART-FRAC25-CODE-KODCODE-CTX8K-S1-BETA0-V1_1783416222,25%,25,beta=0.0,beta0,48,Time per step,perf/time_per_step,41.14612153638154
ONPOLICY-SFT-Qwen3-1P7B-COLDSTART-FRAC25-CODE-KODCODE-CTX8K-S1-BETA0-V1_1783416222,25%,25,beta=0.0,beta0,49,Rollout correct ratio,wdl_sft/correct_ratio,0.380859375
ONPOLICY-SFT-Qwen3-1P7B-COLDSTART-FRAC25-CODE-KODCODE-CTX8K-S1-BETA0-V1_1783416222,25%,25,beta=0.0,beta0,49,Gradient norm,actor/grad_norm,9.278603553771973
ONPOLICY-SFT-Qwen3-1P7B-COLDSTART-FRAC25-CODE-KODCODE-CTX8K-S1-BETA0-V1_1783416222,25%,25,beta=0.0,beta0,49,Train score mean,critic/score/mean,-0.23828125
ONPOLICY-SFT-Qwen3-1P7B-COLDSTART-FRAC25-CODE-KODCODE-CTX8K-S1-BETA0-V1_1783416222,25%,25,beta=0.0,beta0,49,Response length mean,response_length/mean,154.369140625
ONPOLICY-SFT-Qwen3-1P7B-COLDSTART-FRAC25-CODE-KODCODE-CTX8K-S1-BETA0-V1_1783416222,25%,25,beta=0.0,beta0,49,Time per step,perf/time_per_step,40.84996324963868
ONPOLICY-SFT-Qwen3-1P7B-COLDSTART-FRAC25-CODE-KODCODE-CTX8K-S1-BETA0-V1_1783416222,25%,25,beta=0.0,beta0,50,HumanEval+ pass@1,val-core/HumanEval+/acc/pass@1,0.4634146341463415
ONPOLICY-SFT-Qwen3-1P7B-COLDSTART-FRAC25-CODE-KODCODE-CTX8K-S1-BETA0-V1_1783416222,25%,25,beta=0.0,beta0,50,MBPP+ pass@1,val-core/MBPP+/acc/pass@1,0.4894179894179894
ONPOLICY-SFT-Qwen3-1P7B-COLDSTART-FRAC25-CODE-KODCODE-CTX8K-S1-BETA0-V1_1783416222,25%,25,beta=0.0,beta0,50,LiveCodeBench pass@1,val-core/LiveCodeBench/acc/pass@1,0.21875
ONPOLICY-SFT-Qwen3-1P7B-COLDSTART-FRAC25-CODE-KODCODE-CTX8K-S1-BETA0-V1_1783416222,25%,25,beta=0.0,beta0,50,HumanEval+ extract fail,val-aux/HumanEval+/code_reward_extraction_fail/mean@1,0.0
ONPOLICY-SFT-Qwen3-1P7B-COLDSTART-FRAC25-CODE-KODCODE-CTX8K-S1-BETA0-V1_1783416222,25%,25,beta=0.0,beta0,50,MBPP+ extract fail,val-aux/MBPP+/code_reward_extraction_fail/mean@1,0.007936507936507936
ONPOLICY-SFT-Qwen3-1P7B-COLDSTART-FRAC25-CODE-KODCODE-CTX8K-S1-BETA0-V1_1783416222,25%,25,beta=0.0,beta0,50,LiveCodeBench extract fail,val-aux/LiveCodeBench/code_reward_extraction_fail/mean@1,0.0078125
ONPOLICY-SFT-Qwen3-1P7B-COLDSTART-FRAC25-CODE-KODCODE-CTX8K-S1-BETA0-V1_1783416222,25%,25,beta=0.0,beta0,50,Rollout correct ratio,wdl_sft/correct_ratio,0.388671875
ONPOLICY-SFT-Qwen3-1P7B-COLDSTART-FRAC25-CODE-KODCODE-CTX8K-S1-BETA0-V1_1783416222,25%,25,beta=0.0,beta0,50,Gradient norm,actor/grad_norm,10.047200202941895
ONPOLICY-SFT-Qwen3-1P7B-COLDSTART-FRAC25-CODE-KODCODE-CTX8K-S1-BETA0-V1_1783416222,25%,25,beta=0.0,beta0,50,Train score mean,critic/score/mean,-0.22265625
ONPOLICY-SFT-Qwen3-1P7B-COLDSTART-FRAC25-CODE-KODCODE-CTX8K-S1-BETA0-V1_1783416222,25%,25,beta=0.0,beta0,50,Response length mean,response_length/mean,170.8359375
ONPOLICY-SFT-Qwen3-1P7B-COLDSTART-FRAC25-CODE-KODCODE-CTX8K-S1-BETA0-V1_1783416222,25%,25,beta=0.0,beta0,50,Time per step,perf/time_per_step,50.2769460901618
ONPOLICY-SFT-Qwen3-1P7B-COLDSTART-FRAC25-CODE-KODCODE-CTX8K-S1-BETA0-V1_1783416222,25%,25,beta=0.0,beta0,51,Rollout correct ratio,wdl_sft/correct_ratio,0.357421875
ONPOLICY-SFT-Qwen3-1P7B-COLDSTART-FRAC25-CODE-KODCODE-CTX8K-S1-BETA0-V1_1783416222,25%,25,beta=0.0,beta0,51,Gradient norm,actor/grad_norm,10.209134101867676
ONPOLICY-SFT-Qwen3-1P7B-COLDSTART-FRAC25-CODE-KODCODE-CTX8K-S1-BETA0-V1_1783416222,25%,25,beta=0.0,beta0,51,Train score mean,critic/score/mean,-0.28515625
ONPOLICY-SFT-Qwen3-1P7B-COLDSTART-FRAC25-CODE-KODCODE-CTX8K-S1-BETA0-V1_1783416222,25%,25,beta=0.0,beta0,51,Response length mean,response_length/mean,165.0
ONPOLICY-SFT-Qwen3-1P7B-COLDSTART-FRAC25-CODE-KODCODE-CTX8K-S1-BETA0-V1_1783416222,25%,25,beta=0.0,beta0,51,Time per step,perf/time_per_step,44.586202044039965
ONPOLICY-SFT-Qwen3-1P7B-COLDSTART-FRAC25-CODE-KODCODE-CTX8K-S1-BETA0-V1_1783416222,25%,25,beta=0.0,beta0,52,Rollout correct ratio,wdl_sft/correct_ratio,0.3359375
ONPOLICY-SFT-Qwen3-1P7B-COLDSTART-FRAC25-CODE-KODCODE-CTX8K-S1-BETA0-V1_1783416222,25%,25,beta=0.0,beta0,52,Gradient norm,actor/grad_norm,10.048742294311523
ONPOLICY-SFT-Qwen3-1P7B-COLDSTART-FRAC25-CODE-KODCODE-CTX8K-S1-BETA0-V1_1783416222,25%,25,beta=0.0,beta0,52,Train score mean,critic/score/mean,-0.328125
ONPOLICY-SFT-Qwen3-1P7B-COLDSTART-FRAC25-CODE-KODCODE-CTX8K-S1-BETA0-V1_1783416222,25%,25,beta=0.0,beta0,52,Response length mean,response_length/mean,155.681640625
ONPOLICY-SFT-Qwen3-1P7B-COLDSTART-FRAC25-CODE-KODCODE-CTX8K-S1-BETA0-V1_1783416222,25%,25,beta=0.0,beta0,52,Time per step,perf/time_per_step,41.10719994362444
ONPOLICY-SFT-Qwen3-1P7B-COLDSTART-FRAC25-CODE-KODCODE-CTX8K-S1-BETA0-V1_1783416222,25%,25,beta=0.0,beta0,53,Rollout correct ratio,wdl_sft/correct_ratio,0.359375
ONPOLICY-SFT-Qwen3-1P7B-COLDSTART-FRAC25-CODE-KODCODE-CTX8K-S1-BETA0-V1_1783416222,25%,25,beta=0.0,beta0,53,Gradient norm,actor/grad_norm,10.378530502319336
ONPOLICY-SFT-Qwen3-1P7B-COLDSTART-FRAC25-CODE-KODCODE-CTX8K-S1-BETA0-V1_1783416222,25%,25,beta=0.0,beta0,53,Train score mean,critic/score/mean,-0.28125
ONPOLICY-SFT-Qwen3-1P7B-COLDSTART-FRAC25-CODE-KODCODE-CTX8K-S1-BETA0-V1_1783416222,25%,25,beta=0.0,beta0,53,Response length mean,response_length/mean,158.353515625
ONPOLICY-SFT-Qwen3-1P7B-COLDSTART-FRAC25-CODE-KODCODE-CTX8K-S1-BETA0-V1_1783416222,25%,25,beta=0.0,beta0,53,Time per step,perf/time_per_step,41.661312295123935
ONPOLICY-SFT-Qwen3-1P7B-COLDSTART-FRAC25-CODE-KODCODE-CTX8K-S1-BETA0-V1_1783416222,25%,25,beta=0.0,beta0,54,Rollout correct ratio,wdl_sft/correct_ratio,0.390625
ONPOLICY-SFT-Qwen3-1P7B-COLDSTART-FRAC25-CODE-KODCODE-CTX8K-S1-BETA0-V1_1783416222,25%,25,beta=0.0,beta0,54,Gradient norm,actor/grad_norm,9.31985855102539
ONPOLICY-SFT-Qwen3-1P7B-COLDSTART-FRAC25-CODE-KODCODE-CTX8K-S1-BETA0-V1_1783416222,25%,25,beta=0.0,beta0,54,Train score mean,critic/score/mean,-0.21875
ONPOLICY-SFT-Qwen3-1P7B-COLDSTART-FRAC25-CODE-KODCODE-CTX8K-S1-BETA0-V1_1783416222,25%,25,beta=0.0,beta0,54,Response length mean,response_length/mean,162.8046875
ONPOLICY-SFT-Qwen3-1P7B-COLDSTART-FRAC25-CODE-KODCODE-CTX8K-S1-BETA0-V1_1783416222,25%,25,beta=0.0,beta0,54,Time per step,perf/time_per_step,42.11953759659082
ONPOLICY-SFT-Qwen3-1P7B-COLDSTART-FRAC25-CODE-KODCODE-CTX8K-S1-BETA0-V1_1783416222,25%,25,beta=0.0,beta0,55,HumanEval+ pass@1,val-core/HumanEval+/acc/pass@1,0.4451219512195122
ONPOLICY-SFT-Qwen3-1P7B-COLDSTART-FRAC25-CODE-KODCODE-CTX8K-S1-BETA0-V1_1783416222,25%,25,beta=0.0,beta0,55,MBPP+ pass@1,val-core/MBPP+/acc/pass@1,0.4656084656084656
ONPOLICY-SFT-Qwen3-1P7B-COLDSTART-FRAC25-CODE-KODCODE-CTX8K-S1-BETA0-V1_1783416222,25%,25,beta=0.0,beta0,55,LiveCodeBench pass@1,val-core/LiveCodeBench/acc/pass@1,0.1875
ONPOLICY-SFT-Qwen3-1P7B-COLDSTART-FRAC25-CODE-KODCODE-CTX8K-S1-BETA0-V1_1783416222,25%,25,beta=0.0,beta0,55,HumanEval+ extract fail,val-aux/HumanEval+/code_reward_extraction_fail/mean@1,0.0
ONPOLICY-SFT-Qwen3-1P7B-COLDSTART-FRAC25-CODE-KODCODE-CTX8K-S1-BETA0-V1_1783416222,25%,25,beta=0.0,beta0,55,MBPP+ extract fail,val-aux/MBPP+/code_reward_extraction_fail/mean@1,0.010582010582010581
ONPOLICY-SFT-Qwen3-1P7B-COLDSTART-FRAC25-CODE-KODCODE-CTX8K-S1-BETA0-V1_1783416222,25%,25,beta=0.0,beta0,55,LiveCodeBench extract fail,val-aux/LiveCodeBench/code_reward_extraction_fail/mean@1,0.015625
ONPOLICY-SFT-Qwen3-1P7B-COLDSTART-FRAC25-CODE-KODCODE-CTX8K-S1-BETA0-V1_1783416222,25%,25,beta=0.0,beta0,55,Rollout correct ratio,wdl_sft/correct_ratio,0.3046875
ONPOLICY-SFT-Qwen3-1P7B-COLDSTART-FRAC25-CODE-KODCODE-CTX8K-S1-BETA0-V1_1783416222,25%,25,beta=0.0,beta0,55,Gradient norm,actor/grad_norm,10.481932640075684
ONPOLICY-SFT-Qwen3-1P7B-COLDSTART-FRAC25-CODE-KODCODE-CTX8K-S1-BETA0-V1_1783416222,25%,25,beta=0.0,beta0,55,Train score mean,critic/score/mean,-0.390625
ONPOLICY-SFT-Qwen3-1P7B-COLDSTART-FRAC25-CODE-KODCODE-CTX8K-S1-BETA0-V1_1783416222,25%,25,beta=0.0,beta0,55,Response length mean,response_length/mean,160.05859375
ONPOLICY-SFT-Qwen3-1P7B-COLDSTART-FRAC25-CODE-KODCODE-CTX8K-S1-BETA0-V1_1783416222,25%,25,beta=0.0,beta0,55,Time per step,perf/time_per_step,49.14935692679137
ONPOLICY-SFT-Qwen3-1P7B-COLDSTART-FRAC25-CODE-KODCODE-CTX8K-S1-BETA0-V1_1783416222,25%,25,beta=0.0,beta0,56,Rollout correct ratio,wdl_sft/correct_ratio,0.3203125
ONPOLICY-SFT-Qwen3-1P7B-COLDSTART-FRAC25-CODE-KODCODE-CTX8K-S1-BETA0-V1_1783416222,25%,25,beta=0.0,beta0,56,Gradient norm,actor/grad_norm,10.597909927368164
ONPOLICY-SFT-Qwen3-1P7B-COLDSTART-FRAC25-CODE-KODCODE-CTX8K-S1-BETA0-V1_1783416222,25%,25,beta=0.0,beta0,56,Train score mean,critic/score/mean,-0.359375
ONPOLICY-SFT-Qwen3-1P7B-COLDSTART-FRAC25-CODE-KODCODE-CTX8K-S1-BETA0-V1_1783416222,25%,25,beta=0.0,beta0,56,Response length mean,response_length/mean,150.0546875
ONPOLICY-SFT-Qwen3-1P7B-COLDSTART-FRAC25-CODE-KODCODE-CTX8K-S1-BETA0-V1_1783416222,25%,25,beta=0.0,beta0,56,Time per step,perf/time_per_step,42.63343847729266
ONPOLICY-SFT-Qwen3-1P7B-COLDSTART-FRAC25-CODE-KODCODE-CTX8K-S1-BETA0-V1_1783416222,25%,25,beta=0.0,beta0,57,Rollout correct ratio,wdl_sft/correct_ratio,0.3984375
ONPOLICY-SFT-Qwen3-1P7B-COLDSTART-FRAC25-CODE-KODCODE-CTX8K-S1-BETA0-V1_1783416222,25%,25,beta=0.0,beta0,57,Gradient norm,actor/grad_norm,9.63782787322998
ONPOLICY-SFT-Qwen3-1P7B-COLDSTART-FRAC25-CODE-KODCODE-CTX8K-S1-BETA0-V1_1783416222,25%,25,beta=0.0,beta0,57,Train score mean,critic/score/mean,-0.203125
ONPOLICY-SFT-Qwen3-1P7B-COLDSTART-FRAC25-CODE-KODCODE-CTX8K-S1-BETA0-V1_1783416222,25%,25,beta=0.0,beta0,57,Response length mean,response_length/mean,167.578125
ONPOLICY-SFT-Qwen3-1P7B-COLDSTART-FRAC25-CODE-KODCODE-CTX8K-S1-BETA0-V1_1783416222,25%,25,beta=0.0,beta0,57,Time per step,perf/time_per_step,40.65034436993301
ONPOLICY-SFT-Qwen3-1P7B-COLDSTART-FRAC25-CODE-KODCODE-CTX8K-S1-BETA0-V1_1783416222,25%,25,beta=0.0,beta0,58,Rollout correct ratio,wdl_sft/correct_ratio,0.3671875
ONPOLICY-SFT-Qwen3-1P7B-COLDSTART-FRAC25-CODE-KODCODE-CTX8K-S1-BETA0-V1_1783416222,25%,25,beta=0.0,beta0,58,Gradient norm,actor/grad_norm,11.379559516906738
ONPOLICY-SFT-Qwen3-1P7B-COLDSTART-FRAC25-CODE-KODCODE-CTX8K-S1-BETA0-V1_1783416222,25%,25,beta=0.0,beta0,58,Train score mean,critic/score/mean,-0.265625
ONPOLICY-SFT-Qwen3-1P7B-COLDSTART-FRAC25-CODE-KODCODE-CTX8K-S1-BETA0-V1_1783416222,25%,25,beta=0.0,beta0,58,Response length mean,response_length/mean,176.345703125
ONPOLICY-SFT-Qwen3-1P7B-COLDSTART-FRAC25-CODE-KODCODE-CTX8K-S1-BETA0-V1_1783416222,25%,25,beta=0.0,beta0,58,Time per step,perf/time_per_step,41.86354607529938
ONPOLICY-SFT-Qwen3-1P7B-COLDSTART-FRAC25-CODE-KODCODE-CTX8K-S1-BETA0-V1_1783416222,25%,25,beta=0.0,beta0,59,Rollout correct ratio,wdl_sft/correct_ratio,0.373046875
ONPOLICY-SFT-Qwen3-1P7B-COLDSTART-FRAC25-CODE-KODCODE-CTX8K-S1-BETA0-V1_1783416222,25%,25,beta=0.0,beta0,59,Gradient norm,actor/grad_norm,11.218518257141113
ONPOLICY-SFT-Qwen3-1P7B-COLDSTART-FRAC25-CODE-KODCODE-CTX8K-S1-BETA0-V1_1783416222,25%,25,beta=0.0,beta0,59,Train score mean,critic/score/mean,-0.25390625
ONPOLICY-SFT-Qwen3-1P7B-COLDSTART-FRAC25-CODE-KODCODE-CTX8K-S1-BETA0-V1_1783416222,25%,25,beta=0.0,beta0,59,Response length mean,response_length/mean,164.66796875
ONPOLICY-SFT-Qwen3-1P7B-COLDSTART-FRAC25-CODE-KODCODE-CTX8K-S1-BETA0-V1_1783416222,25%,25,beta=0.0,beta0,59,Time per step,perf/time_per_step,43.016264653764665
ONPOLICY-SFT-Qwen3-1P7B-COLDSTART-FRAC25-CODE-KODCODE-CTX8K-S1-BETA0-V1_1783416222,25%,25,beta=0.0,beta0,60,HumanEval+ pass@1,val-core/HumanEval+/acc/pass@1,0.4634146341463415
ONPOLICY-SFT-Qwen3-1P7B-COLDSTART-FRAC25-CODE-KODCODE-CTX8K-S1-BETA0-V1_1783416222,25%,25,beta=0.0,beta0,60,MBPP+ pass@1,val-core/MBPP+/acc/pass@1,0.4973544973544973
ONPOLICY-SFT-Qwen3-1P7B-COLDSTART-FRAC25-CODE-KODCODE-CTX8K-S1-BETA0-V1_1783416222,25%,25,beta=0.0,beta0,60,LiveCodeBench pass@1,val-core/LiveCodeBench/acc/pass@1,0.1953125
ONPOLICY-SFT-Qwen3-1P7B-COLDSTART-FRAC25-CODE-KODCODE-CTX8K-S1-BETA0-V1_1783416222,25%,25,beta=0.0,beta0,60,HumanEval+ extract fail,val-aux/HumanEval+/code_reward_extraction_fail/mean@1,0.006097560975609756
ONPOLICY-SFT-Qwen3-1P7B-COLDSTART-FRAC25-CODE-KODCODE-CTX8K-S1-BETA0-V1_1783416222,25%,25,beta=0.0,beta0,60,MBPP+ extract fail,val-aux/MBPP+/code_reward_extraction_fail/mean@1,0.013227513227513227
ONPOLICY-SFT-Qwen3-1P7B-COLDSTART-FRAC25-CODE-KODCODE-CTX8K-S1-BETA0-V1_1783416222,25%,25,beta=0.0,beta0,60,LiveCodeBench extract fail,val-aux/LiveCodeBench/code_reward_extraction_fail/mean@1,0.03125
ONPOLICY-SFT-Qwen3-1P7B-COLDSTART-FRAC25-CODE-KODCODE-CTX8K-S1-BETA0-V1_1783416222,25%,25,beta=0.0,beta0,60,Rollout correct ratio,wdl_sft/correct_ratio,0.392578125
ONPOLICY-SFT-Qwen3-1P7B-COLDSTART-FRAC25-CODE-KODCODE-CTX8K-S1-BETA0-V1_1783416222,25%,25,beta=0.0,beta0,60,Gradient norm,actor/grad_norm,9.82789421081543
ONPOLICY-SFT-Qwen3-1P7B-COLDSTART-FRAC25-CODE-KODCODE-CTX8K-S1-BETA0-V1_1783416222,25%,25,beta=0.0,beta0,60,Train score mean,critic/score/mean,-0.21484375
ONPOLICY-SFT-Qwen3-1P7B-COLDSTART-FRAC25-CODE-KODCODE-CTX8K-S1-BETA0-V1_1783416222,25%,25,beta=0.0,beta0,60,Response length mean,response_length/mean,147.55078125
ONPOLICY-SFT-Qwen3-1P7B-COLDSTART-FRAC25-CODE-KODCODE-CTX8K-S1-BETA0-V1_1783416222,25%,25,beta=0.0,beta0,60,Time per step,perf/time_per_step,51.60757429152727
ONPOLICY-SFT-Qwen3-1P7B-COLDSTART-FRAC25-CODE-KODCODE-CTX8K-S1-BETA0-V1_1783416222,25%,25,beta=0.0,beta0,61,Rollout correct ratio,wdl_sft/correct_ratio,0.400390625
ONPOLICY-SFT-Qwen3-1P7B-COLDSTART-FRAC25-CODE-KODCODE-CTX8K-S1-BETA0-V1_1783416222,25%,25,beta=0.0,beta0,61,Gradient norm,actor/grad_norm,9.351287841796875
ONPOLICY-SFT-Qwen3-1P7B-COLDSTART-FRAC25-CODE-KODCODE-CTX8K-S1-BETA0-V1_1783416222,25%,25,beta=0.0,beta0,61,Train score mean,critic/score/mean,-0.19921875
ONPOLICY-SFT-Qwen3-1P7B-COLDSTART-FRAC25-CODE-KODCODE-CTX8K-S1-BETA0-V1_1783416222,25%,25,beta=0.0,beta0,61,Response length mean,response_length/mean,145.333984375
ONPOLICY-SFT-Qwen3-1P7B-COLDSTART-FRAC25-CODE-KODCODE-CTX8K-S1-BETA0-V1_1783416222,25%,25,beta=0.0,beta0,61,Time per step,perf/time_per_step,42.741849238052964
ONPOLICY-SFT-Qwen3-1P7B-COLDSTART-FRAC25-CODE-KODCODE-CTX8K-S1-BETA0-V1_1783416222,25%,25,beta=0.0,beta0,62,Rollout correct ratio,wdl_sft/correct_ratio,0.328125
ONPOLICY-SFT-Qwen3-1P7B-COLDSTART-FRAC25-CODE-KODCODE-CTX8K-S1-BETA0-V1_1783416222,25%,25,beta=0.0,beta0,62,Gradient norm,actor/grad_norm,11.060343742370605
ONPOLICY-SFT-Qwen3-1P7B-COLDSTART-FRAC25-CODE-KODCODE-CTX8K-S1-BETA0-V1_1783416222,25%,25,beta=0.0,beta0,62,Train score mean,critic/score/mean,-0.34375
ONPOLICY-SFT-Qwen3-1P7B-COLDSTART-FRAC25-CODE-KODCODE-CTX8K-S1-BETA0-V1_1783416222,25%,25,beta=0.0,beta0,62,Response length mean,response_length/mean,168.69140625
ONPOLICY-SFT-Qwen3-1P7B-COLDSTART-FRAC25-CODE-KODCODE-CTX8K-S1-BETA0-V1_1783416222,25%,25,beta=0.0,beta0,62,Time per step,perf/time_per_step,42.81933924742043
ONPOLICY-SFT-Qwen3-1P7B-COLDSTART-FRAC25-CODE-KODCODE-CTX8K-S1-BETA0-V1_1783416222,25%,25,beta=0.0,beta0,63,Rollout correct ratio,wdl_sft/correct_ratio,0.36328125
ONPOLICY-SFT-Qwen3-1P7B-COLDSTART-FRAC25-CODE-KODCODE-CTX8K-S1-BETA0-V1_1783416222,25%,25,beta=0.0,beta0,63,Gradient norm,actor/grad_norm,9.640893936157227
ONPOLICY-SFT-Qwen3-1P7B-COLDSTART-FRAC25-CODE-KODCODE-CTX8K-S1-BETA0-V1_1783416222,25%,25,beta=0.0,beta0,63,Train score mean,critic/score/mean,-0.2734375
ONPOLICY-SFT-Qwen3-1P7B-COLDSTART-FRAC25-CODE-KODCODE-CTX8K-S1-BETA0-V1_1783416222,25%,25,beta=0.0,beta0,63,Response length mean,response_length/mean,159.9921875
ONPOLICY-SFT-Qwen3-1P7B-COLDSTART-FRAC25-CODE-KODCODE-CTX8K-S1-BETA0-V1_1783416222,25%,25,beta=0.0,beta0,63,Time per step,perf/time_per_step,43.803207620978355
ONPOLICY-SFT-Qwen3-1P7B-COLDSTART-FRAC25-CODE-KODCODE-CTX8K-S1-BETA0-V1_1783416222,25%,25,beta=0.0,beta0,64,Rollout correct ratio,wdl_sft/correct_ratio,0.326171875
ONPOLICY-SFT-Qwen3-1P7B-COLDSTART-FRAC25-CODE-KODCODE-CTX8K-S1-BETA0-V1_1783416222,25%,25,beta=0.0,beta0,64,Gradient norm,actor/grad_norm,10.305609703063965
ONPOLICY-SFT-Qwen3-1P7B-COLDSTART-FRAC25-CODE-KODCODE-CTX8K-S1-BETA0-V1_1783416222,25%,25,beta=0.0,beta0,64,Train score mean,critic/score/mean,-0.34765625
ONPOLICY-SFT-Qwen3-1P7B-COLDSTART-FRAC25-CODE-KODCODE-CTX8K-S1-BETA0-V1_1783416222,25%,25,beta=0.0,beta0,64,Response length mean,response_length/mean,165.39453125
ONPOLICY-SFT-Qwen3-1P7B-COLDSTART-FRAC25-CODE-KODCODE-CTX8K-S1-BETA0-V1_1783416222,25%,25,beta=0.0,beta0,64,Time per step,perf/time_per_step,42.00090122129768
ONPOLICY-SFT-Qwen3-1P7B-COLDSTART-FRAC25-CODE-KODCODE-CTX8K-S1-BETA0-V1_1783416222,25%,25,beta=0.0,beta0,65,HumanEval+ pass@1,val-core/HumanEval+/acc/pass@1,0.4573170731707317
ONPOLICY-SFT-Qwen3-1P7B-COLDSTART-FRAC25-CODE-KODCODE-CTX8K-S1-BETA0-V1_1783416222,25%,25,beta=0.0,beta0,65,MBPP+ pass@1,val-core/MBPP+/acc/pass@1,0.48148148148148145
ONPOLICY-SFT-Qwen3-1P7B-COLDSTART-FRAC25-CODE-KODCODE-CTX8K-S1-BETA0-V1_1783416222,25%,25,beta=0.0,beta0,65,LiveCodeBench pass@1,val-core/LiveCodeBench/acc/pass@1,0.2109375
ONPOLICY-SFT-Qwen3-1P7B-COLDSTART-FRAC25-CODE-KODCODE-CTX8K-S1-BETA0-V1_1783416222,25%,25,beta=0.0,beta0,65,HumanEval+ extract fail,val-aux/HumanEval+/code_reward_extraction_fail/mean@1,0.0
ONPOLICY-SFT-Qwen3-1P7B-COLDSTART-FRAC25-CODE-KODCODE-CTX8K-S1-BETA0-V1_1783416222,25%,25,beta=0.0,beta0,65,MBPP+ extract fail,val-aux/MBPP+/code_reward_extraction_fail/mean@1,0.007936507936507936
ONPOLICY-SFT-Qwen3-1P7B-COLDSTART-FRAC25-CODE-KODCODE-CTX8K-S1-BETA0-V1_1783416222,25%,25,beta=0.0,beta0,65,LiveCodeBench extract fail,val-aux/LiveCodeBench/code_reward_extraction_fail/mean@1,0.046875
ONPOLICY-SFT-Qwen3-1P7B-COLDSTART-FRAC25-CODE-KODCODE-CTX8K-S1-BETA0-V1_1783416222,25%,25,beta=0.0,beta0,65,Rollout correct ratio,wdl_sft/correct_ratio,0.375
ONPOLICY-SFT-Qwen3-1P7B-COLDSTART-FRAC25-CODE-KODCODE-CTX8K-S1-BETA0-V1_1783416222,25%,25,beta=0.0,beta0,65,Gradient norm,actor/grad_norm,10.015708923339844
ONPOLICY-SFT-Qwen3-1P7B-COLDSTART-FRAC25-CODE-KODCODE-CTX8K-S1-BETA0-V1_1783416222,25%,25,beta=0.0,beta0,65,Train score mean,critic/score/mean,-0.25
ONPOLICY-SFT-Qwen3-1P7B-COLDSTART-FRAC25-CODE-KODCODE-CTX8K-S1-BETA0-V1_1783416222,25%,25,beta=0.0,beta0,65,Response length mean,response_length/mean,169.416015625
ONPOLICY-SFT-Qwen3-1P7B-COLDSTART-FRAC25-CODE-KODCODE-CTX8K-S1-BETA0-V1_1783416222,25%,25,beta=0.0,beta0,65,Time per step,perf/time_per_step,47.183094828389585
ONPOLICY-SFT-Qwen3-1P7B-COLDSTART-FRAC25-CODE-KODCODE-CTX8K-S1-BETA0-V1_1783416222,25%,25,beta=0.0,beta0,66,Rollout correct ratio,wdl_sft/correct_ratio,0.431640625
ONPOLICY-SFT-Qwen3-1P7B-COLDSTART-FRAC25-CODE-KODCODE-CTX8K-S1-BETA0-V1_1783416222,25%,25,beta=0.0,beta0,66,Gradient norm,actor/grad_norm,8.10183048248291
ONPOLICY-SFT-Qwen3-1P7B-COLDSTART-FRAC25-CODE-KODCODE-CTX8K-S1-BETA0-V1_1783416222,25%,25,beta=0.0,beta0,66,Train score mean,critic/score/mean,-0.13671875
ONPOLICY-SFT-Qwen3-1P7B-COLDSTART-FRAC25-CODE-KODCODE-CTX8K-S1-BETA0-V1_1783416222,25%,25,beta=0.0,beta0,66,Response length mean,response_length/mean,151.001953125
ONPOLICY-SFT-Qwen3-1P7B-COLDSTART-FRAC25-CODE-KODCODE-CTX8K-S1-BETA0-V1_1783416222,25%,25,beta=0.0,beta0,66,Time per step,perf/time_per_step,65.52094045653939
ONPOLICY-SFT-Qwen3-1P7B-COLDSTART-FRAC25-CODE-KODCODE-CTX8K-S1-BETA0-V1_1783416222,25%,25,beta=0.0,beta0,67,Rollout correct ratio,wdl_sft/correct_ratio,0.37109375
ONPOLICY-SFT-Qwen3-1P7B-COLDSTART-FRAC25-CODE-KODCODE-CTX8K-S1-BETA0-V1_1783416222,25%,25,beta=0.0,beta0,67,Gradient norm,actor/grad_norm,9.940040588378906
ONPOLICY-SFT-Qwen3-1P7B-COLDSTART-FRAC25-CODE-KODCODE-CTX8K-S1-BETA0-V1_1783416222,25%,25,beta=0.0,beta0,67,Train score mean,critic/score/mean,-0.2578125
ONPOLICY-SFT-Qwen3-1P7B-COLDSTART-FRAC25-CODE-KODCODE-CTX8K-S1-BETA0-V1_1783416222,25%,25,beta=0.0,beta0,67,Response length mean,response_length/mean,159.15234375
ONPOLICY-SFT-Qwen3-1P7B-COLDSTART-FRAC25-CODE-KODCODE-CTX8K-S1-BETA0-V1_1783416222,25%,25,beta=0.0,beta0,67,Time per step,perf/time_per_step,42.3796827243641
ONPOLICY-SFT-Qwen3-1P7B-COLDSTART-FRAC25-CODE-KODCODE-CTX8K-S1-BETA0-V1_1783416222,25%,25,beta=0.0,beta0,68,Rollout correct ratio,wdl_sft/correct_ratio,0.32421875
ONPOLICY-SFT-Qwen3-1P7B-COLDSTART-FRAC25-CODE-KODCODE-CTX8K-S1-BETA0-V1_1783416222,25%,25,beta=0.0,beta0,68,Gradient norm,actor/grad_norm,12.464859962463379
ONPOLICY-SFT-Qwen3-1P7B-COLDSTART-FRAC25-CODE-KODCODE-CTX8K-S1-BETA0-V1_1783416222,25%,25,beta=0.0,beta0,68,Train score mean,critic/score/mean,-0.3515625
ONPOLICY-SFT-Qwen3-1P7B-COLDSTART-FRAC25-CODE-KODCODE-CTX8K-S1-BETA0-V1_1783416222,25%,25,beta=0.0,beta0,68,Response length mean,response_length/mean,172.734375
ONPOLICY-SFT-Qwen3-1P7B-COLDSTART-FRAC25-CODE-KODCODE-CTX8K-S1-BETA0-V1_1783416222,25%,25,beta=0.0,beta0,68,Time per step,perf/time_per_step,44.44942712131888
ONPOLICY-SFT-Qwen3-1P7B-COLDSTART-FRAC25-CODE-KODCODE-CTX8K-S1-BETA0-V1_1783416222,25%,25,beta=0.0,beta0,69,Rollout correct ratio,wdl_sft/correct_ratio,0.4296875
ONPOLICY-SFT-Qwen3-1P7B-COLDSTART-FRAC25-CODE-KODCODE-CTX8K-S1-BETA0-V1_1783416222,25%,25,beta=0.0,beta0,69,Gradient norm,actor/grad_norm,9.55217170715332
ONPOLICY-SFT-Qwen3-1P7B-COLDSTART-FRAC25-CODE-KODCODE-CTX8K-S1-BETA0-V1_1783416222,25%,25,beta=0.0,beta0,69,Train score mean,critic/score/mean,-0.140625
ONPOLICY-SFT-Qwen3-1P7B-COLDSTART-FRAC25-CODE-KODCODE-CTX8K-S1-BETA0-V1_1783416222,25%,25,beta=0.0,beta0,69,Response length mean,response_length/mean,168.845703125
ONPOLICY-SFT-Qwen3-1P7B-COLDSTART-FRAC25-CODE-KODCODE-CTX8K-S1-BETA0-V1_1783416222,25%,25,beta=0.0,beta0,69,Time per step,perf/time_per_step,43.23227055370808
ONPOLICY-SFT-Qwen3-1P7B-COLDSTART-FRAC25-CODE-KODCODE-CTX8K-S1-BETA0-V1_1783416222,25%,25,beta=0.0,beta0,70,HumanEval+ pass@1,val-core/HumanEval+/acc/pass@1,0.4878048780487805
ONPOLICY-SFT-Qwen3-1P7B-COLDSTART-FRAC25-CODE-KODCODE-CTX8K-S1-BETA0-V1_1783416222,25%,25,beta=0.0,beta0,70,MBPP+ pass@1,val-core/MBPP+/acc/pass@1,0.4894179894179894
ONPOLICY-SFT-Qwen3-1P7B-COLDSTART-FRAC25-CODE-KODCODE-CTX8K-S1-BETA0-V1_1783416222,25%,25,beta=0.0,beta0,70,LiveCodeBench pass@1,val-core/LiveCodeBench/acc/pass@1,0.21875
ONPOLICY-SFT-Qwen3-1P7B-COLDSTART-FRAC25-CODE-KODCODE-CTX8K-S1-BETA0-V1_1783416222,25%,25,beta=0.0,beta0,70,HumanEval+ extract fail,val-aux/HumanEval+/code_reward_extraction_fail/mean@1,0.012195121951219513
ONPOLICY-SFT-Qwen3-1P7B-COLDSTART-FRAC25-CODE-KODCODE-CTX8K-S1-BETA0-V1_1783416222,25%,25,beta=0.0,beta0,70,MBPP+ extract fail,val-aux/MBPP+/code_reward_extraction_fail/mean@1,0.007936507936507936
ONPOLICY-SFT-Qwen3-1P7B-COLDSTART-FRAC25-CODE-KODCODE-CTX8K-S1-BETA0-V1_1783416222,25%,25,beta=0.0,beta0,70,LiveCodeBench extract fail,val-aux/LiveCodeBench/code_reward_extraction_fail/mean@1,0.015625
ONPOLICY-SFT-Qwen3-1P7B-COLDSTART-FRAC25-CODE-KODCODE-CTX8K-S1-BETA0-V1_1783416222,25%,25,beta=0.0,beta0,70,Rollout correct ratio,wdl_sft/correct_ratio,0.337890625
ONPOLICY-SFT-Qwen3-1P7B-COLDSTART-FRAC25-CODE-KODCODE-CTX8K-S1-BETA0-V1_1783416222,25%,25,beta=0.0,beta0,70,Gradient norm,actor/grad_norm,10.26328182220459
ONPOLICY-SFT-Qwen3-1P7B-COLDSTART-FRAC25-CODE-KODCODE-CTX8K-S1-BETA0-V1_1783416222,25%,25,beta=0.0,beta0,70,Train score mean,critic/score/mean,-0.32421875
ONPOLICY-SFT-Qwen3-1P7B-COLDSTART-FRAC25-CODE-KODCODE-CTX8K-S1-BETA0-V1_1783416222,25%,25,beta=0.0,beta0,70,Response length mean,response_length/mean,177.2578125
ONPOLICY-SFT-Qwen3-1P7B-COLDSTART-FRAC25-CODE-KODCODE-CTX8K-S1-BETA0-V1_1783416222,25%,25,beta=0.0,beta0,70,Time per step,perf/time_per_step,53.32324635144323
ONPOLICY-SFT-Qwen3-1P7B-COLDSTART-FRAC25-CODE-KODCODE-CTX8K-S1-BETA0-V1_1783416222,25%,25,beta=0.0,beta0,71,Rollout correct ratio,wdl_sft/correct_ratio,0.33984375
ONPOLICY-SFT-Qwen3-1P7B-COLDSTART-FRAC25-CODE-KODCODE-CTX8K-S1-BETA0-V1_1783416222,25%,25,beta=0.0,beta0,71,Gradient norm,actor/grad_norm,10.550494194030762
ONPOLICY-SFT-Qwen3-1P7B-COLDSTART-FRAC25-CODE-KODCODE-CTX8K-S1-BETA0-V1_1783416222,25%,25,beta=0.0,beta0,71,Train score mean,critic/score/mean,-0.3203125
ONPOLICY-SFT-Qwen3-1P7B-COLDSTART-FRAC25-CODE-KODCODE-CTX8K-S1-BETA0-V1_1783416222,25%,25,beta=0.0,beta0,71,Response length mean,response_length/mean,185.970703125
ONPOLICY-SFT-Qwen3-1P7B-COLDSTART-FRAC25-CODE-KODCODE-CTX8K-S1-BETA0-V1_1783416222,25%,25,beta=0.0,beta0,71,Time per step,perf/time_per_step,43.79253338370472
ONPOLICY-SFT-Qwen3-1P7B-COLDSTART-FRAC25-CODE-KODCODE-CTX8K-S1-BETA0-V1_1783416222,25%,25,beta=0.0,beta0,72,Rollout correct ratio,wdl_sft/correct_ratio,0.306640625
ONPOLICY-SFT-Qwen3-1P7B-COLDSTART-FRAC25-CODE-KODCODE-CTX8K-S1-BETA0-V1_1783416222,25%,25,beta=0.0,beta0,72,Gradient norm,actor/grad_norm,10.163264274597168
ONPOLICY-SFT-Qwen3-1P7B-COLDSTART-FRAC25-CODE-KODCODE-CTX8K-S1-BETA0-V1_1783416222,25%,25,beta=0.0,beta0,72,Train score mean,critic/score/mean,-0.38671875
ONPOLICY-SFT-Qwen3-1P7B-COLDSTART-FRAC25-CODE-KODCODE-CTX8K-S1-BETA0-V1_1783416222,25%,25,beta=0.0,beta0,72,Response length mean,response_length/mean,143.72265625
ONPOLICY-SFT-Qwen3-1P7B-COLDSTART-FRAC25-CODE-KODCODE-CTX8K-S1-BETA0-V1_1783416222,25%,25,beta=0.0,beta0,72,Time per step,perf/time_per_step,42.0999963209033
ONPOLICY-SFT-Qwen3-1P7B-COLDSTART-FRAC25-CODE-KODCODE-CTX8K-S1-BETA0-V1_1783416222,25%,25,beta=0.0,beta0,73,Rollout correct ratio,wdl_sft/correct_ratio,0.380859375
ONPOLICY-SFT-Qwen3-1P7B-COLDSTART-FRAC25-CODE-KODCODE-CTX8K-S1-BETA0-V1_1783416222,25%,25,beta=0.0,beta0,73,Gradient norm,actor/grad_norm,10.438438415527344
ONPOLICY-SFT-Qwen3-1P7B-COLDSTART-FRAC25-CODE-KODCODE-CTX8K-S1-BETA0-V1_1783416222,25%,25,beta=0.0,beta0,73,Train score mean,critic/score/mean,-0.23828125
ONPOLICY-SFT-Qwen3-1P7B-COLDSTART-FRAC25-CODE-KODCODE-CTX8K-S1-BETA0-V1_1783416222,25%,25,beta=0.0,beta0,73,Response length mean,response_length/mean,173.19140625
ONPOLICY-SFT-Qwen3-1P7B-COLDSTART-FRAC25-CODE-KODCODE-CTX8K-S1-BETA0-V1_1783416222,25%,25,beta=0.0,beta0,73,Time per step,perf/time_per_step,42.93366546276957
ONPOLICY-SFT-Qwen3-1P7B-COLDSTART-FRAC25-CODE-KODCODE-CTX8K-S1-BETA0-V1_1783416222,25%,25,beta=0.0,beta0,74,Rollout correct ratio,wdl_sft/correct_ratio,0.287109375
ONPOLICY-SFT-Qwen3-1P7B-COLDSTART-FRAC25-CODE-KODCODE-CTX8K-S1-BETA0-V1_1783416222,25%,25,beta=0.0,beta0,74,Gradient norm,actor/grad_norm,10.963699340820312
ONPOLICY-SFT-Qwen3-1P7B-COLDSTART-FRAC25-CODE-KODCODE-CTX8K-S1-BETA0-V1_1783416222,25%,25,beta=0.0,beta0,74,Train score mean,critic/score/mean,-0.42578125
ONPOLICY-SFT-Qwen3-1P7B-COLDSTART-FRAC25-CODE-KODCODE-CTX8K-S1-BETA0-V1_1783416222,25%,25,beta=0.0,beta0,74,Response length mean,response_length/mean,163.9609375
ONPOLICY-SFT-Qwen3-1P7B-COLDSTART-FRAC25-CODE-KODCODE-CTX8K-S1-BETA0-V1_1783416222,25%,25,beta=0.0,beta0,74,Time per step,perf/time_per_step,42.63960615824908
ONPOLICY-SFT-Qwen3-1P7B-COLDSTART-FRAC25-CODE-KODCODE-CTX8K-S1-BETA0-V1_1783416222,25%,25,beta=0.0,beta0,75,HumanEval+ pass@1,val-core/HumanEval+/acc/pass@1,0.4695121951219512
ONPOLICY-SFT-Qwen3-1P7B-COLDSTART-FRAC25-CODE-KODCODE-CTX8K-S1-BETA0-V1_1783416222,25%,25,beta=0.0,beta0,75,MBPP+ pass@1,val-core/MBPP+/acc/pass@1,0.47883597883597884
ONPOLICY-SFT-Qwen3-1P7B-COLDSTART-FRAC25-CODE-KODCODE-CTX8K-S1-BETA0-V1_1783416222,25%,25,beta=0.0,beta0,75,LiveCodeBench pass@1,val-core/LiveCodeBench/acc/pass@1,0.21875
ONPOLICY-SFT-Qwen3-1P7B-COLDSTART-FRAC25-CODE-KODCODE-CTX8K-S1-BETA0-V1_1783416222,25%,25,beta=0.0,beta0,75,HumanEval+ extract fail,val-aux/HumanEval+/code_reward_extraction_fail/mean@1,0.0
ONPOLICY-SFT-Qwen3-1P7B-COLDSTART-FRAC25-CODE-KODCODE-CTX8K-S1-BETA0-V1_1783416222,25%,25,beta=0.0,beta0,75,MBPP+ extract fail,val-aux/MBPP+/code_reward_extraction_fail/mean@1,0.007936507936507936
ONPOLICY-SFT-Qwen3-1P7B-COLDSTART-FRAC25-CODE-KODCODE-CTX8K-S1-BETA0-V1_1783416222,25%,25,beta=0.0,beta0,75,LiveCodeBench extract fail,val-aux/LiveCodeBench/code_reward_extraction_fail/mean@1,0.015625
ONPOLICY-SFT-Qwen3-1P7B-COLDSTART-FRAC25-CODE-KODCODE-CTX8K-S1-BETA0-V1_1783416222,25%,25,beta=0.0,beta0,75,Rollout correct ratio,wdl_sft/correct_ratio,0.423828125
ONPOLICY-SFT-Qwen3-1P7B-COLDSTART-FRAC25-CODE-KODCODE-CTX8K-S1-BETA0-V1_1783416222,25%,25,beta=0.0,beta0,75,Gradient norm,actor/grad_norm,9.012928009033203
ONPOLICY-SFT-Qwen3-1P7B-COLDSTART-FRAC25-CODE-KODCODE-CTX8K-S1-BETA0-V1_1783416222,25%,25,beta=0.0,beta0,75,Train score mean,critic/score/mean,-0.15234375
ONPOLICY-SFT-Qwen3-1P7B-COLDSTART-FRAC25-CODE-KODCODE-CTX8K-S1-BETA0-V1_1783416222,25%,25,beta=0.0,beta0,75,Response length mean,response_length/mean,161.17578125
ONPOLICY-SFT-Qwen3-1P7B-COLDSTART-FRAC25-CODE-KODCODE-CTX8K-S1-BETA0-V1_1783416222,25%,25,beta=0.0,beta0,75,Time per step,perf/time_per_step,46.31873652432114
ONPOLICY-SFT-Qwen3-1P7B-COLDSTART-FRAC25-CODE-KODCODE-CTX8K-S1-BETA0-V1_1783416222,25%,25,beta=0.0,beta0,76,Rollout correct ratio,wdl_sft/correct_ratio,0.42578125
ONPOLICY-SFT-Qwen3-1P7B-COLDSTART-FRAC25-CODE-KODCODE-CTX8K-S1-BETA0-V1_1783416222,25%,25,beta=0.0,beta0,76,Gradient norm,actor/grad_norm,9.53916072845459
ONPOLICY-SFT-Qwen3-1P7B-COLDSTART-FRAC25-CODE-KODCODE-CTX8K-S1-BETA0-V1_1783416222,25%,25,beta=0.0,beta0,76,Train score mean,critic/score/mean,-0.1484375
ONPOLICY-SFT-Qwen3-1P7B-COLDSTART-FRAC25-CODE-KODCODE-CTX8K-S1-BETA0-V1_1783416222,25%,25,beta=0.0,beta0,76,Response length mean,response_length/mean,171.078125
ONPOLICY-SFT-Qwen3-1P7B-COLDSTART-FRAC25-CODE-KODCODE-CTX8K-S1-BETA0-V1_1783416222,25%,25,beta=0.0,beta0,76,Time per step,perf/time_per_step,41.74034306406975
ONPOLICY-SFT-Qwen3-1P7B-COLDSTART-FRAC25-CODE-KODCODE-CTX8K-S1-BETA0-V1_1783416222,25%,25,beta=0.0,beta0,77,Rollout correct ratio,wdl_sft/correct_ratio,0.435546875
ONPOLICY-SFT-Qwen3-1P7B-COLDSTART-FRAC25-CODE-KODCODE-CTX8K-S1-BETA0-V1_1783416222,25%,25,beta=0.0,beta0,77,Gradient norm,actor/grad_norm,9.428071022033691
ONPOLICY-SFT-Qwen3-1P7B-COLDSTART-FRAC25-CODE-KODCODE-CTX8K-S1-BETA0-V1_1783416222,25%,25,beta=0.0,beta0,77,Train score mean,critic/score/mean,-0.12890625
ONPOLICY-SFT-Qwen3-1P7B-COLDSTART-FRAC25-CODE-KODCODE-CTX8K-S1-BETA0-V1_1783416222,25%,25,beta=0.0,beta0,77,Response length mean,response_length/mean,150.357421875
ONPOLICY-SFT-Qwen3-1P7B-COLDSTART-FRAC25-CODE-KODCODE-CTX8K-S1-BETA0-V1_1783416222,25%,25,beta=0.0,beta0,77,Time per step,perf/time_per_step,40.89561102166772
ONPOLICY-SFT-Qwen3-1P7B-COLDSTART-FRAC25-CODE-KODCODE-CTX8K-S1-BETA0-V1_1783416222,25%,25,beta=0.0,beta0,78,Rollout correct ratio,wdl_sft/correct_ratio,0.3203125
ONPOLICY-SFT-Qwen3-1P7B-COLDSTART-FRAC25-CODE-KODCODE-CTX8K-S1-BETA0-V1_1783416222,25%,25,beta=0.0,beta0,78,Gradient norm,actor/grad_norm,11.39598560333252
ONPOLICY-SFT-Qwen3-1P7B-COLDSTART-FRAC25-CODE-KODCODE-CTX8K-S1-BETA0-V1_1783416222,25%,25,beta=0.0,beta0,78,Train score mean,critic/score/mean,-0.359375
ONPOLICY-SFT-Qwen3-1P7B-COLDSTART-FRAC25-CODE-KODCODE-CTX8K-S1-BETA0-V1_1783416222,25%,25,beta=0.0,beta0,78,Response length mean,response_length/mean,165.642578125
ONPOLICY-SFT-Qwen3-1P7B-COLDSTART-FRAC25-CODE-KODCODE-CTX8K-S1-BETA0-V1_1783416222,25%,25,beta=0.0,beta0,78,Time per step,perf/time_per_step,42.29025832936168
ONPOLICY-SFT-Qwen3-1P7B-COLDSTART-FRAC25-CODE-KODCODE-CTX8K-S1-BETA0-V1_1783416222,25%,25,beta=0.0,beta0,79,Rollout correct ratio,wdl_sft/correct_ratio,0.3671875
ONPOLICY-SFT-Qwen3-1P7B-COLDSTART-FRAC25-CODE-KODCODE-CTX8K-S1-BETA0-V1_1783416222,25%,25,beta=0.0,beta0,79,Gradient norm,actor/grad_norm,9.799375534057617
ONPOLICY-SFT-Qwen3-1P7B-COLDSTART-FRAC25-CODE-KODCODE-CTX8K-S1-BETA0-V1_1783416222,25%,25,beta=0.0,beta0,79,Train score mean,critic/score/mean,-0.265625
ONPOLICY-SFT-Qwen3-1P7B-COLDSTART-FRAC25-CODE-KODCODE-CTX8K-S1-BETA0-V1_1783416222,25%,25,beta=0.0,beta0,79,Response length mean,response_length/mean,156.47265625
ONPOLICY-SFT-Qwen3-1P7B-COLDSTART-FRAC25-CODE-KODCODE-CTX8K-S1-BETA0-V1_1783416222,25%,25,beta=0.0,beta0,79,Time per step,perf/time_per_step,43.68797453958541
ONPOLICY-SFT-Qwen3-1P7B-COLDSTART-FRAC25-CODE-KODCODE-CTX8K-S1-BETA0-V1_1783416222,25%,25,beta=0.0,beta0,80,HumanEval+ pass@1,val-core/HumanEval+/acc/pass@1,0.4817073170731707
ONPOLICY-SFT-Qwen3-1P7B-COLDSTART-FRAC25-CODE-KODCODE-CTX8K-S1-BETA0-V1_1783416222,25%,25,beta=0.0,beta0,80,MBPP+ pass@1,val-core/MBPP+/acc/pass@1,0.4894179894179894
ONPOLICY-SFT-Qwen3-1P7B-COLDSTART-FRAC25-CODE-KODCODE-CTX8K-S1-BETA0-V1_1783416222,25%,25,beta=0.0,beta0,80,LiveCodeBench pass@1,val-core/LiveCodeBench/acc/pass@1,0.2109375
ONPOLICY-SFT-Qwen3-1P7B-COLDSTART-FRAC25-CODE-KODCODE-CTX8K-S1-BETA0-V1_1783416222,25%,25,beta=0.0,beta0,80,HumanEval+ extract fail,val-aux/HumanEval+/code_reward_extraction_fail/mean@1,0.0
ONPOLICY-SFT-Qwen3-1P7B-COLDSTART-FRAC25-CODE-KODCODE-CTX8K-S1-BETA0-V1_1783416222,25%,25,beta=0.0,beta0,80,MBPP+ extract fail,val-aux/MBPP+/code_reward_extraction_fail/mean@1,0.010582010582010581
ONPOLICY-SFT-Qwen3-1P7B-COLDSTART-FRAC25-CODE-KODCODE-CTX8K-S1-BETA0-V1_1783416222,25%,25,beta=0.0,beta0,80,LiveCodeBench extract fail,val-aux/LiveCodeBench/code_reward_extraction_fail/mean@1,0.03125
ONPOLICY-SFT-Qwen3-1P7B-COLDSTART-FRAC25-CODE-KODCODE-CTX8K-S1-BETA0-V1_1783416222,25%,25,beta=0.0,beta0,80,Rollout correct ratio,wdl_sft/correct_ratio,0.4453125
ONPOLICY-SFT-Qwen3-1P7B-COLDSTART-FRAC25-CODE-KODCODE-CTX8K-S1-BETA0-V1_1783416222,25%,25,beta=0.0,beta0,80,Gradient norm,actor/grad_norm,8.969696998596191
ONPOLICY-SFT-Qwen3-1P7B-COLDSTART-FRAC25-CODE-KODCODE-CTX8K-S1-BETA0-V1_1783416222,25%,25,beta=0.0,beta0,80,Train score mean,critic/score/mean,-0.109375
ONPOLICY-SFT-Qwen3-1P7B-COLDSTART-FRAC25-CODE-KODCODE-CTX8K-S1-BETA0-V1_1783416222,25%,25,beta=0.0,beta0,80,Response length mean,response_length/mean,165.45703125
ONPOLICY-SFT-Qwen3-1P7B-COLDSTART-FRAC25-CODE-KODCODE-CTX8K-S1-BETA0-V1_1783416222,25%,25,beta=0.0,beta0,80,Time per step,perf/time_per_step,49.84355785790831
ONPOLICY-SFT-Qwen3-1P7B-COLDSTART-FRAC25-CODE-KODCODE-CTX8K-S1-BETA0-V1_1783416222,25%,25,beta=0.0,beta0,81,Rollout correct ratio,wdl_sft/correct_ratio,0.337890625
ONPOLICY-SFT-Qwen3-1P7B-COLDSTART-FRAC25-CODE-KODCODE-CTX8K-S1-BETA0-V1_1783416222,25%,25,beta=0.0,beta0,81,Gradient norm,actor/grad_norm,10.898575782775879
ONPOLICY-SFT-Qwen3-1P7B-COLDSTART-FRAC25-CODE-KODCODE-CTX8K-S1-BETA0-V1_1783416222,25%,25,beta=0.0,beta0,81,Train score mean,critic/score/mean,-0.32421875
ONPOLICY-SFT-Qwen3-1P7B-COLDSTART-FRAC25-CODE-KODCODE-CTX8K-S1-BETA0-V1_1783416222,25%,25,beta=0.0,beta0,81,Response length mean,response_length/mean,159.52734375
ONPOLICY-SFT-Qwen3-1P7B-COLDSTART-FRAC25-CODE-KODCODE-CTX8K-S1-BETA0-V1_1783416222,25%,25,beta=0.0,beta0,81,Time per step,perf/time_per_step,41.67132771760225
ONPOLICY-SFT-Qwen3-1P7B-COLDSTART-FRAC25-CODE-KODCODE-CTX8K-S1-BETA0-V1_1783416222,25%,25,beta=0.0,beta0,82,Rollout correct ratio,wdl_sft/correct_ratio,0.38671875
ONPOLICY-SFT-Qwen3-1P7B-COLDSTART-FRAC25-CODE-KODCODE-CTX8K-S1-BETA0-V1_1783416222,25%,25,beta=0.0,beta0,82,Gradient norm,actor/grad_norm,10.084712982177734
ONPOLICY-SFT-Qwen3-1P7B-COLDSTART-FRAC25-CODE-KODCODE-CTX8K-S1-BETA0-V1_1783416222,25%,25,beta=0.0,beta0,82,Train score mean,critic/score/mean,-0.2265625
ONPOLICY-SFT-Qwen3-1P7B-COLDSTART-FRAC25-CODE-KODCODE-CTX8K-S1-BETA0-V1_1783416222,25%,25,beta=0.0,beta0,82,Response length mean,response_length/mean,175.72265625
ONPOLICY-SFT-Qwen3-1P7B-COLDSTART-FRAC25-CODE-KODCODE-CTX8K-S1-BETA0-V1_1783416222,25%,25,beta=0.0,beta0,82,Time per step,perf/time_per_step,43.80277743842453
ONPOLICY-SFT-Qwen3-1P7B-COLDSTART-FRAC25-CODE-KODCODE-CTX8K-S1-BETA0-V1_1783416222,25%,25,beta=0.0,beta0,83,Rollout correct ratio,wdl_sft/correct_ratio,0.326171875
ONPOLICY-SFT-Qwen3-1P7B-COLDSTART-FRAC25-CODE-KODCODE-CTX8K-S1-BETA0-V1_1783416222,25%,25,beta=0.0,beta0,83,Gradient norm,actor/grad_norm,10.417930603027344
ONPOLICY-SFT-Qwen3-1P7B-COLDSTART-FRAC25-CODE-KODCODE-CTX8K-S1-BETA0-V1_1783416222,25%,25,beta=0.0,beta0,83,Train score mean,critic/score/mean,-0.34765625
ONPOLICY-SFT-Qwen3-1P7B-COLDSTART-FRAC25-CODE-KODCODE-CTX8K-S1-BETA0-V1_1783416222,25%,25,beta=0.0,beta0,83,Response length mean,response_length/mean,177.47265625
ONPOLICY-SFT-Qwen3-1P7B-COLDSTART-FRAC25-CODE-KODCODE-CTX8K-S1-BETA0-V1_1783416222,25%,25,beta=0.0,beta0,83,Time per step,perf/time_per_step,43.54545702505857
ONPOLICY-SFT-Qwen3-1P7B-COLDSTART-FRAC25-CODE-KODCODE-CTX8K-S1-BETA0-V1_1783416222,25%,25,beta=0.0,beta0,84,Rollout correct ratio,wdl_sft/correct_ratio,0.34375
ONPOLICY-SFT-Qwen3-1P7B-COLDSTART-FRAC25-CODE-KODCODE-CTX8K-S1-BETA0-V1_1783416222,25%,25,beta=0.0,beta0,84,Gradient norm,actor/grad_norm,11.642474174499512
ONPOLICY-SFT-Qwen3-1P7B-COLDSTART-FRAC25-CODE-KODCODE-CTX8K-S1-BETA0-V1_1783416222,25%,25,beta=0.0,beta0,84,Train score mean,critic/score/mean,-0.3125
ONPOLICY-SFT-Qwen3-1P7B-COLDSTART-FRAC25-CODE-KODCODE-CTX8K-S1-BETA0-V1_1783416222,25%,25,beta=0.0,beta0,84,Response length mean,response_length/mean,172.498046875
ONPOLICY-SFT-Qwen3-1P7B-COLDSTART-FRAC25-CODE-KODCODE-CTX8K-S1-BETA0-V1_1783416222,25%,25,beta=0.0,beta0,84,Time per step,perf/time_per_step,43.51407412532717
ONPOLICY-SFT-Qwen3-1P7B-COLDSTART-FRAC25-CODE-KODCODE-CTX8K-S1-BETA0-V1_1783416222,25%,25,beta=0.0,beta0,85,HumanEval+ pass@1,val-core/HumanEval+/acc/pass@1,0.4634146341463415
ONPOLICY-SFT-Qwen3-1P7B-COLDSTART-FRAC25-CODE-KODCODE-CTX8K-S1-BETA0-V1_1783416222,25%,25,beta=0.0,beta0,85,MBPP+ pass@1,val-core/MBPP+/acc/pass@1,0.5079365079365079
ONPOLICY-SFT-Qwen3-1P7B-COLDSTART-FRAC25-CODE-KODCODE-CTX8K-S1-BETA0-V1_1783416222,25%,25,beta=0.0,beta0,85,LiveCodeBench pass@1,val-core/LiveCodeBench/acc/pass@1,0.2109375
ONPOLICY-SFT-Qwen3-1P7B-COLDSTART-FRAC25-CODE-KODCODE-CTX8K-S1-BETA0-V1_1783416222,25%,25,beta=0.0,beta0,85,HumanEval+ extract fail,val-aux/HumanEval+/code_reward_extraction_fail/mean@1,0.0
ONPOLICY-SFT-Qwen3-1P7B-COLDSTART-FRAC25-CODE-KODCODE-CTX8K-S1-BETA0-V1_1783416222,25%,25,beta=0.0,beta0,85,MBPP+ extract fail,val-aux/MBPP+/code_reward_extraction_fail/mean@1,0.007936507936507936
ONPOLICY-SFT-Qwen3-1P7B-COLDSTART-FRAC25-CODE-KODCODE-CTX8K-S1-BETA0-V1_1783416222,25%,25,beta=0.0,beta0,85,LiveCodeBench extract fail,val-aux/LiveCodeBench/code_reward_extraction_fail/mean@1,0.015625
ONPOLICY-SFT-Qwen3-1P7B-COLDSTART-FRAC25-CODE-KODCODE-CTX8K-S1-BETA0-V1_1783416222,25%,25,beta=0.0,beta0,85,Rollout correct ratio,wdl_sft/correct_ratio,0.39453125
ONPOLICY-SFT-Qwen3-1P7B-COLDSTART-FRAC25-CODE-KODCODE-CTX8K-S1-BETA0-V1_1783416222,25%,25,beta=0.0,beta0,85,Gradient norm,actor/grad_norm,9.004590034484863
ONPOLICY-SFT-Qwen3-1P7B-COLDSTART-FRAC25-CODE-KODCODE-CTX8K-S1-BETA0-V1_1783416222,25%,25,beta=0.0,beta0,85,Train score mean,critic/score/mean,-0.2109375
ONPOLICY-SFT-Qwen3-1P7B-COLDSTART-FRAC25-CODE-KODCODE-CTX8K-S1-BETA0-V1_1783416222,25%,25,beta=0.0,beta0,85,Response length mean,response_length/mean,169.09375
ONPOLICY-SFT-Qwen3-1P7B-COLDSTART-FRAC25-CODE-KODCODE-CTX8K-S1-BETA0-V1_1783416222,25%,25,beta=0.0,beta0,85,Time per step,perf/time_per_step,49.72721691429615
ONPOLICY-SFT-Qwen3-1P7B-COLDSTART-FRAC25-CODE-KODCODE-CTX8K-S1-BETA0-V1_1783416222,25%,25,beta=0.0,beta0,86,Rollout correct ratio,wdl_sft/correct_ratio,0.322265625
ONPOLICY-SFT-Qwen3-1P7B-COLDSTART-FRAC25-CODE-KODCODE-CTX8K-S1-BETA0-V1_1783416222,25%,25,beta=0.0,beta0,86,Gradient norm,actor/grad_norm,11.087815284729004
ONPOLICY-SFT-Qwen3-1P7B-COLDSTART-FRAC25-CODE-KODCODE-CTX8K-S1-BETA0-V1_1783416222,25%,25,beta=0.0,beta0,86,Train score mean,critic/score/mean,-0.35546875
ONPOLICY-SFT-Qwen3-1P7B-COLDSTART-FRAC25-CODE-KODCODE-CTX8K-S1-BETA0-V1_1783416222,25%,25,beta=0.0,beta0,86,Response length mean,response_length/mean,161.466796875
ONPOLICY-SFT-Qwen3-1P7B-COLDSTART-FRAC25-CODE-KODCODE-CTX8K-S1-BETA0-V1_1783416222,25%,25,beta=0.0,beta0,86,Time per step,perf/time_per_step,40.7993886815384
ONPOLICY-SFT-Qwen3-1P7B-COLDSTART-FRAC25-CODE-KODCODE-CTX8K-S1-BETA0-V1_1783416222,25%,25,beta=0.0,beta0,87,Rollout correct ratio,wdl_sft/correct_ratio,0.412109375
ONPOLICY-SFT-Qwen3-1P7B-COLDSTART-FRAC25-CODE-KODCODE-CTX8K-S1-BETA0-V1_1783416222,25%,25,beta=0.0,beta0,87,Gradient norm,actor/grad_norm,8.914900779724121
ONPOLICY-SFT-Qwen3-1P7B-COLDSTART-FRAC25-CODE-KODCODE-CTX8K-S1-BETA0-V1_1783416222,25%,25,beta=0.0,beta0,87,Train score mean,critic/score/mean,-0.17578125
ONPOLICY-SFT-Qwen3-1P7B-COLDSTART-FRAC25-CODE-KODCODE-CTX8K-S1-BETA0-V1_1783416222,25%,25,beta=0.0,beta0,87,Response length mean,response_length/mean,148.431640625
ONPOLICY-SFT-Qwen3-1P7B-COLDSTART-FRAC25-CODE-KODCODE-CTX8K-S1-BETA0-V1_1783416222,25%,25,beta=0.0,beta0,87,Time per step,perf/time_per_step,40.95119786448777
ONPOLICY-SFT-Qwen3-1P7B-COLDSTART-FRAC25-CODE-KODCODE-CTX8K-S1-BETA0-V1_1783416222,25%,25,beta=0.0,beta0,88,Rollout correct ratio,wdl_sft/correct_ratio,0.30078125
ONPOLICY-SFT-Qwen3-1P7B-COLDSTART-FRAC25-CODE-KODCODE-CTX8K-S1-BETA0-V1_1783416222,25%,25,beta=0.0,beta0,88,Gradient norm,actor/grad_norm,11.115226745605469
ONPOLICY-SFT-Qwen3-1P7B-COLDSTART-FRAC25-CODE-KODCODE-CTX8K-S1-BETA0-V1_1783416222,25%,25,beta=0.0,beta0,88,Train score mean,critic/score/mean,-0.3984375
ONPOLICY-SFT-Qwen3-1P7B-COLDSTART-FRAC25-CODE-KODCODE-CTX8K-S1-BETA0-V1_1783416222,25%,25,beta=0.0,beta0,88,Response length mean,response_length/mean,167.34765625
ONPOLICY-SFT-Qwen3-1P7B-COLDSTART-FRAC25-CODE-KODCODE-CTX8K-S1-BETA0-V1_1783416222,25%,25,beta=0.0,beta0,88,Time per step,perf/time_per_step,43.80214339494705
ONPOLICY-SFT-Qwen3-1P7B-COLDSTART-FRAC25-CODE-KODCODE-CTX8K-S1-BETA0-V1_1783416222,25%,25,beta=0.0,beta0,89,Rollout correct ratio,wdl_sft/correct_ratio,0.46875
ONPOLICY-SFT-Qwen3-1P7B-COLDSTART-FRAC25-CODE-KODCODE-CTX8K-S1-BETA0-V1_1783416222,25%,25,beta=0.0,beta0,89,Gradient norm,actor/grad_norm,7.567737102508545
ONPOLICY-SFT-Qwen3-1P7B-COLDSTART-FRAC25-CODE-KODCODE-CTX8K-S1-BETA0-V1_1783416222,25%,25,beta=0.0,beta0,89,Train score mean,critic/score/mean,-0.0625
ONPOLICY-SFT-Qwen3-1P7B-COLDSTART-FRAC25-CODE-KODCODE-CTX8K-S1-BETA0-V1_1783416222,25%,25,beta=0.0,beta0,89,Response length mean,response_length/mean,154.048828125
ONPOLICY-SFT-Qwen3-1P7B-COLDSTART-FRAC25-CODE-KODCODE-CTX8K-S1-BETA0-V1_1783416222,25%,25,beta=0.0,beta0,89,Time per step,perf/time_per_step,44.01491142157465
ONPOLICY-SFT-Qwen3-1P7B-COLDSTART-FRAC25-CODE-KODCODE-CTX8K-S1-BETA0-V1_1783416222,25%,25,beta=0.0,beta0,90,HumanEval+ pass@1,val-core/HumanEval+/acc/pass@1,0.4878048780487805
ONPOLICY-SFT-Qwen3-1P7B-COLDSTART-FRAC25-CODE-KODCODE-CTX8K-S1-BETA0-V1_1783416222,25%,25,beta=0.0,beta0,90,MBPP+ pass@1,val-core/MBPP+/acc/pass@1,0.5026455026455027
ONPOLICY-SFT-Qwen3-1P7B-COLDSTART-FRAC25-CODE-KODCODE-CTX8K-S1-BETA0-V1_1783416222,25%,25,beta=0.0,beta0,90,LiveCodeBench pass@1,val-core/LiveCodeBench/acc/pass@1,0.2109375
ONPOLICY-SFT-Qwen3-1P7B-COLDSTART-FRAC25-CODE-KODCODE-CTX8K-S1-BETA0-V1_1783416222,25%,25,beta=0.0,beta0,90,HumanEval+ extract fail,val-aux/HumanEval+/code_reward_extraction_fail/mean@1,0.0
ONPOLICY-SFT-Qwen3-1P7B-COLDSTART-FRAC25-CODE-KODCODE-CTX8K-S1-BETA0-V1_1783416222,25%,25,beta=0.0,beta0,90,MBPP+ extract fail,val-aux/MBPP+/code_reward_extraction_fail/mean@1,0.007936507936507936
ONPOLICY-SFT-Qwen3-1P7B-COLDSTART-FRAC25-CODE-KODCODE-CTX8K-S1-BETA0-V1_1783416222,25%,25,beta=0.0,beta0,90,LiveCodeBench extract fail,val-aux/LiveCodeBench/code_reward_extraction_fail/mean@1,0.0078125
ONPOLICY-SFT-Qwen3-1P7B-COLDSTART-FRAC25-CODE-KODCODE-CTX8K-S1-BETA0-V1_1783416222,25%,25,beta=0.0,beta0,90,Rollout correct ratio,wdl_sft/correct_ratio,0.3125
ONPOLICY-SFT-Qwen3-1P7B-COLDSTART-FRAC25-CODE-KODCODE-CTX8K-S1-BETA0-V1_1783416222,25%,25,beta=0.0,beta0,90,Gradient norm,actor/grad_norm,11.661449432373047
ONPOLICY-SFT-Qwen3-1P7B-COLDSTART-FRAC25-CODE-KODCODE-CTX8K-S1-BETA0-V1_1783416222,25%,25,beta=0.0,beta0,90,Train score mean,critic/score/mean,-0.375
ONPOLICY-SFT-Qwen3-1P7B-COLDSTART-FRAC25-CODE-KODCODE-CTX8K-S1-BETA0-V1_1783416222,25%,25,beta=0.0,beta0,90,Response length mean,response_length/mean,175.025390625
ONPOLICY-SFT-Qwen3-1P7B-COLDSTART-FRAC25-CODE-KODCODE-CTX8K-S1-BETA0-V1_1783416222,25%,25,beta=0.0,beta0,90,Time per step,perf/time_per_step,47.07405634596944
ONPOLICY-SFT-Qwen3-1P7B-COLDSTART-FRAC25-CODE-KODCODE-CTX8K-S1-BETA0-V1_1783416222,25%,25,beta=0.0,beta0,91,Rollout correct ratio,wdl_sft/correct_ratio,0.451171875
ONPOLICY-SFT-Qwen3-1P7B-COLDSTART-FRAC25-CODE-KODCODE-CTX8K-S1-BETA0-V1_1783416222,25%,25,beta=0.0,beta0,91,Gradient norm,actor/grad_norm,8.080302238464355
ONPOLICY-SFT-Qwen3-1P7B-COLDSTART-FRAC25-CODE-KODCODE-CTX8K-S1-BETA0-V1_1783416222,25%,25,beta=0.0,beta0,91,Train score mean,critic/score/mean,-0.09765625
ONPOLICY-SFT-Qwen3-1P7B-COLDSTART-FRAC25-CODE-KODCODE-CTX8K-S1-BETA0-V1_1783416222,25%,25,beta=0.0,beta0,91,Response length mean,response_length/mean,137.58984375
ONPOLICY-SFT-Qwen3-1P7B-COLDSTART-FRAC25-CODE-KODCODE-CTX8K-S1-BETA0-V1_1783416222,25%,25,beta=0.0,beta0,91,Time per step,perf/time_per_step,42.00105700455606
ONPOLICY-SFT-Qwen3-1P7B-COLDSTART-FRAC25-CODE-KODCODE-CTX8K-S1-BETA0-V1_1783416222,25%,25,beta=0.0,beta0,92,Rollout correct ratio,wdl_sft/correct_ratio,0.396484375
ONPOLICY-SFT-Qwen3-1P7B-COLDSTART-FRAC25-CODE-KODCODE-CTX8K-S1-BETA0-V1_1783416222,25%,25,beta=0.0,beta0,92,Gradient norm,actor/grad_norm,10.057528495788574
ONPOLICY-SFT-Qwen3-1P7B-COLDSTART-FRAC25-CODE-KODCODE-CTX8K-S1-BETA0-V1_1783416222,25%,25,beta=0.0,beta0,92,Train score mean,critic/score/mean,-0.20703125
ONPOLICY-SFT-Qwen3-1P7B-COLDSTART-FRAC25-CODE-KODCODE-CTX8K-S1-BETA0-V1_1783416222,25%,25,beta=0.0,beta0,92,Response length mean,response_length/mean,159.033203125
ONPOLICY-SFT-Qwen3-1P7B-COLDSTART-FRAC25-CODE-KODCODE-CTX8K-S1-BETA0-V1_1783416222,25%,25,beta=0.0,beta0,92,Time per step,perf/time_per_step,41.401798519305885
ONPOLICY-SFT-Qwen3-1P7B-COLDSTART-FRAC25-CODE-KODCODE-CTX8K-S1-BETA0-V1_1783416222,25%,25,beta=0.0,beta0,93,Rollout correct ratio,wdl_sft/correct_ratio,0.3359375
ONPOLICY-SFT-Qwen3-1P7B-COLDSTART-FRAC25-CODE-KODCODE-CTX8K-S1-BETA0-V1_1783416222,25%,25,beta=0.0,beta0,93,Gradient norm,actor/grad_norm,12.312336921691895
ONPOLICY-SFT-Qwen3-1P7B-COLDSTART-FRAC25-CODE-KODCODE-CTX8K-S1-BETA0-V1_1783416222,25%,25,beta=0.0,beta0,93,Train score mean,critic/score/mean,-0.328125
ONPOLICY-SFT-Qwen3-1P7B-COLDSTART-FRAC25-CODE-KODCODE-CTX8K-S1-BETA0-V1_1783416222,25%,25,beta=0.0,beta0,93,Response length mean,response_length/mean,170.48046875
ONPOLICY-SFT-Qwen3-1P7B-COLDSTART-FRAC25-CODE-KODCODE-CTX8K-S1-BETA0-V1_1783416222,25%,25,beta=0.0,beta0,93,Time per step,perf/time_per_step,44.89845309127122
ONPOLICY-SFT-Qwen3-1P7B-COLDSTART-FRAC25-CODE-KODCODE-CTX8K-S1-BETA0-V1_1783416222,25%,25,beta=0.0,beta0,94,Rollout correct ratio,wdl_sft/correct_ratio,0.3359375
ONPOLICY-SFT-Qwen3-1P7B-COLDSTART-FRAC25-CODE-KODCODE-CTX8K-S1-BETA0-V1_1783416222,25%,25,beta=0.0,beta0,94,Gradient norm,actor/grad_norm,10.655004501342773
ONPOLICY-SFT-Qwen3-1P7B-COLDSTART-FRAC25-CODE-KODCODE-CTX8K-S1-BETA0-V1_1783416222,25%,25,beta=0.0,beta0,94,Train score mean,critic/score/mean,-0.328125
ONPOLICY-SFT-Qwen3-1P7B-COLDSTART-FRAC25-CODE-KODCODE-CTX8K-S1-BETA0-V1_1783416222,25%,25,beta=0.0,beta0,94,Response length mean,response_length/mean,170.98046875
ONPOLICY-SFT-Qwen3-1P7B-COLDSTART-FRAC25-CODE-KODCODE-CTX8K-S1-BETA0-V1_1783416222,25%,25,beta=0.0,beta0,94,Time per step,perf/time_per_step,18.21555053256452
ONPOLICY-SFT-Qwen3-1P7B-COLDSTART-FRAC25-CODE-KODCODE-CTX8K-S1-BETA0-V1_1783416222,25%,25,beta=0.0,beta0,95,HumanEval+ pass@1,val-core/HumanEval+/acc/pass@1,0.4695121951219512
ONPOLICY-SFT-Qwen3-1P7B-COLDSTART-FRAC25-CODE-KODCODE-CTX8K-S1-BETA0-V1_1783416222,25%,25,beta=0.0,beta0,95,MBPP+ pass@1,val-core/MBPP+/acc/pass@1,0.48677248677248675
ONPOLICY-SFT-Qwen3-1P7B-COLDSTART-FRAC25-CODE-KODCODE-CTX8K-S1-BETA0-V1_1783416222,25%,25,beta=0.0,beta0,95,LiveCodeBench pass@1,val-core/LiveCodeBench/acc/pass@1,0.171875
ONPOLICY-SFT-Qwen3-1P7B-COLDSTART-FRAC25-CODE-KODCODE-CTX8K-S1-BETA0-V1_1783416222,25%,25,beta=0.0,beta0,95,HumanEval+ extract fail,val-aux/HumanEval+/code_reward_extraction_fail/mean@1,0.0
ONPOLICY-SFT-Qwen3-1P7B-COLDSTART-FRAC25-CODE-KODCODE-CTX8K-S1-BETA0-V1_1783416222,25%,25,beta=0.0,beta0,95,MBPP+ extract fail,val-aux/MBPP+/code_reward_extraction_fail/mean@1,0.010582010582010581
ONPOLICY-SFT-Qwen3-1P7B-COLDSTART-FRAC25-CODE-KODCODE-CTX8K-S1-BETA0-V1_1783416222,25%,25,beta=0.0,beta0,95,LiveCodeBench extract fail,val-aux/LiveCodeBench/code_reward_extraction_fail/mean@1,0.0234375
ONPOLICY-SFT-Qwen3-1P7B-COLDSTART-FRAC25-CODE-KODCODE-CTX8K-S1-BETA0-V1_1783416222,25%,25,beta=0.0,beta0,95,Rollout correct ratio,wdl_sft/correct_ratio,0.416015625
ONPOLICY-SFT-Qwen3-1P7B-COLDSTART-FRAC25-CODE-KODCODE-CTX8K-S1-BETA0-V1_1783416222,25%,25,beta=0.0,beta0,95,Gradient norm,actor/grad_norm,10.542187690734863
ONPOLICY-SFT-Qwen3-1P7B-COLDSTART-FRAC25-CODE-KODCODE-CTX8K-S1-BETA0-V1_1783416222,25%,25,beta=0.0,beta0,95,Train score mean,critic/score/mean,-0.16796875
ONPOLICY-SFT-Qwen3-1P7B-COLDSTART-FRAC25-CODE-KODCODE-CTX8K-S1-BETA0-V1_1783416222,25%,25,beta=0.0,beta0,95,Response length mean,response_length/mean,165.125
ONPOLICY-SFT-Qwen3-1P7B-COLDSTART-FRAC25-CODE-KODCODE-CTX8K-S1-BETA0-V1_1783416222,25%,25,beta=0.0,beta0,95,Time per step,perf/time_per_step,46.351858265697956
ONPOLICY-SFT-Qwen3-1P7B-COLDSTART-FRAC25-CODE-KODCODE-CTX8K-S1-BETA0-V1_1783416222,25%,25,beta=0.0,beta0,96,Rollout correct ratio,wdl_sft/correct_ratio,0.2734375
ONPOLICY-SFT-Qwen3-1P7B-COLDSTART-FRAC25-CODE-KODCODE-CTX8K-S1-BETA0-V1_1783416222,25%,25,beta=0.0,beta0,96,Gradient norm,actor/grad_norm,13.066117286682129
ONPOLICY-SFT-Qwen3-1P7B-COLDSTART-FRAC25-CODE-KODCODE-CTX8K-S1-BETA0-V1_1783416222,25%,25,beta=0.0,beta0,96,Train score mean,critic/score/mean,-0.453125
ONPOLICY-SFT-Qwen3-1P7B-COLDSTART-FRAC25-CODE-KODCODE-CTX8K-S1-BETA0-V1_1783416222,25%,25,beta=0.0,beta0,96,Response length mean,response_length/mean,178.56640625
ONPOLICY-SFT-Qwen3-1P7B-COLDSTART-FRAC25-CODE-KODCODE-CTX8K-S1-BETA0-V1_1783416222,25%,25,beta=0.0,beta0,96,Time per step,perf/time_per_step,43.569229503162205
ONPOLICY-SFT-Qwen3-1P7B-COLDSTART-FRAC25-CODE-KODCODE-CTX8K-S1-BETA0-V1_1783416222,25%,25,beta=0.0,beta0,97,Rollout correct ratio,wdl_sft/correct_ratio,0.380859375
ONPOLICY-SFT-Qwen3-1P7B-COLDSTART-FRAC25-CODE-KODCODE-CTX8K-S1-BETA0-V1_1783416222,25%,25,beta=0.0,beta0,97,Gradient norm,actor/grad_norm,9.712447166442871
ONPOLICY-SFT-Qwen3-1P7B-COLDSTART-FRAC25-CODE-KODCODE-CTX8K-S1-BETA0-V1_1783416222,25%,25,beta=0.0,beta0,97,Train score mean,critic/score/mean,-0.23828125
ONPOLICY-SFT-Qwen3-1P7B-COLDSTART-FRAC25-CODE-KODCODE-CTX8K-S1-BETA0-V1_1783416222,25%,25,beta=0.0,beta0,97,Response length mean,response_length/mean,164.185546875
ONPOLICY-SFT-Qwen3-1P7B-COLDSTART-FRAC25-CODE-KODCODE-CTX8K-S1-BETA0-V1_1783416222,25%,25,beta=0.0,beta0,97,Time per step,perf/time_per_step,45.65034296642989
ONPOLICY-SFT-Qwen3-1P7B-COLDSTART-FRAC25-CODE-KODCODE-CTX8K-S1-BETA0-V1_1783416222,25%,25,beta=0.0,beta0,98,Rollout correct ratio,wdl_sft/correct_ratio,0.33984375
ONPOLICY-SFT-Qwen3-1P7B-COLDSTART-FRAC25-CODE-KODCODE-CTX8K-S1-BETA0-V1_1783416222,25%,25,beta=0.0,beta0,98,Gradient norm,actor/grad_norm,11.575814247131348
ONPOLICY-SFT-Qwen3-1P7B-COLDSTART-FRAC25-CODE-KODCODE-CTX8K-S1-BETA0-V1_1783416222,25%,25,beta=0.0,beta0,98,Train score mean,critic/score/mean,-0.3203125
ONPOLICY-SFT-Qwen3-1P7B-COLDSTART-FRAC25-CODE-KODCODE-CTX8K-S1-BETA0-V1_1783416222,25%,25,beta=0.0,beta0,98,Response length mean,response_length/mean,175.564453125
ONPOLICY-SFT-Qwen3-1P7B-COLDSTART-FRAC25-CODE-KODCODE-CTX8K-S1-BETA0-V1_1783416222,25%,25,beta=0.0,beta0,98,Time per step,perf/time_per_step,46.2352070780471
ONPOLICY-SFT-Qwen3-1P7B-COLDSTART-FRAC25-CODE-KODCODE-CTX8K-S1-BETA0-V1_1783416222,25%,25,beta=0.0,beta0,99,Rollout correct ratio,wdl_sft/correct_ratio,0.326171875
ONPOLICY-SFT-Qwen3-1P7B-COLDSTART-FRAC25-CODE-KODCODE-CTX8K-S1-BETA0-V1_1783416222,25%,25,beta=0.0,beta0,99,Gradient norm,actor/grad_norm,10.849637985229492
ONPOLICY-SFT-Qwen3-1P7B-COLDSTART-FRAC25-CODE-KODCODE-CTX8K-S1-BETA0-V1_1783416222,25%,25,beta=0.0,beta0,99,Train score mean,critic/score/mean,-0.34765625
ONPOLICY-SFT-Qwen3-1P7B-COLDSTART-FRAC25-CODE-KODCODE-CTX8K-S1-BETA0-V1_1783416222,25%,25,beta=0.0,beta0,99,Response length mean,response_length/mean,179.126953125
ONPOLICY-SFT-Qwen3-1P7B-COLDSTART-FRAC25-CODE-KODCODE-CTX8K-S1-BETA0-V1_1783416222,25%,25,beta=0.0,beta0,99,Time per step,perf/time_per_step,43.06118302512914
ONPOLICY-SFT-Qwen3-1P7B-COLDSTART-FRAC25-CODE-KODCODE-CTX8K-S1-BETA0-V1_1783416222,25%,25,beta=0.0,beta0,100,HumanEval+ pass@1,val-core/HumanEval+/acc/pass@1,0.45121951219512196
ONPOLICY-SFT-Qwen3-1P7B-COLDSTART-FRAC25-CODE-KODCODE-CTX8K-S1-BETA0-V1_1783416222,25%,25,beta=0.0,beta0,100,MBPP+ pass@1,val-core/MBPP+/acc/pass@1,0.5079365079365079
ONPOLICY-SFT-Qwen3-1P7B-COLDSTART-FRAC25-CODE-KODCODE-CTX8K-S1-BETA0-V1_1783416222,25%,25,beta=0.0,beta0,100,LiveCodeBench pass@1,val-core/LiveCodeBench/acc/pass@1,0.2109375
ONPOLICY-SFT-Qwen3-1P7B-COLDSTART-FRAC25-CODE-KODCODE-CTX8K-S1-BETA0-V1_1783416222,25%,25,beta=0.0,beta0,100,HumanEval+ extract fail,val-aux/HumanEval+/code_reward_extraction_fail/mean@1,0.006097560975609756
ONPOLICY-SFT-Qwen3-1P7B-COLDSTART-FRAC25-CODE-KODCODE-CTX8K-S1-BETA0-V1_1783416222,25%,25,beta=0.0,beta0,100,MBPP+ extract fail,val-aux/MBPP+/code_reward_extraction_fail/mean@1,0.0026455026455026454
ONPOLICY-SFT-Qwen3-1P7B-COLDSTART-FRAC25-CODE-KODCODE-CTX8K-S1-BETA0-V1_1783416222,25%,25,beta=0.0,beta0,100,LiveCodeBench extract fail,val-aux/LiveCodeBench/code_reward_extraction_fail/mean@1,0.03125
ONPOLICY-SFT-Qwen3-1P7B-COLDSTART-FRAC25-CODE-KODCODE-CTX8K-S1-BETA0-V1_1783416222,25%,25,beta=0.0,beta0,100,Rollout correct ratio,wdl_sft/correct_ratio,0.3671875
ONPOLICY-SFT-Qwen3-1P7B-COLDSTART-FRAC25-CODE-KODCODE-CTX8K-S1-BETA0-V1_1783416222,25%,25,beta=0.0,beta0,100,Gradient norm,actor/grad_norm,9.600884437561035
ONPOLICY-SFT-Qwen3-1P7B-COLDSTART-FRAC25-CODE-KODCODE-CTX8K-S1-BETA0-V1_1783416222,25%,25,beta=0.0,beta0,100,Train score mean,critic/score/mean,-0.265625
ONPOLICY-SFT-Qwen3-1P7B-COLDSTART-FRAC25-CODE-KODCODE-CTX8K-S1-BETA0-V1_1783416222,25%,25,beta=0.0,beta0,100,Response length mean,response_length/mean,166.203125
ONPOLICY-SFT-Qwen3-1P7B-COLDSTART-FRAC25-CODE-KODCODE-CTX8K-S1-BETA0-V1_1783416222,25%,25,beta=0.0,beta0,100,Time per step,perf/time_per_step,47.55571389384568
ONPOLICY-SFT-Qwen3-1P7B-COLDSTART-FRAC25-CODE-KODCODE-CTX8K-S1-BETA0-V1_1783416222,25%,25,beta=0.0,beta0,101,Rollout correct ratio,wdl_sft/correct_ratio,0.345703125
ONPOLICY-SFT-Qwen3-1P7B-COLDSTART-FRAC25-CODE-KODCODE-CTX8K-S1-BETA0-V1_1783416222,25%,25,beta=0.0,beta0,101,Gradient norm,actor/grad_norm,10.409676551818848
ONPOLICY-SFT-Qwen3-1P7B-COLDSTART-FRAC25-CODE-KODCODE-CTX8K-S1-BETA0-V1_1783416222,25%,25,beta=0.0,beta0,101,Train score mean,critic/score/mean,-0.30859375
ONPOLICY-SFT-Qwen3-1P7B-COLDSTART-FRAC25-CODE-KODCODE-CTX8K-S1-BETA0-V1_1783416222,25%,25,beta=0.0,beta0,101,Response length mean,response_length/mean,161.77734375
ONPOLICY-SFT-Qwen3-1P7B-COLDSTART-FRAC25-CODE-KODCODE-CTX8K-S1-BETA0-V1_1783416222,25%,25,beta=0.0,beta0,101,Time per step,perf/time_per_step,42.24585551023483
ONPOLICY-SFT-Qwen3-1P7B-COLDSTART-FRAC25-CODE-KODCODE-CTX8K-S1-BETA0-V1_1783416222,25%,25,beta=0.0,beta0,102,Rollout correct ratio,wdl_sft/correct_ratio,0.421875
ONPOLICY-SFT-Qwen3-1P7B-COLDSTART-FRAC25-CODE-KODCODE-CTX8K-S1-BETA0-V1_1783416222,25%,25,beta=0.0,beta0,102,Gradient norm,actor/grad_norm,8.919822692871094
ONPOLICY-SFT-Qwen3-1P7B-COLDSTART-FRAC25-CODE-KODCODE-CTX8K-S1-BETA0-V1_1783416222,25%,25,beta=0.0,beta0,102,Train score mean,critic/score/mean,-0.15625
ONPOLICY-SFT-Qwen3-1P7B-COLDSTART-FRAC25-CODE-KODCODE-CTX8K-S1-BETA0-V1_1783416222,25%,25,beta=0.0,beta0,102,Response length mean,response_length/mean,164.5390625
ONPOLICY-SFT-Qwen3-1P7B-COLDSTART-FRAC25-CODE-KODCODE-CTX8K-S1-BETA0-V1_1783416222,25%,25,beta=0.0,beta0,102,Time per step,perf/time_per_step,41.617754898034036
ONPOLICY-SFT-Qwen3-1P7B-COLDSTART-FRAC25-CODE-KODCODE-CTX8K-S1-BETA0-V1_1783416222,25%,25,beta=0.0,beta0,103,Rollout correct ratio,wdl_sft/correct_ratio,0.328125
ONPOLICY-SFT-Qwen3-1P7B-COLDSTART-FRAC25-CODE-KODCODE-CTX8K-S1-BETA0-V1_1783416222,25%,25,beta=0.0,beta0,103,Gradient norm,actor/grad_norm,11.14312744140625
ONPOLICY-SFT-Qwen3-1P7B-COLDSTART-FRAC25-CODE-KODCODE-CTX8K-S1-BETA0-V1_1783416222,25%,25,beta=0.0,beta0,103,Train score mean,critic/score/mean,-0.34375
ONPOLICY-SFT-Qwen3-1P7B-COLDSTART-FRAC25-CODE-KODCODE-CTX8K-S1-BETA0-V1_1783416222,25%,25,beta=0.0,beta0,103,Response length mean,response_length/mean,167.34375
ONPOLICY-SFT-Qwen3-1P7B-COLDSTART-FRAC25-CODE-KODCODE-CTX8K-S1-BETA0-V1_1783416222,25%,25,beta=0.0,beta0,103,Time per step,perf/time_per_step,43.59834652766585
ONPOLICY-SFT-Qwen3-1P7B-COLDSTART-FRAC25-CODE-KODCODE-CTX8K-S1-BETA0-V1_1783416222,25%,25,beta=0.0,beta0,104,Rollout correct ratio,wdl_sft/correct_ratio,0.369140625
ONPOLICY-SFT-Qwen3-1P7B-COLDSTART-FRAC25-CODE-KODCODE-CTX8K-S1-BETA0-V1_1783416222,25%,25,beta=0.0,beta0,104,Gradient norm,actor/grad_norm,9.66005802154541
ONPOLICY-SFT-Qwen3-1P7B-COLDSTART-FRAC25-CODE-KODCODE-CTX8K-S1-BETA0-V1_1783416222,25%,25,beta=0.0,beta0,104,Train score mean,critic/score/mean,-0.26171875
ONPOLICY-SFT-Qwen3-1P7B-COLDSTART-FRAC25-CODE-KODCODE-CTX8K-S1-BETA0-V1_1783416222,25%,25,beta=0.0,beta0,104,Response length mean,response_length/mean,152.095703125
ONPOLICY-SFT-Qwen3-1P7B-COLDSTART-FRAC25-CODE-KODCODE-CTX8K-S1-BETA0-V1_1783416222,25%,25,beta=0.0,beta0,104,Time per step,perf/time_per_step,43.99672542512417
ONPOLICY-SFT-Qwen3-1P7B-COLDSTART-FRAC25-CODE-KODCODE-CTX8K-S1-BETA0-V1_1783416222,25%,25,beta=0.0,beta0,105,HumanEval+ pass@1,val-core/HumanEval+/acc/pass@1,0.4878048780487805
ONPOLICY-SFT-Qwen3-1P7B-COLDSTART-FRAC25-CODE-KODCODE-CTX8K-S1-BETA0-V1_1783416222,25%,25,beta=0.0,beta0,105,MBPP+ pass@1,val-core/MBPP+/acc/pass@1,0.4894179894179894
ONPOLICY-SFT-Qwen3-1P7B-COLDSTART-FRAC25-CODE-KODCODE-CTX8K-S1-BETA0-V1_1783416222,25%,25,beta=0.0,beta0,105,LiveCodeBench pass@1,val-core/LiveCodeBench/acc/pass@1,0.234375
ONPOLICY-SFT-Qwen3-1P7B-COLDSTART-FRAC25-CODE-KODCODE-CTX8K-S1-BETA0-V1_1783416222,25%,25,beta=0.0,beta0,105,HumanEval+ extract fail,val-aux/HumanEval+/code_reward_extraction_fail/mean@1,0.0
ONPOLICY-SFT-Qwen3-1P7B-COLDSTART-FRAC25-CODE-KODCODE-CTX8K-S1-BETA0-V1_1783416222,25%,25,beta=0.0,beta0,105,MBPP+ extract fail,val-aux/MBPP+/code_reward_extraction_fail/mean@1,0.010582010582010581
ONPOLICY-SFT-Qwen3-1P7B-COLDSTART-FRAC25-CODE-KODCODE-CTX8K-S1-BETA0-V1_1783416222,25%,25,beta=0.0,beta0,105,LiveCodeBench extract fail,val-aux/LiveCodeBench/code_reward_extraction_fail/mean@1,0.015625
ONPOLICY-SFT-Qwen3-1P7B-COLDSTART-FRAC25-CODE-KODCODE-CTX8K-S1-BETA0-V1_1783416222,25%,25,beta=0.0,beta0,105,Rollout correct ratio,wdl_sft/correct_ratio,0.40234375
ONPOLICY-SFT-Qwen3-1P7B-COLDSTART-FRAC25-CODE-KODCODE-CTX8K-S1-BETA0-V1_1783416222,25%,25,beta=0.0,beta0,105,Gradient norm,actor/grad_norm,10.615653038024902
ONPOLICY-SFT-Qwen3-1P7B-COLDSTART-FRAC25-CODE-KODCODE-CTX8K-S1-BETA0-V1_1783416222,25%,25,beta=0.0,beta0,105,Train score mean,critic/score/mean,-0.1953125
ONPOLICY-SFT-Qwen3-1P7B-COLDSTART-FRAC25-CODE-KODCODE-CTX8K-S1-BETA0-V1_1783416222,25%,25,beta=0.0,beta0,105,Response length mean,response_length/mean,165.654296875
ONPOLICY-SFT-Qwen3-1P7B-COLDSTART-FRAC25-CODE-KODCODE-CTX8K-S1-BETA0-V1_1783416222,25%,25,beta=0.0,beta0,105,Time per step,perf/time_per_step,47.768800410442054
ONPOLICY-SFT-Qwen3-1P7B-COLDSTART-FRAC25-CODE-KODCODE-CTX8K-S1-BETA0-V1_1783416222,25%,25,beta=0.0,beta0,106,Rollout correct ratio,wdl_sft/correct_ratio,0.373046875
ONPOLICY-SFT-Qwen3-1P7B-COLDSTART-FRAC25-CODE-KODCODE-CTX8K-S1-BETA0-V1_1783416222,25%,25,beta=0.0,beta0,106,Gradient norm,actor/grad_norm,9.656782150268555
ONPOLICY-SFT-Qwen3-1P7B-COLDSTART-FRAC25-CODE-KODCODE-CTX8K-S1-BETA0-V1_1783416222,25%,25,beta=0.0,beta0,106,Train score mean,critic/score/mean,-0.25390625
ONPOLICY-SFT-Qwen3-1P7B-COLDSTART-FRAC25-CODE-KODCODE-CTX8K-S1-BETA0-V1_1783416222,25%,25,beta=0.0,beta0,106,Response length mean,response_length/mean,147.349609375
ONPOLICY-SFT-Qwen3-1P7B-COLDSTART-FRAC25-CODE-KODCODE-CTX8K-S1-BETA0-V1_1783416222,25%,25,beta=0.0,beta0,106,Time per step,perf/time_per_step,42.722806449979544
ONPOLICY-SFT-Qwen3-1P7B-COLDSTART-FRAC25-CODE-KODCODE-CTX8K-S1-BETA0-V1_1783416222,25%,25,beta=0.0,beta0,107,Rollout correct ratio,wdl_sft/correct_ratio,0.365234375
ONPOLICY-SFT-Qwen3-1P7B-COLDSTART-FRAC25-CODE-KODCODE-CTX8K-S1-BETA0-V1_1783416222,25%,25,beta=0.0,beta0,107,Gradient norm,actor/grad_norm,10.788843154907227
ONPOLICY-SFT-Qwen3-1P7B-COLDSTART-FRAC25-CODE-KODCODE-CTX8K-S1-BETA0-V1_1783416222,25%,25,beta=0.0,beta0,107,Train score mean,critic/score/mean,-0.26953125
ONPOLICY-SFT-Qwen3-1P7B-COLDSTART-FRAC25-CODE-KODCODE-CTX8K-S1-BETA0-V1_1783416222,25%,25,beta=0.0,beta0,107,Response length mean,response_length/mean,161.794921875
ONPOLICY-SFT-Qwen3-1P7B-COLDSTART-FRAC25-CODE-KODCODE-CTX8K-S1-BETA0-V1_1783416222,25%,25,beta=0.0,beta0,107,Time per step,perf/time_per_step,17.466176970861852
ONPOLICY-SFT-Qwen3-1P7B-COLDSTART-FRAC25-CODE-KODCODE-CTX8K-S1-BETA0-V1_1783416222,25%,25,beta=0.0,beta0,108,Rollout correct ratio,wdl_sft/correct_ratio,0.390625
ONPOLICY-SFT-Qwen3-1P7B-COLDSTART-FRAC25-CODE-KODCODE-CTX8K-S1-BETA0-V1_1783416222,25%,25,beta=0.0,beta0,108,Gradient norm,actor/grad_norm,9.795061111450195
ONPOLICY-SFT-Qwen3-1P7B-COLDSTART-FRAC25-CODE-KODCODE-CTX8K-S1-BETA0-V1_1783416222,25%,25,beta=0.0,beta0,108,Train score mean,critic/score/mean,-0.21875
ONPOLICY-SFT-Qwen3-1P7B-COLDSTART-FRAC25-CODE-KODCODE-CTX8K-S1-BETA0-V1_1783416222,25%,25,beta=0.0,beta0,108,Response length mean,response_length/mean,152.125
ONPOLICY-SFT-Qwen3-1P7B-COLDSTART-FRAC25-CODE-KODCODE-CTX8K-S1-BETA0-V1_1783416222,25%,25,beta=0.0,beta0,108,Time per step,perf/time_per_step,41.95204756874591
ONPOLICY-SFT-Qwen3-1P7B-COLDSTART-FRAC25-CODE-KODCODE-CTX8K-S1-BETA0-V1_1783416222,25%,25,beta=0.0,beta0,109,Rollout correct ratio,wdl_sft/correct_ratio,0.33984375
ONPOLICY-SFT-Qwen3-1P7B-COLDSTART-FRAC25-CODE-KODCODE-CTX8K-S1-BETA0-V1_1783416222,25%,25,beta=0.0,beta0,109,Gradient norm,actor/grad_norm,11.3611478805542
ONPOLICY-SFT-Qwen3-1P7B-COLDSTART-FRAC25-CODE-KODCODE-CTX8K-S1-BETA0-V1_1783416222,25%,25,beta=0.0,beta0,109,Train score mean,critic/score/mean,-0.3203125
ONPOLICY-SFT-Qwen3-1P7B-COLDSTART-FRAC25-CODE-KODCODE-CTX8K-S1-BETA0-V1_1783416222,25%,25,beta=0.0,beta0,109,Response length mean,response_length/mean,165.181640625
ONPOLICY-SFT-Qwen3-1P7B-COLDSTART-FRAC25-CODE-KODCODE-CTX8K-S1-BETA0-V1_1783416222,25%,25,beta=0.0,beta0,109,Time per step,perf/time_per_step,44.41100912261754
ONPOLICY-SFT-Qwen3-1P7B-COLDSTART-FRAC25-CODE-KODCODE-CTX8K-S1-BETA0-V1_1783416222,25%,25,beta=0.0,beta0,110,HumanEval+ pass@1,val-core/HumanEval+/acc/pass@1,0.4817073170731707
ONPOLICY-SFT-Qwen3-1P7B-COLDSTART-FRAC25-CODE-KODCODE-CTX8K-S1-BETA0-V1_1783416222,25%,25,beta=0.0,beta0,110,MBPP+ pass@1,val-core/MBPP+/acc/pass@1,0.47619047619047616
ONPOLICY-SFT-Qwen3-1P7B-COLDSTART-FRAC25-CODE-KODCODE-CTX8K-S1-BETA0-V1_1783416222,25%,25,beta=0.0,beta0,110,LiveCodeBench pass@1,val-core/LiveCodeBench/acc/pass@1,0.21875
ONPOLICY-SFT-Qwen3-1P7B-COLDSTART-FRAC25-CODE-KODCODE-CTX8K-S1-BETA0-V1_1783416222,25%,25,beta=0.0,beta0,110,HumanEval+ extract fail,val-aux/HumanEval+/code_reward_extraction_fail/mean@1,0.018292682926829267
ONPOLICY-SFT-Qwen3-1P7B-COLDSTART-FRAC25-CODE-KODCODE-CTX8K-S1-BETA0-V1_1783416222,25%,25,beta=0.0,beta0,110,MBPP+ extract fail,val-aux/MBPP+/code_reward_extraction_fail/mean@1,0.007936507936507936
ONPOLICY-SFT-Qwen3-1P7B-COLDSTART-FRAC25-CODE-KODCODE-CTX8K-S1-BETA0-V1_1783416222,25%,25,beta=0.0,beta0,110,LiveCodeBench extract fail,val-aux/LiveCodeBench/code_reward_extraction_fail/mean@1,0.0078125
ONPOLICY-SFT-Qwen3-1P7B-COLDSTART-FRAC25-CODE-KODCODE-CTX8K-S1-BETA0-V1_1783416222,25%,25,beta=0.0,beta0,110,Rollout correct ratio,wdl_sft/correct_ratio,0.34375
ONPOLICY-SFT-Qwen3-1P7B-COLDSTART-FRAC25-CODE-KODCODE-CTX8K-S1-BETA0-V1_1783416222,25%,25,beta=0.0,beta0,110,Gradient norm,actor/grad_norm,10.756689071655273
ONPOLICY-SFT-Qwen3-1P7B-COLDSTART-FRAC25-CODE-KODCODE-CTX8K-S1-BETA0-V1_1783416222,25%,25,beta=0.0,beta0,110,Train score mean,critic/score/mean,-0.3125
ONPOLICY-SFT-Qwen3-1P7B-COLDSTART-FRAC25-CODE-KODCODE-CTX8K-S1-BETA0-V1_1783416222,25%,25,beta=0.0,beta0,110,Response length mean,response_length/mean,171.109375
ONPOLICY-SFT-Qwen3-1P7B-COLDSTART-FRAC25-CODE-KODCODE-CTX8K-S1-BETA0-V1_1783416222,25%,25,beta=0.0,beta0,110,Time per step,perf/time_per_step,48.6813347209245
ONPOLICY-SFT-Qwen3-1P7B-COLDSTART-FRAC25-CODE-KODCODE-CTX8K-S1-BETA0-V1_1783416222,25%,25,beta=0.0,beta0,111,Rollout correct ratio,wdl_sft/correct_ratio,0.4140625
ONPOLICY-SFT-Qwen3-1P7B-COLDSTART-FRAC25-CODE-KODCODE-CTX8K-S1-BETA0-V1_1783416222,25%,25,beta=0.0,beta0,111,Gradient norm,actor/grad_norm,8.792664527893066
ONPOLICY-SFT-Qwen3-1P7B-COLDSTART-FRAC25-CODE-KODCODE-CTX8K-S1-BETA0-V1_1783416222,25%,25,beta=0.0,beta0,111,Train score mean,critic/score/mean,-0.171875
ONPOLICY-SFT-Qwen3-1P7B-COLDSTART-FRAC25-CODE-KODCODE-CTX8K-S1-BETA0-V1_1783416222,25%,25,beta=0.0,beta0,111,Response length mean,response_length/mean,156.576171875
ONPOLICY-SFT-Qwen3-1P7B-COLDSTART-FRAC25-CODE-KODCODE-CTX8K-S1-BETA0-V1_1783416222,25%,25,beta=0.0,beta0,111,Time per step,perf/time_per_step,42.00385291595012
ONPOLICY-SFT-Qwen3-1P7B-COLDSTART-FRAC25-CODE-KODCODE-CTX8K-S1-BETA0-V1_1783416222,25%,25,beta=0.0,beta0,112,Rollout correct ratio,wdl_sft/correct_ratio,0.427734375
ONPOLICY-SFT-Qwen3-1P7B-COLDSTART-FRAC25-CODE-KODCODE-CTX8K-S1-BETA0-V1_1783416222,25%,25,beta=0.0,beta0,112,Gradient norm,actor/grad_norm,9.532635688781738
ONPOLICY-SFT-Qwen3-1P7B-COLDSTART-FRAC25-CODE-KODCODE-CTX8K-S1-BETA0-V1_1783416222,25%,25,beta=0.0,beta0,112,Train score mean,critic/score/mean,-0.14453125
ONPOLICY-SFT-Qwen3-1P7B-COLDSTART-FRAC25-CODE-KODCODE-CTX8K-S1-BETA0-V1_1783416222,25%,25,beta=0.0,beta0,112,Response length mean,response_length/mean,164.634765625
ONPOLICY-SFT-Qwen3-1P7B-COLDSTART-FRAC25-CODE-KODCODE-CTX8K-S1-BETA0-V1_1783416222,25%,25,beta=0.0,beta0,112,Time per step,perf/time_per_step,43.1316780038178
ONPOLICY-SFT-Qwen3-1P7B-COLDSTART-FRAC25-CODE-KODCODE-CTX8K-S1-BETA0-V1_1783416222,25%,25,beta=0.0,beta0,113,Rollout correct ratio,wdl_sft/correct_ratio,0.341796875
ONPOLICY-SFT-Qwen3-1P7B-COLDSTART-FRAC25-CODE-KODCODE-CTX8K-S1-BETA0-V1_1783416222,25%,25,beta=0.0,beta0,113,Gradient norm,actor/grad_norm,10.738438606262207
ONPOLICY-SFT-Qwen3-1P7B-COLDSTART-FRAC25-CODE-KODCODE-CTX8K-S1-BETA0-V1_1783416222,25%,25,beta=0.0,beta0,113,Train score mean,critic/score/mean,-0.31640625
ONPOLICY-SFT-Qwen3-1P7B-COLDSTART-FRAC25-CODE-KODCODE-CTX8K-S1-BETA0-V1_1783416222,25%,25,beta=0.0,beta0,113,Response length mean,response_length/mean,155.197265625
ONPOLICY-SFT-Qwen3-1P7B-COLDSTART-FRAC25-CODE-KODCODE-CTX8K-S1-BETA0-V1_1783416222,25%,25,beta=0.0,beta0,113,Time per step,perf/time_per_step,42.24851489625871
ONPOLICY-SFT-Qwen3-1P7B-COLDSTART-FRAC25-CODE-KODCODE-CTX8K-S1-BETA0-V1_1783416222,25%,25,beta=0.0,beta0,114,Rollout correct ratio,wdl_sft/correct_ratio,0.37890625
ONPOLICY-SFT-Qwen3-1P7B-COLDSTART-FRAC25-CODE-KODCODE-CTX8K-S1-BETA0-V1_1783416222,25%,25,beta=0.0,beta0,114,Gradient norm,actor/grad_norm,10.313990592956543
ONPOLICY-SFT-Qwen3-1P7B-COLDSTART-FRAC25-CODE-KODCODE-CTX8K-S1-BETA0-V1_1783416222,25%,25,beta=0.0,beta0,114,Train score mean,critic/score/mean,-0.2421875
ONPOLICY-SFT-Qwen3-1P7B-COLDSTART-FRAC25-CODE-KODCODE-CTX8K-S1-BETA0-V1_1783416222,25%,25,beta=0.0,beta0,114,Response length mean,response_length/mean,169.966796875
ONPOLICY-SFT-Qwen3-1P7B-COLDSTART-FRAC25-CODE-KODCODE-CTX8K-S1-BETA0-V1_1783416222,25%,25,beta=0.0,beta0,114,Time per step,perf/time_per_step,43.50972743239254
ONPOLICY-SFT-Qwen3-1P7B-COLDSTART-FRAC25-CODE-KODCODE-CTX8K-S1-BETA0-V1_1783416222,25%,25,beta=0.0,beta0,115,HumanEval+ pass@1,val-core/HumanEval+/acc/pass@1,0.47560975609756095
ONPOLICY-SFT-Qwen3-1P7B-COLDSTART-FRAC25-CODE-KODCODE-CTX8K-S1-BETA0-V1_1783416222,25%,25,beta=0.0,beta0,115,MBPP+ pass@1,val-core/MBPP+/acc/pass@1,0.5
ONPOLICY-SFT-Qwen3-1P7B-COLDSTART-FRAC25-CODE-KODCODE-CTX8K-S1-BETA0-V1_1783416222,25%,25,beta=0.0,beta0,115,LiveCodeBench pass@1,val-core/LiveCodeBench/acc/pass@1,0.21875
ONPOLICY-SFT-Qwen3-1P7B-COLDSTART-FRAC25-CODE-KODCODE-CTX8K-S1-BETA0-V1_1783416222,25%,25,beta=0.0,beta0,115,HumanEval+ extract fail,val-aux/HumanEval+/code_reward_extraction_fail/mean@1,0.006097560975609756
ONPOLICY-SFT-Qwen3-1P7B-COLDSTART-FRAC25-CODE-KODCODE-CTX8K-S1-BETA0-V1_1783416222,25%,25,beta=0.0,beta0,115,MBPP+ extract fail,val-aux/MBPP+/code_reward_extraction_fail/mean@1,0.013227513227513227
ONPOLICY-SFT-Qwen3-1P7B-COLDSTART-FRAC25-CODE-KODCODE-CTX8K-S1-BETA0-V1_1783416222,25%,25,beta=0.0,beta0,115,LiveCodeBench extract fail,val-aux/LiveCodeBench/code_reward_extraction_fail/mean@1,0.0234375
ONPOLICY-SFT-Qwen3-1P7B-COLDSTART-FRAC25-CODE-KODCODE-CTX8K-S1-BETA0-V1_1783416222,25%,25,beta=0.0,beta0,115,Rollout correct ratio,wdl_sft/correct_ratio,0.33984375
ONPOLICY-SFT-Qwen3-1P7B-COLDSTART-FRAC25-CODE-KODCODE-CTX8K-S1-BETA0-V1_1783416222,25%,25,beta=0.0,beta0,115,Gradient norm,actor/grad_norm,10.69371509552002
ONPOLICY-SFT-Qwen3-1P7B-COLDSTART-FRAC25-CODE-KODCODE-CTX8K-S1-BETA0-V1_1783416222,25%,25,beta=0.0,beta0,115,Train score mean,critic/score/mean,-0.3203125
ONPOLICY-SFT-Qwen3-1P7B-COLDSTART-FRAC25-CODE-KODCODE-CTX8K-S1-BETA0-V1_1783416222,25%,25,beta=0.0,beta0,115,Response length mean,response_length/mean,177.9765625
ONPOLICY-SFT-Qwen3-1P7B-COLDSTART-FRAC25-CODE-KODCODE-CTX8K-S1-BETA0-V1_1783416222,25%,25,beta=0.0,beta0,115,Time per step,perf/time_per_step,49.876382884569466
ONPOLICY-SFT-Qwen3-1P7B-COLDSTART-FRAC25-CODE-KODCODE-CTX8K-S1-BETA0-V1_1783416222,25%,25,beta=0.0,beta0,116,Rollout correct ratio,wdl_sft/correct_ratio,0.2890625
ONPOLICY-SFT-Qwen3-1P7B-COLDSTART-FRAC25-CODE-KODCODE-CTX8K-S1-BETA0-V1_1783416222,25%,25,beta=0.0,beta0,116,Gradient norm,actor/grad_norm,11.023537635803223
ONPOLICY-SFT-Qwen3-1P7B-COLDSTART-FRAC25-CODE-KODCODE-CTX8K-S1-BETA0-V1_1783416222,25%,25,beta=0.0,beta0,116,Train score mean,critic/score/mean,-0.421875
ONPOLICY-SFT-Qwen3-1P7B-COLDSTART-FRAC25-CODE-KODCODE-CTX8K-S1-BETA0-V1_1783416222,25%,25,beta=0.0,beta0,116,Response length mean,response_length/mean,178.26171875
ONPOLICY-SFT-Qwen3-1P7B-COLDSTART-FRAC25-CODE-KODCODE-CTX8K-S1-BETA0-V1_1783416222,25%,25,beta=0.0,beta0,116,Time per step,perf/time_per_step,60.441240335814655
ONPOLICY-SFT-Qwen3-1P7B-COLDSTART-FRAC25-CODE-KODCODE-CTX8K-S1-BETA0-V1_1783416222,25%,25,beta=0.0,beta0,117,Rollout correct ratio,wdl_sft/correct_ratio,0.3671875
ONPOLICY-SFT-Qwen3-1P7B-COLDSTART-FRAC25-CODE-KODCODE-CTX8K-S1-BETA0-V1_1783416222,25%,25,beta=0.0,beta0,117,Gradient norm,actor/grad_norm,10.165797233581543
ONPOLICY-SFT-Qwen3-1P7B-COLDSTART-FRAC25-CODE-KODCODE-CTX8K-S1-BETA0-V1_1783416222,25%,25,beta=0.0,beta0,117,Train score mean,critic/score/mean,-0.265625
ONPOLICY-SFT-Qwen3-1P7B-COLDSTART-FRAC25-CODE-KODCODE-CTX8K-S1-BETA0-V1_1783416222,25%,25,beta=0.0,beta0,117,Response length mean,response_length/mean,151.296875
ONPOLICY-SFT-Qwen3-1P7B-COLDSTART-FRAC25-CODE-KODCODE-CTX8K-S1-BETA0-V1_1783416222,25%,25,beta=0.0,beta0,117,Time per step,perf/time_per_step,41.38094407878816
ONPOLICY-SFT-Qwen3-1P7B-COLDSTART-FRAC25-CODE-KODCODE-CTX8K-S1-BETA0-V1_1783416222,25%,25,beta=0.0,beta0,118,Rollout correct ratio,wdl_sft/correct_ratio,0.36328125
ONPOLICY-SFT-Qwen3-1P7B-COLDSTART-FRAC25-CODE-KODCODE-CTX8K-S1-BETA0-V1_1783416222,25%,25,beta=0.0,beta0,118,Gradient norm,actor/grad_norm,11.551628112792969
ONPOLICY-SFT-Qwen3-1P7B-COLDSTART-FRAC25-CODE-KODCODE-CTX8K-S1-BETA0-V1_1783416222,25%,25,beta=0.0,beta0,118,Train score mean,critic/score/mean,-0.2734375
ONPOLICY-SFT-Qwen3-1P7B-COLDSTART-FRAC25-CODE-KODCODE-CTX8K-S1-BETA0-V1_1783416222,25%,25,beta=0.0,beta0,118,Response length mean,response_length/mean,170.10546875
ONPOLICY-SFT-Qwen3-1P7B-COLDSTART-FRAC25-CODE-KODCODE-CTX8K-S1-BETA0-V1_1783416222,25%,25,beta=0.0,beta0,118,Time per step,perf/time_per_step,67.70738068595529
ONPOLICY-SFT-Qwen3-1P7B-COLDSTART-FRAC25-CODE-KODCODE-CTX8K-S1-BETA0-V1_1783416222,25%,25,beta=0.0,beta0,119,Rollout correct ratio,wdl_sft/correct_ratio,0.39453125
ONPOLICY-SFT-Qwen3-1P7B-COLDSTART-FRAC25-CODE-KODCODE-CTX8K-S1-BETA0-V1_1783416222,25%,25,beta=0.0,beta0,119,Gradient norm,actor/grad_norm,9.612017631530762
ONPOLICY-SFT-Qwen3-1P7B-COLDSTART-FRAC25-CODE-KODCODE-CTX8K-S1-BETA0-V1_1783416222,25%,25,beta=0.0,beta0,119,Train score mean,critic/score/mean,-0.2109375
ONPOLICY-SFT-Qwen3-1P7B-COLDSTART-FRAC25-CODE-KODCODE-CTX8K-S1-BETA0-V1_1783416222,25%,25,beta=0.0,beta0,119,Response length mean,response_length/mean,154.041015625
ONPOLICY-SFT-Qwen3-1P7B-COLDSTART-FRAC25-CODE-KODCODE-CTX8K-S1-BETA0-V1_1783416222,25%,25,beta=0.0,beta0,119,Time per step,perf/time_per_step,42.21224527992308
ONPOLICY-SFT-Qwen3-1P7B-COLDSTART-FRAC25-CODE-KODCODE-CTX8K-S1-BETA0-V1_1783416222,25%,25,beta=0.0,beta0,120,HumanEval+ pass@1,val-core/HumanEval+/acc/pass@1,0.4695121951219512
ONPOLICY-SFT-Qwen3-1P7B-COLDSTART-FRAC25-CODE-KODCODE-CTX8K-S1-BETA0-V1_1783416222,25%,25,beta=0.0,beta0,120,MBPP+ pass@1,val-core/MBPP+/acc/pass@1,0.49206349206349204
ONPOLICY-SFT-Qwen3-1P7B-COLDSTART-FRAC25-CODE-KODCODE-CTX8K-S1-BETA0-V1_1783416222,25%,25,beta=0.0,beta0,120,LiveCodeBench pass@1,val-core/LiveCodeBench/acc/pass@1,0.203125
ONPOLICY-SFT-Qwen3-1P7B-COLDSTART-FRAC25-CODE-KODCODE-CTX8K-S1-BETA0-V1_1783416222,25%,25,beta=0.0,beta0,120,HumanEval+ extract fail,val-aux/HumanEval+/code_reward_extraction_fail/mean@1,0.006097560975609756
ONPOLICY-SFT-Qwen3-1P7B-COLDSTART-FRAC25-CODE-KODCODE-CTX8K-S1-BETA0-V1_1783416222,25%,25,beta=0.0,beta0,120,MBPP+ extract fail,val-aux/MBPP+/code_reward_extraction_fail/mean@1,0.007936507936507936
ONPOLICY-SFT-Qwen3-1P7B-COLDSTART-FRAC25-CODE-KODCODE-CTX8K-S1-BETA0-V1_1783416222,25%,25,beta=0.0,beta0,120,LiveCodeBench extract fail,val-aux/LiveCodeBench/code_reward_extraction_fail/mean@1,0.015625
ONPOLICY-SFT-Qwen3-1P7B-COLDSTART-FRAC25-CODE-KODCODE-CTX8K-S1-BETA0-V1_1783416222,25%,25,beta=0.0,beta0,120,Rollout correct ratio,wdl_sft/correct_ratio,0.3984375
ONPOLICY-SFT-Qwen3-1P7B-COLDSTART-FRAC25-CODE-KODCODE-CTX8K-S1-BETA0-V1_1783416222,25%,25,beta=0.0,beta0,120,Gradient norm,actor/grad_norm,9.716882705688477
ONPOLICY-SFT-Qwen3-1P7B-COLDSTART-FRAC25-CODE-KODCODE-CTX8K-S1-BETA0-V1_1783416222,25%,25,beta=0.0,beta0,120,Train score mean,critic/score/mean,-0.203125
ONPOLICY-SFT-Qwen3-1P7B-COLDSTART-FRAC25-CODE-KODCODE-CTX8K-S1-BETA0-V1_1783416222,25%,25,beta=0.0,beta0,120,Response length mean,response_length/mean,163.3984375
ONPOLICY-SFT-Qwen3-1P7B-COLDSTART-FRAC25-CODE-KODCODE-CTX8K-S1-BETA0-V1_1783416222,25%,25,beta=0.0,beta0,120,Time per step,perf/time_per_step,48.22700568381697
ONPOLICY-SFT-Qwen3-1P7B-COLDSTART-FRAC25-CODE-KODCODE-CTX8K-S1-BETA0-V1_1783416222,25%,25,beta=0.0,beta0,121,Rollout correct ratio,wdl_sft/correct_ratio,0.3515625
ONPOLICY-SFT-Qwen3-1P7B-COLDSTART-FRAC25-CODE-KODCODE-CTX8K-S1-BETA0-V1_1783416222,25%,25,beta=0.0,beta0,121,Gradient norm,actor/grad_norm,12.72187328338623
ONPOLICY-SFT-Qwen3-1P7B-COLDSTART-FRAC25-CODE-KODCODE-CTX8K-S1-BETA0-V1_1783416222,25%,25,beta=0.0,beta0,121,Train score mean,critic/score/mean,-0.296875
ONPOLICY-SFT-Qwen3-1P7B-COLDSTART-FRAC25-CODE-KODCODE-CTX8K-S1-BETA0-V1_1783416222,25%,25,beta=0.0,beta0,121,Response length mean,response_length/mean,195.98828125
ONPOLICY-SFT-Qwen3-1P7B-COLDSTART-FRAC25-CODE-KODCODE-CTX8K-S1-BETA0-V1_1783416222,25%,25,beta=0.0,beta0,121,Time per step,perf/time_per_step,64.2571607241407
ONPOLICY-SFT-Qwen3-1P7B-COLDSTART-FRAC25-CODE-KODCODE-CTX8K-S1-BETA0-V1_1783416222,25%,25,beta=0.0,beta0,122,Rollout correct ratio,wdl_sft/correct_ratio,0.396484375
ONPOLICY-SFT-Qwen3-1P7B-COLDSTART-FRAC25-CODE-KODCODE-CTX8K-S1-BETA0-V1_1783416222,25%,25,beta=0.0,beta0,122,Gradient norm,actor/grad_norm,9.227503776550293
ONPOLICY-SFT-Qwen3-1P7B-COLDSTART-FRAC25-CODE-KODCODE-CTX8K-S1-BETA0-V1_1783416222,25%,25,beta=0.0,beta0,122,Train score mean,critic/score/mean,-0.20703125
ONPOLICY-SFT-Qwen3-1P7B-COLDSTART-FRAC25-CODE-KODCODE-CTX8K-S1-BETA0-V1_1783416222,25%,25,beta=0.0,beta0,122,Response length mean,response_length/mean,167.94140625
ONPOLICY-SFT-Qwen3-1P7B-COLDSTART-FRAC25-CODE-KODCODE-CTX8K-S1-BETA0-V1_1783416222,25%,25,beta=0.0,beta0,122,Time per step,perf/time_per_step,41.25687478017062
ONPOLICY-SFT-Qwen3-1P7B-COLDSTART-FRAC25-CODE-KODCODE-CTX8K-S1-BETA0-V1_1783416222,25%,25,beta=0.0,beta0,123,Rollout correct ratio,wdl_sft/correct_ratio,0.357421875
ONPOLICY-SFT-Qwen3-1P7B-COLDSTART-FRAC25-CODE-KODCODE-CTX8K-S1-BETA0-V1_1783416222,25%,25,beta=0.0,beta0,123,Gradient norm,actor/grad_norm,10.4007568359375
ONPOLICY-SFT-Qwen3-1P7B-COLDSTART-FRAC25-CODE-KODCODE-CTX8K-S1-BETA0-V1_1783416222,25%,25,beta=0.0,beta0,123,Train score mean,critic/score/mean,-0.28515625
ONPOLICY-SFT-Qwen3-1P7B-COLDSTART-FRAC25-CODE-KODCODE-CTX8K-S1-BETA0-V1_1783416222,25%,25,beta=0.0,beta0,123,Response length mean,response_length/mean,170.234375
ONPOLICY-SFT-Qwen3-1P7B-COLDSTART-FRAC25-CODE-KODCODE-CTX8K-S1-BETA0-V1_1783416222,25%,25,beta=0.0,beta0,123,Time per step,perf/time_per_step,50.48942168056965
ONPOLICY-SFT-Qwen3-1P7B-COLDSTART-FRAC25-CODE-KODCODE-CTX8K-S1-BETA0-V1_1783416222,25%,25,beta=0.0,beta0,124,Rollout correct ratio,wdl_sft/correct_ratio,0.314453125
ONPOLICY-SFT-Qwen3-1P7B-COLDSTART-FRAC25-CODE-KODCODE-CTX8K-S1-BETA0-V1_1783416222,25%,25,beta=0.0,beta0,124,Gradient norm,actor/grad_norm,10.8836088180542
ONPOLICY-SFT-Qwen3-1P7B-COLDSTART-FRAC25-CODE-KODCODE-CTX8K-S1-BETA0-V1_1783416222,25%,25,beta=0.0,beta0,124,Train score mean,critic/score/mean,-0.37109375
ONPOLICY-SFT-Qwen3-1P7B-COLDSTART-FRAC25-CODE-KODCODE-CTX8K-S1-BETA0-V1_1783416222,25%,25,beta=0.0,beta0,124,Response length mean,response_length/mean,165.84375
ONPOLICY-SFT-Qwen3-1P7B-COLDSTART-FRAC25-CODE-KODCODE-CTX8K-S1-BETA0-V1_1783416222,25%,25,beta=0.0,beta0,124,Time per step,perf/time_per_step,42.72875171620399
ONPOLICY-SFT-Qwen3-1P7B-COLDSTART-FRAC25-CODE-KODCODE-CTX8K-S1-BETA0-V1_1783416222,25%,25,beta=0.0,beta0,125,HumanEval+ pass@1,val-core/HumanEval+/acc/pass@1,0.49390243902439024
ONPOLICY-SFT-Qwen3-1P7B-COLDSTART-FRAC25-CODE-KODCODE-CTX8K-S1-BETA0-V1_1783416222,25%,25,beta=0.0,beta0,125,MBPP+ pass@1,val-core/MBPP+/acc/pass@1,0.4947089947089947
ONPOLICY-SFT-Qwen3-1P7B-COLDSTART-FRAC25-CODE-KODCODE-CTX8K-S1-BETA0-V1_1783416222,25%,25,beta=0.0,beta0,125,LiveCodeBench pass@1,val-core/LiveCodeBench/acc/pass@1,0.2265625
ONPOLICY-SFT-Qwen3-1P7B-COLDSTART-FRAC25-CODE-KODCODE-CTX8K-S1-BETA0-V1_1783416222,25%,25,beta=0.0,beta0,125,HumanEval+ extract fail,val-aux/HumanEval+/code_reward_extraction_fail/mean@1,0.006097560975609756
ONPOLICY-SFT-Qwen3-1P7B-COLDSTART-FRAC25-CODE-KODCODE-CTX8K-S1-BETA0-V1_1783416222,25%,25,beta=0.0,beta0,125,MBPP+ extract fail,val-aux/MBPP+/code_reward_extraction_fail/mean@1,0.005291005291005291
ONPOLICY-SFT-Qwen3-1P7B-COLDSTART-FRAC25-CODE-KODCODE-CTX8K-S1-BETA0-V1_1783416222,25%,25,beta=0.0,beta0,125,LiveCodeBench extract fail,val-aux/LiveCodeBench/code_reward_extraction_fail/mean@1,0.0078125
ONPOLICY-SFT-Qwen3-1P7B-COLDSTART-FRAC25-CODE-KODCODE-CTX8K-S1-BETA0-V1_1783416222,25%,25,beta=0.0,beta0,125,Rollout correct ratio,wdl_sft/correct_ratio,0.384765625
ONPOLICY-SFT-Qwen3-1P7B-COLDSTART-FRAC25-CODE-KODCODE-CTX8K-S1-BETA0-V1_1783416222,25%,25,beta=0.0,beta0,125,Gradient norm,actor/grad_norm,9.432631492614746
ONPOLICY-SFT-Qwen3-1P7B-COLDSTART-FRAC25-CODE-KODCODE-CTX8K-S1-BETA0-V1_1783416222,25%,25,beta=0.0,beta0,125,Train score mean,critic/score/mean,-0.23046875
ONPOLICY-SFT-Qwen3-1P7B-COLDSTART-FRAC25-CODE-KODCODE-CTX8K-S1-BETA0-V1_1783416222,25%,25,beta=0.0,beta0,125,Response length mean,response_length/mean,167.833984375
ONPOLICY-SFT-Qwen3-1P7B-COLDSTART-FRAC25-CODE-KODCODE-CTX8K-S1-BETA0-V1_1783416222,25%,25,beta=0.0,beta0,125,Time per step,perf/time_per_step,49.270970394834876
ONPOLICY-SFT-Qwen3-1P7B-COLDSTART-FRAC25-CODE-KODCODE-CTX8K-S1-BETA0-V1_1783416222,25%,25,beta=0.0,beta0,126,Rollout correct ratio,wdl_sft/correct_ratio,0.376953125
ONPOLICY-SFT-Qwen3-1P7B-COLDSTART-FRAC25-CODE-KODCODE-CTX8K-S1-BETA0-V1_1783416222,25%,25,beta=0.0,beta0,126,Gradient norm,actor/grad_norm,9.975546836853027
ONPOLICY-SFT-Qwen3-1P7B-COLDSTART-FRAC25-CODE-KODCODE-CTX8K-S1-BETA0-V1_1783416222,25%,25,beta=0.0,beta0,126,Train score mean,critic/score/mean,-0.24609375
ONPOLICY-SFT-Qwen3-1P7B-COLDSTART-FRAC25-CODE-KODCODE-CTX8K-S1-BETA0-V1_1783416222,25%,25,beta=0.0,beta0,126,Response length mean,response_length/mean,155.810546875
ONPOLICY-SFT-Qwen3-1P7B-COLDSTART-FRAC25-CODE-KODCODE-CTX8K-S1-BETA0-V1_1783416222,25%,25,beta=0.0,beta0,126,Time per step,perf/time_per_step,42.19972877763212
ONPOLICY-SFT-Qwen3-1P7B-COLDSTART-FRAC25-CODE-KODCODE-CTX8K-S1-BETA0-V1_1783416222,25%,25,beta=0.0,beta0,127,Rollout correct ratio,wdl_sft/correct_ratio,0.392578125
ONPOLICY-SFT-Qwen3-1P7B-COLDSTART-FRAC25-CODE-KODCODE-CTX8K-S1-BETA0-V1_1783416222,25%,25,beta=0.0,beta0,127,Gradient norm,actor/grad_norm,8.70396900177002
ONPOLICY-SFT-Qwen3-1P7B-COLDSTART-FRAC25-CODE-KODCODE-CTX8K-S1-BETA0-V1_1783416222,25%,25,beta=0.0,beta0,127,Train score mean,critic/score/mean,-0.21484375
ONPOLICY-SFT-Qwen3-1P7B-COLDSTART-FRAC25-CODE-KODCODE-CTX8K-S1-BETA0-V1_1783416222,25%,25,beta=0.0,beta0,127,Response length mean,response_length/mean,152.275390625
ONPOLICY-SFT-Qwen3-1P7B-COLDSTART-FRAC25-CODE-KODCODE-CTX8K-S1-BETA0-V1_1783416222,25%,25,beta=0.0,beta0,127,Time per step,perf/time_per_step,41.46825465094298
ONPOLICY-SFT-Qwen3-1P7B-COLDSTART-FRAC25-CODE-KODCODE-CTX8K-S1-BETA0-V1_1783416222,25%,25,beta=0.0,beta0,128,Rollout correct ratio,wdl_sft/correct_ratio,0.376953125
ONPOLICY-SFT-Qwen3-1P7B-COLDSTART-FRAC25-CODE-KODCODE-CTX8K-S1-BETA0-V1_1783416222,25%,25,beta=0.0,beta0,128,Gradient norm,actor/grad_norm,11.246519088745117
ONPOLICY-SFT-Qwen3-1P7B-COLDSTART-FRAC25-CODE-KODCODE-CTX8K-S1-BETA0-V1_1783416222,25%,25,beta=0.0,beta0,128,Train score mean,critic/score/mean,-0.24609375
ONPOLICY-SFT-Qwen3-1P7B-COLDSTART-FRAC25-CODE-KODCODE-CTX8K-S1-BETA0-V1_1783416222,25%,25,beta=0.0,beta0,128,Response length mean,response_length/mean,162.18359375
ONPOLICY-SFT-Qwen3-1P7B-COLDSTART-FRAC25-CODE-KODCODE-CTX8K-S1-BETA0-V1_1783416222,25%,25,beta=0.0,beta0,128,Time per step,perf/time_per_step,44.04431943129748
ONPOLICY-SFT-Qwen3-1P7B-COLDSTART-FRAC25-CODE-KODCODE-CTX8K-S1-BETA0-V1_1783416222,25%,25,beta=0.0,beta0,129,Rollout correct ratio,wdl_sft/correct_ratio,0.37109375
ONPOLICY-SFT-Qwen3-1P7B-COLDSTART-FRAC25-CODE-KODCODE-CTX8K-S1-BETA0-V1_1783416222,25%,25,beta=0.0,beta0,129,Gradient norm,actor/grad_norm,10.716095924377441
ONPOLICY-SFT-Qwen3-1P7B-COLDSTART-FRAC25-CODE-KODCODE-CTX8K-S1-BETA0-V1_1783416222,25%,25,beta=0.0,beta0,129,Train score mean,critic/score/mean,-0.2578125
ONPOLICY-SFT-Qwen3-1P7B-COLDSTART-FRAC25-CODE-KODCODE-CTX8K-S1-BETA0-V1_1783416222,25%,25,beta=0.0,beta0,129,Response length mean,response_length/mean,168.751953125
ONPOLICY-SFT-Qwen3-1P7B-COLDSTART-FRAC25-CODE-KODCODE-CTX8K-S1-BETA0-V1_1783416222,25%,25,beta=0.0,beta0,129,Time per step,perf/time_per_step,40.528425715863705
ONPOLICY-SFT-Qwen3-1P7B-COLDSTART-FRAC25-CODE-KODCODE-CTX8K-S1-BETA0-V1_1783416222,25%,25,beta=0.0,beta0,130,HumanEval+ pass@1,val-core/HumanEval+/acc/pass@1,0.4634146341463415
ONPOLICY-SFT-Qwen3-1P7B-COLDSTART-FRAC25-CODE-KODCODE-CTX8K-S1-BETA0-V1_1783416222,25%,25,beta=0.0,beta0,130,MBPP+ pass@1,val-core/MBPP+/acc/pass@1,0.4973544973544973
ONPOLICY-SFT-Qwen3-1P7B-COLDSTART-FRAC25-CODE-KODCODE-CTX8K-S1-BETA0-V1_1783416222,25%,25,beta=0.0,beta0,130,LiveCodeBench pass@1,val-core/LiveCodeBench/acc/pass@1,0.1953125
ONPOLICY-SFT-Qwen3-1P7B-COLDSTART-FRAC25-CODE-KODCODE-CTX8K-S1-BETA0-V1_1783416222,25%,25,beta=0.0,beta0,130,HumanEval+ extract fail,val-aux/HumanEval+/code_reward_extraction_fail/mean@1,0.0
ONPOLICY-SFT-Qwen3-1P7B-COLDSTART-FRAC25-CODE-KODCODE-CTX8K-S1-BETA0-V1_1783416222,25%,25,beta=0.0,beta0,130,MBPP+ extract fail,val-aux/MBPP+/code_reward_extraction_fail/mean@1,0.0026455026455026454
ONPOLICY-SFT-Qwen3-1P7B-COLDSTART-FRAC25-CODE-KODCODE-CTX8K-S1-BETA0-V1_1783416222,25%,25,beta=0.0,beta0,130,LiveCodeBench extract fail,val-aux/LiveCodeBench/code_reward_extraction_fail/mean@1,0.015625
ONPOLICY-SFT-Qwen3-1P7B-COLDSTART-FRAC25-CODE-KODCODE-CTX8K-S1-BETA0-V1_1783416222,25%,25,beta=0.0,beta0,130,Rollout correct ratio,wdl_sft/correct_ratio,0.431640625
ONPOLICY-SFT-Qwen3-1P7B-COLDSTART-FRAC25-CODE-KODCODE-CTX8K-S1-BETA0-V1_1783416222,25%,25,beta=0.0,beta0,130,Gradient norm,actor/grad_norm,8.941903114318848
ONPOLICY-SFT-Qwen3-1P7B-COLDSTART-FRAC25-CODE-KODCODE-CTX8K-S1-BETA0-V1_1783416222,25%,25,beta=0.0,beta0,130,Train score mean,critic/score/mean,-0.13671875
ONPOLICY-SFT-Qwen3-1P7B-COLDSTART-FRAC25-CODE-KODCODE-CTX8K-S1-BETA0-V1_1783416222,25%,25,beta=0.0,beta0,130,Response length mean,response_length/mean,144.4765625
ONPOLICY-SFT-Qwen3-1P7B-COLDSTART-FRAC25-CODE-KODCODE-CTX8K-S1-BETA0-V1_1783416222,25%,25,beta=0.0,beta0,130,Time per step,perf/time_per_step,46.51019256655127
ONPOLICY-SFT-Qwen3-1P7B-COLDSTART-FRAC25-CODE-KODCODE-CTX8K-S1-BETA0-V1_1783416222,25%,25,beta=0.0,beta0,131,Rollout correct ratio,wdl_sft/correct_ratio,0.400390625
ONPOLICY-SFT-Qwen3-1P7B-COLDSTART-FRAC25-CODE-KODCODE-CTX8K-S1-BETA0-V1_1783416222,25%,25,beta=0.0,beta0,131,Gradient norm,actor/grad_norm,8.894487380981445
ONPOLICY-SFT-Qwen3-1P7B-COLDSTART-FRAC25-CODE-KODCODE-CTX8K-S1-BETA0-V1_1783416222,25%,25,beta=0.0,beta0,131,Train score mean,critic/score/mean,-0.19921875
ONPOLICY-SFT-Qwen3-1P7B-COLDSTART-FRAC25-CODE-KODCODE-CTX8K-S1-BETA0-V1_1783416222,25%,25,beta=0.0,beta0,131,Response length mean,response_length/mean,162.55078125
ONPOLICY-SFT-Qwen3-1P7B-COLDSTART-FRAC25-CODE-KODCODE-CTX8K-S1-BETA0-V1_1783416222,25%,25,beta=0.0,beta0,131,Time per step,perf/time_per_step,43.207267839461565
ONPOLICY-SFT-Qwen3-1P7B-COLDSTART-FRAC25-CODE-KODCODE-CTX8K-S1-BETA0-V1_1783416222,25%,25,beta=0.0,beta0,132,Rollout correct ratio,wdl_sft/correct_ratio,0.33984375
ONPOLICY-SFT-Qwen3-1P7B-COLDSTART-FRAC25-CODE-KODCODE-CTX8K-S1-BETA0-V1_1783416222,25%,25,beta=0.0,beta0,132,Gradient norm,actor/grad_norm,9.707605361938477
ONPOLICY-SFT-Qwen3-1P7B-COLDSTART-FRAC25-CODE-KODCODE-CTX8K-S1-BETA0-V1_1783416222,25%,25,beta=0.0,beta0,132,Train score mean,critic/score/mean,-0.3203125
ONPOLICY-SFT-Qwen3-1P7B-COLDSTART-FRAC25-CODE-KODCODE-CTX8K-S1-BETA0-V1_1783416222,25%,25,beta=0.0,beta0,132,Response length mean,response_length/mean,159.23828125
ONPOLICY-SFT-Qwen3-1P7B-COLDSTART-FRAC25-CODE-KODCODE-CTX8K-S1-BETA0-V1_1783416222,25%,25,beta=0.0,beta0,132,Time per step,perf/time_per_step,41.47744336631149
ONPOLICY-SFT-Qwen3-1P7B-COLDSTART-FRAC25-CODE-KODCODE-CTX8K-S1-BETA0-V1_1783416222,25%,25,beta=0.0,beta0,133,Rollout correct ratio,wdl_sft/correct_ratio,0.361328125
ONPOLICY-SFT-Qwen3-1P7B-COLDSTART-FRAC25-CODE-KODCODE-CTX8K-S1-BETA0-V1_1783416222,25%,25,beta=0.0,beta0,133,Gradient norm,actor/grad_norm,10.567678451538086
ONPOLICY-SFT-Qwen3-1P7B-COLDSTART-FRAC25-CODE-KODCODE-CTX8K-S1-BETA0-V1_1783416222,25%,25,beta=0.0,beta0,133,Train score mean,critic/score/mean,-0.27734375
ONPOLICY-SFT-Qwen3-1P7B-COLDSTART-FRAC25-CODE-KODCODE-CTX8K-S1-BETA0-V1_1783416222,25%,25,beta=0.0,beta0,133,Response length mean,response_length/mean,176.359375
ONPOLICY-SFT-Qwen3-1P7B-COLDSTART-FRAC25-CODE-KODCODE-CTX8K-S1-BETA0-V1_1783416222,25%,25,beta=0.0,beta0,133,Time per step,perf/time_per_step,63.89487898070365
ONPOLICY-SFT-Qwen3-1P7B-COLDSTART-FRAC25-CODE-KODCODE-CTX8K-S1-BETA0-V1_1783416222,25%,25,beta=0.0,beta0,134,Rollout correct ratio,wdl_sft/correct_ratio,0.421875
ONPOLICY-SFT-Qwen3-1P7B-COLDSTART-FRAC25-CODE-KODCODE-CTX8K-S1-BETA0-V1_1783416222,25%,25,beta=0.0,beta0,134,Gradient norm,actor/grad_norm,8.150178909301758
ONPOLICY-SFT-Qwen3-1P7B-COLDSTART-FRAC25-CODE-KODCODE-CTX8K-S1-BETA0-V1_1783416222,25%,25,beta=0.0,beta0,134,Train score mean,critic/score/mean,-0.15625
ONPOLICY-SFT-Qwen3-1P7B-COLDSTART-FRAC25-CODE-KODCODE-CTX8K-S1-BETA0-V1_1783416222,25%,25,beta=0.0,beta0,134,Response length mean,response_length/mean,140.640625
ONPOLICY-SFT-Qwen3-1P7B-COLDSTART-FRAC25-CODE-KODCODE-CTX8K-S1-BETA0-V1_1783416222,25%,25,beta=0.0,beta0,134,Time per step,perf/time_per_step,14.876675442792475
ONPOLICY-SFT-Qwen3-1P7B-COLDSTART-FRAC25-CODE-KODCODE-CTX8K-S1-BETA0-V1_1783416222,25%,25,beta=0.0,beta0,135,HumanEval+ pass@1,val-core/HumanEval+/acc/pass@1,0.49390243902439024
ONPOLICY-SFT-Qwen3-1P7B-COLDSTART-FRAC25-CODE-KODCODE-CTX8K-S1-BETA0-V1_1783416222,25%,25,beta=0.0,beta0,135,MBPP+ pass@1,val-core/MBPP+/acc/pass@1,0.4708994708994709
ONPOLICY-SFT-Qwen3-1P7B-COLDSTART-FRAC25-CODE-KODCODE-CTX8K-S1-BETA0-V1_1783416222,25%,25,beta=0.0,beta0,135,LiveCodeBench pass@1,val-core/LiveCodeBench/acc/pass@1,0.203125
ONPOLICY-SFT-Qwen3-1P7B-COLDSTART-FRAC25-CODE-KODCODE-CTX8K-S1-BETA0-V1_1783416222,25%,25,beta=0.0,beta0,135,HumanEval+ extract fail,val-aux/HumanEval+/code_reward_extraction_fail/mean@1,0.006097560975609756
ONPOLICY-SFT-Qwen3-1P7B-COLDSTART-FRAC25-CODE-KODCODE-CTX8K-S1-BETA0-V1_1783416222,25%,25,beta=0.0,beta0,135,MBPP+ extract fail,val-aux/MBPP+/code_reward_extraction_fail/mean@1,0.005291005291005291
ONPOLICY-SFT-Qwen3-1P7B-COLDSTART-FRAC25-CODE-KODCODE-CTX8K-S1-BETA0-V1_1783416222,25%,25,beta=0.0,beta0,135,LiveCodeBench extract fail,val-aux/LiveCodeBench/code_reward_extraction_fail/mean@1,0.0078125
ONPOLICY-SFT-Qwen3-1P7B-COLDSTART-FRAC25-CODE-KODCODE-CTX8K-S1-BETA0-V1_1783416222,25%,25,beta=0.0,beta0,135,Rollout correct ratio,wdl_sft/correct_ratio,0.32421875
ONPOLICY-SFT-Qwen3-1P7B-COLDSTART-FRAC25-CODE-KODCODE-CTX8K-S1-BETA0-V1_1783416222,25%,25,beta=0.0,beta0,135,Gradient norm,actor/grad_norm,11.06116771697998
ONPOLICY-SFT-Qwen3-1P7B-COLDSTART-FRAC25-CODE-KODCODE-CTX8K-S1-BETA0-V1_1783416222,25%,25,beta=0.0,beta0,135,Train score mean,critic/score/mean,-0.3515625
ONPOLICY-SFT-Qwen3-1P7B-COLDSTART-FRAC25-CODE-KODCODE-CTX8K-S1-BETA0-V1_1783416222,25%,25,beta=0.0,beta0,135,Response length mean,response_length/mean,174.21484375
ONPOLICY-SFT-Qwen3-1P7B-COLDSTART-FRAC25-CODE-KODCODE-CTX8K-S1-BETA0-V1_1783416222,25%,25,beta=0.0,beta0,135,Time per step,perf/time_per_step,47.86439532507211
ONPOLICY-SFT-Qwen3-1P7B-COLDSTART-FRAC25-CODE-KODCODE-CTX8K-S1-BETA0-V1_1783416222,25%,25,beta=0.0,beta0,136,Rollout correct ratio,wdl_sft/correct_ratio,0.33984375
ONPOLICY-SFT-Qwen3-1P7B-COLDSTART-FRAC25-CODE-KODCODE-CTX8K-S1-BETA0-V1_1783416222,25%,25,beta=0.0,beta0,136,Gradient norm,actor/grad_norm,10.96081256866455
ONPOLICY-SFT-Qwen3-1P7B-COLDSTART-FRAC25-CODE-KODCODE-CTX8K-S1-BETA0-V1_1783416222,25%,25,beta=0.0,beta0,136,Train score mean,critic/score/mean,-0.3203125
ONPOLICY-SFT-Qwen3-1P7B-COLDSTART-FRAC25-CODE-KODCODE-CTX8K-S1-BETA0-V1_1783416222,25%,25,beta=0.0,beta0,136,Response length mean,response_length/mean,163.86328125
ONPOLICY-SFT-Qwen3-1P7B-COLDSTART-FRAC25-CODE-KODCODE-CTX8K-S1-BETA0-V1_1783416222,25%,25,beta=0.0,beta0,136,Time per step,perf/time_per_step,41.84039935749024
ONPOLICY-SFT-Qwen3-1P7B-COLDSTART-FRAC25-CODE-KODCODE-CTX8K-S1-BETA0-V1_1783416222,25%,25,beta=0.0,beta0,137,Rollout correct ratio,wdl_sft/correct_ratio,0.375
ONPOLICY-SFT-Qwen3-1P7B-COLDSTART-FRAC25-CODE-KODCODE-CTX8K-S1-BETA0-V1_1783416222,25%,25,beta=0.0,beta0,137,Gradient norm,actor/grad_norm,9.617876052856445
ONPOLICY-SFT-Qwen3-1P7B-COLDSTART-FRAC25-CODE-KODCODE-CTX8K-S1-BETA0-V1_1783416222,25%,25,beta=0.0,beta0,137,Train score mean,critic/score/mean,-0.25
ONPOLICY-SFT-Qwen3-1P7B-COLDSTART-FRAC25-CODE-KODCODE-CTX8K-S1-BETA0-V1_1783416222,25%,25,beta=0.0,beta0,137,Response length mean,response_length/mean,150.92578125
ONPOLICY-SFT-Qwen3-1P7B-COLDSTART-FRAC25-CODE-KODCODE-CTX8K-S1-BETA0-V1_1783416222,25%,25,beta=0.0,beta0,137,Time per step,perf/time_per_step,43.12107143457979
ONPOLICY-SFT-Qwen3-1P7B-COLDSTART-FRAC25-CODE-KODCODE-CTX8K-S1-BETA0-V1_1783416222,25%,25,beta=0.0,beta0,138,Rollout correct ratio,wdl_sft/correct_ratio,0.412109375
ONPOLICY-SFT-Qwen3-1P7B-COLDSTART-FRAC25-CODE-KODCODE-CTX8K-S1-BETA0-V1_1783416222,25%,25,beta=0.0,beta0,138,Gradient norm,actor/grad_norm,9.654304504394531
ONPOLICY-SFT-Qwen3-1P7B-COLDSTART-FRAC25-CODE-KODCODE-CTX8K-S1-BETA0-V1_1783416222,25%,25,beta=0.0,beta0,138,Train score mean,critic/score/mean,-0.17578125
ONPOLICY-SFT-Qwen3-1P7B-COLDSTART-FRAC25-CODE-KODCODE-CTX8K-S1-BETA0-V1_1783416222,25%,25,beta=0.0,beta0,138,Response length mean,response_length/mean,167.650390625
ONPOLICY-SFT-Qwen3-1P7B-COLDSTART-FRAC25-CODE-KODCODE-CTX8K-S1-BETA0-V1_1783416222,25%,25,beta=0.0,beta0,138,Time per step,perf/time_per_step,40.78306283894926
ONPOLICY-SFT-Qwen3-1P7B-COLDSTART-FRAC25-CODE-KODCODE-CTX8K-S1-BETA0-V1_1783416222,25%,25,beta=0.0,beta0,139,Rollout correct ratio,wdl_sft/correct_ratio,0.412109375
ONPOLICY-SFT-Qwen3-1P7B-COLDSTART-FRAC25-CODE-KODCODE-CTX8K-S1-BETA0-V1_1783416222,25%,25,beta=0.0,beta0,139,Gradient norm,actor/grad_norm,9.440113067626953
ONPOLICY-SFT-Qwen3-1P7B-COLDSTART-FRAC25-CODE-KODCODE-CTX8K-S1-BETA0-V1_1783416222,25%,25,beta=0.0,beta0,139,Train score mean,critic/score/mean,-0.17578125
ONPOLICY-SFT-Qwen3-1P7B-COLDSTART-FRAC25-CODE-KODCODE-CTX8K-S1-BETA0-V1_1783416222,25%,25,beta=0.0,beta0,139,Response length mean,response_length/mean,166.359375
ONPOLICY-SFT-Qwen3-1P7B-COLDSTART-FRAC25-CODE-KODCODE-CTX8K-S1-BETA0-V1_1783416222,25%,25,beta=0.0,beta0,139,Time per step,perf/time_per_step,41.66507847979665
ONPOLICY-SFT-Qwen3-1P7B-COLDSTART-FRAC25-CODE-KODCODE-CTX8K-S1-BETA0-V1_1783416222,25%,25,beta=0.0,beta0,140,HumanEval+ pass@1,val-core/HumanEval+/acc/pass@1,0.5121951219512195
ONPOLICY-SFT-Qwen3-1P7B-COLDSTART-FRAC25-CODE-KODCODE-CTX8K-S1-BETA0-V1_1783416222,25%,25,beta=0.0,beta0,140,MBPP+ pass@1,val-core/MBPP+/acc/pass@1,0.5
ONPOLICY-SFT-Qwen3-1P7B-COLDSTART-FRAC25-CODE-KODCODE-CTX8K-S1-BETA0-V1_1783416222,25%,25,beta=0.0,beta0,140,LiveCodeBench pass@1,val-core/LiveCodeBench/acc/pass@1,0.2421875
ONPOLICY-SFT-Qwen3-1P7B-COLDSTART-FRAC25-CODE-KODCODE-CTX8K-S1-BETA0-V1_1783416222,25%,25,beta=0.0,beta0,140,HumanEval+ extract fail,val-aux/HumanEval+/code_reward_extraction_fail/mean@1,0.0
ONPOLICY-SFT-Qwen3-1P7B-COLDSTART-FRAC25-CODE-KODCODE-CTX8K-S1-BETA0-V1_1783416222,25%,25,beta=0.0,beta0,140,MBPP+ extract fail,val-aux/MBPP+/code_reward_extraction_fail/mean@1,0.0026455026455026454
ONPOLICY-SFT-Qwen3-1P7B-COLDSTART-FRAC25-CODE-KODCODE-CTX8K-S1-BETA0-V1_1783416222,25%,25,beta=0.0,beta0,140,LiveCodeBench extract fail,val-aux/LiveCodeBench/code_reward_extraction_fail/mean@1,0.0078125
ONPOLICY-SFT-Qwen3-1P7B-COLDSTART-FRAC25-CODE-KODCODE-CTX8K-S1-BETA0-V1_1783416222,25%,25,beta=0.0,beta0,140,Rollout correct ratio,wdl_sft/correct_ratio,0.43359375
ONPOLICY-SFT-Qwen3-1P7B-COLDSTART-FRAC25-CODE-KODCODE-CTX8K-S1-BETA0-V1_1783416222,25%,25,beta=0.0,beta0,140,Gradient norm,actor/grad_norm,9.201583862304688
ONPOLICY-SFT-Qwen3-1P7B-COLDSTART-FRAC25-CODE-KODCODE-CTX8K-S1-BETA0-V1_1783416222,25%,25,beta=0.0,beta0,140,Train score mean,critic/score/mean,-0.1328125
ONPOLICY-SFT-Qwen3-1P7B-COLDSTART-FRAC25-CODE-KODCODE-CTX8K-S1-BETA0-V1_1783416222,25%,25,beta=0.0,beta0,140,Response length mean,response_length/mean,144.625
ONPOLICY-SFT-Qwen3-1P7B-COLDSTART-FRAC25-CODE-KODCODE-CTX8K-S1-BETA0-V1_1783416222,25%,25,beta=0.0,beta0,140,Time per step,perf/time_per_step,46.678724500350654
ONPOLICY-SFT-Qwen3-1P7B-COLDSTART-FRAC25-CODE-KODCODE-CTX8K-S1-BETA0-V1_1783416222,25%,25,beta=0.0,beta0,141,Rollout correct ratio,wdl_sft/correct_ratio,0.435546875
ONPOLICY-SFT-Qwen3-1P7B-COLDSTART-FRAC25-CODE-KODCODE-CTX8K-S1-BETA0-V1_1783416222,25%,25,beta=0.0,beta0,141,Gradient norm,actor/grad_norm,8.84466552734375
ONPOLICY-SFT-Qwen3-1P7B-COLDSTART-FRAC25-CODE-KODCODE-CTX8K-S1-BETA0-V1_1783416222,25%,25,beta=0.0,beta0,141,Train score mean,critic/score/mean,-0.12890625
ONPOLICY-SFT-Qwen3-1P7B-COLDSTART-FRAC25-CODE-KODCODE-CTX8K-S1-BETA0-V1_1783416222,25%,25,beta=0.0,beta0,141,Response length mean,response_length/mean,159.904296875
ONPOLICY-SFT-Qwen3-1P7B-COLDSTART-FRAC25-CODE-KODCODE-CTX8K-S1-BETA0-V1_1783416222,25%,25,beta=0.0,beta0,141,Time per step,perf/time_per_step,43.40688307210803
ONPOLICY-SFT-Qwen3-1P7B-COLDSTART-FRAC25-CODE-KODCODE-CTX8K-S1-BETA0-V1_1783416222,25%,25,beta=0.0,beta0,142,Rollout correct ratio,wdl_sft/correct_ratio,0.37890625
ONPOLICY-SFT-Qwen3-1P7B-COLDSTART-FRAC25-CODE-KODCODE-CTX8K-S1-BETA0-V1_1783416222,25%,25,beta=0.0,beta0,142,Gradient norm,actor/grad_norm,10.238265991210938
ONPOLICY-SFT-Qwen3-1P7B-COLDSTART-FRAC25-CODE-KODCODE-CTX8K-S1-BETA0-V1_1783416222,25%,25,beta=0.0,beta0,142,Train score mean,critic/score/mean,-0.2421875
ONPOLICY-SFT-Qwen3-1P7B-COLDSTART-FRAC25-CODE-KODCODE-CTX8K-S1-BETA0-V1_1783416222,25%,25,beta=0.0,beta0,142,Response length mean,response_length/mean,175.490234375
ONPOLICY-SFT-Qwen3-1P7B-COLDSTART-FRAC25-CODE-KODCODE-CTX8K-S1-BETA0-V1_1783416222,25%,25,beta=0.0,beta0,142,Time per step,perf/time_per_step,44.17970756534487
ONPOLICY-SFT-Qwen3-1P7B-COLDSTART-FRAC25-CODE-KODCODE-CTX8K-S1-BETA0-V1_1783416222,25%,25,beta=0.0,beta0,143,Rollout correct ratio,wdl_sft/correct_ratio,0.412109375
ONPOLICY-SFT-Qwen3-1P7B-COLDSTART-FRAC25-CODE-KODCODE-CTX8K-S1-BETA0-V1_1783416222,25%,25,beta=0.0,beta0,143,Gradient norm,actor/grad_norm,9.749045372009277
ONPOLICY-SFT-Qwen3-1P7B-COLDSTART-FRAC25-CODE-KODCODE-CTX8K-S1-BETA0-V1_1783416222,25%,25,beta=0.0,beta0,143,Train score mean,critic/score/mean,-0.17578125
ONPOLICY-SFT-Qwen3-1P7B-COLDSTART-FRAC25-CODE-KODCODE-CTX8K-S1-BETA0-V1_1783416222,25%,25,beta=0.0,beta0,143,Response length mean,response_length/mean,154.310546875
ONPOLICY-SFT-Qwen3-1P7B-COLDSTART-FRAC25-CODE-KODCODE-CTX8K-S1-BETA0-V1_1783416222,25%,25,beta=0.0,beta0,143,Time per step,perf/time_per_step,47.08086774405092
ONPOLICY-SFT-Qwen3-1P7B-COLDSTART-FRAC25-CODE-KODCODE-CTX8K-S1-BETA0-V1_1783416222,25%,25,beta=0.0,beta0,144,Rollout correct ratio,wdl_sft/correct_ratio,0.423828125
ONPOLICY-SFT-Qwen3-1P7B-COLDSTART-FRAC25-CODE-KODCODE-CTX8K-S1-BETA0-V1_1783416222,25%,25,beta=0.0,beta0,144,Gradient norm,actor/grad_norm,8.456146240234375
ONPOLICY-SFT-Qwen3-1P7B-COLDSTART-FRAC25-CODE-KODCODE-CTX8K-S1-BETA0-V1_1783416222,25%,25,beta=0.0,beta0,144,Train score mean,critic/score/mean,-0.15234375
ONPOLICY-SFT-Qwen3-1P7B-COLDSTART-FRAC25-CODE-KODCODE-CTX8K-S1-BETA0-V1_1783416222,25%,25,beta=0.0,beta0,144,Response length mean,response_length/mean,161.751953125
ONPOLICY-SFT-Qwen3-1P7B-COLDSTART-FRAC25-CODE-KODCODE-CTX8K-S1-BETA0-V1_1783416222,25%,25,beta=0.0,beta0,144,Time per step,perf/time_per_step,42.9905510218814
ONPOLICY-SFT-Qwen3-1P7B-COLDSTART-FRAC25-CODE-KODCODE-CTX8K-S1-BETA0-V1_1783416222,25%,25,beta=0.0,beta0,145,HumanEval+ pass@1,val-core/HumanEval+/acc/pass@1,0.5
ONPOLICY-SFT-Qwen3-1P7B-COLDSTART-FRAC25-CODE-KODCODE-CTX8K-S1-BETA0-V1_1783416222,25%,25,beta=0.0,beta0,145,MBPP+ pass@1,val-core/MBPP+/acc/pass@1,0.48412698412698413
ONPOLICY-SFT-Qwen3-1P7B-COLDSTART-FRAC25-CODE-KODCODE-CTX8K-S1-BETA0-V1_1783416222,25%,25,beta=0.0,beta0,145,LiveCodeBench pass@1,val-core/LiveCodeBench/acc/pass@1,0.1875
ONPOLICY-SFT-Qwen3-1P7B-COLDSTART-FRAC25-CODE-KODCODE-CTX8K-S1-BETA0-V1_1783416222,25%,25,beta=0.0,beta0,145,HumanEval+ extract fail,val-aux/HumanEval+/code_reward_extraction_fail/mean@1,0.006097560975609756
ONPOLICY-SFT-Qwen3-1P7B-COLDSTART-FRAC25-CODE-KODCODE-CTX8K-S1-BETA0-V1_1783416222,25%,25,beta=0.0,beta0,145,MBPP+ extract fail,val-aux/MBPP+/code_reward_extraction_fail/mean@1,0.010582010582010581
ONPOLICY-SFT-Qwen3-1P7B-COLDSTART-FRAC25-CODE-KODCODE-CTX8K-S1-BETA0-V1_1783416222,25%,25,beta=0.0,beta0,145,LiveCodeBench extract fail,val-aux/LiveCodeBench/code_reward_extraction_fail/mean@1,0.0078125
ONPOLICY-SFT-Qwen3-1P7B-COLDSTART-FRAC25-CODE-KODCODE-CTX8K-S1-BETA0-V1_1783416222,25%,25,beta=0.0,beta0,145,Rollout correct ratio,wdl_sft/correct_ratio,0.353515625
ONPOLICY-SFT-Qwen3-1P7B-COLDSTART-FRAC25-CODE-KODCODE-CTX8K-S1-BETA0-V1_1783416222,25%,25,beta=0.0,beta0,145,Gradient norm,actor/grad_norm,10.906761169433594
ONPOLICY-SFT-Qwen3-1P7B-COLDSTART-FRAC25-CODE-KODCODE-CTX8K-S1-BETA0-V1_1783416222,25%,25,beta=0.0,beta0,145,Train score mean,critic/score/mean,-0.29296875
ONPOLICY-SFT-Qwen3-1P7B-COLDSTART-FRAC25-CODE-KODCODE-CTX8K-S1-BETA0-V1_1783416222,25%,25,beta=0.0,beta0,145,Response length mean,response_length/mean,163.1875
ONPOLICY-SFT-Qwen3-1P7B-COLDSTART-FRAC25-CODE-KODCODE-CTX8K-S1-BETA0-V1_1783416222,25%,25,beta=0.0,beta0,145,Time per step,perf/time_per_step,47.3516449611634
ONPOLICY-SFT-Qwen3-1P7B-COLDSTART-FRAC25-CODE-KODCODE-CTX8K-S1-BETA0-V1_1783416222,25%,25,beta=0.0,beta0,146,Rollout correct ratio,wdl_sft/correct_ratio,0.328125
ONPOLICY-SFT-Qwen3-1P7B-COLDSTART-FRAC25-CODE-KODCODE-CTX8K-S1-BETA0-V1_1783416222,25%,25,beta=0.0,beta0,146,Gradient norm,actor/grad_norm,11.699020385742188
ONPOLICY-SFT-Qwen3-1P7B-COLDSTART-FRAC25-CODE-KODCODE-CTX8K-S1-BETA0-V1_1783416222,25%,25,beta=0.0,beta0,146,Train score mean,critic/score/mean,-0.34375
ONPOLICY-SFT-Qwen3-1P7B-COLDSTART-FRAC25-CODE-KODCODE-CTX8K-S1-BETA0-V1_1783416222,25%,25,beta=0.0,beta0,146,Response length mean,response_length/mean,177.90625
ONPOLICY-SFT-Qwen3-1P7B-COLDSTART-FRAC25-CODE-KODCODE-CTX8K-S1-BETA0-V1_1783416222,25%,25,beta=0.0,beta0,146,Time per step,perf/time_per_step,45.81528801843524
ONPOLICY-SFT-Qwen3-1P7B-COLDSTART-FRAC25-CODE-KODCODE-CTX8K-S1-BETA0-V1_1783416222,25%,25,beta=0.0,beta0,147,Rollout correct ratio,wdl_sft/correct_ratio,0.4140625
ONPOLICY-SFT-Qwen3-1P7B-COLDSTART-FRAC25-CODE-KODCODE-CTX8K-S1-BETA0-V1_1783416222,25%,25,beta=0.0,beta0,147,Gradient norm,actor/grad_norm,9.232649803161621
ONPOLICY-SFT-Qwen3-1P7B-COLDSTART-FRAC25-CODE-KODCODE-CTX8K-S1-BETA0-V1_1783416222,25%,25,beta=0.0,beta0,147,Train score mean,critic/score/mean,-0.171875
ONPOLICY-SFT-Qwen3-1P7B-COLDSTART-FRAC25-CODE-KODCODE-CTX8K-S1-BETA0-V1_1783416222,25%,25,beta=0.0,beta0,147,Response length mean,response_length/mean,173.732421875
ONPOLICY-SFT-Qwen3-1P7B-COLDSTART-FRAC25-CODE-KODCODE-CTX8K-S1-BETA0-V1_1783416222,25%,25,beta=0.0,beta0,147,Time per step,perf/time_per_step,43.92780804075301
ONPOLICY-SFT-Qwen3-1P7B-COLDSTART-FRAC25-CODE-KODCODE-CTX8K-S1-BETA0-V1_1783416222,25%,25,beta=0.0,beta0,148,Rollout correct ratio,wdl_sft/correct_ratio,0.408203125
ONPOLICY-SFT-Qwen3-1P7B-COLDSTART-FRAC25-CODE-KODCODE-CTX8K-S1-BETA0-V1_1783416222,25%,25,beta=0.0,beta0,148,Gradient norm,actor/grad_norm,10.714927673339844
ONPOLICY-SFT-Qwen3-1P7B-COLDSTART-FRAC25-CODE-KODCODE-CTX8K-S1-BETA0-V1_1783416222,25%,25,beta=0.0,beta0,148,Train score mean,critic/score/mean,-0.18359375
ONPOLICY-SFT-Qwen3-1P7B-COLDSTART-FRAC25-CODE-KODCODE-CTX8K-S1-BETA0-V1_1783416222,25%,25,beta=0.0,beta0,148,Response length mean,response_length/mean,175.07421875
ONPOLICY-SFT-Qwen3-1P7B-COLDSTART-FRAC25-CODE-KODCODE-CTX8K-S1-BETA0-V1_1783416222,25%,25,beta=0.0,beta0,148,Time per step,perf/time_per_step,40.440504408441484
ONPOLICY-SFT-Qwen3-1P7B-COLDSTART-FRAC25-CODE-KODCODE-CTX8K-S1-BETA0-V1_1783416222,25%,25,beta=0.0,beta0,149,Rollout correct ratio,wdl_sft/correct_ratio,0.3359375
ONPOLICY-SFT-Qwen3-1P7B-COLDSTART-FRAC25-CODE-KODCODE-CTX8K-S1-BETA0-V1_1783416222,25%,25,beta=0.0,beta0,149,Gradient norm,actor/grad_norm,10.23950481414795
ONPOLICY-SFT-Qwen3-1P7B-COLDSTART-FRAC25-CODE-KODCODE-CTX8K-S1-BETA0-V1_1783416222,25%,25,beta=0.0,beta0,149,Train score mean,critic/score/mean,-0.328125
ONPOLICY-SFT-Qwen3-1P7B-COLDSTART-FRAC25-CODE-KODCODE-CTX8K-S1-BETA0-V1_1783416222,25%,25,beta=0.0,beta0,149,Response length mean,response_length/mean,167.681640625
ONPOLICY-SFT-Qwen3-1P7B-COLDSTART-FRAC25-CODE-KODCODE-CTX8K-S1-BETA0-V1_1783416222,25%,25,beta=0.0,beta0,149,Time per step,perf/time_per_step,41.789234339259565
ONPOLICY-SFT-Qwen3-1P7B-COLDSTART-FRAC25-CODE-KODCODE-CTX8K-S1-BETA0-V1_1783416222,25%,25,beta=0.0,beta0,150,HumanEval+ pass@1,val-core/HumanEval+/acc/pass@1,0.4878048780487805
ONPOLICY-SFT-Qwen3-1P7B-COLDSTART-FRAC25-CODE-KODCODE-CTX8K-S1-BETA0-V1_1783416222,25%,25,beta=0.0,beta0,150,MBPP+ pass@1,val-core/MBPP+/acc/pass@1,0.49206349206349204
ONPOLICY-SFT-Qwen3-1P7B-COLDSTART-FRAC25-CODE-KODCODE-CTX8K-S1-BETA0-V1_1783416222,25%,25,beta=0.0,beta0,150,LiveCodeBench pass@1,val-core/LiveCodeBench/acc/pass@1,0.21875
ONPOLICY-SFT-Qwen3-1P7B-COLDSTART-FRAC25-CODE-KODCODE-CTX8K-S1-BETA0-V1_1783416222,25%,25,beta=0.0,beta0,150,HumanEval+ extract fail,val-aux/HumanEval+/code_reward_extraction_fail/mean@1,0.012195121951219513
ONPOLICY-SFT-Qwen3-1P7B-COLDSTART-FRAC25-CODE-KODCODE-CTX8K-S1-BETA0-V1_1783416222,25%,25,beta=0.0,beta0,150,MBPP+ extract fail,val-aux/MBPP+/code_reward_extraction_fail/mean@1,0.007936507936507936
ONPOLICY-SFT-Qwen3-1P7B-COLDSTART-FRAC25-CODE-KODCODE-CTX8K-S1-BETA0-V1_1783416222,25%,25,beta=0.0,beta0,150,LiveCodeBench extract fail,val-aux/LiveCodeBench/code_reward_extraction_fail/mean@1,0.015625
ONPOLICY-SFT-Qwen3-1P7B-COLDSTART-FRAC25-CODE-KODCODE-CTX8K-S1-BETA0-V1_1783416222,25%,25,beta=0.0,beta0,150,Rollout correct ratio,wdl_sft/correct_ratio,0.3125
ONPOLICY-SFT-Qwen3-1P7B-COLDSTART-FRAC25-CODE-KODCODE-CTX8K-S1-BETA0-V1_1783416222,25%,25,beta=0.0,beta0,150,Gradient norm,actor/grad_norm,12.252509117126465
ONPOLICY-SFT-Qwen3-1P7B-COLDSTART-FRAC25-CODE-KODCODE-CTX8K-S1-BETA0-V1_1783416222,25%,25,beta=0.0,beta0,150,Train score mean,critic/score/mean,-0.375
ONPOLICY-SFT-Qwen3-1P7B-COLDSTART-FRAC25-CODE-KODCODE-CTX8K-S1-BETA0-V1_1783416222,25%,25,beta=0.0,beta0,150,Response length mean,response_length/mean,180.09765625
ONPOLICY-SFT-Qwen3-1P7B-COLDSTART-FRAC25-CODE-KODCODE-CTX8K-S1-BETA0-V1_1783416222,25%,25,beta=0.0,beta0,150,Time per step,perf/time_per_step,49.09083101898432
ONPOLICY-SFT-Qwen3-1P7B-COLDSTART-FRAC25-CODE-KODCODE-CTX8K-S1-BETA01-V1_1783425947,25%,25,beta=0.1,beta01,0,HumanEval+ pass@1,val-core/HumanEval+/acc/pass@1,0.5
ONPOLICY-SFT-Qwen3-1P7B-COLDSTART-FRAC25-CODE-KODCODE-CTX8K-S1-BETA01-V1_1783425947,25%,25,beta=0.1,beta01,0,MBPP+ pass@1,val-core/MBPP+/acc/pass@1,0.48412698412698413
ONPOLICY-SFT-Qwen3-1P7B-COLDSTART-FRAC25-CODE-KODCODE-CTX8K-S1-BETA01-V1_1783425947,25%,25,beta=0.1,beta01,0,LiveCodeBench pass@1,val-core/LiveCodeBench/acc/pass@1,0.1875
ONPOLICY-SFT-Qwen3-1P7B-COLDSTART-FRAC25-CODE-KODCODE-CTX8K-S1-BETA01-V1_1783425947,25%,25,beta=0.1,beta01,0,HumanEval+ extract fail,val-aux/HumanEval+/code_reward_extraction_fail/mean@1,0.012195121951219513
ONPOLICY-SFT-Qwen3-1P7B-COLDSTART-FRAC25-CODE-KODCODE-CTX8K-S1-BETA01-V1_1783425947,25%,25,beta=0.1,beta01,0,MBPP+ extract fail,val-aux/MBPP+/code_reward_extraction_fail/mean@1,0.007936507936507936
ONPOLICY-SFT-Qwen3-1P7B-COLDSTART-FRAC25-CODE-KODCODE-CTX8K-S1-BETA01-V1_1783425947,25%,25,beta=0.1,beta01,0,LiveCodeBench extract fail,val-aux/LiveCodeBench/code_reward_extraction_fail/mean@1,0.0078125
ONPOLICY-SFT-Qwen3-1P7B-COLDSTART-FRAC25-CODE-KODCODE-CTX8K-S1-BETA01-V1_1783425947,25%,25,beta=0.1,beta01,1,Rollout correct ratio,wdl_sft/correct_ratio,0.3203125
ONPOLICY-SFT-Qwen3-1P7B-COLDSTART-FRAC25-CODE-KODCODE-CTX8K-S1-BETA01-V1_1783425947,25%,25,beta=0.1,beta01,1,Gradient norm,actor/grad_norm,10.619112014770508
ONPOLICY-SFT-Qwen3-1P7B-COLDSTART-FRAC25-CODE-KODCODE-CTX8K-S1-BETA01-V1_1783425947,25%,25,beta=0.1,beta01,1,Train score mean,critic/score/mean,-0.359375
ONPOLICY-SFT-Qwen3-1P7B-COLDSTART-FRAC25-CODE-KODCODE-CTX8K-S1-BETA01-V1_1783425947,25%,25,beta=0.1,beta01,1,Response length mean,response_length/mean,157.2890625
ONPOLICY-SFT-Qwen3-1P7B-COLDSTART-FRAC25-CODE-KODCODE-CTX8K-S1-BETA01-V1_1783425947,25%,25,beta=0.1,beta01,1,Time per step,perf/time_per_step,43.167908515781164
ONPOLICY-SFT-Qwen3-1P7B-COLDSTART-FRAC25-CODE-KODCODE-CTX8K-S1-BETA01-V1_1783425947,25%,25,beta=0.1,beta01,2,Rollout correct ratio,wdl_sft/correct_ratio,0.37890625
ONPOLICY-SFT-Qwen3-1P7B-COLDSTART-FRAC25-CODE-KODCODE-CTX8K-S1-BETA01-V1_1783425947,25%,25,beta=0.1,beta01,2,Gradient norm,actor/grad_norm,10.15677261352539
ONPOLICY-SFT-Qwen3-1P7B-COLDSTART-FRAC25-CODE-KODCODE-CTX8K-S1-BETA01-V1_1783425947,25%,25,beta=0.1,beta01,2,Train score mean,critic/score/mean,-0.2421875
ONPOLICY-SFT-Qwen3-1P7B-COLDSTART-FRAC25-CODE-KODCODE-CTX8K-S1-BETA01-V1_1783425947,25%,25,beta=0.1,beta01,2,Response length mean,response_length/mean,160.376953125
ONPOLICY-SFT-Qwen3-1P7B-COLDSTART-FRAC25-CODE-KODCODE-CTX8K-S1-BETA01-V1_1783425947,25%,25,beta=0.1,beta01,2,Time per step,perf/time_per_step,42.33333993609995
ONPOLICY-SFT-Qwen3-1P7B-COLDSTART-FRAC25-CODE-KODCODE-CTX8K-S1-BETA01-V1_1783425947,25%,25,beta=0.1,beta01,3,Rollout correct ratio,wdl_sft/correct_ratio,0.34765625
ONPOLICY-SFT-Qwen3-1P7B-COLDSTART-FRAC25-CODE-KODCODE-CTX8K-S1-BETA01-V1_1783425947,25%,25,beta=0.1,beta01,3,Gradient norm,actor/grad_norm,10.539459228515625
ONPOLICY-SFT-Qwen3-1P7B-COLDSTART-FRAC25-CODE-KODCODE-CTX8K-S1-BETA01-V1_1783425947,25%,25,beta=0.1,beta01,3,Train score mean,critic/score/mean,-0.3046875
ONPOLICY-SFT-Qwen3-1P7B-COLDSTART-FRAC25-CODE-KODCODE-CTX8K-S1-BETA01-V1_1783425947,25%,25,beta=0.1,beta01,3,Response length mean,response_length/mean,178.798828125
ONPOLICY-SFT-Qwen3-1P7B-COLDSTART-FRAC25-CODE-KODCODE-CTX8K-S1-BETA01-V1_1783425947,25%,25,beta=0.1,beta01,3,Time per step,perf/time_per_step,42.74247769638896
ONPOLICY-SFT-Qwen3-1P7B-COLDSTART-FRAC25-CODE-KODCODE-CTX8K-S1-BETA01-V1_1783425947,25%,25,beta=0.1,beta01,4,Rollout correct ratio,wdl_sft/correct_ratio,0.33203125
ONPOLICY-SFT-Qwen3-1P7B-COLDSTART-FRAC25-CODE-KODCODE-CTX8K-S1-BETA01-V1_1783425947,25%,25,beta=0.1,beta01,4,Gradient norm,actor/grad_norm,11.126731872558594
ONPOLICY-SFT-Qwen3-1P7B-COLDSTART-FRAC25-CODE-KODCODE-CTX8K-S1-BETA01-V1_1783425947,25%,25,beta=0.1,beta01,4,Train score mean,critic/score/mean,-0.3359375
ONPOLICY-SFT-Qwen3-1P7B-COLDSTART-FRAC25-CODE-KODCODE-CTX8K-S1-BETA01-V1_1783425947,25%,25,beta=0.1,beta01,4,Response length mean,response_length/mean,154.048828125
ONPOLICY-SFT-Qwen3-1P7B-COLDSTART-FRAC25-CODE-KODCODE-CTX8K-S1-BETA01-V1_1783425947,25%,25,beta=0.1,beta01,4,Time per step,perf/time_per_step,43.29557604435831
ONPOLICY-SFT-Qwen3-1P7B-COLDSTART-FRAC25-CODE-KODCODE-CTX8K-S1-BETA01-V1_1783425947,25%,25,beta=0.1,beta01,5,HumanEval+ pass@1,val-core/HumanEval+/acc/pass@1,0.47560975609756095
ONPOLICY-SFT-Qwen3-1P7B-COLDSTART-FRAC25-CODE-KODCODE-CTX8K-S1-BETA01-V1_1783425947,25%,25,beta=0.1,beta01,5,MBPP+ pass@1,val-core/MBPP+/acc/pass@1,0.4973544973544973
ONPOLICY-SFT-Qwen3-1P7B-COLDSTART-FRAC25-CODE-KODCODE-CTX8K-S1-BETA01-V1_1783425947,25%,25,beta=0.1,beta01,5,LiveCodeBench pass@1,val-core/LiveCodeBench/acc/pass@1,0.1796875
ONPOLICY-SFT-Qwen3-1P7B-COLDSTART-FRAC25-CODE-KODCODE-CTX8K-S1-BETA01-V1_1783425947,25%,25,beta=0.1,beta01,5,HumanEval+ extract fail,val-aux/HumanEval+/code_reward_extraction_fail/mean@1,0.012195121951219513
ONPOLICY-SFT-Qwen3-1P7B-COLDSTART-FRAC25-CODE-KODCODE-CTX8K-S1-BETA01-V1_1783425947,25%,25,beta=0.1,beta01,5,MBPP+ extract fail,val-aux/MBPP+/code_reward_extraction_fail/mean@1,0.013227513227513227
ONPOLICY-SFT-Qwen3-1P7B-COLDSTART-FRAC25-CODE-KODCODE-CTX8K-S1-BETA01-V1_1783425947,25%,25,beta=0.1,beta01,5,LiveCodeBench extract fail,val-aux/LiveCodeBench/code_reward_extraction_fail/mean@1,0.046875
ONPOLICY-SFT-Qwen3-1P7B-COLDSTART-FRAC25-CODE-KODCODE-CTX8K-S1-BETA01-V1_1783425947,25%,25,beta=0.1,beta01,5,Rollout correct ratio,wdl_sft/correct_ratio,0.423828125
ONPOLICY-SFT-Qwen3-1P7B-COLDSTART-FRAC25-CODE-KODCODE-CTX8K-S1-BETA01-V1_1783425947,25%,25,beta=0.1,beta01,5,Gradient norm,actor/grad_norm,8.13139533996582
ONPOLICY-SFT-Qwen3-1P7B-COLDSTART-FRAC25-CODE-KODCODE-CTX8K-S1-BETA01-V1_1783425947,25%,25,beta=0.1,beta01,5,Train score mean,critic/score/mean,-0.15234375
ONPOLICY-SFT-Qwen3-1P7B-COLDSTART-FRAC25-CODE-KODCODE-CTX8K-S1-BETA01-V1_1783425947,25%,25,beta=0.1,beta01,5,Response length mean,response_length/mean,155.0859375
ONPOLICY-SFT-Qwen3-1P7B-COLDSTART-FRAC25-CODE-KODCODE-CTX8K-S1-BETA01-V1_1783425947,25%,25,beta=0.1,beta01,5,Time per step,perf/time_per_step,43.93499154783785
ONPOLICY-SFT-Qwen3-1P7B-COLDSTART-FRAC25-CODE-KODCODE-CTX8K-S1-BETA01-V1_1783425947,25%,25,beta=0.1,beta01,6,Rollout correct ratio,wdl_sft/correct_ratio,0.3671875
ONPOLICY-SFT-Qwen3-1P7B-COLDSTART-FRAC25-CODE-KODCODE-CTX8K-S1-BETA01-V1_1783425947,25%,25,beta=0.1,beta01,6,Gradient norm,actor/grad_norm,9.385215759277344
ONPOLICY-SFT-Qwen3-1P7B-COLDSTART-FRAC25-CODE-KODCODE-CTX8K-S1-BETA01-V1_1783425947,25%,25,beta=0.1,beta01,6,Train score mean,critic/score/mean,-0.265625
ONPOLICY-SFT-Qwen3-1P7B-COLDSTART-FRAC25-CODE-KODCODE-CTX8K-S1-BETA01-V1_1783425947,25%,25,beta=0.1,beta01,6,Response length mean,response_length/mean,156.083984375
ONPOLICY-SFT-Qwen3-1P7B-COLDSTART-FRAC25-CODE-KODCODE-CTX8K-S1-BETA01-V1_1783425947,25%,25,beta=0.1,beta01,6,Time per step,perf/time_per_step,41.177591336891055
ONPOLICY-SFT-Qwen3-1P7B-COLDSTART-FRAC25-CODE-KODCODE-CTX8K-S1-BETA01-V1_1783425947,25%,25,beta=0.1,beta01,7,Rollout correct ratio,wdl_sft/correct_ratio,0.27734375
ONPOLICY-SFT-Qwen3-1P7B-COLDSTART-FRAC25-CODE-KODCODE-CTX8K-S1-BETA01-V1_1783425947,25%,25,beta=0.1,beta01,7,Gradient norm,actor/grad_norm,11.459766387939453
ONPOLICY-SFT-Qwen3-1P7B-COLDSTART-FRAC25-CODE-KODCODE-CTX8K-S1-BETA01-V1_1783425947,25%,25,beta=0.1,beta01,7,Train score mean,critic/score/mean,-0.4453125
ONPOLICY-SFT-Qwen3-1P7B-COLDSTART-FRAC25-CODE-KODCODE-CTX8K-S1-BETA01-V1_1783425947,25%,25,beta=0.1,beta01,7,Response length mean,response_length/mean,170.8984375
ONPOLICY-SFT-Qwen3-1P7B-COLDSTART-FRAC25-CODE-KODCODE-CTX8K-S1-BETA01-V1_1783425947,25%,25,beta=0.1,beta01,7,Time per step,perf/time_per_step,62.93996475916356
ONPOLICY-SFT-Qwen3-1P7B-COLDSTART-FRAC25-CODE-KODCODE-CTX8K-S1-BETA01-V1_1783425947,25%,25,beta=0.1,beta01,8,Rollout correct ratio,wdl_sft/correct_ratio,0.357421875
ONPOLICY-SFT-Qwen3-1P7B-COLDSTART-FRAC25-CODE-KODCODE-CTX8K-S1-BETA01-V1_1783425947,25%,25,beta=0.1,beta01,8,Gradient norm,actor/grad_norm,10.822685241699219
ONPOLICY-SFT-Qwen3-1P7B-COLDSTART-FRAC25-CODE-KODCODE-CTX8K-S1-BETA01-V1_1783425947,25%,25,beta=0.1,beta01,8,Train score mean,critic/score/mean,-0.28515625
ONPOLICY-SFT-Qwen3-1P7B-COLDSTART-FRAC25-CODE-KODCODE-CTX8K-S1-BETA01-V1_1783425947,25%,25,beta=0.1,beta01,8,Response length mean,response_length/mean,178.791015625
ONPOLICY-SFT-Qwen3-1P7B-COLDSTART-FRAC25-CODE-KODCODE-CTX8K-S1-BETA01-V1_1783425947,25%,25,beta=0.1,beta01,8,Time per step,perf/time_per_step,43.643206492997706
ONPOLICY-SFT-Qwen3-1P7B-COLDSTART-FRAC25-CODE-KODCODE-CTX8K-S1-BETA01-V1_1783425947,25%,25,beta=0.1,beta01,9,Rollout correct ratio,wdl_sft/correct_ratio,0.306640625
ONPOLICY-SFT-Qwen3-1P7B-COLDSTART-FRAC25-CODE-KODCODE-CTX8K-S1-BETA01-V1_1783425947,25%,25,beta=0.1,beta01,9,Gradient norm,actor/grad_norm,10.823259353637695
ONPOLICY-SFT-Qwen3-1P7B-COLDSTART-FRAC25-CODE-KODCODE-CTX8K-S1-BETA01-V1_1783425947,25%,25,beta=0.1,beta01,9,Train score mean,critic/score/mean,-0.38671875
ONPOLICY-SFT-Qwen3-1P7B-COLDSTART-FRAC25-CODE-KODCODE-CTX8K-S1-BETA01-V1_1783425947,25%,25,beta=0.1,beta01,9,Response length mean,response_length/mean,170.609375
ONPOLICY-SFT-Qwen3-1P7B-COLDSTART-FRAC25-CODE-KODCODE-CTX8K-S1-BETA01-V1_1783425947,25%,25,beta=0.1,beta01,9,Time per step,perf/time_per_step,41.06953673250973
ONPOLICY-SFT-Qwen3-1P7B-COLDSTART-FRAC25-CODE-KODCODE-CTX8K-S1-BETA01-V1_1783425947,25%,25,beta=0.1,beta01,10,HumanEval+ pass@1,val-core/HumanEval+/acc/pass@1,0.4695121951219512
ONPOLICY-SFT-Qwen3-1P7B-COLDSTART-FRAC25-CODE-KODCODE-CTX8K-S1-BETA01-V1_1783425947,25%,25,beta=0.1,beta01,10,MBPP+ pass@1,val-core/MBPP+/acc/pass@1,0.47883597883597884
ONPOLICY-SFT-Qwen3-1P7B-COLDSTART-FRAC25-CODE-KODCODE-CTX8K-S1-BETA01-V1_1783425947,25%,25,beta=0.1,beta01,10,LiveCodeBench pass@1,val-core/LiveCodeBench/acc/pass@1,0.2109375
ONPOLICY-SFT-Qwen3-1P7B-COLDSTART-FRAC25-CODE-KODCODE-CTX8K-S1-BETA01-V1_1783425947,25%,25,beta=0.1,beta01,10,HumanEval+ extract fail,val-aux/HumanEval+/code_reward_extraction_fail/mean@1,0.006097560975609756
ONPOLICY-SFT-Qwen3-1P7B-COLDSTART-FRAC25-CODE-KODCODE-CTX8K-S1-BETA01-V1_1783425947,25%,25,beta=0.1,beta01,10,MBPP+ extract fail,val-aux/MBPP+/code_reward_extraction_fail/mean@1,0.005291005291005291
ONPOLICY-SFT-Qwen3-1P7B-COLDSTART-FRAC25-CODE-KODCODE-CTX8K-S1-BETA01-V1_1783425947,25%,25,beta=0.1,beta01,10,LiveCodeBench extract fail,val-aux/LiveCodeBench/code_reward_extraction_fail/mean@1,0.03125
ONPOLICY-SFT-Qwen3-1P7B-COLDSTART-FRAC25-CODE-KODCODE-CTX8K-S1-BETA01-V1_1783425947,25%,25,beta=0.1,beta01,10,Rollout correct ratio,wdl_sft/correct_ratio,0.40625
ONPOLICY-SFT-Qwen3-1P7B-COLDSTART-FRAC25-CODE-KODCODE-CTX8K-S1-BETA01-V1_1783425947,25%,25,beta=0.1,beta01,10,Gradient norm,actor/grad_norm,9.768956184387207
ONPOLICY-SFT-Qwen3-1P7B-COLDSTART-FRAC25-CODE-KODCODE-CTX8K-S1-BETA01-V1_1783425947,25%,25,beta=0.1,beta01,10,Train score mean,critic/score/mean,-0.1875
ONPOLICY-SFT-Qwen3-1P7B-COLDSTART-FRAC25-CODE-KODCODE-CTX8K-S1-BETA01-V1_1783425947,25%,25,beta=0.1,beta01,10,Response length mean,response_length/mean,159.634765625
ONPOLICY-SFT-Qwen3-1P7B-COLDSTART-FRAC25-CODE-KODCODE-CTX8K-S1-BETA01-V1_1783425947,25%,25,beta=0.1,beta01,10,Time per step,perf/time_per_step,47.934031306765974
ONPOLICY-SFT-Qwen3-1P7B-COLDSTART-FRAC25-CODE-KODCODE-CTX8K-S1-BETA01-V1_1783425947,25%,25,beta=0.1,beta01,11,Rollout correct ratio,wdl_sft/correct_ratio,0.2578125
ONPOLICY-SFT-Qwen3-1P7B-COLDSTART-FRAC25-CODE-KODCODE-CTX8K-S1-BETA01-V1_1783425947,25%,25,beta=0.1,beta01,11,Gradient norm,actor/grad_norm,13.249009132385254
ONPOLICY-SFT-Qwen3-1P7B-COLDSTART-FRAC25-CODE-KODCODE-CTX8K-S1-BETA01-V1_1783425947,25%,25,beta=0.1,beta01,11,Train score mean,critic/score/mean,-0.484375
ONPOLICY-SFT-Qwen3-1P7B-COLDSTART-FRAC25-CODE-KODCODE-CTX8K-S1-BETA01-V1_1783425947,25%,25,beta=0.1,beta01,11,Response length mean,response_length/mean,168.076171875
ONPOLICY-SFT-Qwen3-1P7B-COLDSTART-FRAC25-CODE-KODCODE-CTX8K-S1-BETA01-V1_1783425947,25%,25,beta=0.1,beta01,11,Time per step,perf/time_per_step,42.47807215619832
ONPOLICY-SFT-Qwen3-1P7B-COLDSTART-FRAC25-CODE-KODCODE-CTX8K-S1-BETA01-V1_1783425947,25%,25,beta=0.1,beta01,12,Rollout correct ratio,wdl_sft/correct_ratio,0.28125
ONPOLICY-SFT-Qwen3-1P7B-COLDSTART-FRAC25-CODE-KODCODE-CTX8K-S1-BETA01-V1_1783425947,25%,25,beta=0.1,beta01,12,Gradient norm,actor/grad_norm,12.49197006225586
ONPOLICY-SFT-Qwen3-1P7B-COLDSTART-FRAC25-CODE-KODCODE-CTX8K-S1-BETA01-V1_1783425947,25%,25,beta=0.1,beta01,12,Train score mean,critic/score/mean,-0.4375
ONPOLICY-SFT-Qwen3-1P7B-COLDSTART-FRAC25-CODE-KODCODE-CTX8K-S1-BETA01-V1_1783425947,25%,25,beta=0.1,beta01,12,Response length mean,response_length/mean,152.689453125
ONPOLICY-SFT-Qwen3-1P7B-COLDSTART-FRAC25-CODE-KODCODE-CTX8K-S1-BETA01-V1_1783425947,25%,25,beta=0.1,beta01,12,Time per step,perf/time_per_step,42.130960347130895
ONPOLICY-SFT-Qwen3-1P7B-COLDSTART-FRAC25-CODE-KODCODE-CTX8K-S1-BETA01-V1_1783425947,25%,25,beta=0.1,beta01,13,Rollout correct ratio,wdl_sft/correct_ratio,0.28125
ONPOLICY-SFT-Qwen3-1P7B-COLDSTART-FRAC25-CODE-KODCODE-CTX8K-S1-BETA01-V1_1783425947,25%,25,beta=0.1,beta01,13,Gradient norm,actor/grad_norm,14.47612190246582
ONPOLICY-SFT-Qwen3-1P7B-COLDSTART-FRAC25-CODE-KODCODE-CTX8K-S1-BETA01-V1_1783425947,25%,25,beta=0.1,beta01,13,Train score mean,critic/score/mean,-0.4375
ONPOLICY-SFT-Qwen3-1P7B-COLDSTART-FRAC25-CODE-KODCODE-CTX8K-S1-BETA01-V1_1783425947,25%,25,beta=0.1,beta01,13,Response length mean,response_length/mean,182.931640625
ONPOLICY-SFT-Qwen3-1P7B-COLDSTART-FRAC25-CODE-KODCODE-CTX8K-S1-BETA01-V1_1783425947,25%,25,beta=0.1,beta01,13,Time per step,perf/time_per_step,65.00201851967722
ONPOLICY-SFT-Qwen3-1P7B-COLDSTART-FRAC25-CODE-KODCODE-CTX8K-S1-BETA01-V1_1783425947,25%,25,beta=0.1,beta01,14,Rollout correct ratio,wdl_sft/correct_ratio,0.41015625
ONPOLICY-SFT-Qwen3-1P7B-COLDSTART-FRAC25-CODE-KODCODE-CTX8K-S1-BETA01-V1_1783425947,25%,25,beta=0.1,beta01,14,Gradient norm,actor/grad_norm,12.358348846435547
ONPOLICY-SFT-Qwen3-1P7B-COLDSTART-FRAC25-CODE-KODCODE-CTX8K-S1-BETA01-V1_1783425947,25%,25,beta=0.1,beta01,14,Train score mean,critic/score/mean,-0.1796875
ONPOLICY-SFT-Qwen3-1P7B-COLDSTART-FRAC25-CODE-KODCODE-CTX8K-S1-BETA01-V1_1783425947,25%,25,beta=0.1,beta01,14,Response length mean,response_length/mean,172.54296875
ONPOLICY-SFT-Qwen3-1P7B-COLDSTART-FRAC25-CODE-KODCODE-CTX8K-S1-BETA01-V1_1783425947,25%,25,beta=0.1,beta01,14,Time per step,perf/time_per_step,42.0920290062204
ONPOLICY-SFT-Qwen3-1P7B-COLDSTART-FRAC25-CODE-KODCODE-CTX8K-S1-BETA01-V1_1783425947,25%,25,beta=0.1,beta01,15,HumanEval+ pass@1,val-core/HumanEval+/acc/pass@1,0.43902439024390244
ONPOLICY-SFT-Qwen3-1P7B-COLDSTART-FRAC25-CODE-KODCODE-CTX8K-S1-BETA01-V1_1783425947,25%,25,beta=0.1,beta01,15,MBPP+ pass@1,val-core/MBPP+/acc/pass@1,0.48677248677248675
ONPOLICY-SFT-Qwen3-1P7B-COLDSTART-FRAC25-CODE-KODCODE-CTX8K-S1-BETA01-V1_1783425947,25%,25,beta=0.1,beta01,15,LiveCodeBench pass@1,val-core/LiveCodeBench/acc/pass@1,0.25
ONPOLICY-SFT-Qwen3-1P7B-COLDSTART-FRAC25-CODE-KODCODE-CTX8K-S1-BETA01-V1_1783425947,25%,25,beta=0.1,beta01,15,HumanEval+ extract fail,val-aux/HumanEval+/code_reward_extraction_fail/mean@1,0.012195121951219513
ONPOLICY-SFT-Qwen3-1P7B-COLDSTART-FRAC25-CODE-KODCODE-CTX8K-S1-BETA01-V1_1783425947,25%,25,beta=0.1,beta01,15,MBPP+ extract fail,val-aux/MBPP+/code_reward_extraction_fail/mean@1,0.015873015873015872
ONPOLICY-SFT-Qwen3-1P7B-COLDSTART-FRAC25-CODE-KODCODE-CTX8K-S1-BETA01-V1_1783425947,25%,25,beta=0.1,beta01,15,LiveCodeBench extract fail,val-aux/LiveCodeBench/code_reward_extraction_fail/mean@1,0.0078125
ONPOLICY-SFT-Qwen3-1P7B-COLDSTART-FRAC25-CODE-KODCODE-CTX8K-S1-BETA01-V1_1783425947,25%,25,beta=0.1,beta01,15,Rollout correct ratio,wdl_sft/correct_ratio,0.33203125
ONPOLICY-SFT-Qwen3-1P7B-COLDSTART-FRAC25-CODE-KODCODE-CTX8K-S1-BETA01-V1_1783425947,25%,25,beta=0.1,beta01,15,Gradient norm,actor/grad_norm,10.537113189697266
ONPOLICY-SFT-Qwen3-1P7B-COLDSTART-FRAC25-CODE-KODCODE-CTX8K-S1-BETA01-V1_1783425947,25%,25,beta=0.1,beta01,15,Train score mean,critic/score/mean,-0.3359375
ONPOLICY-SFT-Qwen3-1P7B-COLDSTART-FRAC25-CODE-KODCODE-CTX8K-S1-BETA01-V1_1783425947,25%,25,beta=0.1,beta01,15,Response length mean,response_length/mean,163.79296875
ONPOLICY-SFT-Qwen3-1P7B-COLDSTART-FRAC25-CODE-KODCODE-CTX8K-S1-BETA01-V1_1783425947,25%,25,beta=0.1,beta01,15,Time per step,perf/time_per_step,47.9661512915045
ONPOLICY-SFT-Qwen3-1P7B-COLDSTART-FRAC25-CODE-KODCODE-CTX8K-S1-BETA01-V1_1783425947,25%,25,beta=0.1,beta01,16,Rollout correct ratio,wdl_sft/correct_ratio,0.3984375
ONPOLICY-SFT-Qwen3-1P7B-COLDSTART-FRAC25-CODE-KODCODE-CTX8K-S1-BETA01-V1_1783425947,25%,25,beta=0.1,beta01,16,Gradient norm,actor/grad_norm,9.760169982910156
ONPOLICY-SFT-Qwen3-1P7B-COLDSTART-FRAC25-CODE-KODCODE-CTX8K-S1-BETA01-V1_1783425947,25%,25,beta=0.1,beta01,16,Train score mean,critic/score/mean,-0.203125
ONPOLICY-SFT-Qwen3-1P7B-COLDSTART-FRAC25-CODE-KODCODE-CTX8K-S1-BETA01-V1_1783425947,25%,25,beta=0.1,beta01,16,Response length mean,response_length/mean,171.83984375
ONPOLICY-SFT-Qwen3-1P7B-COLDSTART-FRAC25-CODE-KODCODE-CTX8K-S1-BETA01-V1_1783425947,25%,25,beta=0.1,beta01,16,Time per step,perf/time_per_step,43.304007675498724
ONPOLICY-SFT-Qwen3-1P7B-COLDSTART-FRAC25-CODE-KODCODE-CTX8K-S1-BETA01-V1_1783425947,25%,25,beta=0.1,beta01,17,Rollout correct ratio,wdl_sft/correct_ratio,0.39453125
ONPOLICY-SFT-Qwen3-1P7B-COLDSTART-FRAC25-CODE-KODCODE-CTX8K-S1-BETA01-V1_1783425947,25%,25,beta=0.1,beta01,17,Gradient norm,actor/grad_norm,10.685075759887695
ONPOLICY-SFT-Qwen3-1P7B-COLDSTART-FRAC25-CODE-KODCODE-CTX8K-S1-BETA01-V1_1783425947,25%,25,beta=0.1,beta01,17,Train score mean,critic/score/mean,-0.2109375
ONPOLICY-SFT-Qwen3-1P7B-COLDSTART-FRAC25-CODE-KODCODE-CTX8K-S1-BETA01-V1_1783425947,25%,25,beta=0.1,beta01,17,Response length mean,response_length/mean,168.484375
ONPOLICY-SFT-Qwen3-1P7B-COLDSTART-FRAC25-CODE-KODCODE-CTX8K-S1-BETA01-V1_1783425947,25%,25,beta=0.1,beta01,17,Time per step,perf/time_per_step,44.62796591222286
ONPOLICY-SFT-Qwen3-1P7B-COLDSTART-FRAC25-CODE-KODCODE-CTX8K-S1-BETA01-V1_1783425947,25%,25,beta=0.1,beta01,18,Rollout correct ratio,wdl_sft/correct_ratio,0.27734375
ONPOLICY-SFT-Qwen3-1P7B-COLDSTART-FRAC25-CODE-KODCODE-CTX8K-S1-BETA01-V1_1783425947,25%,25,beta=0.1,beta01,18,Gradient norm,actor/grad_norm,11.586074829101562
ONPOLICY-SFT-Qwen3-1P7B-COLDSTART-FRAC25-CODE-KODCODE-CTX8K-S1-BETA01-V1_1783425947,25%,25,beta=0.1,beta01,18,Train score mean,critic/score/mean,-0.4453125
ONPOLICY-SFT-Qwen3-1P7B-COLDSTART-FRAC25-CODE-KODCODE-CTX8K-S1-BETA01-V1_1783425947,25%,25,beta=0.1,beta01,18,Response length mean,response_length/mean,159.671875
ONPOLICY-SFT-Qwen3-1P7B-COLDSTART-FRAC25-CODE-KODCODE-CTX8K-S1-BETA01-V1_1783425947,25%,25,beta=0.1,beta01,18,Time per step,perf/time_per_step,43.44816409423947
ONPOLICY-SFT-Qwen3-1P7B-COLDSTART-FRAC25-CODE-KODCODE-CTX8K-S1-BETA01-V1_1783425947,25%,25,beta=0.1,beta01,19,Rollout correct ratio,wdl_sft/correct_ratio,0.388671875
ONPOLICY-SFT-Qwen3-1P7B-COLDSTART-FRAC25-CODE-KODCODE-CTX8K-S1-BETA01-V1_1783425947,25%,25,beta=0.1,beta01,19,Gradient norm,actor/grad_norm,10.778046607971191
ONPOLICY-SFT-Qwen3-1P7B-COLDSTART-FRAC25-CODE-KODCODE-CTX8K-S1-BETA01-V1_1783425947,25%,25,beta=0.1,beta01,19,Train score mean,critic/score/mean,-0.22265625
ONPOLICY-SFT-Qwen3-1P7B-COLDSTART-FRAC25-CODE-KODCODE-CTX8K-S1-BETA01-V1_1783425947,25%,25,beta=0.1,beta01,19,Response length mean,response_length/mean,161.083984375
ONPOLICY-SFT-Qwen3-1P7B-COLDSTART-FRAC25-CODE-KODCODE-CTX8K-S1-BETA01-V1_1783425947,25%,25,beta=0.1,beta01,19,Time per step,perf/time_per_step,41.92342201247811
ONPOLICY-SFT-Qwen3-1P7B-COLDSTART-FRAC25-CODE-KODCODE-CTX8K-S1-BETA01-V1_1783425947,25%,25,beta=0.1,beta01,20,HumanEval+ pass@1,val-core/HumanEval+/acc/pass@1,0.47560975609756095
ONPOLICY-SFT-Qwen3-1P7B-COLDSTART-FRAC25-CODE-KODCODE-CTX8K-S1-BETA01-V1_1783425947,25%,25,beta=0.1,beta01,20,MBPP+ pass@1,val-core/MBPP+/acc/pass@1,0.455026455026455
ONPOLICY-SFT-Qwen3-1P7B-COLDSTART-FRAC25-CODE-KODCODE-CTX8K-S1-BETA01-V1_1783425947,25%,25,beta=0.1,beta01,20,LiveCodeBench pass@1,val-core/LiveCodeBench/acc/pass@1,0.203125
ONPOLICY-SFT-Qwen3-1P7B-COLDSTART-FRAC25-CODE-KODCODE-CTX8K-S1-BETA01-V1_1783425947,25%,25,beta=0.1,beta01,20,HumanEval+ extract fail,val-aux/HumanEval+/code_reward_extraction_fail/mean@1,0.006097560975609756
ONPOLICY-SFT-Qwen3-1P7B-COLDSTART-FRAC25-CODE-KODCODE-CTX8K-S1-BETA01-V1_1783425947,25%,25,beta=0.1,beta01,20,MBPP+ extract fail,val-aux/MBPP+/code_reward_extraction_fail/mean@1,0.007936507936507936
ONPOLICY-SFT-Qwen3-1P7B-COLDSTART-FRAC25-CODE-KODCODE-CTX8K-S1-BETA01-V1_1783425947,25%,25,beta=0.1,beta01,20,LiveCodeBench extract fail,val-aux/LiveCodeBench/code_reward_extraction_fail/mean@1,0.0390625
ONPOLICY-SFT-Qwen3-1P7B-COLDSTART-FRAC25-CODE-KODCODE-CTX8K-S1-BETA01-V1_1783425947,25%,25,beta=0.1,beta01,20,Rollout correct ratio,wdl_sft/correct_ratio,0.333984375
ONPOLICY-SFT-Qwen3-1P7B-COLDSTART-FRAC25-CODE-KODCODE-CTX8K-S1-BETA01-V1_1783425947,25%,25,beta=0.1,beta01,20,Gradient norm,actor/grad_norm,9.493941307067871
ONPOLICY-SFT-Qwen3-1P7B-COLDSTART-FRAC25-CODE-KODCODE-CTX8K-S1-BETA01-V1_1783425947,25%,25,beta=0.1,beta01,20,Train score mean,critic/score/mean,-0.33203125
ONPOLICY-SFT-Qwen3-1P7B-COLDSTART-FRAC25-CODE-KODCODE-CTX8K-S1-BETA01-V1_1783425947,25%,25,beta=0.1,beta01,20,Response length mean,response_length/mean,146.7734375
ONPOLICY-SFT-Qwen3-1P7B-COLDSTART-FRAC25-CODE-KODCODE-CTX8K-S1-BETA01-V1_1783425947,25%,25,beta=0.1,beta01,20,Time per step,perf/time_per_step,46.79421645309776
ONPOLICY-SFT-Qwen3-1P7B-COLDSTART-FRAC25-CODE-KODCODE-CTX8K-S1-BETA01-V1_1783425947,25%,25,beta=0.1,beta01,21,Rollout correct ratio,wdl_sft/correct_ratio,0.28515625
ONPOLICY-SFT-Qwen3-1P7B-COLDSTART-FRAC25-CODE-KODCODE-CTX8K-S1-BETA01-V1_1783425947,25%,25,beta=0.1,beta01,21,Gradient norm,actor/grad_norm,13.14596176147461
ONPOLICY-SFT-Qwen3-1P7B-COLDSTART-FRAC25-CODE-KODCODE-CTX8K-S1-BETA01-V1_1783425947,25%,25,beta=0.1,beta01,21,Train score mean,critic/score/mean,-0.4296875
ONPOLICY-SFT-Qwen3-1P7B-COLDSTART-FRAC25-CODE-KODCODE-CTX8K-S1-BETA01-V1_1783425947,25%,25,beta=0.1,beta01,21,Response length mean,response_length/mean,174.20703125
ONPOLICY-SFT-Qwen3-1P7B-COLDSTART-FRAC25-CODE-KODCODE-CTX8K-S1-BETA01-V1_1783425947,25%,25,beta=0.1,beta01,21,Time per step,perf/time_per_step,40.994798159226775
ONPOLICY-SFT-Qwen3-1P7B-COLDSTART-FRAC25-CODE-KODCODE-CTX8K-S1-BETA01-V1_1783425947,25%,25,beta=0.1,beta01,22,Rollout correct ratio,wdl_sft/correct_ratio,0.3125
ONPOLICY-SFT-Qwen3-1P7B-COLDSTART-FRAC25-CODE-KODCODE-CTX8K-S1-BETA01-V1_1783425947,25%,25,beta=0.1,beta01,22,Gradient norm,actor/grad_norm,11.173688888549805
ONPOLICY-SFT-Qwen3-1P7B-COLDSTART-FRAC25-CODE-KODCODE-CTX8K-S1-BETA01-V1_1783425947,25%,25,beta=0.1,beta01,22,Train score mean,critic/score/mean,-0.375
ONPOLICY-SFT-Qwen3-1P7B-COLDSTART-FRAC25-CODE-KODCODE-CTX8K-S1-BETA01-V1_1783425947,25%,25,beta=0.1,beta01,22,Response length mean,response_length/mean,161.4140625
ONPOLICY-SFT-Qwen3-1P7B-COLDSTART-FRAC25-CODE-KODCODE-CTX8K-S1-BETA01-V1_1783425947,25%,25,beta=0.1,beta01,22,Time per step,perf/time_per_step,43.82351189292967
ONPOLICY-SFT-Qwen3-1P7B-COLDSTART-FRAC25-CODE-KODCODE-CTX8K-S1-BETA01-V1_1783425947,25%,25,beta=0.1,beta01,23,Rollout correct ratio,wdl_sft/correct_ratio,0.259765625
ONPOLICY-SFT-Qwen3-1P7B-COLDSTART-FRAC25-CODE-KODCODE-CTX8K-S1-BETA01-V1_1783425947,25%,25,beta=0.1,beta01,23,Gradient norm,actor/grad_norm,11.82065486907959
ONPOLICY-SFT-Qwen3-1P7B-COLDSTART-FRAC25-CODE-KODCODE-CTX8K-S1-BETA01-V1_1783425947,25%,25,beta=0.1,beta01,23,Train score mean,critic/score/mean,-0.48046875
ONPOLICY-SFT-Qwen3-1P7B-COLDSTART-FRAC25-CODE-KODCODE-CTX8K-S1-BETA01-V1_1783425947,25%,25,beta=0.1,beta01,23,Response length mean,response_length/mean,163.85546875
ONPOLICY-SFT-Qwen3-1P7B-COLDSTART-FRAC25-CODE-KODCODE-CTX8K-S1-BETA01-V1_1783425947,25%,25,beta=0.1,beta01,23,Time per step,perf/time_per_step,42.33112020790577
ONPOLICY-SFT-Qwen3-1P7B-COLDSTART-FRAC25-CODE-KODCODE-CTX8K-S1-BETA01-V1_1783425947,25%,25,beta=0.1,beta01,24,Rollout correct ratio,wdl_sft/correct_ratio,0.310546875
ONPOLICY-SFT-Qwen3-1P7B-COLDSTART-FRAC25-CODE-KODCODE-CTX8K-S1-BETA01-V1_1783425947,25%,25,beta=0.1,beta01,24,Gradient norm,actor/grad_norm,10.198854446411133
ONPOLICY-SFT-Qwen3-1P7B-COLDSTART-FRAC25-CODE-KODCODE-CTX8K-S1-BETA01-V1_1783425947,25%,25,beta=0.1,beta01,24,Train score mean,critic/score/mean,-0.37890625
ONPOLICY-SFT-Qwen3-1P7B-COLDSTART-FRAC25-CODE-KODCODE-CTX8K-S1-BETA01-V1_1783425947,25%,25,beta=0.1,beta01,24,Response length mean,response_length/mean,172.01953125
ONPOLICY-SFT-Qwen3-1P7B-COLDSTART-FRAC25-CODE-KODCODE-CTX8K-S1-BETA01-V1_1783425947,25%,25,beta=0.1,beta01,24,Time per step,perf/time_per_step,42.53611144423485
ONPOLICY-SFT-Qwen3-1P7B-COLDSTART-FRAC25-CODE-KODCODE-CTX8K-S1-BETA01-V1_1783425947,25%,25,beta=0.1,beta01,25,HumanEval+ pass@1,val-core/HumanEval+/acc/pass@1,0.49390243902439024
ONPOLICY-SFT-Qwen3-1P7B-COLDSTART-FRAC25-CODE-KODCODE-CTX8K-S1-BETA01-V1_1783425947,25%,25,beta=0.1,beta01,25,MBPP+ pass@1,val-core/MBPP+/acc/pass@1,0.47883597883597884
ONPOLICY-SFT-Qwen3-1P7B-COLDSTART-FRAC25-CODE-KODCODE-CTX8K-S1-BETA01-V1_1783425947,25%,25,beta=0.1,beta01,25,LiveCodeBench pass@1,val-core/LiveCodeBench/acc/pass@1,0.2109375
ONPOLICY-SFT-Qwen3-1P7B-COLDSTART-FRAC25-CODE-KODCODE-CTX8K-S1-BETA01-V1_1783425947,25%,25,beta=0.1,beta01,25,HumanEval+ extract fail,val-aux/HumanEval+/code_reward_extraction_fail/mean@1,0.006097560975609756
ONPOLICY-SFT-Qwen3-1P7B-COLDSTART-FRAC25-CODE-KODCODE-CTX8K-S1-BETA01-V1_1783425947,25%,25,beta=0.1,beta01,25,MBPP+ extract fail,val-aux/MBPP+/code_reward_extraction_fail/mean@1,0.0026455026455026454
ONPOLICY-SFT-Qwen3-1P7B-COLDSTART-FRAC25-CODE-KODCODE-CTX8K-S1-BETA01-V1_1783425947,25%,25,beta=0.1,beta01,25,LiveCodeBench extract fail,val-aux/LiveCodeBench/code_reward_extraction_fail/mean@1,0.015625
ONPOLICY-SFT-Qwen3-1P7B-COLDSTART-FRAC25-CODE-KODCODE-CTX8K-S1-BETA01-V1_1783425947,25%,25,beta=0.1,beta01,25,Rollout correct ratio,wdl_sft/correct_ratio,0.255859375
ONPOLICY-SFT-Qwen3-1P7B-COLDSTART-FRAC25-CODE-KODCODE-CTX8K-S1-BETA01-V1_1783425947,25%,25,beta=0.1,beta01,25,Gradient norm,actor/grad_norm,12.51679801940918
ONPOLICY-SFT-Qwen3-1P7B-COLDSTART-FRAC25-CODE-KODCODE-CTX8K-S1-BETA01-V1_1783425947,25%,25,beta=0.1,beta01,25,Train score mean,critic/score/mean,-0.48828125
ONPOLICY-SFT-Qwen3-1P7B-COLDSTART-FRAC25-CODE-KODCODE-CTX8K-S1-BETA01-V1_1783425947,25%,25,beta=0.1,beta01,25,Response length mean,response_length/mean,175.943359375
ONPOLICY-SFT-Qwen3-1P7B-COLDSTART-FRAC25-CODE-KODCODE-CTX8K-S1-BETA01-V1_1783425947,25%,25,beta=0.1,beta01,25,Time per step,perf/time_per_step,48.35205436125398
ONPOLICY-SFT-Qwen3-1P7B-COLDSTART-FRAC25-CODE-KODCODE-CTX8K-S1-BETA01-V1_1783425947,25%,25,beta=0.1,beta01,26,Rollout correct ratio,wdl_sft/correct_ratio,0.31640625
ONPOLICY-SFT-Qwen3-1P7B-COLDSTART-FRAC25-CODE-KODCODE-CTX8K-S1-BETA01-V1_1783425947,25%,25,beta=0.1,beta01,26,Gradient norm,actor/grad_norm,10.790647506713867
ONPOLICY-SFT-Qwen3-1P7B-COLDSTART-FRAC25-CODE-KODCODE-CTX8K-S1-BETA01-V1_1783425947,25%,25,beta=0.1,beta01,26,Train score mean,critic/score/mean,-0.3671875
ONPOLICY-SFT-Qwen3-1P7B-COLDSTART-FRAC25-CODE-KODCODE-CTX8K-S1-BETA01-V1_1783425947,25%,25,beta=0.1,beta01,26,Response length mean,response_length/mean,167.591796875
ONPOLICY-SFT-Qwen3-1P7B-COLDSTART-FRAC25-CODE-KODCODE-CTX8K-S1-BETA01-V1_1783425947,25%,25,beta=0.1,beta01,26,Time per step,perf/time_per_step,43.711720746941864
ONPOLICY-SFT-Qwen3-1P7B-COLDSTART-FRAC25-CODE-KODCODE-CTX8K-S1-BETA01-V1_1783425947,25%,25,beta=0.1,beta01,27,Rollout correct ratio,wdl_sft/correct_ratio,0.34765625
ONPOLICY-SFT-Qwen3-1P7B-COLDSTART-FRAC25-CODE-KODCODE-CTX8K-S1-BETA01-V1_1783425947,25%,25,beta=0.1,beta01,27,Gradient norm,actor/grad_norm,10.181723594665527
ONPOLICY-SFT-Qwen3-1P7B-COLDSTART-FRAC25-CODE-KODCODE-CTX8K-S1-BETA01-V1_1783425947,25%,25,beta=0.1,beta01,27,Train score mean,critic/score/mean,-0.3046875
ONPOLICY-SFT-Qwen3-1P7B-COLDSTART-FRAC25-CODE-KODCODE-CTX8K-S1-BETA01-V1_1783425947,25%,25,beta=0.1,beta01,27,Response length mean,response_length/mean,165.98828125
ONPOLICY-SFT-Qwen3-1P7B-COLDSTART-FRAC25-CODE-KODCODE-CTX8K-S1-BETA01-V1_1783425947,25%,25,beta=0.1,beta01,27,Time per step,perf/time_per_step,43.44479756243527
ONPOLICY-SFT-Qwen3-1P7B-COLDSTART-FRAC25-CODE-KODCODE-CTX8K-S1-BETA01-V1_1783425947,25%,25,beta=0.1,beta01,28,Rollout correct ratio,wdl_sft/correct_ratio,0.2578125
ONPOLICY-SFT-Qwen3-1P7B-COLDSTART-FRAC25-CODE-KODCODE-CTX8K-S1-BETA01-V1_1783425947,25%,25,beta=0.1,beta01,28,Gradient norm,actor/grad_norm,12.685029983520508
ONPOLICY-SFT-Qwen3-1P7B-COLDSTART-FRAC25-CODE-KODCODE-CTX8K-S1-BETA01-V1_1783425947,25%,25,beta=0.1,beta01,28,Train score mean,critic/score/mean,-0.484375
ONPOLICY-SFT-Qwen3-1P7B-COLDSTART-FRAC25-CODE-KODCODE-CTX8K-S1-BETA01-V1_1783425947,25%,25,beta=0.1,beta01,28,Response length mean,response_length/mean,175.88671875
ONPOLICY-SFT-Qwen3-1P7B-COLDSTART-FRAC25-CODE-KODCODE-CTX8K-S1-BETA01-V1_1783425947,25%,25,beta=0.1,beta01,28,Time per step,perf/time_per_step,41.78797040320933
ONPOLICY-SFT-Qwen3-1P7B-COLDSTART-FRAC25-CODE-KODCODE-CTX8K-S1-BETA01-V1_1783425947,25%,25,beta=0.1,beta01,29,Rollout correct ratio,wdl_sft/correct_ratio,0.3125
ONPOLICY-SFT-Qwen3-1P7B-COLDSTART-FRAC25-CODE-KODCODE-CTX8K-S1-BETA01-V1_1783425947,25%,25,beta=0.1,beta01,29,Gradient norm,actor/grad_norm,11.870233535766602
ONPOLICY-SFT-Qwen3-1P7B-COLDSTART-FRAC25-CODE-KODCODE-CTX8K-S1-BETA01-V1_1783425947,25%,25,beta=0.1,beta01,29,Train score mean,critic/score/mean,-0.375
ONPOLICY-SFT-Qwen3-1P7B-COLDSTART-FRAC25-CODE-KODCODE-CTX8K-S1-BETA01-V1_1783425947,25%,25,beta=0.1,beta01,29,Response length mean,response_length/mean,167.53125
ONPOLICY-SFT-Qwen3-1P7B-COLDSTART-FRAC25-CODE-KODCODE-CTX8K-S1-BETA01-V1_1783425947,25%,25,beta=0.1,beta01,29,Time per step,perf/time_per_step,41.47138974349946
ONPOLICY-SFT-Qwen3-1P7B-COLDSTART-FRAC25-CODE-KODCODE-CTX8K-S1-BETA01-V1_1783425947,25%,25,beta=0.1,beta01,30,HumanEval+ pass@1,val-core/HumanEval+/acc/pass@1,0.4695121951219512
ONPOLICY-SFT-Qwen3-1P7B-COLDSTART-FRAC25-CODE-KODCODE-CTX8K-S1-BETA01-V1_1783425947,25%,25,beta=0.1,beta01,30,MBPP+ pass@1,val-core/MBPP+/acc/pass@1,0.48412698412698413
ONPOLICY-SFT-Qwen3-1P7B-COLDSTART-FRAC25-CODE-KODCODE-CTX8K-S1-BETA01-V1_1783425947,25%,25,beta=0.1,beta01,30,LiveCodeBench pass@1,val-core/LiveCodeBench/acc/pass@1,0.203125
ONPOLICY-SFT-Qwen3-1P7B-COLDSTART-FRAC25-CODE-KODCODE-CTX8K-S1-BETA01-V1_1783425947,25%,25,beta=0.1,beta01,30,HumanEval+ extract fail,val-aux/HumanEval+/code_reward_extraction_fail/mean@1,0.0
ONPOLICY-SFT-Qwen3-1P7B-COLDSTART-FRAC25-CODE-KODCODE-CTX8K-S1-BETA01-V1_1783425947,25%,25,beta=0.1,beta01,30,MBPP+ extract fail,val-aux/MBPP+/code_reward_extraction_fail/mean@1,0.005291005291005291
ONPOLICY-SFT-Qwen3-1P7B-COLDSTART-FRAC25-CODE-KODCODE-CTX8K-S1-BETA01-V1_1783425947,25%,25,beta=0.1,beta01,30,LiveCodeBench extract fail,val-aux/LiveCodeBench/code_reward_extraction_fail/mean@1,0.0234375
ONPOLICY-SFT-Qwen3-1P7B-COLDSTART-FRAC25-CODE-KODCODE-CTX8K-S1-BETA01-V1_1783425947,25%,25,beta=0.1,beta01,30,Rollout correct ratio,wdl_sft/correct_ratio,0.310546875
ONPOLICY-SFT-Qwen3-1P7B-COLDSTART-FRAC25-CODE-KODCODE-CTX8K-S1-BETA01-V1_1783425947,25%,25,beta=0.1,beta01,30,Gradient norm,actor/grad_norm,11.91072940826416
ONPOLICY-SFT-Qwen3-1P7B-COLDSTART-FRAC25-CODE-KODCODE-CTX8K-S1-BETA01-V1_1783425947,25%,25,beta=0.1,beta01,30,Train score mean,critic/score/mean,-0.37890625
ONPOLICY-SFT-Qwen3-1P7B-COLDSTART-FRAC25-CODE-KODCODE-CTX8K-S1-BETA01-V1_1783425947,25%,25,beta=0.1,beta01,30,Response length mean,response_length/mean,173.4140625
ONPOLICY-SFT-Qwen3-1P7B-COLDSTART-FRAC25-CODE-KODCODE-CTX8K-S1-BETA01-V1_1783425947,25%,25,beta=0.1,beta01,30,Time per step,perf/time_per_step,47.12345316167921
ONPOLICY-SFT-Qwen3-1P7B-COLDSTART-FRAC25-CODE-KODCODE-CTX8K-S1-BETA01-V1_1783425947,25%,25,beta=0.1,beta01,31,Rollout correct ratio,wdl_sft/correct_ratio,0.341796875
ONPOLICY-SFT-Qwen3-1P7B-COLDSTART-FRAC25-CODE-KODCODE-CTX8K-S1-BETA01-V1_1783425947,25%,25,beta=0.1,beta01,31,Gradient norm,actor/grad_norm,11.103982925415039
ONPOLICY-SFT-Qwen3-1P7B-COLDSTART-FRAC25-CODE-KODCODE-CTX8K-S1-BETA01-V1_1783425947,25%,25,beta=0.1,beta01,31,Train score mean,critic/score/mean,-0.31640625
ONPOLICY-SFT-Qwen3-1P7B-COLDSTART-FRAC25-CODE-KODCODE-CTX8K-S1-BETA01-V1_1783425947,25%,25,beta=0.1,beta01,31,Response length mean,response_length/mean,159.685546875
ONPOLICY-SFT-Qwen3-1P7B-COLDSTART-FRAC25-CODE-KODCODE-CTX8K-S1-BETA01-V1_1783425947,25%,25,beta=0.1,beta01,31,Time per step,perf/time_per_step,42.49342647660524
ONPOLICY-SFT-Qwen3-1P7B-COLDSTART-FRAC25-CODE-KODCODE-CTX8K-S1-BETA01-V1_1783425947,25%,25,beta=0.1,beta01,32,Rollout correct ratio,wdl_sft/correct_ratio,0.306640625
ONPOLICY-SFT-Qwen3-1P7B-COLDSTART-FRAC25-CODE-KODCODE-CTX8K-S1-BETA01-V1_1783425947,25%,25,beta=0.1,beta01,32,Gradient norm,actor/grad_norm,11.34267807006836
ONPOLICY-SFT-Qwen3-1P7B-COLDSTART-FRAC25-CODE-KODCODE-CTX8K-S1-BETA01-V1_1783425947,25%,25,beta=0.1,beta01,32,Train score mean,critic/score/mean,-0.38671875
ONPOLICY-SFT-Qwen3-1P7B-COLDSTART-FRAC25-CODE-KODCODE-CTX8K-S1-BETA01-V1_1783425947,25%,25,beta=0.1,beta01,32,Response length mean,response_length/mean,158.095703125
ONPOLICY-SFT-Qwen3-1P7B-COLDSTART-FRAC25-CODE-KODCODE-CTX8K-S1-BETA01-V1_1783425947,25%,25,beta=0.1,beta01,32,Time per step,perf/time_per_step,44.85541561525315
ONPOLICY-SFT-Qwen3-1P7B-COLDSTART-FRAC25-CODE-KODCODE-CTX8K-S1-BETA01-V1_1783425947,25%,25,beta=0.1,beta01,33,Rollout correct ratio,wdl_sft/correct_ratio,0.345703125
ONPOLICY-SFT-Qwen3-1P7B-COLDSTART-FRAC25-CODE-KODCODE-CTX8K-S1-BETA01-V1_1783425947,25%,25,beta=0.1,beta01,33,Gradient norm,actor/grad_norm,12.735383987426758
ONPOLICY-SFT-Qwen3-1P7B-COLDSTART-FRAC25-CODE-KODCODE-CTX8K-S1-BETA01-V1_1783425947,25%,25,beta=0.1,beta01,33,Train score mean,critic/score/mean,-0.30859375
ONPOLICY-SFT-Qwen3-1P7B-COLDSTART-FRAC25-CODE-KODCODE-CTX8K-S1-BETA01-V1_1783425947,25%,25,beta=0.1,beta01,33,Response length mean,response_length/mean,162.30859375
ONPOLICY-SFT-Qwen3-1P7B-COLDSTART-FRAC25-CODE-KODCODE-CTX8K-S1-BETA01-V1_1783425947,25%,25,beta=0.1,beta01,33,Time per step,perf/time_per_step,15.218564378097653
ONPOLICY-SFT-Qwen3-1P7B-COLDSTART-FRAC25-CODE-KODCODE-CTX8K-S1-BETA01-V1_1783425947,25%,25,beta=0.1,beta01,34,Rollout correct ratio,wdl_sft/correct_ratio,0.3046875
ONPOLICY-SFT-Qwen3-1P7B-COLDSTART-FRAC25-CODE-KODCODE-CTX8K-S1-BETA01-V1_1783425947,25%,25,beta=0.1,beta01,34,Gradient norm,actor/grad_norm,11.409042358398438
ONPOLICY-SFT-Qwen3-1P7B-COLDSTART-FRAC25-CODE-KODCODE-CTX8K-S1-BETA01-V1_1783425947,25%,25,beta=0.1,beta01,34,Train score mean,critic/score/mean,-0.390625
ONPOLICY-SFT-Qwen3-1P7B-COLDSTART-FRAC25-CODE-KODCODE-CTX8K-S1-BETA01-V1_1783425947,25%,25,beta=0.1,beta01,34,Response length mean,response_length/mean,163.919921875
ONPOLICY-SFT-Qwen3-1P7B-COLDSTART-FRAC25-CODE-KODCODE-CTX8K-S1-BETA01-V1_1783425947,25%,25,beta=0.1,beta01,34,Time per step,perf/time_per_step,41.28870059084147
ONPOLICY-SFT-Qwen3-1P7B-COLDSTART-FRAC25-CODE-KODCODE-CTX8K-S1-BETA01-V1_1783425947,25%,25,beta=0.1,beta01,35,HumanEval+ pass@1,val-core/HumanEval+/acc/pass@1,0.4878048780487805
ONPOLICY-SFT-Qwen3-1P7B-COLDSTART-FRAC25-CODE-KODCODE-CTX8K-S1-BETA01-V1_1783425947,25%,25,beta=0.1,beta01,35,MBPP+ pass@1,val-core/MBPP+/acc/pass@1,0.4708994708994709
ONPOLICY-SFT-Qwen3-1P7B-COLDSTART-FRAC25-CODE-KODCODE-CTX8K-S1-BETA01-V1_1783425947,25%,25,beta=0.1,beta01,35,LiveCodeBench pass@1,val-core/LiveCodeBench/acc/pass@1,0.2109375
ONPOLICY-SFT-Qwen3-1P7B-COLDSTART-FRAC25-CODE-KODCODE-CTX8K-S1-BETA01-V1_1783425947,25%,25,beta=0.1,beta01,35,HumanEval+ extract fail,val-aux/HumanEval+/code_reward_extraction_fail/mean@1,0.006097560975609756
ONPOLICY-SFT-Qwen3-1P7B-COLDSTART-FRAC25-CODE-KODCODE-CTX8K-S1-BETA01-V1_1783425947,25%,25,beta=0.1,beta01,35,MBPP+ extract fail,val-aux/MBPP+/code_reward_extraction_fail/mean@1,0.007936507936507936
ONPOLICY-SFT-Qwen3-1P7B-COLDSTART-FRAC25-CODE-KODCODE-CTX8K-S1-BETA01-V1_1783425947,25%,25,beta=0.1,beta01,35,LiveCodeBench extract fail,val-aux/LiveCodeBench/code_reward_extraction_fail/mean@1,0.03125
ONPOLICY-SFT-Qwen3-1P7B-COLDSTART-FRAC25-CODE-KODCODE-CTX8K-S1-BETA01-V1_1783425947,25%,25,beta=0.1,beta01,35,Rollout correct ratio,wdl_sft/correct_ratio,0.384765625
ONPOLICY-SFT-Qwen3-1P7B-COLDSTART-FRAC25-CODE-KODCODE-CTX8K-S1-BETA01-V1_1783425947,25%,25,beta=0.1,beta01,35,Gradient norm,actor/grad_norm,9.783659934997559
ONPOLICY-SFT-Qwen3-1P7B-COLDSTART-FRAC25-CODE-KODCODE-CTX8K-S1-BETA01-V1_1783425947,25%,25,beta=0.1,beta01,35,Train score mean,critic/score/mean,-0.23046875
ONPOLICY-SFT-Qwen3-1P7B-COLDSTART-FRAC25-CODE-KODCODE-CTX8K-S1-BETA01-V1_1783425947,25%,25,beta=0.1,beta01,35,Response length mean,response_length/mean,165.349609375
ONPOLICY-SFT-Qwen3-1P7B-COLDSTART-FRAC25-CODE-KODCODE-CTX8K-S1-BETA01-V1_1783425947,25%,25,beta=0.1,beta01,35,Time per step,perf/time_per_step,46.647032380104065
ONPOLICY-SFT-Qwen3-1P7B-COLDSTART-FRAC25-CODE-KODCODE-CTX8K-S1-BETA01-V1_1783425947,25%,25,beta=0.1,beta01,36,Rollout correct ratio,wdl_sft/correct_ratio,0.328125
ONPOLICY-SFT-Qwen3-1P7B-COLDSTART-FRAC25-CODE-KODCODE-CTX8K-S1-BETA01-V1_1783425947,25%,25,beta=0.1,beta01,36,Gradient norm,actor/grad_norm,11.858538627624512
ONPOLICY-SFT-Qwen3-1P7B-COLDSTART-FRAC25-CODE-KODCODE-CTX8K-S1-BETA01-V1_1783425947,25%,25,beta=0.1,beta01,36,Train score mean,critic/score/mean,-0.34375
ONPOLICY-SFT-Qwen3-1P7B-COLDSTART-FRAC25-CODE-KODCODE-CTX8K-S1-BETA01-V1_1783425947,25%,25,beta=0.1,beta01,36,Response length mean,response_length/mean,187.7578125
ONPOLICY-SFT-Qwen3-1P7B-COLDSTART-FRAC25-CODE-KODCODE-CTX8K-S1-BETA01-V1_1783425947,25%,25,beta=0.1,beta01,36,Time per step,perf/time_per_step,59.45221962686628
ONPOLICY-SFT-Qwen3-1P7B-COLDSTART-FRAC25-CODE-KODCODE-CTX8K-S1-BETA01-V1_1783425947,25%,25,beta=0.1,beta01,37,Rollout correct ratio,wdl_sft/correct_ratio,0.43359375
ONPOLICY-SFT-Qwen3-1P7B-COLDSTART-FRAC25-CODE-KODCODE-CTX8K-S1-BETA01-V1_1783425947,25%,25,beta=0.1,beta01,37,Gradient norm,actor/grad_norm,9.69017219543457
ONPOLICY-SFT-Qwen3-1P7B-COLDSTART-FRAC25-CODE-KODCODE-CTX8K-S1-BETA01-V1_1783425947,25%,25,beta=0.1,beta01,37,Train score mean,critic/score/mean,-0.1328125
ONPOLICY-SFT-Qwen3-1P7B-COLDSTART-FRAC25-CODE-KODCODE-CTX8K-S1-BETA01-V1_1783425947,25%,25,beta=0.1,beta01,37,Response length mean,response_length/mean,152.2265625
ONPOLICY-SFT-Qwen3-1P7B-COLDSTART-FRAC25-CODE-KODCODE-CTX8K-S1-BETA01-V1_1783425947,25%,25,beta=0.1,beta01,37,Time per step,perf/time_per_step,40.72647688537836
ONPOLICY-SFT-Qwen3-1P7B-COLDSTART-FRAC25-CODE-KODCODE-CTX8K-S1-BETA01-V1_1783425947,25%,25,beta=0.1,beta01,38,Rollout correct ratio,wdl_sft/correct_ratio,0.33203125
ONPOLICY-SFT-Qwen3-1P7B-COLDSTART-FRAC25-CODE-KODCODE-CTX8K-S1-BETA01-V1_1783425947,25%,25,beta=0.1,beta01,38,Gradient norm,actor/grad_norm,11.979743003845215
ONPOLICY-SFT-Qwen3-1P7B-COLDSTART-FRAC25-CODE-KODCODE-CTX8K-S1-BETA01-V1_1783425947,25%,25,beta=0.1,beta01,38,Train score mean,critic/score/mean,-0.3359375
ONPOLICY-SFT-Qwen3-1P7B-COLDSTART-FRAC25-CODE-KODCODE-CTX8K-S1-BETA01-V1_1783425947,25%,25,beta=0.1,beta01,38,Response length mean,response_length/mean,164.25
ONPOLICY-SFT-Qwen3-1P7B-COLDSTART-FRAC25-CODE-KODCODE-CTX8K-S1-BETA01-V1_1783425947,25%,25,beta=0.1,beta01,38,Time per step,perf/time_per_step,42.254894349724054
ONPOLICY-SFT-Qwen3-1P7B-COLDSTART-FRAC25-CODE-KODCODE-CTX8K-S1-BETA01-V1_1783425947,25%,25,beta=0.1,beta01,39,Rollout correct ratio,wdl_sft/correct_ratio,0.43359375
ONPOLICY-SFT-Qwen3-1P7B-COLDSTART-FRAC25-CODE-KODCODE-CTX8K-S1-BETA01-V1_1783425947,25%,25,beta=0.1,beta01,39,Gradient norm,actor/grad_norm,9.287395477294922
ONPOLICY-SFT-Qwen3-1P7B-COLDSTART-FRAC25-CODE-KODCODE-CTX8K-S1-BETA01-V1_1783425947,25%,25,beta=0.1,beta01,39,Train score mean,critic/score/mean,-0.1328125
ONPOLICY-SFT-Qwen3-1P7B-COLDSTART-FRAC25-CODE-KODCODE-CTX8K-S1-BETA01-V1_1783425947,25%,25,beta=0.1,beta01,39,Response length mean,response_length/mean,169.515625
ONPOLICY-SFT-Qwen3-1P7B-COLDSTART-FRAC25-CODE-KODCODE-CTX8K-S1-BETA01-V1_1783425947,25%,25,beta=0.1,beta01,39,Time per step,perf/time_per_step,57.963068870827556
ONPOLICY-SFT-Qwen3-1P7B-COLDSTART-FRAC25-CODE-KODCODE-CTX8K-S1-BETA01-V1_1783425947,25%,25,beta=0.1,beta01,40,HumanEval+ pass@1,val-core/HumanEval+/acc/pass@1,0.47560975609756095
ONPOLICY-SFT-Qwen3-1P7B-COLDSTART-FRAC25-CODE-KODCODE-CTX8K-S1-BETA01-V1_1783425947,25%,25,beta=0.1,beta01,40,MBPP+ pass@1,val-core/MBPP+/acc/pass@1,0.47354497354497355
ONPOLICY-SFT-Qwen3-1P7B-COLDSTART-FRAC25-CODE-KODCODE-CTX8K-S1-BETA01-V1_1783425947,25%,25,beta=0.1,beta01,40,LiveCodeBench pass@1,val-core/LiveCodeBench/acc/pass@1,0.203125
ONPOLICY-SFT-Qwen3-1P7B-COLDSTART-FRAC25-CODE-KODCODE-CTX8K-S1-BETA01-V1_1783425947,25%,25,beta=0.1,beta01,40,HumanEval+ extract fail,val-aux/HumanEval+/code_reward_extraction_fail/mean@1,0.006097560975609756
ONPOLICY-SFT-Qwen3-1P7B-COLDSTART-FRAC25-CODE-KODCODE-CTX8K-S1-BETA01-V1_1783425947,25%,25,beta=0.1,beta01,40,MBPP+ extract fail,val-aux/MBPP+/code_reward_extraction_fail/mean@1,0.010582010582010581
ONPOLICY-SFT-Qwen3-1P7B-COLDSTART-FRAC25-CODE-KODCODE-CTX8K-S1-BETA01-V1_1783425947,25%,25,beta=0.1,beta01,40,LiveCodeBench extract fail,val-aux/LiveCodeBench/code_reward_extraction_fail/mean@1,0.015625
ONPOLICY-SFT-Qwen3-1P7B-COLDSTART-FRAC25-CODE-KODCODE-CTX8K-S1-BETA01-V1_1783425947,25%,25,beta=0.1,beta01,40,Rollout correct ratio,wdl_sft/correct_ratio,0.265625
ONPOLICY-SFT-Qwen3-1P7B-COLDSTART-FRAC25-CODE-KODCODE-CTX8K-S1-BETA01-V1_1783425947,25%,25,beta=0.1,beta01,40,Gradient norm,actor/grad_norm,13.1064453125
ONPOLICY-SFT-Qwen3-1P7B-COLDSTART-FRAC25-CODE-KODCODE-CTX8K-S1-BETA01-V1_1783425947,25%,25,beta=0.1,beta01,40,Train score mean,critic/score/mean,-0.46875
ONPOLICY-SFT-Qwen3-1P7B-COLDSTART-FRAC25-CODE-KODCODE-CTX8K-S1-BETA01-V1_1783425947,25%,25,beta=0.1,beta01,40,Response length mean,response_length/mean,167.912109375
ONPOLICY-SFT-Qwen3-1P7B-COLDSTART-FRAC25-CODE-KODCODE-CTX8K-S1-BETA01-V1_1783425947,25%,25,beta=0.1,beta01,40,Time per step,perf/time_per_step,47.55907406285405
ONPOLICY-SFT-Qwen3-1P7B-COLDSTART-FRAC25-CODE-KODCODE-CTX8K-S1-BETA01-V1_1783425947,25%,25,beta=0.1,beta01,41,Rollout correct ratio,wdl_sft/correct_ratio,0.333984375
ONPOLICY-SFT-Qwen3-1P7B-COLDSTART-FRAC25-CODE-KODCODE-CTX8K-S1-BETA01-V1_1783425947,25%,25,beta=0.1,beta01,41,Gradient norm,actor/grad_norm,11.217171669006348
ONPOLICY-SFT-Qwen3-1P7B-COLDSTART-FRAC25-CODE-KODCODE-CTX8K-S1-BETA01-V1_1783425947,25%,25,beta=0.1,beta01,41,Train score mean,critic/score/mean,-0.33203125
ONPOLICY-SFT-Qwen3-1P7B-COLDSTART-FRAC25-CODE-KODCODE-CTX8K-S1-BETA01-V1_1783425947,25%,25,beta=0.1,beta01,41,Response length mean,response_length/mean,175.650390625
ONPOLICY-SFT-Qwen3-1P7B-COLDSTART-FRAC25-CODE-KODCODE-CTX8K-S1-BETA01-V1_1783425947,25%,25,beta=0.1,beta01,41,Time per step,perf/time_per_step,45.60729627776891
ONPOLICY-SFT-Qwen3-1P7B-COLDSTART-FRAC25-CODE-KODCODE-CTX8K-S1-BETA01-V1_1783425947,25%,25,beta=0.1,beta01,42,Rollout correct ratio,wdl_sft/correct_ratio,0.365234375
ONPOLICY-SFT-Qwen3-1P7B-COLDSTART-FRAC25-CODE-KODCODE-CTX8K-S1-BETA01-V1_1783425947,25%,25,beta=0.1,beta01,42,Gradient norm,actor/grad_norm,9.889925003051758
ONPOLICY-SFT-Qwen3-1P7B-COLDSTART-FRAC25-CODE-KODCODE-CTX8K-S1-BETA01-V1_1783425947,25%,25,beta=0.1,beta01,42,Train score mean,critic/score/mean,-0.26953125
ONPOLICY-SFT-Qwen3-1P7B-COLDSTART-FRAC25-CODE-KODCODE-CTX8K-S1-BETA01-V1_1783425947,25%,25,beta=0.1,beta01,42,Response length mean,response_length/mean,171.3671875
ONPOLICY-SFT-Qwen3-1P7B-COLDSTART-FRAC25-CODE-KODCODE-CTX8K-S1-BETA01-V1_1783425947,25%,25,beta=0.1,beta01,42,Time per step,perf/time_per_step,42.61625985335559
ONPOLICY-SFT-Qwen3-1P7B-COLDSTART-FRAC25-CODE-KODCODE-CTX8K-S1-BETA01-V1_1783425947,25%,25,beta=0.1,beta01,43,Rollout correct ratio,wdl_sft/correct_ratio,0.244140625
ONPOLICY-SFT-Qwen3-1P7B-COLDSTART-FRAC25-CODE-KODCODE-CTX8K-S1-BETA01-V1_1783425947,25%,25,beta=0.1,beta01,43,Gradient norm,actor/grad_norm,13.2977294921875
ONPOLICY-SFT-Qwen3-1P7B-COLDSTART-FRAC25-CODE-KODCODE-CTX8K-S1-BETA01-V1_1783425947,25%,25,beta=0.1,beta01,43,Train score mean,critic/score/mean,-0.51171875
ONPOLICY-SFT-Qwen3-1P7B-COLDSTART-FRAC25-CODE-KODCODE-CTX8K-S1-BETA01-V1_1783425947,25%,25,beta=0.1,beta01,43,Response length mean,response_length/mean,171.033203125
ONPOLICY-SFT-Qwen3-1P7B-COLDSTART-FRAC25-CODE-KODCODE-CTX8K-S1-BETA01-V1_1783425947,25%,25,beta=0.1,beta01,43,Time per step,perf/time_per_step,43.94091538526118
ONPOLICY-SFT-Qwen3-1P7B-COLDSTART-FRAC25-CODE-KODCODE-CTX8K-S1-BETA01-V1_1783425947,25%,25,beta=0.1,beta01,44,Rollout correct ratio,wdl_sft/correct_ratio,0.37890625
ONPOLICY-SFT-Qwen3-1P7B-COLDSTART-FRAC25-CODE-KODCODE-CTX8K-S1-BETA01-V1_1783425947,25%,25,beta=0.1,beta01,44,Gradient norm,actor/grad_norm,9.867297172546387
ONPOLICY-SFT-Qwen3-1P7B-COLDSTART-FRAC25-CODE-KODCODE-CTX8K-S1-BETA01-V1_1783425947,25%,25,beta=0.1,beta01,44,Train score mean,critic/score/mean,-0.2421875
ONPOLICY-SFT-Qwen3-1P7B-COLDSTART-FRAC25-CODE-KODCODE-CTX8K-S1-BETA01-V1_1783425947,25%,25,beta=0.1,beta01,44,Response length mean,response_length/mean,163.59375
ONPOLICY-SFT-Qwen3-1P7B-COLDSTART-FRAC25-CODE-KODCODE-CTX8K-S1-BETA01-V1_1783425947,25%,25,beta=0.1,beta01,44,Time per step,perf/time_per_step,43.329698791727424
ONPOLICY-SFT-Qwen3-1P7B-COLDSTART-FRAC25-CODE-KODCODE-CTX8K-S1-BETA01-V1_1783425947,25%,25,beta=0.1,beta01,45,HumanEval+ pass@1,val-core/HumanEval+/acc/pass@1,0.45121951219512196
ONPOLICY-SFT-Qwen3-1P7B-COLDSTART-FRAC25-CODE-KODCODE-CTX8K-S1-BETA01-V1_1783425947,25%,25,beta=0.1,beta01,45,MBPP+ pass@1,val-core/MBPP+/acc/pass@1,0.48148148148148145
ONPOLICY-SFT-Qwen3-1P7B-COLDSTART-FRAC25-CODE-KODCODE-CTX8K-S1-BETA01-V1_1783425947,25%,25,beta=0.1,beta01,45,LiveCodeBench pass@1,val-core/LiveCodeBench/acc/pass@1,0.2109375
ONPOLICY-SFT-Qwen3-1P7B-COLDSTART-FRAC25-CODE-KODCODE-CTX8K-S1-BETA01-V1_1783425947,25%,25,beta=0.1,beta01,45,HumanEval+ extract fail,val-aux/HumanEval+/code_reward_extraction_fail/mean@1,0.012195121951219513
ONPOLICY-SFT-Qwen3-1P7B-COLDSTART-FRAC25-CODE-KODCODE-CTX8K-S1-BETA01-V1_1783425947,25%,25,beta=0.1,beta01,45,MBPP+ extract fail,val-aux/MBPP+/code_reward_extraction_fail/mean@1,0.007936507936507936
ONPOLICY-SFT-Qwen3-1P7B-COLDSTART-FRAC25-CODE-KODCODE-CTX8K-S1-BETA01-V1_1783425947,25%,25,beta=0.1,beta01,45,LiveCodeBench extract fail,val-aux/LiveCodeBench/code_reward_extraction_fail/mean@1,0.0078125
ONPOLICY-SFT-Qwen3-1P7B-COLDSTART-FRAC25-CODE-KODCODE-CTX8K-S1-BETA01-V1_1783425947,25%,25,beta=0.1,beta01,45,Rollout correct ratio,wdl_sft/correct_ratio,0.302734375
ONPOLICY-SFT-Qwen3-1P7B-COLDSTART-FRAC25-CODE-KODCODE-CTX8K-S1-BETA01-V1_1783425947,25%,25,beta=0.1,beta01,45,Gradient norm,actor/grad_norm,11.289660453796387
ONPOLICY-SFT-Qwen3-1P7B-COLDSTART-FRAC25-CODE-KODCODE-CTX8K-S1-BETA01-V1_1783425947,25%,25,beta=0.1,beta01,45,Train score mean,critic/score/mean,-0.39453125
ONPOLICY-SFT-Qwen3-1P7B-COLDSTART-FRAC25-CODE-KODCODE-CTX8K-S1-BETA01-V1_1783425947,25%,25,beta=0.1,beta01,45,Response length mean,response_length/mean,161.0546875
ONPOLICY-SFT-Qwen3-1P7B-COLDSTART-FRAC25-CODE-KODCODE-CTX8K-S1-BETA01-V1_1783425947,25%,25,beta=0.1,beta01,45,Time per step,perf/time_per_step,45.69987574405968
ONPOLICY-SFT-Qwen3-1P7B-COLDSTART-FRAC25-CODE-KODCODE-CTX8K-S1-BETA01-V1_1783425947,25%,25,beta=0.1,beta01,46,Rollout correct ratio,wdl_sft/correct_ratio,0.33203125
ONPOLICY-SFT-Qwen3-1P7B-COLDSTART-FRAC25-CODE-KODCODE-CTX8K-S1-BETA01-V1_1783425947,25%,25,beta=0.1,beta01,46,Gradient norm,actor/grad_norm,11.775003433227539
ONPOLICY-SFT-Qwen3-1P7B-COLDSTART-FRAC25-CODE-KODCODE-CTX8K-S1-BETA01-V1_1783425947,25%,25,beta=0.1,beta01,46,Train score mean,critic/score/mean,-0.3359375
ONPOLICY-SFT-Qwen3-1P7B-COLDSTART-FRAC25-CODE-KODCODE-CTX8K-S1-BETA01-V1_1783425947,25%,25,beta=0.1,beta01,46,Response length mean,response_length/mean,167.8515625
ONPOLICY-SFT-Qwen3-1P7B-COLDSTART-FRAC25-CODE-KODCODE-CTX8K-S1-BETA01-V1_1783425947,25%,25,beta=0.1,beta01,46,Time per step,perf/time_per_step,42.14603891130537
ONPOLICY-SFT-Qwen3-1P7B-COLDSTART-FRAC25-CODE-KODCODE-CTX8K-S1-BETA01-V1_1783425947,25%,25,beta=0.1,beta01,47,Rollout correct ratio,wdl_sft/correct_ratio,0.451171875
ONPOLICY-SFT-Qwen3-1P7B-COLDSTART-FRAC25-CODE-KODCODE-CTX8K-S1-BETA01-V1_1783425947,25%,25,beta=0.1,beta01,47,Gradient norm,actor/grad_norm,9.535218238830566
ONPOLICY-SFT-Qwen3-1P7B-COLDSTART-FRAC25-CODE-KODCODE-CTX8K-S1-BETA01-V1_1783425947,25%,25,beta=0.1,beta01,47,Train score mean,critic/score/mean,-0.09765625
ONPOLICY-SFT-Qwen3-1P7B-COLDSTART-FRAC25-CODE-KODCODE-CTX8K-S1-BETA01-V1_1783425947,25%,25,beta=0.1,beta01,47,Response length mean,response_length/mean,158.642578125
ONPOLICY-SFT-Qwen3-1P7B-COLDSTART-FRAC25-CODE-KODCODE-CTX8K-S1-BETA01-V1_1783425947,25%,25,beta=0.1,beta01,47,Time per step,perf/time_per_step,61.27415350172669
ONPOLICY-SFT-Qwen3-1P7B-COLDSTART-FRAC25-CODE-KODCODE-CTX8K-S1-BETA01-V1_1783425947,25%,25,beta=0.1,beta01,48,Rollout correct ratio,wdl_sft/correct_ratio,0.3671875
ONPOLICY-SFT-Qwen3-1P7B-COLDSTART-FRAC25-CODE-KODCODE-CTX8K-S1-BETA01-V1_1783425947,25%,25,beta=0.1,beta01,48,Gradient norm,actor/grad_norm,9.788758277893066
ONPOLICY-SFT-Qwen3-1P7B-COLDSTART-FRAC25-CODE-KODCODE-CTX8K-S1-BETA01-V1_1783425947,25%,25,beta=0.1,beta01,48,Train score mean,critic/score/mean,-0.265625
ONPOLICY-SFT-Qwen3-1P7B-COLDSTART-FRAC25-CODE-KODCODE-CTX8K-S1-BETA01-V1_1783425947,25%,25,beta=0.1,beta01,48,Response length mean,response_length/mean,162.953125
ONPOLICY-SFT-Qwen3-1P7B-COLDSTART-FRAC25-CODE-KODCODE-CTX8K-S1-BETA01-V1_1783425947,25%,25,beta=0.1,beta01,48,Time per step,perf/time_per_step,41.08128993399441
ONPOLICY-SFT-Qwen3-1P7B-COLDSTART-FRAC25-CODE-KODCODE-CTX8K-S1-BETA01-V1_1783425947,25%,25,beta=0.1,beta01,49,Rollout correct ratio,wdl_sft/correct_ratio,0.41796875
ONPOLICY-SFT-Qwen3-1P7B-COLDSTART-FRAC25-CODE-KODCODE-CTX8K-S1-BETA01-V1_1783425947,25%,25,beta=0.1,beta01,49,Gradient norm,actor/grad_norm,10.126550674438477
ONPOLICY-SFT-Qwen3-1P7B-COLDSTART-FRAC25-CODE-KODCODE-CTX8K-S1-BETA01-V1_1783425947,25%,25,beta=0.1,beta01,49,Train score mean,critic/score/mean,-0.1640625
ONPOLICY-SFT-Qwen3-1P7B-COLDSTART-FRAC25-CODE-KODCODE-CTX8K-S1-BETA01-V1_1783425947,25%,25,beta=0.1,beta01,49,Response length mean,response_length/mean,148.2578125
ONPOLICY-SFT-Qwen3-1P7B-COLDSTART-FRAC25-CODE-KODCODE-CTX8K-S1-BETA01-V1_1783425947,25%,25,beta=0.1,beta01,49,Time per step,perf/time_per_step,42.99515634961426
ONPOLICY-SFT-Qwen3-1P7B-COLDSTART-FRAC25-CODE-KODCODE-CTX8K-S1-BETA01-V1_1783425947,25%,25,beta=0.1,beta01,50,HumanEval+ pass@1,val-core/HumanEval+/acc/pass@1,0.47560975609756095
ONPOLICY-SFT-Qwen3-1P7B-COLDSTART-FRAC25-CODE-KODCODE-CTX8K-S1-BETA01-V1_1783425947,25%,25,beta=0.1,beta01,50,MBPP+ pass@1,val-core/MBPP+/acc/pass@1,0.48148148148148145
ONPOLICY-SFT-Qwen3-1P7B-COLDSTART-FRAC25-CODE-KODCODE-CTX8K-S1-BETA01-V1_1783425947,25%,25,beta=0.1,beta01,50,LiveCodeBench pass@1,val-core/LiveCodeBench/acc/pass@1,0.2109375
ONPOLICY-SFT-Qwen3-1P7B-COLDSTART-FRAC25-CODE-KODCODE-CTX8K-S1-BETA01-V1_1783425947,25%,25,beta=0.1,beta01,50,HumanEval+ extract fail,val-aux/HumanEval+/code_reward_extraction_fail/mean@1,0.006097560975609756
ONPOLICY-SFT-Qwen3-1P7B-COLDSTART-FRAC25-CODE-KODCODE-CTX8K-S1-BETA01-V1_1783425947,25%,25,beta=0.1,beta01,50,MBPP+ extract fail,val-aux/MBPP+/code_reward_extraction_fail/mean@1,0.015873015873015872
ONPOLICY-SFT-Qwen3-1P7B-COLDSTART-FRAC25-CODE-KODCODE-CTX8K-S1-BETA01-V1_1783425947,25%,25,beta=0.1,beta01,50,LiveCodeBench extract fail,val-aux/LiveCodeBench/code_reward_extraction_fail/mean@1,0.046875
ONPOLICY-SFT-Qwen3-1P7B-COLDSTART-FRAC25-CODE-KODCODE-CTX8K-S1-BETA01-V1_1783425947,25%,25,beta=0.1,beta01,50,Rollout correct ratio,wdl_sft/correct_ratio,0.384765625
ONPOLICY-SFT-Qwen3-1P7B-COLDSTART-FRAC25-CODE-KODCODE-CTX8K-S1-BETA01-V1_1783425947,25%,25,beta=0.1,beta01,50,Gradient norm,actor/grad_norm,10.599127769470215
ONPOLICY-SFT-Qwen3-1P7B-COLDSTART-FRAC25-CODE-KODCODE-CTX8K-S1-BETA01-V1_1783425947,25%,25,beta=0.1,beta01,50,Train score mean,critic/score/mean,-0.23046875
ONPOLICY-SFT-Qwen3-1P7B-COLDSTART-FRAC25-CODE-KODCODE-CTX8K-S1-BETA01-V1_1783425947,25%,25,beta=0.1,beta01,50,Response length mean,response_length/mean,169.720703125
ONPOLICY-SFT-Qwen3-1P7B-COLDSTART-FRAC25-CODE-KODCODE-CTX8K-S1-BETA01-V1_1783425947,25%,25,beta=0.1,beta01,50,Time per step,perf/time_per_step,47.470184778794646
ONPOLICY-SFT-Qwen3-1P7B-COLDSTART-FRAC25-CODE-KODCODE-CTX8K-S1-BETA01-V1_1783425947,25%,25,beta=0.1,beta01,51,Rollout correct ratio,wdl_sft/correct_ratio,0.3828125
ONPOLICY-SFT-Qwen3-1P7B-COLDSTART-FRAC25-CODE-KODCODE-CTX8K-S1-BETA01-V1_1783425947,25%,25,beta=0.1,beta01,51,Gradient norm,actor/grad_norm,10.272810935974121
ONPOLICY-SFT-Qwen3-1P7B-COLDSTART-FRAC25-CODE-KODCODE-CTX8K-S1-BETA01-V1_1783425947,25%,25,beta=0.1,beta01,51,Train score mean,critic/score/mean,-0.234375
ONPOLICY-SFT-Qwen3-1P7B-COLDSTART-FRAC25-CODE-KODCODE-CTX8K-S1-BETA01-V1_1783425947,25%,25,beta=0.1,beta01,51,Response length mean,response_length/mean,163.029296875
ONPOLICY-SFT-Qwen3-1P7B-COLDSTART-FRAC25-CODE-KODCODE-CTX8K-S1-BETA01-V1_1783425947,25%,25,beta=0.1,beta01,51,Time per step,perf/time_per_step,43.30177897308022
ONPOLICY-SFT-Qwen3-1P7B-COLDSTART-FRAC25-CODE-KODCODE-CTX8K-S1-BETA01-V1_1783425947,25%,25,beta=0.1,beta01,52,Rollout correct ratio,wdl_sft/correct_ratio,0.337890625
ONPOLICY-SFT-Qwen3-1P7B-COLDSTART-FRAC25-CODE-KODCODE-CTX8K-S1-BETA01-V1_1783425947,25%,25,beta=0.1,beta01,52,Gradient norm,actor/grad_norm,9.110100746154785
ONPOLICY-SFT-Qwen3-1P7B-COLDSTART-FRAC25-CODE-KODCODE-CTX8K-S1-BETA01-V1_1783425947,25%,25,beta=0.1,beta01,52,Train score mean,critic/score/mean,-0.32421875
ONPOLICY-SFT-Qwen3-1P7B-COLDSTART-FRAC25-CODE-KODCODE-CTX8K-S1-BETA01-V1_1783425947,25%,25,beta=0.1,beta01,52,Response length mean,response_length/mean,154.439453125
ONPOLICY-SFT-Qwen3-1P7B-COLDSTART-FRAC25-CODE-KODCODE-CTX8K-S1-BETA01-V1_1783425947,25%,25,beta=0.1,beta01,52,Time per step,perf/time_per_step,41.45904920715839
ONPOLICY-SFT-Qwen3-1P7B-COLDSTART-FRAC25-CODE-KODCODE-CTX8K-S1-BETA01-V1_1783425947,25%,25,beta=0.1,beta01,53,Rollout correct ratio,wdl_sft/correct_ratio,0.35546875
ONPOLICY-SFT-Qwen3-1P7B-COLDSTART-FRAC25-CODE-KODCODE-CTX8K-S1-BETA01-V1_1783425947,25%,25,beta=0.1,beta01,53,Gradient norm,actor/grad_norm,11.45555591583252
ONPOLICY-SFT-Qwen3-1P7B-COLDSTART-FRAC25-CODE-KODCODE-CTX8K-S1-BETA01-V1_1783425947,25%,25,beta=0.1,beta01,53,Train score mean,critic/score/mean,-0.2890625
ONPOLICY-SFT-Qwen3-1P7B-COLDSTART-FRAC25-CODE-KODCODE-CTX8K-S1-BETA01-V1_1783425947,25%,25,beta=0.1,beta01,53,Response length mean,response_length/mean,159.98046875
ONPOLICY-SFT-Qwen3-1P7B-COLDSTART-FRAC25-CODE-KODCODE-CTX8K-S1-BETA01-V1_1783425947,25%,25,beta=0.1,beta01,53,Time per step,perf/time_per_step,42.100703795440495
ONPOLICY-SFT-Qwen3-1P7B-COLDSTART-FRAC25-CODE-KODCODE-CTX8K-S1-BETA01-V1_1783425947,25%,25,beta=0.1,beta01,54,Rollout correct ratio,wdl_sft/correct_ratio,0.373046875
ONPOLICY-SFT-Qwen3-1P7B-COLDSTART-FRAC25-CODE-KODCODE-CTX8K-S1-BETA01-V1_1783425947,25%,25,beta=0.1,beta01,54,Gradient norm,actor/grad_norm,9.81538200378418
ONPOLICY-SFT-Qwen3-1P7B-COLDSTART-FRAC25-CODE-KODCODE-CTX8K-S1-BETA01-V1_1783425947,25%,25,beta=0.1,beta01,54,Train score mean,critic/score/mean,-0.25390625
ONPOLICY-SFT-Qwen3-1P7B-COLDSTART-FRAC25-CODE-KODCODE-CTX8K-S1-BETA01-V1_1783425947,25%,25,beta=0.1,beta01,54,Response length mean,response_length/mean,162.181640625
ONPOLICY-SFT-Qwen3-1P7B-COLDSTART-FRAC25-CODE-KODCODE-CTX8K-S1-BETA01-V1_1783425947,25%,25,beta=0.1,beta01,54,Time per step,perf/time_per_step,43.82514049205929
ONPOLICY-SFT-Qwen3-1P7B-COLDSTART-FRAC25-CODE-KODCODE-CTX8K-S1-BETA01-V1_1783425947,25%,25,beta=0.1,beta01,55,HumanEval+ pass@1,val-core/HumanEval+/acc/pass@1,0.4634146341463415
ONPOLICY-SFT-Qwen3-1P7B-COLDSTART-FRAC25-CODE-KODCODE-CTX8K-S1-BETA01-V1_1783425947,25%,25,beta=0.1,beta01,55,MBPP+ pass@1,val-core/MBPP+/acc/pass@1,0.48412698412698413
ONPOLICY-SFT-Qwen3-1P7B-COLDSTART-FRAC25-CODE-KODCODE-CTX8K-S1-BETA01-V1_1783425947,25%,25,beta=0.1,beta01,55,LiveCodeBench pass@1,val-core/LiveCodeBench/acc/pass@1,0.1875
ONPOLICY-SFT-Qwen3-1P7B-COLDSTART-FRAC25-CODE-KODCODE-CTX8K-S1-BETA01-V1_1783425947,25%,25,beta=0.1,beta01,55,HumanEval+ extract fail,val-aux/HumanEval+/code_reward_extraction_fail/mean@1,0.012195121951219513
ONPOLICY-SFT-Qwen3-1P7B-COLDSTART-FRAC25-CODE-KODCODE-CTX8K-S1-BETA01-V1_1783425947,25%,25,beta=0.1,beta01,55,MBPP+ extract fail,val-aux/MBPP+/code_reward_extraction_fail/mean@1,0.018518518518518517
ONPOLICY-SFT-Qwen3-1P7B-COLDSTART-FRAC25-CODE-KODCODE-CTX8K-S1-BETA01-V1_1783425947,25%,25,beta=0.1,beta01,55,LiveCodeBench extract fail,val-aux/LiveCodeBench/code_reward_extraction_fail/mean@1,0.015625
ONPOLICY-SFT-Qwen3-1P7B-COLDSTART-FRAC25-CODE-KODCODE-CTX8K-S1-BETA01-V1_1783425947,25%,25,beta=0.1,beta01,55,Rollout correct ratio,wdl_sft/correct_ratio,0.3046875
ONPOLICY-SFT-Qwen3-1P7B-COLDSTART-FRAC25-CODE-KODCODE-CTX8K-S1-BETA01-V1_1783425947,25%,25,beta=0.1,beta01,55,Gradient norm,actor/grad_norm,9.771265983581543
ONPOLICY-SFT-Qwen3-1P7B-COLDSTART-FRAC25-CODE-KODCODE-CTX8K-S1-BETA01-V1_1783425947,25%,25,beta=0.1,beta01,55,Train score mean,critic/score/mean,-0.390625
ONPOLICY-SFT-Qwen3-1P7B-COLDSTART-FRAC25-CODE-KODCODE-CTX8K-S1-BETA01-V1_1783425947,25%,25,beta=0.1,beta01,55,Response length mean,response_length/mean,161.83984375
ONPOLICY-SFT-Qwen3-1P7B-COLDSTART-FRAC25-CODE-KODCODE-CTX8K-S1-BETA01-V1_1783425947,25%,25,beta=0.1,beta01,55,Time per step,perf/time_per_step,47.723911239765584
ONPOLICY-SFT-Qwen3-1P7B-COLDSTART-FRAC25-CODE-KODCODE-CTX8K-S1-BETA01-V1_1783425947,25%,25,beta=0.1,beta01,56,Rollout correct ratio,wdl_sft/correct_ratio,0.337890625
ONPOLICY-SFT-Qwen3-1P7B-COLDSTART-FRAC25-CODE-KODCODE-CTX8K-S1-BETA01-V1_1783425947,25%,25,beta=0.1,beta01,56,Gradient norm,actor/grad_norm,10.132342338562012
ONPOLICY-SFT-Qwen3-1P7B-COLDSTART-FRAC25-CODE-KODCODE-CTX8K-S1-BETA01-V1_1783425947,25%,25,beta=0.1,beta01,56,Train score mean,critic/score/mean,-0.32421875
ONPOLICY-SFT-Qwen3-1P7B-COLDSTART-FRAC25-CODE-KODCODE-CTX8K-S1-BETA01-V1_1783425947,25%,25,beta=0.1,beta01,56,Response length mean,response_length/mean,154.84375
ONPOLICY-SFT-Qwen3-1P7B-COLDSTART-FRAC25-CODE-KODCODE-CTX8K-S1-BETA01-V1_1783425947,25%,25,beta=0.1,beta01,56,Time per step,perf/time_per_step,66.91423017065972
ONPOLICY-SFT-Qwen3-1P7B-COLDSTART-FRAC25-CODE-KODCODE-CTX8K-S1-BETA01-V1_1783425947,25%,25,beta=0.1,beta01,57,Rollout correct ratio,wdl_sft/correct_ratio,0.3984375
ONPOLICY-SFT-Qwen3-1P7B-COLDSTART-FRAC25-CODE-KODCODE-CTX8K-S1-BETA01-V1_1783425947,25%,25,beta=0.1,beta01,57,Gradient norm,actor/grad_norm,10.142607688903809
ONPOLICY-SFT-Qwen3-1P7B-COLDSTART-FRAC25-CODE-KODCODE-CTX8K-S1-BETA01-V1_1783425947,25%,25,beta=0.1,beta01,57,Train score mean,critic/score/mean,-0.203125
ONPOLICY-SFT-Qwen3-1P7B-COLDSTART-FRAC25-CODE-KODCODE-CTX8K-S1-BETA01-V1_1783425947,25%,25,beta=0.1,beta01,57,Response length mean,response_length/mean,167.81640625
ONPOLICY-SFT-Qwen3-1P7B-COLDSTART-FRAC25-CODE-KODCODE-CTX8K-S1-BETA01-V1_1783425947,25%,25,beta=0.1,beta01,57,Time per step,perf/time_per_step,43.06943419203162
ONPOLICY-SFT-Qwen3-1P7B-COLDSTART-FRAC25-CODE-KODCODE-CTX8K-S1-BETA01-V1_1783425947,25%,25,beta=0.1,beta01,58,Rollout correct ratio,wdl_sft/correct_ratio,0.373046875
ONPOLICY-SFT-Qwen3-1P7B-COLDSTART-FRAC25-CODE-KODCODE-CTX8K-S1-BETA01-V1_1783425947,25%,25,beta=0.1,beta01,58,Gradient norm,actor/grad_norm,11.863555908203125
ONPOLICY-SFT-Qwen3-1P7B-COLDSTART-FRAC25-CODE-KODCODE-CTX8K-S1-BETA01-V1_1783425947,25%,25,beta=0.1,beta01,58,Train score mean,critic/score/mean,-0.25390625
ONPOLICY-SFT-Qwen3-1P7B-COLDSTART-FRAC25-CODE-KODCODE-CTX8K-S1-BETA01-V1_1783425947,25%,25,beta=0.1,beta01,58,Response length mean,response_length/mean,174.92578125
ONPOLICY-SFT-Qwen3-1P7B-COLDSTART-FRAC25-CODE-KODCODE-CTX8K-S1-BETA01-V1_1783425947,25%,25,beta=0.1,beta01,58,Time per step,perf/time_per_step,43.01114110648632
ONPOLICY-SFT-Qwen3-1P7B-COLDSTART-FRAC25-CODE-KODCODE-CTX8K-S1-BETA01-V1_1783425947,25%,25,beta=0.1,beta01,59,Rollout correct ratio,wdl_sft/correct_ratio,0.390625
ONPOLICY-SFT-Qwen3-1P7B-COLDSTART-FRAC25-CODE-KODCODE-CTX8K-S1-BETA01-V1_1783425947,25%,25,beta=0.1,beta01,59,Gradient norm,actor/grad_norm,9.351625442504883
ONPOLICY-SFT-Qwen3-1P7B-COLDSTART-FRAC25-CODE-KODCODE-CTX8K-S1-BETA01-V1_1783425947,25%,25,beta=0.1,beta01,59,Train score mean,critic/score/mean,-0.21875
ONPOLICY-SFT-Qwen3-1P7B-COLDSTART-FRAC25-CODE-KODCODE-CTX8K-S1-BETA01-V1_1783425947,25%,25,beta=0.1,beta01,59,Response length mean,response_length/mean,169.263671875
ONPOLICY-SFT-Qwen3-1P7B-COLDSTART-FRAC25-CODE-KODCODE-CTX8K-S1-BETA01-V1_1783425947,25%,25,beta=0.1,beta01,59,Time per step,perf/time_per_step,43.6845831675455
ONPOLICY-SFT-Qwen3-1P7B-COLDSTART-FRAC25-CODE-KODCODE-CTX8K-S1-BETA01-V1_1783425947,25%,25,beta=0.1,beta01,60,HumanEval+ pass@1,val-core/HumanEval+/acc/pass@1,0.4817073170731707
ONPOLICY-SFT-Qwen3-1P7B-COLDSTART-FRAC25-CODE-KODCODE-CTX8K-S1-BETA01-V1_1783425947,25%,25,beta=0.1,beta01,60,MBPP+ pass@1,val-core/MBPP+/acc/pass@1,0.4947089947089947
ONPOLICY-SFT-Qwen3-1P7B-COLDSTART-FRAC25-CODE-KODCODE-CTX8K-S1-BETA01-V1_1783425947,25%,25,beta=0.1,beta01,60,LiveCodeBench pass@1,val-core/LiveCodeBench/acc/pass@1,0.234375
ONPOLICY-SFT-Qwen3-1P7B-COLDSTART-FRAC25-CODE-KODCODE-CTX8K-S1-BETA01-V1_1783425947,25%,25,beta=0.1,beta01,60,HumanEval+ extract fail,val-aux/HumanEval+/code_reward_extraction_fail/mean@1,0.0
ONPOLICY-SFT-Qwen3-1P7B-COLDSTART-FRAC25-CODE-KODCODE-CTX8K-S1-BETA01-V1_1783425947,25%,25,beta=0.1,beta01,60,MBPP+ extract fail,val-aux/MBPP+/code_reward_extraction_fail/mean@1,0.007936507936507936
ONPOLICY-SFT-Qwen3-1P7B-COLDSTART-FRAC25-CODE-KODCODE-CTX8K-S1-BETA01-V1_1783425947,25%,25,beta=0.1,beta01,60,LiveCodeBench extract fail,val-aux/LiveCodeBench/code_reward_extraction_fail/mean@1,0.0234375
ONPOLICY-SFT-Qwen3-1P7B-COLDSTART-FRAC25-CODE-KODCODE-CTX8K-S1-BETA01-V1_1783425947,25%,25,beta=0.1,beta01,60,Rollout correct ratio,wdl_sft/correct_ratio,0.365234375
ONPOLICY-SFT-Qwen3-1P7B-COLDSTART-FRAC25-CODE-KODCODE-CTX8K-S1-BETA01-V1_1783425947,25%,25,beta=0.1,beta01,60,Gradient norm,actor/grad_norm,9.998082160949707
ONPOLICY-SFT-Qwen3-1P7B-COLDSTART-FRAC25-CODE-KODCODE-CTX8K-S1-BETA01-V1_1783425947,25%,25,beta=0.1,beta01,60,Train score mean,critic/score/mean,-0.26953125
ONPOLICY-SFT-Qwen3-1P7B-COLDSTART-FRAC25-CODE-KODCODE-CTX8K-S1-BETA01-V1_1783425947,25%,25,beta=0.1,beta01,60,Response length mean,response_length/mean,148.15234375
ONPOLICY-SFT-Qwen3-1P7B-COLDSTART-FRAC25-CODE-KODCODE-CTX8K-S1-BETA01-V1_1783425947,25%,25,beta=0.1,beta01,60,Time per step,perf/time_per_step,45.47291208524257
ONPOLICY-SFT-Qwen3-1P7B-COLDSTART-FRAC25-CODE-KODCODE-CTX8K-S1-BETA01-V1_1783425947,25%,25,beta=0.1,beta01,61,Rollout correct ratio,wdl_sft/correct_ratio,0.3984375
ONPOLICY-SFT-Qwen3-1P7B-COLDSTART-FRAC25-CODE-KODCODE-CTX8K-S1-BETA01-V1_1783425947,25%,25,beta=0.1,beta01,61,Gradient norm,actor/grad_norm,9.472087860107422
ONPOLICY-SFT-Qwen3-1P7B-COLDSTART-FRAC25-CODE-KODCODE-CTX8K-S1-BETA01-V1_1783425947,25%,25,beta=0.1,beta01,61,Train score mean,critic/score/mean,-0.203125
ONPOLICY-SFT-Qwen3-1P7B-COLDSTART-FRAC25-CODE-KODCODE-CTX8K-S1-BETA01-V1_1783425947,25%,25,beta=0.1,beta01,61,Response length mean,response_length/mean,143.892578125
ONPOLICY-SFT-Qwen3-1P7B-COLDSTART-FRAC25-CODE-KODCODE-CTX8K-S1-BETA01-V1_1783425947,25%,25,beta=0.1,beta01,61,Time per step,perf/time_per_step,41.70581943448633
ONPOLICY-SFT-Qwen3-1P7B-COLDSTART-FRAC25-CODE-KODCODE-CTX8K-S1-BETA01-V1_1783425947,25%,25,beta=0.1,beta01,62,Rollout correct ratio,wdl_sft/correct_ratio,0.28125
ONPOLICY-SFT-Qwen3-1P7B-COLDSTART-FRAC25-CODE-KODCODE-CTX8K-S1-BETA01-V1_1783425947,25%,25,beta=0.1,beta01,62,Gradient norm,actor/grad_norm,11.969741821289062
ONPOLICY-SFT-Qwen3-1P7B-COLDSTART-FRAC25-CODE-KODCODE-CTX8K-S1-BETA01-V1_1783425947,25%,25,beta=0.1,beta01,62,Train score mean,critic/score/mean,-0.4375
ONPOLICY-SFT-Qwen3-1P7B-COLDSTART-FRAC25-CODE-KODCODE-CTX8K-S1-BETA01-V1_1783425947,25%,25,beta=0.1,beta01,62,Response length mean,response_length/mean,166.17578125
ONPOLICY-SFT-Qwen3-1P7B-COLDSTART-FRAC25-CODE-KODCODE-CTX8K-S1-BETA01-V1_1783425947,25%,25,beta=0.1,beta01,62,Time per step,perf/time_per_step,46.03633492719382
ONPOLICY-SFT-Qwen3-1P7B-COLDSTART-FRAC25-CODE-KODCODE-CTX8K-S1-BETA01-V1_1783425947,25%,25,beta=0.1,beta01,63,Rollout correct ratio,wdl_sft/correct_ratio,0.384765625
ONPOLICY-SFT-Qwen3-1P7B-COLDSTART-FRAC25-CODE-KODCODE-CTX8K-S1-BETA01-V1_1783425947,25%,25,beta=0.1,beta01,63,Gradient norm,actor/grad_norm,9.896891593933105
ONPOLICY-SFT-Qwen3-1P7B-COLDSTART-FRAC25-CODE-KODCODE-CTX8K-S1-BETA01-V1_1783425947,25%,25,beta=0.1,beta01,63,Train score mean,critic/score/mean,-0.23046875
ONPOLICY-SFT-Qwen3-1P7B-COLDSTART-FRAC25-CODE-KODCODE-CTX8K-S1-BETA01-V1_1783425947,25%,25,beta=0.1,beta01,63,Response length mean,response_length/mean,160.6953125
ONPOLICY-SFT-Qwen3-1P7B-COLDSTART-FRAC25-CODE-KODCODE-CTX8K-S1-BETA01-V1_1783425947,25%,25,beta=0.1,beta01,63,Time per step,perf/time_per_step,42.23685672041029
ONPOLICY-SFT-Qwen3-1P7B-COLDSTART-FRAC25-CODE-KODCODE-CTX8K-S1-BETA01-V1_1783425947,25%,25,beta=0.1,beta01,64,Rollout correct ratio,wdl_sft/correct_ratio,0.345703125
ONPOLICY-SFT-Qwen3-1P7B-COLDSTART-FRAC25-CODE-KODCODE-CTX8K-S1-BETA01-V1_1783425947,25%,25,beta=0.1,beta01,64,Gradient norm,actor/grad_norm,10.47486400604248
ONPOLICY-SFT-Qwen3-1P7B-COLDSTART-FRAC25-CODE-KODCODE-CTX8K-S1-BETA01-V1_1783425947,25%,25,beta=0.1,beta01,64,Train score mean,critic/score/mean,-0.30859375
ONPOLICY-SFT-Qwen3-1P7B-COLDSTART-FRAC25-CODE-KODCODE-CTX8K-S1-BETA01-V1_1783425947,25%,25,beta=0.1,beta01,64,Response length mean,response_length/mean,163.470703125
ONPOLICY-SFT-Qwen3-1P7B-COLDSTART-FRAC25-CODE-KODCODE-CTX8K-S1-BETA01-V1_1783425947,25%,25,beta=0.1,beta01,64,Time per step,perf/time_per_step,41.435295356437564
ONPOLICY-SFT-Qwen3-1P7B-COLDSTART-FRAC25-CODE-KODCODE-CTX8K-S1-BETA01-V1_1783425947,25%,25,beta=0.1,beta01,65,HumanEval+ pass@1,val-core/HumanEval+/acc/pass@1,0.45121951219512196
ONPOLICY-SFT-Qwen3-1P7B-COLDSTART-FRAC25-CODE-KODCODE-CTX8K-S1-BETA01-V1_1783425947,25%,25,beta=0.1,beta01,65,MBPP+ pass@1,val-core/MBPP+/acc/pass@1,0.48412698412698413
ONPOLICY-SFT-Qwen3-1P7B-COLDSTART-FRAC25-CODE-KODCODE-CTX8K-S1-BETA01-V1_1783425947,25%,25,beta=0.1,beta01,65,LiveCodeBench pass@1,val-core/LiveCodeBench/acc/pass@1,0.2109375
ONPOLICY-SFT-Qwen3-1P7B-COLDSTART-FRAC25-CODE-KODCODE-CTX8K-S1-BETA01-V1_1783425947,25%,25,beta=0.1,beta01,65,HumanEval+ extract fail,val-aux/HumanEval+/code_reward_extraction_fail/mean@1,0.012195121951219513
ONPOLICY-SFT-Qwen3-1P7B-COLDSTART-FRAC25-CODE-KODCODE-CTX8K-S1-BETA01-V1_1783425947,25%,25,beta=0.1,beta01,65,MBPP+ extract fail,val-aux/MBPP+/code_reward_extraction_fail/mean@1,0.018518518518518517
ONPOLICY-SFT-Qwen3-1P7B-COLDSTART-FRAC25-CODE-KODCODE-CTX8K-S1-BETA01-V1_1783425947,25%,25,beta=0.1,beta01,65,LiveCodeBench extract fail,val-aux/LiveCodeBench/code_reward_extraction_fail/mean@1,0.0234375
ONPOLICY-SFT-Qwen3-1P7B-COLDSTART-FRAC25-CODE-KODCODE-CTX8K-S1-BETA01-V1_1783425947,25%,25,beta=0.1,beta01,65,Rollout correct ratio,wdl_sft/correct_ratio,0.369140625
ONPOLICY-SFT-Qwen3-1P7B-COLDSTART-FRAC25-CODE-KODCODE-CTX8K-S1-BETA01-V1_1783425947,25%,25,beta=0.1,beta01,65,Gradient norm,actor/grad_norm,10.0735445022583
ONPOLICY-SFT-Qwen3-1P7B-COLDSTART-FRAC25-CODE-KODCODE-CTX8K-S1-BETA01-V1_1783425947,25%,25,beta=0.1,beta01,65,Train score mean,critic/score/mean,-0.26171875
ONPOLICY-SFT-Qwen3-1P7B-COLDSTART-FRAC25-CODE-KODCODE-CTX8K-S1-BETA01-V1_1783425947,25%,25,beta=0.1,beta01,65,Response length mean,response_length/mean,172.275390625
ONPOLICY-SFT-Qwen3-1P7B-COLDSTART-FRAC25-CODE-KODCODE-CTX8K-S1-BETA01-V1_1783425947,25%,25,beta=0.1,beta01,65,Time per step,perf/time_per_step,47.05335422232747
ONPOLICY-SFT-Qwen3-1P7B-COLDSTART-FRAC25-CODE-KODCODE-CTX8K-S1-BETA01-V1_1783425947,25%,25,beta=0.1,beta01,66,Rollout correct ratio,wdl_sft/correct_ratio,0.443359375
ONPOLICY-SFT-Qwen3-1P7B-COLDSTART-FRAC25-CODE-KODCODE-CTX8K-S1-BETA01-V1_1783425947,25%,25,beta=0.1,beta01,66,Gradient norm,actor/grad_norm,7.843045234680176
ONPOLICY-SFT-Qwen3-1P7B-COLDSTART-FRAC25-CODE-KODCODE-CTX8K-S1-BETA01-V1_1783425947,25%,25,beta=0.1,beta01,66,Train score mean,critic/score/mean,-0.11328125
ONPOLICY-SFT-Qwen3-1P7B-COLDSTART-FRAC25-CODE-KODCODE-CTX8K-S1-BETA01-V1_1783425947,25%,25,beta=0.1,beta01,66,Response length mean,response_length/mean,146.103515625
ONPOLICY-SFT-Qwen3-1P7B-COLDSTART-FRAC25-CODE-KODCODE-CTX8K-S1-BETA01-V1_1783425947,25%,25,beta=0.1,beta01,66,Time per step,perf/time_per_step,42.52728961408138
ONPOLICY-SFT-Qwen3-1P7B-COLDSTART-FRAC25-CODE-KODCODE-CTX8K-S1-BETA01-V1_1783425947,25%,25,beta=0.1,beta01,67,Rollout correct ratio,wdl_sft/correct_ratio,0.36328125
ONPOLICY-SFT-Qwen3-1P7B-COLDSTART-FRAC25-CODE-KODCODE-CTX8K-S1-BETA01-V1_1783425947,25%,25,beta=0.1,beta01,67,Gradient norm,actor/grad_norm,10.519046783447266
ONPOLICY-SFT-Qwen3-1P7B-COLDSTART-FRAC25-CODE-KODCODE-CTX8K-S1-BETA01-V1_1783425947,25%,25,beta=0.1,beta01,67,Train score mean,critic/score/mean,-0.2734375
ONPOLICY-SFT-Qwen3-1P7B-COLDSTART-FRAC25-CODE-KODCODE-CTX8K-S1-BETA01-V1_1783425947,25%,25,beta=0.1,beta01,67,Response length mean,response_length/mean,163.193359375
ONPOLICY-SFT-Qwen3-1P7B-COLDSTART-FRAC25-CODE-KODCODE-CTX8K-S1-BETA01-V1_1783425947,25%,25,beta=0.1,beta01,67,Time per step,perf/time_per_step,44.50445983372629
ONPOLICY-SFT-Qwen3-1P7B-COLDSTART-FRAC25-CODE-KODCODE-CTX8K-S1-BETA01-V1_1783425947,25%,25,beta=0.1,beta01,68,Rollout correct ratio,wdl_sft/correct_ratio,0.298828125
ONPOLICY-SFT-Qwen3-1P7B-COLDSTART-FRAC25-CODE-KODCODE-CTX8K-S1-BETA01-V1_1783425947,25%,25,beta=0.1,beta01,68,Gradient norm,actor/grad_norm,14.252849578857422
ONPOLICY-SFT-Qwen3-1P7B-COLDSTART-FRAC25-CODE-KODCODE-CTX8K-S1-BETA01-V1_1783425947,25%,25,beta=0.1,beta01,68,Train score mean,critic/score/mean,-0.40234375
ONPOLICY-SFT-Qwen3-1P7B-COLDSTART-FRAC25-CODE-KODCODE-CTX8K-S1-BETA01-V1_1783425947,25%,25,beta=0.1,beta01,68,Response length mean,response_length/mean,176.259765625
ONPOLICY-SFT-Qwen3-1P7B-COLDSTART-FRAC25-CODE-KODCODE-CTX8K-S1-BETA01-V1_1783425947,25%,25,beta=0.1,beta01,68,Time per step,perf/time_per_step,47.73655659984797
ONPOLICY-SFT-Qwen3-1P7B-COLDSTART-FRAC25-CODE-KODCODE-CTX8K-S1-BETA01-V1_1783425947,25%,25,beta=0.1,beta01,69,Rollout correct ratio,wdl_sft/correct_ratio,0.447265625
ONPOLICY-SFT-Qwen3-1P7B-COLDSTART-FRAC25-CODE-KODCODE-CTX8K-S1-BETA01-V1_1783425947,25%,25,beta=0.1,beta01,69,Gradient norm,actor/grad_norm,9.366012573242188
ONPOLICY-SFT-Qwen3-1P7B-COLDSTART-FRAC25-CODE-KODCODE-CTX8K-S1-BETA01-V1_1783425947,25%,25,beta=0.1,beta01,69,Train score mean,critic/score/mean,-0.10546875
ONPOLICY-SFT-Qwen3-1P7B-COLDSTART-FRAC25-CODE-KODCODE-CTX8K-S1-BETA01-V1_1783425947,25%,25,beta=0.1,beta01,69,Response length mean,response_length/mean,170.146484375
ONPOLICY-SFT-Qwen3-1P7B-COLDSTART-FRAC25-CODE-KODCODE-CTX8K-S1-BETA01-V1_1783425947,25%,25,beta=0.1,beta01,69,Time per step,perf/time_per_step,41.84668547473848
ONPOLICY-SFT-Qwen3-1P7B-COLDSTART-FRAC25-CODE-KODCODE-CTX8K-S1-BETA01-V1_1783425947,25%,25,beta=0.1,beta01,70,HumanEval+ pass@1,val-core/HumanEval+/acc/pass@1,0.45121951219512196
ONPOLICY-SFT-Qwen3-1P7B-COLDSTART-FRAC25-CODE-KODCODE-CTX8K-S1-BETA01-V1_1783425947,25%,25,beta=0.1,beta01,70,MBPP+ pass@1,val-core/MBPP+/acc/pass@1,0.47883597883597884
ONPOLICY-SFT-Qwen3-1P7B-COLDSTART-FRAC25-CODE-KODCODE-CTX8K-S1-BETA01-V1_1783425947,25%,25,beta=0.1,beta01,70,LiveCodeBench pass@1,val-core/LiveCodeBench/acc/pass@1,0.2578125
ONPOLICY-SFT-Qwen3-1P7B-COLDSTART-FRAC25-CODE-KODCODE-CTX8K-S1-BETA01-V1_1783425947,25%,25,beta=0.1,beta01,70,HumanEval+ extract fail,val-aux/HumanEval+/code_reward_extraction_fail/mean@1,0.006097560975609756
ONPOLICY-SFT-Qwen3-1P7B-COLDSTART-FRAC25-CODE-KODCODE-CTX8K-S1-BETA01-V1_1783425947,25%,25,beta=0.1,beta01,70,MBPP+ extract fail,val-aux/MBPP+/code_reward_extraction_fail/mean@1,0.013227513227513227
ONPOLICY-SFT-Qwen3-1P7B-COLDSTART-FRAC25-CODE-KODCODE-CTX8K-S1-BETA01-V1_1783425947,25%,25,beta=0.1,beta01,70,LiveCodeBench extract fail,val-aux/LiveCodeBench/code_reward_extraction_fail/mean@1,0.0234375
ONPOLICY-SFT-Qwen3-1P7B-COLDSTART-FRAC25-CODE-KODCODE-CTX8K-S1-BETA01-V1_1783425947,25%,25,beta=0.1,beta01,70,Rollout correct ratio,wdl_sft/correct_ratio,0.298828125
ONPOLICY-SFT-Qwen3-1P7B-COLDSTART-FRAC25-CODE-KODCODE-CTX8K-S1-BETA01-V1_1783425947,25%,25,beta=0.1,beta01,70,Gradient norm,actor/grad_norm,11.142986297607422
ONPOLICY-SFT-Qwen3-1P7B-COLDSTART-FRAC25-CODE-KODCODE-CTX8K-S1-BETA01-V1_1783425947,25%,25,beta=0.1,beta01,70,Train score mean,critic/score/mean,-0.40234375
ONPOLICY-SFT-Qwen3-1P7B-COLDSTART-FRAC25-CODE-KODCODE-CTX8K-S1-BETA01-V1_1783425947,25%,25,beta=0.1,beta01,70,Response length mean,response_length/mean,171.94140625
ONPOLICY-SFT-Qwen3-1P7B-COLDSTART-FRAC25-CODE-KODCODE-CTX8K-S1-BETA01-V1_1783425947,25%,25,beta=0.1,beta01,70,Time per step,perf/time_per_step,48.823886616155505
ONPOLICY-SFT-Qwen3-1P7B-COLDSTART-FRAC25-CODE-KODCODE-CTX8K-S1-BETA01-V1_1783425947,25%,25,beta=0.1,beta01,71,Rollout correct ratio,wdl_sft/correct_ratio,0.337890625
ONPOLICY-SFT-Qwen3-1P7B-COLDSTART-FRAC25-CODE-KODCODE-CTX8K-S1-BETA01-V1_1783425947,25%,25,beta=0.1,beta01,71,Gradient norm,actor/grad_norm,10.370179176330566
ONPOLICY-SFT-Qwen3-1P7B-COLDSTART-FRAC25-CODE-KODCODE-CTX8K-S1-BETA01-V1_1783425947,25%,25,beta=0.1,beta01,71,Train score mean,critic/score/mean,-0.32421875
ONPOLICY-SFT-Qwen3-1P7B-COLDSTART-FRAC25-CODE-KODCODE-CTX8K-S1-BETA01-V1_1783425947,25%,25,beta=0.1,beta01,71,Response length mean,response_length/mean,188.5078125
ONPOLICY-SFT-Qwen3-1P7B-COLDSTART-FRAC25-CODE-KODCODE-CTX8K-S1-BETA01-V1_1783425947,25%,25,beta=0.1,beta01,71,Time per step,perf/time_per_step,42.99563669785857
ONPOLICY-SFT-Qwen3-1P7B-COLDSTART-FRAC25-CODE-KODCODE-CTX8K-S1-BETA01-V1_1783425947,25%,25,beta=0.1,beta01,72,Rollout correct ratio,wdl_sft/correct_ratio,0.326171875
ONPOLICY-SFT-Qwen3-1P7B-COLDSTART-FRAC25-CODE-KODCODE-CTX8K-S1-BETA01-V1_1783425947,25%,25,beta=0.1,beta01,72,Gradient norm,actor/grad_norm,11.132462501525879
ONPOLICY-SFT-Qwen3-1P7B-COLDSTART-FRAC25-CODE-KODCODE-CTX8K-S1-BETA01-V1_1783425947,25%,25,beta=0.1,beta01,72,Train score mean,critic/score/mean,-0.34765625
ONPOLICY-SFT-Qwen3-1P7B-COLDSTART-FRAC25-CODE-KODCODE-CTX8K-S1-BETA01-V1_1783425947,25%,25,beta=0.1,beta01,72,Response length mean,response_length/mean,152.099609375
ONPOLICY-SFT-Qwen3-1P7B-COLDSTART-FRAC25-CODE-KODCODE-CTX8K-S1-BETA01-V1_1783425947,25%,25,beta=0.1,beta01,72,Time per step,perf/time_per_step,41.3710878547281
ONPOLICY-SFT-Qwen3-1P7B-COLDSTART-FRAC25-CODE-KODCODE-CTX8K-S1-BETA01-V1_1783425947,25%,25,beta=0.1,beta01,73,Rollout correct ratio,wdl_sft/correct_ratio,0.37109375
ONPOLICY-SFT-Qwen3-1P7B-COLDSTART-FRAC25-CODE-KODCODE-CTX8K-S1-BETA01-V1_1783425947,25%,25,beta=0.1,beta01,73,Gradient norm,actor/grad_norm,11.13022518157959
ONPOLICY-SFT-Qwen3-1P7B-COLDSTART-FRAC25-CODE-KODCODE-CTX8K-S1-BETA01-V1_1783425947,25%,25,beta=0.1,beta01,73,Train score mean,critic/score/mean,-0.2578125
ONPOLICY-SFT-Qwen3-1P7B-COLDSTART-FRAC25-CODE-KODCODE-CTX8K-S1-BETA01-V1_1783425947,25%,25,beta=0.1,beta01,73,Response length mean,response_length/mean,172.6796875
ONPOLICY-SFT-Qwen3-1P7B-COLDSTART-FRAC25-CODE-KODCODE-CTX8K-S1-BETA01-V1_1783425947,25%,25,beta=0.1,beta01,73,Time per step,perf/time_per_step,45.22067675925791
ONPOLICY-SFT-Qwen3-1P7B-COLDSTART-FRAC25-CODE-KODCODE-CTX8K-S1-BETA01-V1_1783425947,25%,25,beta=0.1,beta01,74,Rollout correct ratio,wdl_sft/correct_ratio,0.296875
ONPOLICY-SFT-Qwen3-1P7B-COLDSTART-FRAC25-CODE-KODCODE-CTX8K-S1-BETA01-V1_1783425947,25%,25,beta=0.1,beta01,74,Gradient norm,actor/grad_norm,10.76327133178711
ONPOLICY-SFT-Qwen3-1P7B-COLDSTART-FRAC25-CODE-KODCODE-CTX8K-S1-BETA01-V1_1783425947,25%,25,beta=0.1,beta01,74,Train score mean,critic/score/mean,-0.40625
ONPOLICY-SFT-Qwen3-1P7B-COLDSTART-FRAC25-CODE-KODCODE-CTX8K-S1-BETA01-V1_1783425947,25%,25,beta=0.1,beta01,74,Response length mean,response_length/mean,167.923828125
ONPOLICY-SFT-Qwen3-1P7B-COLDSTART-FRAC25-CODE-KODCODE-CTX8K-S1-BETA01-V1_1783425947,25%,25,beta=0.1,beta01,74,Time per step,perf/time_per_step,41.40988012216985
ONPOLICY-SFT-Qwen3-1P7B-COLDSTART-FRAC25-CODE-KODCODE-CTX8K-S1-BETA01-V1_1783425947,25%,25,beta=0.1,beta01,75,HumanEval+ pass@1,val-core/HumanEval+/acc/pass@1,0.4695121951219512
ONPOLICY-SFT-Qwen3-1P7B-COLDSTART-FRAC25-CODE-KODCODE-CTX8K-S1-BETA01-V1_1783425947,25%,25,beta=0.1,beta01,75,MBPP+ pass@1,val-core/MBPP+/acc/pass@1,0.4973544973544973
ONPOLICY-SFT-Qwen3-1P7B-COLDSTART-FRAC25-CODE-KODCODE-CTX8K-S1-BETA01-V1_1783425947,25%,25,beta=0.1,beta01,75,LiveCodeBench pass@1,val-core/LiveCodeBench/acc/pass@1,0.2109375
ONPOLICY-SFT-Qwen3-1P7B-COLDSTART-FRAC25-CODE-KODCODE-CTX8K-S1-BETA01-V1_1783425947,25%,25,beta=0.1,beta01,75,HumanEval+ extract fail,val-aux/HumanEval+/code_reward_extraction_fail/mean@1,0.0
ONPOLICY-SFT-Qwen3-1P7B-COLDSTART-FRAC25-CODE-KODCODE-CTX8K-S1-BETA01-V1_1783425947,25%,25,beta=0.1,beta01,75,MBPP+ extract fail,val-aux/MBPP+/code_reward_extraction_fail/mean@1,0.007936507936507936
ONPOLICY-SFT-Qwen3-1P7B-COLDSTART-FRAC25-CODE-KODCODE-CTX8K-S1-BETA01-V1_1783425947,25%,25,beta=0.1,beta01,75,LiveCodeBench extract fail,val-aux/LiveCodeBench/code_reward_extraction_fail/mean@1,0.015625
ONPOLICY-SFT-Qwen3-1P7B-COLDSTART-FRAC25-CODE-KODCODE-CTX8K-S1-BETA01-V1_1783425947,25%,25,beta=0.1,beta01,75,Rollout correct ratio,wdl_sft/correct_ratio,0.443359375
ONPOLICY-SFT-Qwen3-1P7B-COLDSTART-FRAC25-CODE-KODCODE-CTX8K-S1-BETA01-V1_1783425947,25%,25,beta=0.1,beta01,75,Gradient norm,actor/grad_norm,9.576465606689453
ONPOLICY-SFT-Qwen3-1P7B-COLDSTART-FRAC25-CODE-KODCODE-CTX8K-S1-BETA01-V1_1783425947,25%,25,beta=0.1,beta01,75,Train score mean,critic/score/mean,-0.11328125
ONPOLICY-SFT-Qwen3-1P7B-COLDSTART-FRAC25-CODE-KODCODE-CTX8K-S1-BETA01-V1_1783425947,25%,25,beta=0.1,beta01,75,Response length mean,response_length/mean,161.244140625
ONPOLICY-SFT-Qwen3-1P7B-COLDSTART-FRAC25-CODE-KODCODE-CTX8K-S1-BETA01-V1_1783425947,25%,25,beta=0.1,beta01,75,Time per step,perf/time_per_step,47.89076122548431
ONPOLICY-SFT-Qwen3-1P7B-COLDSTART-FRAC25-CODE-KODCODE-CTX8K-S1-BETA01-V1_1783425947,25%,25,beta=0.1,beta01,76,Rollout correct ratio,wdl_sft/correct_ratio,0.427734375
ONPOLICY-SFT-Qwen3-1P7B-COLDSTART-FRAC25-CODE-KODCODE-CTX8K-S1-BETA01-V1_1783425947,25%,25,beta=0.1,beta01,76,Gradient norm,actor/grad_norm,9.930459976196289
ONPOLICY-SFT-Qwen3-1P7B-COLDSTART-FRAC25-CODE-KODCODE-CTX8K-S1-BETA01-V1_1783425947,25%,25,beta=0.1,beta01,76,Train score mean,critic/score/mean,-0.14453125
ONPOLICY-SFT-Qwen3-1P7B-COLDSTART-FRAC25-CODE-KODCODE-CTX8K-S1-BETA01-V1_1783425947,25%,25,beta=0.1,beta01,76,Response length mean,response_length/mean,169.41796875
ONPOLICY-SFT-Qwen3-1P7B-COLDSTART-FRAC25-CODE-KODCODE-CTX8K-S1-BETA01-V1_1783425947,25%,25,beta=0.1,beta01,76,Time per step,perf/time_per_step,44.23341340664774
ONPOLICY-SFT-Qwen3-1P7B-COLDSTART-FRAC25-CODE-KODCODE-CTX8K-S1-BETA01-V1_1783425947,25%,25,beta=0.1,beta01,77,Rollout correct ratio,wdl_sft/correct_ratio,0.4609375
ONPOLICY-SFT-Qwen3-1P7B-COLDSTART-FRAC25-CODE-KODCODE-CTX8K-S1-BETA01-V1_1783425947,25%,25,beta=0.1,beta01,77,Gradient norm,actor/grad_norm,8.553215980529785
ONPOLICY-SFT-Qwen3-1P7B-COLDSTART-FRAC25-CODE-KODCODE-CTX8K-S1-BETA01-V1_1783425947,25%,25,beta=0.1,beta01,77,Train score mean,critic/score/mean,-0.078125
ONPOLICY-SFT-Qwen3-1P7B-COLDSTART-FRAC25-CODE-KODCODE-CTX8K-S1-BETA01-V1_1783425947,25%,25,beta=0.1,beta01,77,Response length mean,response_length/mean,155.388671875
ONPOLICY-SFT-Qwen3-1P7B-COLDSTART-FRAC25-CODE-KODCODE-CTX8K-S1-BETA01-V1_1783425947,25%,25,beta=0.1,beta01,77,Time per step,perf/time_per_step,40.12629746738821
ONPOLICY-SFT-Qwen3-1P7B-COLDSTART-FRAC25-CODE-KODCODE-CTX8K-S1-BETA01-V1_1783425947,25%,25,beta=0.1,beta01,78,Rollout correct ratio,wdl_sft/correct_ratio,0.306640625
ONPOLICY-SFT-Qwen3-1P7B-COLDSTART-FRAC25-CODE-KODCODE-CTX8K-S1-BETA01-V1_1783425947,25%,25,beta=0.1,beta01,78,Gradient norm,actor/grad_norm,10.501705169677734
ONPOLICY-SFT-Qwen3-1P7B-COLDSTART-FRAC25-CODE-KODCODE-CTX8K-S1-BETA01-V1_1783425947,25%,25,beta=0.1,beta01,78,Train score mean,critic/score/mean,-0.38671875
ONPOLICY-SFT-Qwen3-1P7B-COLDSTART-FRAC25-CODE-KODCODE-CTX8K-S1-BETA01-V1_1783425947,25%,25,beta=0.1,beta01,78,Response length mean,response_length/mean,161.525390625
ONPOLICY-SFT-Qwen3-1P7B-COLDSTART-FRAC25-CODE-KODCODE-CTX8K-S1-BETA01-V1_1783425947,25%,25,beta=0.1,beta01,78,Time per step,perf/time_per_step,42.37483592052013
ONPOLICY-SFT-Qwen3-1P7B-COLDSTART-FRAC25-CODE-KODCODE-CTX8K-S1-BETA01-V1_1783425947,25%,25,beta=0.1,beta01,79,Rollout correct ratio,wdl_sft/correct_ratio,0.396484375
ONPOLICY-SFT-Qwen3-1P7B-COLDSTART-FRAC25-CODE-KODCODE-CTX8K-S1-BETA01-V1_1783425947,25%,25,beta=0.1,beta01,79,Gradient norm,actor/grad_norm,9.10161018371582
ONPOLICY-SFT-Qwen3-1P7B-COLDSTART-FRAC25-CODE-KODCODE-CTX8K-S1-BETA01-V1_1783425947,25%,25,beta=0.1,beta01,79,Train score mean,critic/score/mean,-0.20703125
ONPOLICY-SFT-Qwen3-1P7B-COLDSTART-FRAC25-CODE-KODCODE-CTX8K-S1-BETA01-V1_1783425947,25%,25,beta=0.1,beta01,79,Response length mean,response_length/mean,164.404296875
ONPOLICY-SFT-Qwen3-1P7B-COLDSTART-FRAC25-CODE-KODCODE-CTX8K-S1-BETA01-V1_1783425947,25%,25,beta=0.1,beta01,79,Time per step,perf/time_per_step,42.61943599488586
ONPOLICY-SFT-Qwen3-1P7B-COLDSTART-FRAC25-CODE-KODCODE-CTX8K-S1-BETA01-V1_1783425947,25%,25,beta=0.1,beta01,80,HumanEval+ pass@1,val-core/HumanEval+/acc/pass@1,0.5060975609756098
ONPOLICY-SFT-Qwen3-1P7B-COLDSTART-FRAC25-CODE-KODCODE-CTX8K-S1-BETA01-V1_1783425947,25%,25,beta=0.1,beta01,80,MBPP+ pass@1,val-core/MBPP+/acc/pass@1,0.48677248677248675
ONPOLICY-SFT-Qwen3-1P7B-COLDSTART-FRAC25-CODE-KODCODE-CTX8K-S1-BETA01-V1_1783425947,25%,25,beta=0.1,beta01,80,LiveCodeBench pass@1,val-core/LiveCodeBench/acc/pass@1,0.2265625
ONPOLICY-SFT-Qwen3-1P7B-COLDSTART-FRAC25-CODE-KODCODE-CTX8K-S1-BETA01-V1_1783425947,25%,25,beta=0.1,beta01,80,HumanEval+ extract fail,val-aux/HumanEval+/code_reward_extraction_fail/mean@1,0.006097560975609756
ONPOLICY-SFT-Qwen3-1P7B-COLDSTART-FRAC25-CODE-KODCODE-CTX8K-S1-BETA01-V1_1783425947,25%,25,beta=0.1,beta01,80,MBPP+ extract fail,val-aux/MBPP+/code_reward_extraction_fail/mean@1,0.007936507936507936
ONPOLICY-SFT-Qwen3-1P7B-COLDSTART-FRAC25-CODE-KODCODE-CTX8K-S1-BETA01-V1_1783425947,25%,25,beta=0.1,beta01,80,LiveCodeBench extract fail,val-aux/LiveCodeBench/code_reward_extraction_fail/mean@1,0.03125
ONPOLICY-SFT-Qwen3-1P7B-COLDSTART-FRAC25-CODE-KODCODE-CTX8K-S1-BETA01-V1_1783425947,25%,25,beta=0.1,beta01,80,Rollout correct ratio,wdl_sft/correct_ratio,0.462890625
ONPOLICY-SFT-Qwen3-1P7B-COLDSTART-FRAC25-CODE-KODCODE-CTX8K-S1-BETA01-V1_1783425947,25%,25,beta=0.1,beta01,80,Gradient norm,actor/grad_norm,9.144353866577148
ONPOLICY-SFT-Qwen3-1P7B-COLDSTART-FRAC25-CODE-KODCODE-CTX8K-S1-BETA01-V1_1783425947,25%,25,beta=0.1,beta01,80,Train score mean,critic/score/mean,-0.07421875
ONPOLICY-SFT-Qwen3-1P7B-COLDSTART-FRAC25-CODE-KODCODE-CTX8K-S1-BETA01-V1_1783425947,25%,25,beta=0.1,beta01,80,Response length mean,response_length/mean,171.373046875
ONPOLICY-SFT-Qwen3-1P7B-COLDSTART-FRAC25-CODE-KODCODE-CTX8K-S1-BETA01-V1_1783425947,25%,25,beta=0.1,beta01,80,Time per step,perf/time_per_step,48.35806123632938
ONPOLICY-SFT-Qwen3-1P7B-COLDSTART-FRAC25-CODE-KODCODE-CTX8K-S1-BETA01-V1_1783425947,25%,25,beta=0.1,beta01,81,Rollout correct ratio,wdl_sft/correct_ratio,0.349609375
ONPOLICY-SFT-Qwen3-1P7B-COLDSTART-FRAC25-CODE-KODCODE-CTX8K-S1-BETA01-V1_1783425947,25%,25,beta=0.1,beta01,81,Gradient norm,actor/grad_norm,10.395857810974121
ONPOLICY-SFT-Qwen3-1P7B-COLDSTART-FRAC25-CODE-KODCODE-CTX8K-S1-BETA01-V1_1783425947,25%,25,beta=0.1,beta01,81,Train score mean,critic/score/mean,-0.30078125
ONPOLICY-SFT-Qwen3-1P7B-COLDSTART-FRAC25-CODE-KODCODE-CTX8K-S1-BETA01-V1_1783425947,25%,25,beta=0.1,beta01,81,Response length mean,response_length/mean,157.82421875
ONPOLICY-SFT-Qwen3-1P7B-COLDSTART-FRAC25-CODE-KODCODE-CTX8K-S1-BETA01-V1_1783425947,25%,25,beta=0.1,beta01,81,Time per step,perf/time_per_step,41.02003643102944
ONPOLICY-SFT-Qwen3-1P7B-COLDSTART-FRAC25-CODE-KODCODE-CTX8K-S1-BETA01-V1_1783425947,25%,25,beta=0.1,beta01,82,Rollout correct ratio,wdl_sft/correct_ratio,0.3359375
ONPOLICY-SFT-Qwen3-1P7B-COLDSTART-FRAC25-CODE-KODCODE-CTX8K-S1-BETA01-V1_1783425947,25%,25,beta=0.1,beta01,82,Gradient norm,actor/grad_norm,10.671536445617676
ONPOLICY-SFT-Qwen3-1P7B-COLDSTART-FRAC25-CODE-KODCODE-CTX8K-S1-BETA01-V1_1783425947,25%,25,beta=0.1,beta01,82,Train score mean,critic/score/mean,-0.328125
ONPOLICY-SFT-Qwen3-1P7B-COLDSTART-FRAC25-CODE-KODCODE-CTX8K-S1-BETA01-V1_1783425947,25%,25,beta=0.1,beta01,82,Response length mean,response_length/mean,175.94140625
ONPOLICY-SFT-Qwen3-1P7B-COLDSTART-FRAC25-CODE-KODCODE-CTX8K-S1-BETA01-V1_1783425947,25%,25,beta=0.1,beta01,82,Time per step,perf/time_per_step,45.12140206433833
ONPOLICY-SFT-Qwen3-1P7B-COLDSTART-FRAC25-CODE-KODCODE-CTX8K-S1-BETA01-V1_1783425947,25%,25,beta=0.1,beta01,83,Rollout correct ratio,wdl_sft/correct_ratio,0.337890625
ONPOLICY-SFT-Qwen3-1P7B-COLDSTART-FRAC25-CODE-KODCODE-CTX8K-S1-BETA01-V1_1783425947,25%,25,beta=0.1,beta01,83,Gradient norm,actor/grad_norm,11.566144943237305
ONPOLICY-SFT-Qwen3-1P7B-COLDSTART-FRAC25-CODE-KODCODE-CTX8K-S1-BETA01-V1_1783425947,25%,25,beta=0.1,beta01,83,Train score mean,critic/score/mean,-0.32421875
ONPOLICY-SFT-Qwen3-1P7B-COLDSTART-FRAC25-CODE-KODCODE-CTX8K-S1-BETA01-V1_1783425947,25%,25,beta=0.1,beta01,83,Response length mean,response_length/mean,176.814453125
ONPOLICY-SFT-Qwen3-1P7B-COLDSTART-FRAC25-CODE-KODCODE-CTX8K-S1-BETA01-V1_1783425947,25%,25,beta=0.1,beta01,83,Time per step,perf/time_per_step,42.218507181853056
ONPOLICY-SFT-Qwen3-1P7B-COLDSTART-FRAC25-CODE-KODCODE-CTX8K-S1-BETA01-V1_1783425947,25%,25,beta=0.1,beta01,84,Rollout correct ratio,wdl_sft/correct_ratio,0.357421875
ONPOLICY-SFT-Qwen3-1P7B-COLDSTART-FRAC25-CODE-KODCODE-CTX8K-S1-BETA01-V1_1783425947,25%,25,beta=0.1,beta01,84,Gradient norm,actor/grad_norm,11.10439395904541
ONPOLICY-SFT-Qwen3-1P7B-COLDSTART-FRAC25-CODE-KODCODE-CTX8K-S1-BETA01-V1_1783425947,25%,25,beta=0.1,beta01,84,Train score mean,critic/score/mean,-0.28515625
ONPOLICY-SFT-Qwen3-1P7B-COLDSTART-FRAC25-CODE-KODCODE-CTX8K-S1-BETA01-V1_1783425947,25%,25,beta=0.1,beta01,84,Response length mean,response_length/mean,171.828125
ONPOLICY-SFT-Qwen3-1P7B-COLDSTART-FRAC25-CODE-KODCODE-CTX8K-S1-BETA01-V1_1783425947,25%,25,beta=0.1,beta01,84,Time per step,perf/time_per_step,43.24094534944743
ONPOLICY-SFT-Qwen3-1P7B-COLDSTART-FRAC25-CODE-KODCODE-CTX8K-S1-BETA01-V1_1783425947,25%,25,beta=0.1,beta01,85,HumanEval+ pass@1,val-core/HumanEval+/acc/pass@1,0.5
ONPOLICY-SFT-Qwen3-1P7B-COLDSTART-FRAC25-CODE-KODCODE-CTX8K-S1-BETA01-V1_1783425947,25%,25,beta=0.1,beta01,85,MBPP+ pass@1,val-core/MBPP+/acc/pass@1,0.4947089947089947
ONPOLICY-SFT-Qwen3-1P7B-COLDSTART-FRAC25-CODE-KODCODE-CTX8K-S1-BETA01-V1_1783425947,25%,25,beta=0.1,beta01,85,LiveCodeBench pass@1,val-core/LiveCodeBench/acc/pass@1,0.21875
ONPOLICY-SFT-Qwen3-1P7B-COLDSTART-FRAC25-CODE-KODCODE-CTX8K-S1-BETA01-V1_1783425947,25%,25,beta=0.1,beta01,85,HumanEval+ extract fail,val-aux/HumanEval+/code_reward_extraction_fail/mean@1,0.0
ONPOLICY-SFT-Qwen3-1P7B-COLDSTART-FRAC25-CODE-KODCODE-CTX8K-S1-BETA01-V1_1783425947,25%,25,beta=0.1,beta01,85,MBPP+ extract fail,val-aux/MBPP+/code_reward_extraction_fail/mean@1,0.013227513227513227
ONPOLICY-SFT-Qwen3-1P7B-COLDSTART-FRAC25-CODE-KODCODE-CTX8K-S1-BETA01-V1_1783425947,25%,25,beta=0.1,beta01,85,LiveCodeBench extract fail,val-aux/LiveCodeBench/code_reward_extraction_fail/mean@1,0.015625
ONPOLICY-SFT-Qwen3-1P7B-COLDSTART-FRAC25-CODE-KODCODE-CTX8K-S1-BETA01-V1_1783425947,25%,25,beta=0.1,beta01,85,Rollout correct ratio,wdl_sft/correct_ratio,0.40625
ONPOLICY-SFT-Qwen3-1P7B-COLDSTART-FRAC25-CODE-KODCODE-CTX8K-S1-BETA01-V1_1783425947,25%,25,beta=0.1,beta01,85,Gradient norm,actor/grad_norm,9.344974517822266
ONPOLICY-SFT-Qwen3-1P7B-COLDSTART-FRAC25-CODE-KODCODE-CTX8K-S1-BETA01-V1_1783425947,25%,25,beta=0.1,beta01,85,Train score mean,critic/score/mean,-0.1875
ONPOLICY-SFT-Qwen3-1P7B-COLDSTART-FRAC25-CODE-KODCODE-CTX8K-S1-BETA01-V1_1783425947,25%,25,beta=0.1,beta01,85,Response length mean,response_length/mean,170.529296875
ONPOLICY-SFT-Qwen3-1P7B-COLDSTART-FRAC25-CODE-KODCODE-CTX8K-S1-BETA01-V1_1783425947,25%,25,beta=0.1,beta01,85,Time per step,perf/time_per_step,46.2345497533679
ONPOLICY-SFT-Qwen3-1P7B-COLDSTART-FRAC25-CODE-KODCODE-CTX8K-S1-BETA01-V1_1783425947,25%,25,beta=0.1,beta01,86,Rollout correct ratio,wdl_sft/correct_ratio,0.31640625
ONPOLICY-SFT-Qwen3-1P7B-COLDSTART-FRAC25-CODE-KODCODE-CTX8K-S1-BETA01-V1_1783425947,25%,25,beta=0.1,beta01,86,Gradient norm,actor/grad_norm,11.271474838256836
ONPOLICY-SFT-Qwen3-1P7B-COLDSTART-FRAC25-CODE-KODCODE-CTX8K-S1-BETA01-V1_1783425947,25%,25,beta=0.1,beta01,86,Train score mean,critic/score/mean,-0.3671875
ONPOLICY-SFT-Qwen3-1P7B-COLDSTART-FRAC25-CODE-KODCODE-CTX8K-S1-BETA01-V1_1783425947,25%,25,beta=0.1,beta01,86,Response length mean,response_length/mean,164.01171875
ONPOLICY-SFT-Qwen3-1P7B-COLDSTART-FRAC25-CODE-KODCODE-CTX8K-S1-BETA01-V1_1783425947,25%,25,beta=0.1,beta01,86,Time per step,perf/time_per_step,42.62167382054031
ONPOLICY-SFT-Qwen3-1P7B-COLDSTART-FRAC25-CODE-KODCODE-CTX8K-S1-BETA01-V1_1783425947,25%,25,beta=0.1,beta01,87,Rollout correct ratio,wdl_sft/correct_ratio,0.376953125
ONPOLICY-SFT-Qwen3-1P7B-COLDSTART-FRAC25-CODE-KODCODE-CTX8K-S1-BETA01-V1_1783425947,25%,25,beta=0.1,beta01,87,Gradient norm,actor/grad_norm,9.353026390075684
ONPOLICY-SFT-Qwen3-1P7B-COLDSTART-FRAC25-CODE-KODCODE-CTX8K-S1-BETA01-V1_1783425947,25%,25,beta=0.1,beta01,87,Train score mean,critic/score/mean,-0.24609375
ONPOLICY-SFT-Qwen3-1P7B-COLDSTART-FRAC25-CODE-KODCODE-CTX8K-S1-BETA01-V1_1783425947,25%,25,beta=0.1,beta01,87,Response length mean,response_length/mean,147.224609375
ONPOLICY-SFT-Qwen3-1P7B-COLDSTART-FRAC25-CODE-KODCODE-CTX8K-S1-BETA01-V1_1783425947,25%,25,beta=0.1,beta01,87,Time per step,perf/time_per_step,41.76427999138832
ONPOLICY-SFT-Qwen3-1P7B-COLDSTART-FRAC25-CODE-KODCODE-CTX8K-S1-BETA01-V1_1783425947,25%,25,beta=0.1,beta01,88,Rollout correct ratio,wdl_sft/correct_ratio,0.2890625
ONPOLICY-SFT-Qwen3-1P7B-COLDSTART-FRAC25-CODE-KODCODE-CTX8K-S1-BETA01-V1_1783425947,25%,25,beta=0.1,beta01,88,Gradient norm,actor/grad_norm,11.80969524383545
ONPOLICY-SFT-Qwen3-1P7B-COLDSTART-FRAC25-CODE-KODCODE-CTX8K-S1-BETA01-V1_1783425947,25%,25,beta=0.1,beta01,88,Train score mean,critic/score/mean,-0.421875
ONPOLICY-SFT-Qwen3-1P7B-COLDSTART-FRAC25-CODE-KODCODE-CTX8K-S1-BETA01-V1_1783425947,25%,25,beta=0.1,beta01,88,Response length mean,response_length/mean,168.38671875
ONPOLICY-SFT-Qwen3-1P7B-COLDSTART-FRAC25-CODE-KODCODE-CTX8K-S1-BETA01-V1_1783425947,25%,25,beta=0.1,beta01,88,Time per step,perf/time_per_step,42.71812901645899
ONPOLICY-SFT-Qwen3-1P7B-COLDSTART-FRAC25-CODE-KODCODE-CTX8K-S1-BETA01-V1_1783425947,25%,25,beta=0.1,beta01,89,Rollout correct ratio,wdl_sft/correct_ratio,0.46875
ONPOLICY-SFT-Qwen3-1P7B-COLDSTART-FRAC25-CODE-KODCODE-CTX8K-S1-BETA01-V1_1783425947,25%,25,beta=0.1,beta01,89,Gradient norm,actor/grad_norm,7.9440107345581055
ONPOLICY-SFT-Qwen3-1P7B-COLDSTART-FRAC25-CODE-KODCODE-CTX8K-S1-BETA01-V1_1783425947,25%,25,beta=0.1,beta01,89,Train score mean,critic/score/mean,-0.0625
ONPOLICY-SFT-Qwen3-1P7B-COLDSTART-FRAC25-CODE-KODCODE-CTX8K-S1-BETA01-V1_1783425947,25%,25,beta=0.1,beta01,89,Response length mean,response_length/mean,157.98046875
ONPOLICY-SFT-Qwen3-1P7B-COLDSTART-FRAC25-CODE-KODCODE-CTX8K-S1-BETA01-V1_1783425947,25%,25,beta=0.1,beta01,89,Time per step,perf/time_per_step,46.708666291087866
ONPOLICY-SFT-Qwen3-1P7B-COLDSTART-FRAC25-CODE-KODCODE-CTX8K-S1-BETA01-V1_1783425947,25%,25,beta=0.1,beta01,90,HumanEval+ pass@1,val-core/HumanEval+/acc/pass@1,0.45121951219512196
ONPOLICY-SFT-Qwen3-1P7B-COLDSTART-FRAC25-CODE-KODCODE-CTX8K-S1-BETA01-V1_1783425947,25%,25,beta=0.1,beta01,90,MBPP+ pass@1,val-core/MBPP+/acc/pass@1,0.5
ONPOLICY-SFT-Qwen3-1P7B-COLDSTART-FRAC25-CODE-KODCODE-CTX8K-S1-BETA01-V1_1783425947,25%,25,beta=0.1,beta01,90,LiveCodeBench pass@1,val-core/LiveCodeBench/acc/pass@1,0.234375
ONPOLICY-SFT-Qwen3-1P7B-COLDSTART-FRAC25-CODE-KODCODE-CTX8K-S1-BETA01-V1_1783425947,25%,25,beta=0.1,beta01,90,HumanEval+ extract fail,val-aux/HumanEval+/code_reward_extraction_fail/mean@1,0.0
ONPOLICY-SFT-Qwen3-1P7B-COLDSTART-FRAC25-CODE-KODCODE-CTX8K-S1-BETA01-V1_1783425947,25%,25,beta=0.1,beta01,90,MBPP+ extract fail,val-aux/MBPP+/code_reward_extraction_fail/mean@1,0.0026455026455026454
ONPOLICY-SFT-Qwen3-1P7B-COLDSTART-FRAC25-CODE-KODCODE-CTX8K-S1-BETA01-V1_1783425947,25%,25,beta=0.1,beta01,90,LiveCodeBench extract fail,val-aux/LiveCodeBench/code_reward_extraction_fail/mean@1,0.03125
ONPOLICY-SFT-Qwen3-1P7B-COLDSTART-FRAC25-CODE-KODCODE-CTX8K-S1-BETA01-V1_1783425947,25%,25,beta=0.1,beta01,90,Rollout correct ratio,wdl_sft/correct_ratio,0.30859375
ONPOLICY-SFT-Qwen3-1P7B-COLDSTART-FRAC25-CODE-KODCODE-CTX8K-S1-BETA01-V1_1783425947,25%,25,beta=0.1,beta01,90,Gradient norm,actor/grad_norm,13.369711875915527
ONPOLICY-SFT-Qwen3-1P7B-COLDSTART-FRAC25-CODE-KODCODE-CTX8K-S1-BETA01-V1_1783425947,25%,25,beta=0.1,beta01,90,Train score mean,critic/score/mean,-0.3828125
ONPOLICY-SFT-Qwen3-1P7B-COLDSTART-FRAC25-CODE-KODCODE-CTX8K-S1-BETA01-V1_1783425947,25%,25,beta=0.1,beta01,90,Response length mean,response_length/mean,172.271484375
ONPOLICY-SFT-Qwen3-1P7B-COLDSTART-FRAC25-CODE-KODCODE-CTX8K-S1-BETA01-V1_1783425947,25%,25,beta=0.1,beta01,90,Time per step,perf/time_per_step,47.094306032173336
ONPOLICY-SFT-Qwen3-1P7B-COLDSTART-FRAC25-CODE-KODCODE-CTX8K-S1-BETA01-V1_1783425947,25%,25,beta=0.1,beta01,91,Rollout correct ratio,wdl_sft/correct_ratio,0.44921875
ONPOLICY-SFT-Qwen3-1P7B-COLDSTART-FRAC25-CODE-KODCODE-CTX8K-S1-BETA01-V1_1783425947,25%,25,beta=0.1,beta01,91,Gradient norm,actor/grad_norm,8.501749992370605
ONPOLICY-SFT-Qwen3-1P7B-COLDSTART-FRAC25-CODE-KODCODE-CTX8K-S1-BETA01-V1_1783425947,25%,25,beta=0.1,beta01,91,Train score mean,critic/score/mean,-0.1015625
ONPOLICY-SFT-Qwen3-1P7B-COLDSTART-FRAC25-CODE-KODCODE-CTX8K-S1-BETA01-V1_1783425947,25%,25,beta=0.1,beta01,91,Response length mean,response_length/mean,135.87109375
ONPOLICY-SFT-Qwen3-1P7B-COLDSTART-FRAC25-CODE-KODCODE-CTX8K-S1-BETA01-V1_1783425947,25%,25,beta=0.1,beta01,91,Time per step,perf/time_per_step,41.78524792287499
ONPOLICY-SFT-Qwen3-1P7B-COLDSTART-FRAC25-CODE-KODCODE-CTX8K-S1-BETA01-V1_1783425947,25%,25,beta=0.1,beta01,92,Rollout correct ratio,wdl_sft/correct_ratio,0.41796875
ONPOLICY-SFT-Qwen3-1P7B-COLDSTART-FRAC25-CODE-KODCODE-CTX8K-S1-BETA01-V1_1783425947,25%,25,beta=0.1,beta01,92,Gradient norm,actor/grad_norm,10.030486106872559
ONPOLICY-SFT-Qwen3-1P7B-COLDSTART-FRAC25-CODE-KODCODE-CTX8K-S1-BETA01-V1_1783425947,25%,25,beta=0.1,beta01,92,Train score mean,critic/score/mean,-0.1640625
ONPOLICY-SFT-Qwen3-1P7B-COLDSTART-FRAC25-CODE-KODCODE-CTX8K-S1-BETA01-V1_1783425947,25%,25,beta=0.1,beta01,92,Response length mean,response_length/mean,158.92578125
ONPOLICY-SFT-Qwen3-1P7B-COLDSTART-FRAC25-CODE-KODCODE-CTX8K-S1-BETA01-V1_1783425947,25%,25,beta=0.1,beta01,92,Time per step,perf/time_per_step,42.320785978809
ONPOLICY-SFT-Qwen3-1P7B-COLDSTART-FRAC25-CODE-KODCODE-CTX8K-S1-BETA01-V1_1783425947,25%,25,beta=0.1,beta01,93,Rollout correct ratio,wdl_sft/correct_ratio,0.345703125
ONPOLICY-SFT-Qwen3-1P7B-COLDSTART-FRAC25-CODE-KODCODE-CTX8K-S1-BETA01-V1_1783425947,25%,25,beta=0.1,beta01,93,Gradient norm,actor/grad_norm,11.352359771728516
ONPOLICY-SFT-Qwen3-1P7B-COLDSTART-FRAC25-CODE-KODCODE-CTX8K-S1-BETA01-V1_1783425947,25%,25,beta=0.1,beta01,93,Train score mean,critic/score/mean,-0.30859375
ONPOLICY-SFT-Qwen3-1P7B-COLDSTART-FRAC25-CODE-KODCODE-CTX8K-S1-BETA01-V1_1783425947,25%,25,beta=0.1,beta01,93,Response length mean,response_length/mean,166.919921875
ONPOLICY-SFT-Qwen3-1P7B-COLDSTART-FRAC25-CODE-KODCODE-CTX8K-S1-BETA01-V1_1783425947,25%,25,beta=0.1,beta01,93,Time per step,perf/time_per_step,44.598139931447804
ONPOLICY-SFT-Qwen3-1P7B-COLDSTART-FRAC25-CODE-KODCODE-CTX8K-S1-BETA01-V1_1783425947,25%,25,beta=0.1,beta01,94,Rollout correct ratio,wdl_sft/correct_ratio,0.33984375
ONPOLICY-SFT-Qwen3-1P7B-COLDSTART-FRAC25-CODE-KODCODE-CTX8K-S1-BETA01-V1_1783425947,25%,25,beta=0.1,beta01,94,Gradient norm,actor/grad_norm,10.787198066711426
ONPOLICY-SFT-Qwen3-1P7B-COLDSTART-FRAC25-CODE-KODCODE-CTX8K-S1-BETA01-V1_1783425947,25%,25,beta=0.1,beta01,94,Train score mean,critic/score/mean,-0.3203125
ONPOLICY-SFT-Qwen3-1P7B-COLDSTART-FRAC25-CODE-KODCODE-CTX8K-S1-BETA01-V1_1783425947,25%,25,beta=0.1,beta01,94,Response length mean,response_length/mean,174.7265625
ONPOLICY-SFT-Qwen3-1P7B-COLDSTART-FRAC25-CODE-KODCODE-CTX8K-S1-BETA01-V1_1783425947,25%,25,beta=0.1,beta01,94,Time per step,perf/time_per_step,42.448230639100075
ONPOLICY-SFT-Qwen3-1P7B-COLDSTART-FRAC25-CODE-KODCODE-CTX8K-S1-BETA01-V1_1783425947,25%,25,beta=0.1,beta01,95,HumanEval+ pass@1,val-core/HumanEval+/acc/pass@1,0.47560975609756095
ONPOLICY-SFT-Qwen3-1P7B-COLDSTART-FRAC25-CODE-KODCODE-CTX8K-S1-BETA01-V1_1783425947,25%,25,beta=0.1,beta01,95,MBPP+ pass@1,val-core/MBPP+/acc/pass@1,0.48412698412698413
ONPOLICY-SFT-Qwen3-1P7B-COLDSTART-FRAC25-CODE-KODCODE-CTX8K-S1-BETA01-V1_1783425947,25%,25,beta=0.1,beta01,95,LiveCodeBench pass@1,val-core/LiveCodeBench/acc/pass@1,0.2265625
ONPOLICY-SFT-Qwen3-1P7B-COLDSTART-FRAC25-CODE-KODCODE-CTX8K-S1-BETA01-V1_1783425947,25%,25,beta=0.1,beta01,95,HumanEval+ extract fail,val-aux/HumanEval+/code_reward_extraction_fail/mean@1,0.0
ONPOLICY-SFT-Qwen3-1P7B-COLDSTART-FRAC25-CODE-KODCODE-CTX8K-S1-BETA01-V1_1783425947,25%,25,beta=0.1,beta01,95,MBPP+ extract fail,val-aux/MBPP+/code_reward_extraction_fail/mean@1,0.010582010582010581
ONPOLICY-SFT-Qwen3-1P7B-COLDSTART-FRAC25-CODE-KODCODE-CTX8K-S1-BETA01-V1_1783425947,25%,25,beta=0.1,beta01,95,LiveCodeBench extract fail,val-aux/LiveCodeBench/code_reward_extraction_fail/mean@1,0.0078125
ONPOLICY-SFT-Qwen3-1P7B-COLDSTART-FRAC25-CODE-KODCODE-CTX8K-S1-BETA01-V1_1783425947,25%,25,beta=0.1,beta01,95,Rollout correct ratio,wdl_sft/correct_ratio,0.416015625
ONPOLICY-SFT-Qwen3-1P7B-COLDSTART-FRAC25-CODE-KODCODE-CTX8K-S1-BETA01-V1_1783425947,25%,25,beta=0.1,beta01,95,Gradient norm,actor/grad_norm,9.233417510986328
ONPOLICY-SFT-Qwen3-1P7B-COLDSTART-FRAC25-CODE-KODCODE-CTX8K-S1-BETA01-V1_1783425947,25%,25,beta=0.1,beta01,95,Train score mean,critic/score/mean,-0.16796875
ONPOLICY-SFT-Qwen3-1P7B-COLDSTART-FRAC25-CODE-KODCODE-CTX8K-S1-BETA01-V1_1783425947,25%,25,beta=0.1,beta01,95,Response length mean,response_length/mean,161.875
ONPOLICY-SFT-Qwen3-1P7B-COLDSTART-FRAC25-CODE-KODCODE-CTX8K-S1-BETA01-V1_1783425947,25%,25,beta=0.1,beta01,95,Time per step,perf/time_per_step,47.03771671280265
ONPOLICY-SFT-Qwen3-1P7B-COLDSTART-FRAC25-CODE-KODCODE-CTX8K-S1-BETA01-V1_1783425947,25%,25,beta=0.1,beta01,96,Rollout correct ratio,wdl_sft/correct_ratio,0.28515625
ONPOLICY-SFT-Qwen3-1P7B-COLDSTART-FRAC25-CODE-KODCODE-CTX8K-S1-BETA01-V1_1783425947,25%,25,beta=0.1,beta01,96,Gradient norm,actor/grad_norm,11.77004623413086
ONPOLICY-SFT-Qwen3-1P7B-COLDSTART-FRAC25-CODE-KODCODE-CTX8K-S1-BETA01-V1_1783425947,25%,25,beta=0.1,beta01,96,Train score mean,critic/score/mean,-0.4296875
ONPOLICY-SFT-Qwen3-1P7B-COLDSTART-FRAC25-CODE-KODCODE-CTX8K-S1-BETA01-V1_1783425947,25%,25,beta=0.1,beta01,96,Response length mean,response_length/mean,176.708984375
ONPOLICY-SFT-Qwen3-1P7B-COLDSTART-FRAC25-CODE-KODCODE-CTX8K-S1-BETA01-V1_1783425947,25%,25,beta=0.1,beta01,96,Time per step,perf/time_per_step,45.94310769997537
ONPOLICY-SFT-Qwen3-1P7B-COLDSTART-FRAC25-CODE-KODCODE-CTX8K-S1-BETA01-V1_1783425947,25%,25,beta=0.1,beta01,97,Rollout correct ratio,wdl_sft/correct_ratio,0.3828125
ONPOLICY-SFT-Qwen3-1P7B-COLDSTART-FRAC25-CODE-KODCODE-CTX8K-S1-BETA01-V1_1783425947,25%,25,beta=0.1,beta01,97,Gradient norm,actor/grad_norm,9.090590476989746
ONPOLICY-SFT-Qwen3-1P7B-COLDSTART-FRAC25-CODE-KODCODE-CTX8K-S1-BETA01-V1_1783425947,25%,25,beta=0.1,beta01,97,Train score mean,critic/score/mean,-0.234375
ONPOLICY-SFT-Qwen3-1P7B-COLDSTART-FRAC25-CODE-KODCODE-CTX8K-S1-BETA01-V1_1783425947,25%,25,beta=0.1,beta01,97,Response length mean,response_length/mean,164.85546875
ONPOLICY-SFT-Qwen3-1P7B-COLDSTART-FRAC25-CODE-KODCODE-CTX8K-S1-BETA01-V1_1783425947,25%,25,beta=0.1,beta01,97,Time per step,perf/time_per_step,46.36682177707553
ONPOLICY-SFT-Qwen3-1P7B-COLDSTART-FRAC25-CODE-KODCODE-CTX8K-S1-BETA01-V1_1783425947,25%,25,beta=0.1,beta01,98,Rollout correct ratio,wdl_sft/correct_ratio,0.31640625
ONPOLICY-SFT-Qwen3-1P7B-COLDSTART-FRAC25-CODE-KODCODE-CTX8K-S1-BETA01-V1_1783425947,25%,25,beta=0.1,beta01,98,Gradient norm,actor/grad_norm,12.234766960144043
ONPOLICY-SFT-Qwen3-1P7B-COLDSTART-FRAC25-CODE-KODCODE-CTX8K-S1-BETA01-V1_1783425947,25%,25,beta=0.1,beta01,98,Train score mean,critic/score/mean,-0.3671875
ONPOLICY-SFT-Qwen3-1P7B-COLDSTART-FRAC25-CODE-KODCODE-CTX8K-S1-BETA01-V1_1783425947,25%,25,beta=0.1,beta01,98,Response length mean,response_length/mean,176.97265625
ONPOLICY-SFT-Qwen3-1P7B-COLDSTART-FRAC25-CODE-KODCODE-CTX8K-S1-BETA01-V1_1783425947,25%,25,beta=0.1,beta01,98,Time per step,perf/time_per_step,50.36989501211792
ONPOLICY-SFT-Qwen3-1P7B-COLDSTART-FRAC25-CODE-KODCODE-CTX8K-S1-BETA01-V1_1783425947,25%,25,beta=0.1,beta01,99,Rollout correct ratio,wdl_sft/correct_ratio,0.359375
ONPOLICY-SFT-Qwen3-1P7B-COLDSTART-FRAC25-CODE-KODCODE-CTX8K-S1-BETA01-V1_1783425947,25%,25,beta=0.1,beta01,99,Gradient norm,actor/grad_norm,11.388276100158691
ONPOLICY-SFT-Qwen3-1P7B-COLDSTART-FRAC25-CODE-KODCODE-CTX8K-S1-BETA01-V1_1783425947,25%,25,beta=0.1,beta01,99,Train score mean,critic/score/mean,-0.28125
ONPOLICY-SFT-Qwen3-1P7B-COLDSTART-FRAC25-CODE-KODCODE-CTX8K-S1-BETA01-V1_1783425947,25%,25,beta=0.1,beta01,99,Response length mean,response_length/mean,174.087890625
ONPOLICY-SFT-Qwen3-1P7B-COLDSTART-FRAC25-CODE-KODCODE-CTX8K-S1-BETA01-V1_1783425947,25%,25,beta=0.1,beta01,99,Time per step,perf/time_per_step,41.39874838292599
ONPOLICY-SFT-Qwen3-1P7B-COLDSTART-FRAC25-CODE-KODCODE-CTX8K-S1-BETA01-V1_1783425947,25%,25,beta=0.1,beta01,100,HumanEval+ pass@1,val-core/HumanEval+/acc/pass@1,0.5
ONPOLICY-SFT-Qwen3-1P7B-COLDSTART-FRAC25-CODE-KODCODE-CTX8K-S1-BETA01-V1_1783425947,25%,25,beta=0.1,beta01,100,MBPP+ pass@1,val-core/MBPP+/acc/pass@1,0.48677248677248675
ONPOLICY-SFT-Qwen3-1P7B-COLDSTART-FRAC25-CODE-KODCODE-CTX8K-S1-BETA01-V1_1783425947,25%,25,beta=0.1,beta01,100,LiveCodeBench pass@1,val-core/LiveCodeBench/acc/pass@1,0.1875
ONPOLICY-SFT-Qwen3-1P7B-COLDSTART-FRAC25-CODE-KODCODE-CTX8K-S1-BETA01-V1_1783425947,25%,25,beta=0.1,beta01,100,HumanEval+ extract fail,val-aux/HumanEval+/code_reward_extraction_fail/mean@1,0.006097560975609756
ONPOLICY-SFT-Qwen3-1P7B-COLDSTART-FRAC25-CODE-KODCODE-CTX8K-S1-BETA01-V1_1783425947,25%,25,beta=0.1,beta01,100,MBPP+ extract fail,val-aux/MBPP+/code_reward_extraction_fail/mean@1,0.010582010582010581
ONPOLICY-SFT-Qwen3-1P7B-COLDSTART-FRAC25-CODE-KODCODE-CTX8K-S1-BETA01-V1_1783425947,25%,25,beta=0.1,beta01,100,LiveCodeBench extract fail,val-aux/LiveCodeBench/code_reward_extraction_fail/mean@1,0.0078125
ONPOLICY-SFT-Qwen3-1P7B-COLDSTART-FRAC25-CODE-KODCODE-CTX8K-S1-BETA01-V1_1783425947,25%,25,beta=0.1,beta01,100,Rollout correct ratio,wdl_sft/correct_ratio,0.380859375
ONPOLICY-SFT-Qwen3-1P7B-COLDSTART-FRAC25-CODE-KODCODE-CTX8K-S1-BETA01-V1_1783425947,25%,25,beta=0.1,beta01,100,Gradient norm,actor/grad_norm,10.46133041381836
ONPOLICY-SFT-Qwen3-1P7B-COLDSTART-FRAC25-CODE-KODCODE-CTX8K-S1-BETA01-V1_1783425947,25%,25,beta=0.1,beta01,100,Train score mean,critic/score/mean,-0.23828125
ONPOLICY-SFT-Qwen3-1P7B-COLDSTART-FRAC25-CODE-KODCODE-CTX8K-S1-BETA01-V1_1783425947,25%,25,beta=0.1,beta01,100,Response length mean,response_length/mean,168.857421875
ONPOLICY-SFT-Qwen3-1P7B-COLDSTART-FRAC25-CODE-KODCODE-CTX8K-S1-BETA01-V1_1783425947,25%,25,beta=0.1,beta01,100,Time per step,perf/time_per_step,47.18977708555758
ONPOLICY-SFT-Qwen3-1P7B-COLDSTART-FRAC25-CODE-KODCODE-CTX8K-S1-BETA01-V1_1783425947,25%,25,beta=0.1,beta01,101,Rollout correct ratio,wdl_sft/correct_ratio,0.373046875
ONPOLICY-SFT-Qwen3-1P7B-COLDSTART-FRAC25-CODE-KODCODE-CTX8K-S1-BETA01-V1_1783425947,25%,25,beta=0.1,beta01,101,Gradient norm,actor/grad_norm,10.501737594604492
ONPOLICY-SFT-Qwen3-1P7B-COLDSTART-FRAC25-CODE-KODCODE-CTX8K-S1-BETA01-V1_1783425947,25%,25,beta=0.1,beta01,101,Train score mean,critic/score/mean,-0.25390625
ONPOLICY-SFT-Qwen3-1P7B-COLDSTART-FRAC25-CODE-KODCODE-CTX8K-S1-BETA01-V1_1783425947,25%,25,beta=0.1,beta01,101,Response length mean,response_length/mean,160.126953125
ONPOLICY-SFT-Qwen3-1P7B-COLDSTART-FRAC25-CODE-KODCODE-CTX8K-S1-BETA01-V1_1783425947,25%,25,beta=0.1,beta01,101,Time per step,perf/time_per_step,43.14881224185228
ONPOLICY-SFT-Qwen3-1P7B-COLDSTART-FRAC25-CODE-KODCODE-CTX8K-S1-BETA01-V1_1783425947,25%,25,beta=0.1,beta01,102,Rollout correct ratio,wdl_sft/correct_ratio,0.4140625
ONPOLICY-SFT-Qwen3-1P7B-COLDSTART-FRAC25-CODE-KODCODE-CTX8K-S1-BETA01-V1_1783425947,25%,25,beta=0.1,beta01,102,Gradient norm,actor/grad_norm,9.6726655960083
ONPOLICY-SFT-Qwen3-1P7B-COLDSTART-FRAC25-CODE-KODCODE-CTX8K-S1-BETA01-V1_1783425947,25%,25,beta=0.1,beta01,102,Train score mean,critic/score/mean,-0.171875
ONPOLICY-SFT-Qwen3-1P7B-COLDSTART-FRAC25-CODE-KODCODE-CTX8K-S1-BETA01-V1_1783425947,25%,25,beta=0.1,beta01,102,Response length mean,response_length/mean,170.541015625
ONPOLICY-SFT-Qwen3-1P7B-COLDSTART-FRAC25-CODE-KODCODE-CTX8K-S1-BETA01-V1_1783425947,25%,25,beta=0.1,beta01,102,Time per step,perf/time_per_step,43.994471564888954
ONPOLICY-SFT-Qwen3-1P7B-COLDSTART-FRAC25-CODE-KODCODE-CTX8K-S1-BETA01-V1_1783425947,25%,25,beta=0.1,beta01,103,Rollout correct ratio,wdl_sft/correct_ratio,0.31640625
ONPOLICY-SFT-Qwen3-1P7B-COLDSTART-FRAC25-CODE-KODCODE-CTX8K-S1-BETA01-V1_1783425947,25%,25,beta=0.1,beta01,103,Gradient norm,actor/grad_norm,12.528170585632324
ONPOLICY-SFT-Qwen3-1P7B-COLDSTART-FRAC25-CODE-KODCODE-CTX8K-S1-BETA01-V1_1783425947,25%,25,beta=0.1,beta01,103,Train score mean,critic/score/mean,-0.3671875
ONPOLICY-SFT-Qwen3-1P7B-COLDSTART-FRAC25-CODE-KODCODE-CTX8K-S1-BETA01-V1_1783425947,25%,25,beta=0.1,beta01,103,Response length mean,response_length/mean,176.65234375
ONPOLICY-SFT-Qwen3-1P7B-COLDSTART-FRAC25-CODE-KODCODE-CTX8K-S1-BETA01-V1_1783425947,25%,25,beta=0.1,beta01,103,Time per step,perf/time_per_step,63.103092059493065
ONPOLICY-SFT-Qwen3-1P7B-COLDSTART-FRAC25-CODE-KODCODE-CTX8K-S1-BETA01-V1_1783425947,25%,25,beta=0.1,beta01,104,Rollout correct ratio,wdl_sft/correct_ratio,0.37890625
ONPOLICY-SFT-Qwen3-1P7B-COLDSTART-FRAC25-CODE-KODCODE-CTX8K-S1-BETA01-V1_1783425947,25%,25,beta=0.1,beta01,104,Gradient norm,actor/grad_norm,10.50834846496582
ONPOLICY-SFT-Qwen3-1P7B-COLDSTART-FRAC25-CODE-KODCODE-CTX8K-S1-BETA01-V1_1783425947,25%,25,beta=0.1,beta01,104,Train score mean,critic/score/mean,-0.2421875
ONPOLICY-SFT-Qwen3-1P7B-COLDSTART-FRAC25-CODE-KODCODE-CTX8K-S1-BETA01-V1_1783425947,25%,25,beta=0.1,beta01,104,Response length mean,response_length/mean,151.251953125
ONPOLICY-SFT-Qwen3-1P7B-COLDSTART-FRAC25-CODE-KODCODE-CTX8K-S1-BETA01-V1_1783425947,25%,25,beta=0.1,beta01,104,Time per step,perf/time_per_step,44.160368270240724
ONPOLICY-SFT-Qwen3-1P7B-COLDSTART-FRAC25-CODE-KODCODE-CTX8K-S1-BETA01-V1_1783425947,25%,25,beta=0.1,beta01,105,HumanEval+ pass@1,val-core/HumanEval+/acc/pass@1,0.47560975609756095
ONPOLICY-SFT-Qwen3-1P7B-COLDSTART-FRAC25-CODE-KODCODE-CTX8K-S1-BETA01-V1_1783425947,25%,25,beta=0.1,beta01,105,MBPP+ pass@1,val-core/MBPP+/acc/pass@1,0.47619047619047616
ONPOLICY-SFT-Qwen3-1P7B-COLDSTART-FRAC25-CODE-KODCODE-CTX8K-S1-BETA01-V1_1783425947,25%,25,beta=0.1,beta01,105,LiveCodeBench pass@1,val-core/LiveCodeBench/acc/pass@1,0.2109375
ONPOLICY-SFT-Qwen3-1P7B-COLDSTART-FRAC25-CODE-KODCODE-CTX8K-S1-BETA01-V1_1783425947,25%,25,beta=0.1,beta01,105,HumanEval+ extract fail,val-aux/HumanEval+/code_reward_extraction_fail/mean@1,0.0
ONPOLICY-SFT-Qwen3-1P7B-COLDSTART-FRAC25-CODE-KODCODE-CTX8K-S1-BETA01-V1_1783425947,25%,25,beta=0.1,beta01,105,MBPP+ extract fail,val-aux/MBPP+/code_reward_extraction_fail/mean@1,0.013227513227513227
ONPOLICY-SFT-Qwen3-1P7B-COLDSTART-FRAC25-CODE-KODCODE-CTX8K-S1-BETA01-V1_1783425947,25%,25,beta=0.1,beta01,105,LiveCodeBench extract fail,val-aux/LiveCodeBench/code_reward_extraction_fail/mean@1,0.0078125
ONPOLICY-SFT-Qwen3-1P7B-COLDSTART-FRAC25-CODE-KODCODE-CTX8K-S1-BETA01-V1_1783425947,25%,25,beta=0.1,beta01,105,Rollout correct ratio,wdl_sft/correct_ratio,0.375
ONPOLICY-SFT-Qwen3-1P7B-COLDSTART-FRAC25-CODE-KODCODE-CTX8K-S1-BETA01-V1_1783425947,25%,25,beta=0.1,beta01,105,Gradient norm,actor/grad_norm,9.873194694519043
ONPOLICY-SFT-Qwen3-1P7B-COLDSTART-FRAC25-CODE-KODCODE-CTX8K-S1-BETA01-V1_1783425947,25%,25,beta=0.1,beta01,105,Train score mean,critic/score/mean,-0.25
ONPOLICY-SFT-Qwen3-1P7B-COLDSTART-FRAC25-CODE-KODCODE-CTX8K-S1-BETA01-V1_1783425947,25%,25,beta=0.1,beta01,105,Response length mean,response_length/mean,165.986328125
ONPOLICY-SFT-Qwen3-1P7B-COLDSTART-FRAC25-CODE-KODCODE-CTX8K-S1-BETA01-V1_1783425947,25%,25,beta=0.1,beta01,105,Time per step,perf/time_per_step,47.75333568174392
ONPOLICY-SFT-Qwen3-1P7B-COLDSTART-FRAC25-CODE-KODCODE-CTX8K-S1-BETA01-V1_1783425947,25%,25,beta=0.1,beta01,106,Rollout correct ratio,wdl_sft/correct_ratio,0.376953125
ONPOLICY-SFT-Qwen3-1P7B-COLDSTART-FRAC25-CODE-KODCODE-CTX8K-S1-BETA01-V1_1783425947,25%,25,beta=0.1,beta01,106,Gradient norm,actor/grad_norm,9.460124015808105
ONPOLICY-SFT-Qwen3-1P7B-COLDSTART-FRAC25-CODE-KODCODE-CTX8K-S1-BETA01-V1_1783425947,25%,25,beta=0.1,beta01,106,Train score mean,critic/score/mean,-0.24609375
ONPOLICY-SFT-Qwen3-1P7B-COLDSTART-FRAC25-CODE-KODCODE-CTX8K-S1-BETA01-V1_1783425947,25%,25,beta=0.1,beta01,106,Response length mean,response_length/mean,145.76171875
ONPOLICY-SFT-Qwen3-1P7B-COLDSTART-FRAC25-CODE-KODCODE-CTX8K-S1-BETA01-V1_1783425947,25%,25,beta=0.1,beta01,106,Time per step,perf/time_per_step,41.90225369762629
ONPOLICY-SFT-Qwen3-1P7B-COLDSTART-FRAC25-CODE-KODCODE-CTX8K-S1-BETA01-V1_1783425947,25%,25,beta=0.1,beta01,107,Rollout correct ratio,wdl_sft/correct_ratio,0.3515625
ONPOLICY-SFT-Qwen3-1P7B-COLDSTART-FRAC25-CODE-KODCODE-CTX8K-S1-BETA01-V1_1783425947,25%,25,beta=0.1,beta01,107,Gradient norm,actor/grad_norm,10.024423599243164
ONPOLICY-SFT-Qwen3-1P7B-COLDSTART-FRAC25-CODE-KODCODE-CTX8K-S1-BETA01-V1_1783425947,25%,25,beta=0.1,beta01,107,Train score mean,critic/score/mean,-0.296875
ONPOLICY-SFT-Qwen3-1P7B-COLDSTART-FRAC25-CODE-KODCODE-CTX8K-S1-BETA01-V1_1783425947,25%,25,beta=0.1,beta01,107,Response length mean,response_length/mean,163.396484375
ONPOLICY-SFT-Qwen3-1P7B-COLDSTART-FRAC25-CODE-KODCODE-CTX8K-S1-BETA01-V1_1783425947,25%,25,beta=0.1,beta01,107,Time per step,perf/time_per_step,43.47640806436539
ONPOLICY-SFT-Qwen3-1P7B-COLDSTART-FRAC25-CODE-KODCODE-CTX8K-S1-BETA01-V1_1783425947,25%,25,beta=0.1,beta01,108,Rollout correct ratio,wdl_sft/correct_ratio,0.353515625
ONPOLICY-SFT-Qwen3-1P7B-COLDSTART-FRAC25-CODE-KODCODE-CTX8K-S1-BETA01-V1_1783425947,25%,25,beta=0.1,beta01,108,Gradient norm,actor/grad_norm,10.203775405883789
ONPOLICY-SFT-Qwen3-1P7B-COLDSTART-FRAC25-CODE-KODCODE-CTX8K-S1-BETA01-V1_1783425947,25%,25,beta=0.1,beta01,108,Train score mean,critic/score/mean,-0.29296875
ONPOLICY-SFT-Qwen3-1P7B-COLDSTART-FRAC25-CODE-KODCODE-CTX8K-S1-BETA01-V1_1783425947,25%,25,beta=0.1,beta01,108,Response length mean,response_length/mean,152.060546875
ONPOLICY-SFT-Qwen3-1P7B-COLDSTART-FRAC25-CODE-KODCODE-CTX8K-S1-BETA01-V1_1783425947,25%,25,beta=0.1,beta01,108,Time per step,perf/time_per_step,42.59498494211584
ONPOLICY-SFT-Qwen3-1P7B-COLDSTART-FRAC25-CODE-KODCODE-CTX8K-S1-BETA01-V1_1783425947,25%,25,beta=0.1,beta01,109,Rollout correct ratio,wdl_sft/correct_ratio,0.322265625
ONPOLICY-SFT-Qwen3-1P7B-COLDSTART-FRAC25-CODE-KODCODE-CTX8K-S1-BETA01-V1_1783425947,25%,25,beta=0.1,beta01,109,Gradient norm,actor/grad_norm,12.411049842834473
ONPOLICY-SFT-Qwen3-1P7B-COLDSTART-FRAC25-CODE-KODCODE-CTX8K-S1-BETA01-V1_1783425947,25%,25,beta=0.1,beta01,109,Train score mean,critic/score/mean,-0.35546875
ONPOLICY-SFT-Qwen3-1P7B-COLDSTART-FRAC25-CODE-KODCODE-CTX8K-S1-BETA01-V1_1783425947,25%,25,beta=0.1,beta01,109,Response length mean,response_length/mean,168.890625
ONPOLICY-SFT-Qwen3-1P7B-COLDSTART-FRAC25-CODE-KODCODE-CTX8K-S1-BETA01-V1_1783425947,25%,25,beta=0.1,beta01,109,Time per step,perf/time_per_step,45.05728638265282
ONPOLICY-SFT-Qwen3-1P7B-COLDSTART-FRAC25-CODE-KODCODE-CTX8K-S1-BETA01-V1_1783425947,25%,25,beta=0.1,beta01,110,HumanEval+ pass@1,val-core/HumanEval+/acc/pass@1,0.49390243902439024
ONPOLICY-SFT-Qwen3-1P7B-COLDSTART-FRAC25-CODE-KODCODE-CTX8K-S1-BETA01-V1_1783425947,25%,25,beta=0.1,beta01,110,MBPP+ pass@1,val-core/MBPP+/acc/pass@1,0.4947089947089947
ONPOLICY-SFT-Qwen3-1P7B-COLDSTART-FRAC25-CODE-KODCODE-CTX8K-S1-BETA01-V1_1783425947,25%,25,beta=0.1,beta01,110,LiveCodeBench pass@1,val-core/LiveCodeBench/acc/pass@1,0.2265625
ONPOLICY-SFT-Qwen3-1P7B-COLDSTART-FRAC25-CODE-KODCODE-CTX8K-S1-BETA01-V1_1783425947,25%,25,beta=0.1,beta01,110,HumanEval+ extract fail,val-aux/HumanEval+/code_reward_extraction_fail/mean@1,0.006097560975609756
ONPOLICY-SFT-Qwen3-1P7B-COLDSTART-FRAC25-CODE-KODCODE-CTX8K-S1-BETA01-V1_1783425947,25%,25,beta=0.1,beta01,110,MBPP+ extract fail,val-aux/MBPP+/code_reward_extraction_fail/mean@1,0.013227513227513227
ONPOLICY-SFT-Qwen3-1P7B-COLDSTART-FRAC25-CODE-KODCODE-CTX8K-S1-BETA01-V1_1783425947,25%,25,beta=0.1,beta01,110,LiveCodeBench extract fail,val-aux/LiveCodeBench/code_reward_extraction_fail/mean@1,0.0078125
ONPOLICY-SFT-Qwen3-1P7B-COLDSTART-FRAC25-CODE-KODCODE-CTX8K-S1-BETA01-V1_1783425947,25%,25,beta=0.1,beta01,110,Rollout correct ratio,wdl_sft/correct_ratio,0.369140625
ONPOLICY-SFT-Qwen3-1P7B-COLDSTART-FRAC25-CODE-KODCODE-CTX8K-S1-BETA01-V1_1783425947,25%,25,beta=0.1,beta01,110,Gradient norm,actor/grad_norm,11.1670560836792
ONPOLICY-SFT-Qwen3-1P7B-COLDSTART-FRAC25-CODE-KODCODE-CTX8K-S1-BETA01-V1_1783425947,25%,25,beta=0.1,beta01,110,Train score mean,critic/score/mean,-0.26171875
ONPOLICY-SFT-Qwen3-1P7B-COLDSTART-FRAC25-CODE-KODCODE-CTX8K-S1-BETA01-V1_1783425947,25%,25,beta=0.1,beta01,110,Response length mean,response_length/mean,172.55859375
ONPOLICY-SFT-Qwen3-1P7B-COLDSTART-FRAC25-CODE-KODCODE-CTX8K-S1-BETA01-V1_1783425947,25%,25,beta=0.1,beta01,110,Time per step,perf/time_per_step,48.62848783098161
ONPOLICY-SFT-Qwen3-1P7B-COLDSTART-FRAC25-CODE-KODCODE-CTX8K-S1-BETA01-V1_1783425947,25%,25,beta=0.1,beta01,111,Rollout correct ratio,wdl_sft/correct_ratio,0.376953125
ONPOLICY-SFT-Qwen3-1P7B-COLDSTART-FRAC25-CODE-KODCODE-CTX8K-S1-BETA01-V1_1783425947,25%,25,beta=0.1,beta01,111,Gradient norm,actor/grad_norm,9.61144733428955
ONPOLICY-SFT-Qwen3-1P7B-COLDSTART-FRAC25-CODE-KODCODE-CTX8K-S1-BETA01-V1_1783425947,25%,25,beta=0.1,beta01,111,Train score mean,critic/score/mean,-0.24609375
ONPOLICY-SFT-Qwen3-1P7B-COLDSTART-FRAC25-CODE-KODCODE-CTX8K-S1-BETA01-V1_1783425947,25%,25,beta=0.1,beta01,111,Response length mean,response_length/mean,155.875
ONPOLICY-SFT-Qwen3-1P7B-COLDSTART-FRAC25-CODE-KODCODE-CTX8K-S1-BETA01-V1_1783425947,25%,25,beta=0.1,beta01,111,Time per step,perf/time_per_step,42.36315258406103
ONPOLICY-SFT-Qwen3-1P7B-COLDSTART-FRAC25-CODE-KODCODE-CTX8K-S1-BETA01-V1_1783425947,25%,25,beta=0.1,beta01,112,Rollout correct ratio,wdl_sft/correct_ratio,0.392578125
ONPOLICY-SFT-Qwen3-1P7B-COLDSTART-FRAC25-CODE-KODCODE-CTX8K-S1-BETA01-V1_1783425947,25%,25,beta=0.1,beta01,112,Gradient norm,actor/grad_norm,11.086788177490234
ONPOLICY-SFT-Qwen3-1P7B-COLDSTART-FRAC25-CODE-KODCODE-CTX8K-S1-BETA01-V1_1783425947,25%,25,beta=0.1,beta01,112,Train score mean,critic/score/mean,-0.21484375
ONPOLICY-SFT-Qwen3-1P7B-COLDSTART-FRAC25-CODE-KODCODE-CTX8K-S1-BETA01-V1_1783425947,25%,25,beta=0.1,beta01,112,Response length mean,response_length/mean,168.2109375
ONPOLICY-SFT-Qwen3-1P7B-COLDSTART-FRAC25-CODE-KODCODE-CTX8K-S1-BETA01-V1_1783425947,25%,25,beta=0.1,beta01,112,Time per step,perf/time_per_step,43.271556603722274
ONPOLICY-SFT-Qwen3-1P7B-COLDSTART-FRAC25-CODE-KODCODE-CTX8K-S1-BETA01-V1_1783425947,25%,25,beta=0.1,beta01,113,Rollout correct ratio,wdl_sft/correct_ratio,0.37109375
ONPOLICY-SFT-Qwen3-1P7B-COLDSTART-FRAC25-CODE-KODCODE-CTX8K-S1-BETA01-V1_1783425947,25%,25,beta=0.1,beta01,113,Gradient norm,actor/grad_norm,10.746506690979004
ONPOLICY-SFT-Qwen3-1P7B-COLDSTART-FRAC25-CODE-KODCODE-CTX8K-S1-BETA01-V1_1783425947,25%,25,beta=0.1,beta01,113,Train score mean,critic/score/mean,-0.2578125
ONPOLICY-SFT-Qwen3-1P7B-COLDSTART-FRAC25-CODE-KODCODE-CTX8K-S1-BETA01-V1_1783425947,25%,25,beta=0.1,beta01,113,Response length mean,response_length/mean,158.796875
ONPOLICY-SFT-Qwen3-1P7B-COLDSTART-FRAC25-CODE-KODCODE-CTX8K-S1-BETA01-V1_1783425947,25%,25,beta=0.1,beta01,113,Time per step,perf/time_per_step,40.89041052106768
ONPOLICY-SFT-Qwen3-1P7B-COLDSTART-FRAC25-CODE-KODCODE-CTX8K-S1-BETA01-V1_1783425947,25%,25,beta=0.1,beta01,114,Rollout correct ratio,wdl_sft/correct_ratio,0.365234375
ONPOLICY-SFT-Qwen3-1P7B-COLDSTART-FRAC25-CODE-KODCODE-CTX8K-S1-BETA01-V1_1783425947,25%,25,beta=0.1,beta01,114,Gradient norm,actor/grad_norm,10.272272109985352
ONPOLICY-SFT-Qwen3-1P7B-COLDSTART-FRAC25-CODE-KODCODE-CTX8K-S1-BETA01-V1_1783425947,25%,25,beta=0.1,beta01,114,Train score mean,critic/score/mean,-0.26953125
ONPOLICY-SFT-Qwen3-1P7B-COLDSTART-FRAC25-CODE-KODCODE-CTX8K-S1-BETA01-V1_1783425947,25%,25,beta=0.1,beta01,114,Response length mean,response_length/mean,172.1328125
ONPOLICY-SFT-Qwen3-1P7B-COLDSTART-FRAC25-CODE-KODCODE-CTX8K-S1-BETA01-V1_1783425947,25%,25,beta=0.1,beta01,114,Time per step,perf/time_per_step,44.58083876594901
ONPOLICY-SFT-Qwen3-1P7B-COLDSTART-FRAC25-CODE-KODCODE-CTX8K-S1-BETA01-V1_1783425947,25%,25,beta=0.1,beta01,115,HumanEval+ pass@1,val-core/HumanEval+/acc/pass@1,0.4817073170731707
ONPOLICY-SFT-Qwen3-1P7B-COLDSTART-FRAC25-CODE-KODCODE-CTX8K-S1-BETA01-V1_1783425947,25%,25,beta=0.1,beta01,115,MBPP+ pass@1,val-core/MBPP+/acc/pass@1,0.4973544973544973
ONPOLICY-SFT-Qwen3-1P7B-COLDSTART-FRAC25-CODE-KODCODE-CTX8K-S1-BETA01-V1_1783425947,25%,25,beta=0.1,beta01,115,LiveCodeBench pass@1,val-core/LiveCodeBench/acc/pass@1,0.2109375
ONPOLICY-SFT-Qwen3-1P7B-COLDSTART-FRAC25-CODE-KODCODE-CTX8K-S1-BETA01-V1_1783425947,25%,25,beta=0.1,beta01,115,HumanEval+ extract fail,val-aux/HumanEval+/code_reward_extraction_fail/mean@1,0.006097560975609756
ONPOLICY-SFT-Qwen3-1P7B-COLDSTART-FRAC25-CODE-KODCODE-CTX8K-S1-BETA01-V1_1783425947,25%,25,beta=0.1,beta01,115,MBPP+ extract fail,val-aux/MBPP+/code_reward_extraction_fail/mean@1,0.010582010582010581
ONPOLICY-SFT-Qwen3-1P7B-COLDSTART-FRAC25-CODE-KODCODE-CTX8K-S1-BETA01-V1_1783425947,25%,25,beta=0.1,beta01,115,LiveCodeBench extract fail,val-aux/LiveCodeBench/code_reward_extraction_fail/mean@1,0.015625
ONPOLICY-SFT-Qwen3-1P7B-COLDSTART-FRAC25-CODE-KODCODE-CTX8K-S1-BETA01-V1_1783425947,25%,25,beta=0.1,beta01,115,Rollout correct ratio,wdl_sft/correct_ratio,0.30078125
ONPOLICY-SFT-Qwen3-1P7B-COLDSTART-FRAC25-CODE-KODCODE-CTX8K-S1-BETA01-V1_1783425947,25%,25,beta=0.1,beta01,115,Gradient norm,actor/grad_norm,10.842846870422363
ONPOLICY-SFT-Qwen3-1P7B-COLDSTART-FRAC25-CODE-KODCODE-CTX8K-S1-BETA01-V1_1783425947,25%,25,beta=0.1,beta01,115,Train score mean,critic/score/mean,-0.3984375
ONPOLICY-SFT-Qwen3-1P7B-COLDSTART-FRAC25-CODE-KODCODE-CTX8K-S1-BETA01-V1_1783425947,25%,25,beta=0.1,beta01,115,Response length mean,response_length/mean,183.42578125
ONPOLICY-SFT-Qwen3-1P7B-COLDSTART-FRAC25-CODE-KODCODE-CTX8K-S1-BETA01-V1_1783425947,25%,25,beta=0.1,beta01,115,Time per step,perf/time_per_step,47.499364028684795
ONPOLICY-SFT-Qwen3-1P7B-COLDSTART-FRAC25-CODE-KODCODE-CTX8K-S1-BETA01-V1_1783425947,25%,25,beta=0.1,beta01,116,Rollout correct ratio,wdl_sft/correct_ratio,0.291015625
ONPOLICY-SFT-Qwen3-1P7B-COLDSTART-FRAC25-CODE-KODCODE-CTX8K-S1-BETA01-V1_1783425947,25%,25,beta=0.1,beta01,116,Gradient norm,actor/grad_norm,12.674715042114258
ONPOLICY-SFT-Qwen3-1P7B-COLDSTART-FRAC25-CODE-KODCODE-CTX8K-S1-BETA01-V1_1783425947,25%,25,beta=0.1,beta01,116,Train score mean,critic/score/mean,-0.41796875
ONPOLICY-SFT-Qwen3-1P7B-COLDSTART-FRAC25-CODE-KODCODE-CTX8K-S1-BETA01-V1_1783425947,25%,25,beta=0.1,beta01,116,Response length mean,response_length/mean,173.279296875
ONPOLICY-SFT-Qwen3-1P7B-COLDSTART-FRAC25-CODE-KODCODE-CTX8K-S1-BETA01-V1_1783425947,25%,25,beta=0.1,beta01,116,Time per step,perf/time_per_step,42.468603980727494
ONPOLICY-SFT-Qwen3-1P7B-COLDSTART-FRAC25-CODE-KODCODE-CTX8K-S1-BETA01-V1_1783425947,25%,25,beta=0.1,beta01,117,Rollout correct ratio,wdl_sft/correct_ratio,0.35546875
ONPOLICY-SFT-Qwen3-1P7B-COLDSTART-FRAC25-CODE-KODCODE-CTX8K-S1-BETA01-V1_1783425947,25%,25,beta=0.1,beta01,117,Gradient norm,actor/grad_norm,10.40968132019043
ONPOLICY-SFT-Qwen3-1P7B-COLDSTART-FRAC25-CODE-KODCODE-CTX8K-S1-BETA01-V1_1783425947,25%,25,beta=0.1,beta01,117,Train score mean,critic/score/mean,-0.2890625
ONPOLICY-SFT-Qwen3-1P7B-COLDSTART-FRAC25-CODE-KODCODE-CTX8K-S1-BETA01-V1_1783425947,25%,25,beta=0.1,beta01,117,Response length mean,response_length/mean,163.52734375
ONPOLICY-SFT-Qwen3-1P7B-COLDSTART-FRAC25-CODE-KODCODE-CTX8K-S1-BETA01-V1_1783425947,25%,25,beta=0.1,beta01,117,Time per step,perf/time_per_step,63.410175770521164
ONPOLICY-SFT-Qwen3-1P7B-COLDSTART-FRAC25-CODE-KODCODE-CTX8K-S1-BETA01-V1_1783425947,25%,25,beta=0.1,beta01,118,Rollout correct ratio,wdl_sft/correct_ratio,0.341796875
ONPOLICY-SFT-Qwen3-1P7B-COLDSTART-FRAC25-CODE-KODCODE-CTX8K-S1-BETA01-V1_1783425947,25%,25,beta=0.1,beta01,118,Gradient norm,actor/grad_norm,11.056977272033691
ONPOLICY-SFT-Qwen3-1P7B-COLDSTART-FRAC25-CODE-KODCODE-CTX8K-S1-BETA01-V1_1783425947,25%,25,beta=0.1,beta01,118,Train score mean,critic/score/mean,-0.31640625
ONPOLICY-SFT-Qwen3-1P7B-COLDSTART-FRAC25-CODE-KODCODE-CTX8K-S1-BETA01-V1_1783425947,25%,25,beta=0.1,beta01,118,Response length mean,response_length/mean,163.212890625
ONPOLICY-SFT-Qwen3-1P7B-COLDSTART-FRAC25-CODE-KODCODE-CTX8K-S1-BETA01-V1_1783425947,25%,25,beta=0.1,beta01,118,Time per step,perf/time_per_step,42.65189570840448
ONPOLICY-SFT-Qwen3-1P7B-COLDSTART-FRAC25-CODE-KODCODE-CTX8K-S1-BETA01-V1_1783425947,25%,25,beta=0.1,beta01,119,Rollout correct ratio,wdl_sft/correct_ratio,0.3671875
ONPOLICY-SFT-Qwen3-1P7B-COLDSTART-FRAC25-CODE-KODCODE-CTX8K-S1-BETA01-V1_1783425947,25%,25,beta=0.1,beta01,119,Gradient norm,actor/grad_norm,9.76732063293457
ONPOLICY-SFT-Qwen3-1P7B-COLDSTART-FRAC25-CODE-KODCODE-CTX8K-S1-BETA01-V1_1783425947,25%,25,beta=0.1,beta01,119,Train score mean,critic/score/mean,-0.265625
ONPOLICY-SFT-Qwen3-1P7B-COLDSTART-FRAC25-CODE-KODCODE-CTX8K-S1-BETA01-V1_1783425947,25%,25,beta=0.1,beta01,119,Response length mean,response_length/mean,154.0625
ONPOLICY-SFT-Qwen3-1P7B-COLDSTART-FRAC25-CODE-KODCODE-CTX8K-S1-BETA01-V1_1783425947,25%,25,beta=0.1,beta01,119,Time per step,perf/time_per_step,44.317172691226006
ONPOLICY-SFT-Qwen3-1P7B-COLDSTART-FRAC25-CODE-KODCODE-CTX8K-S1-BETA01-V1_1783425947,25%,25,beta=0.1,beta01,120,HumanEval+ pass@1,val-core/HumanEval+/acc/pass@1,0.5121951219512195
ONPOLICY-SFT-Qwen3-1P7B-COLDSTART-FRAC25-CODE-KODCODE-CTX8K-S1-BETA01-V1_1783425947,25%,25,beta=0.1,beta01,120,MBPP+ pass@1,val-core/MBPP+/acc/pass@1,0.5132275132275133
ONPOLICY-SFT-Qwen3-1P7B-COLDSTART-FRAC25-CODE-KODCODE-CTX8K-S1-BETA01-V1_1783425947,25%,25,beta=0.1,beta01,120,LiveCodeBench pass@1,val-core/LiveCodeBench/acc/pass@1,0.21875
ONPOLICY-SFT-Qwen3-1P7B-COLDSTART-FRAC25-CODE-KODCODE-CTX8K-S1-BETA01-V1_1783425947,25%,25,beta=0.1,beta01,120,HumanEval+ extract fail,val-aux/HumanEval+/code_reward_extraction_fail/mean@1,0.0
ONPOLICY-SFT-Qwen3-1P7B-COLDSTART-FRAC25-CODE-KODCODE-CTX8K-S1-BETA01-V1_1783425947,25%,25,beta=0.1,beta01,120,MBPP+ extract fail,val-aux/MBPP+/code_reward_extraction_fail/mean@1,0.005291005291005291
ONPOLICY-SFT-Qwen3-1P7B-COLDSTART-FRAC25-CODE-KODCODE-CTX8K-S1-BETA01-V1_1783425947,25%,25,beta=0.1,beta01,120,LiveCodeBench extract fail,val-aux/LiveCodeBench/code_reward_extraction_fail/mean@1,0.0234375
ONPOLICY-SFT-Qwen3-1P7B-COLDSTART-FRAC25-CODE-KODCODE-CTX8K-S1-BETA01-V1_1783425947,25%,25,beta=0.1,beta01,120,Rollout correct ratio,wdl_sft/correct_ratio,0.412109375
ONPOLICY-SFT-Qwen3-1P7B-COLDSTART-FRAC25-CODE-KODCODE-CTX8K-S1-BETA01-V1_1783425947,25%,25,beta=0.1,beta01,120,Gradient norm,actor/grad_norm,8.890433311462402
ONPOLICY-SFT-Qwen3-1P7B-COLDSTART-FRAC25-CODE-KODCODE-CTX8K-S1-BETA01-V1_1783425947,25%,25,beta=0.1,beta01,120,Train score mean,critic/score/mean,-0.17578125
ONPOLICY-SFT-Qwen3-1P7B-COLDSTART-FRAC25-CODE-KODCODE-CTX8K-S1-BETA01-V1_1783425947,25%,25,beta=0.1,beta01,120,Response length mean,response_length/mean,162.900390625
ONPOLICY-SFT-Qwen3-1P7B-COLDSTART-FRAC25-CODE-KODCODE-CTX8K-S1-BETA01-V1_1783425947,25%,25,beta=0.1,beta01,120,Time per step,perf/time_per_step,47.002884718589485
ONPOLICY-SFT-Qwen3-1P7B-COLDSTART-FRAC25-CODE-KODCODE-CTX8K-S1-BETA01-V1_1783425947,25%,25,beta=0.1,beta01,121,Rollout correct ratio,wdl_sft/correct_ratio,0.318359375
ONPOLICY-SFT-Qwen3-1P7B-COLDSTART-FRAC25-CODE-KODCODE-CTX8K-S1-BETA01-V1_1783425947,25%,25,beta=0.1,beta01,121,Gradient norm,actor/grad_norm,13.75716495513916
ONPOLICY-SFT-Qwen3-1P7B-COLDSTART-FRAC25-CODE-KODCODE-CTX8K-S1-BETA01-V1_1783425947,25%,25,beta=0.1,beta01,121,Train score mean,critic/score/mean,-0.36328125
ONPOLICY-SFT-Qwen3-1P7B-COLDSTART-FRAC25-CODE-KODCODE-CTX8K-S1-BETA01-V1_1783425947,25%,25,beta=0.1,beta01,121,Response length mean,response_length/mean,185.837890625
ONPOLICY-SFT-Qwen3-1P7B-COLDSTART-FRAC25-CODE-KODCODE-CTX8K-S1-BETA01-V1_1783425947,25%,25,beta=0.1,beta01,121,Time per step,perf/time_per_step,44.49945075530559
ONPOLICY-SFT-Qwen3-1P7B-COLDSTART-FRAC25-CODE-KODCODE-CTX8K-S1-BETA01-V1_1783425947,25%,25,beta=0.1,beta01,122,Rollout correct ratio,wdl_sft/correct_ratio,0.423828125
ONPOLICY-SFT-Qwen3-1P7B-COLDSTART-FRAC25-CODE-KODCODE-CTX8K-S1-BETA01-V1_1783425947,25%,25,beta=0.1,beta01,122,Gradient norm,actor/grad_norm,9.539416313171387
ONPOLICY-SFT-Qwen3-1P7B-COLDSTART-FRAC25-CODE-KODCODE-CTX8K-S1-BETA01-V1_1783425947,25%,25,beta=0.1,beta01,122,Train score mean,critic/score/mean,-0.15234375
ONPOLICY-SFT-Qwen3-1P7B-COLDSTART-FRAC25-CODE-KODCODE-CTX8K-S1-BETA01-V1_1783425947,25%,25,beta=0.1,beta01,122,Response length mean,response_length/mean,169.599609375
ONPOLICY-SFT-Qwen3-1P7B-COLDSTART-FRAC25-CODE-KODCODE-CTX8K-S1-BETA01-V1_1783425947,25%,25,beta=0.1,beta01,122,Time per step,perf/time_per_step,45.50170178990811
ONPOLICY-SFT-Qwen3-1P7B-COLDSTART-FRAC25-CODE-KODCODE-CTX8K-S1-BETA01-V1_1783425947,25%,25,beta=0.1,beta01,123,Rollout correct ratio,wdl_sft/correct_ratio,0.361328125
ONPOLICY-SFT-Qwen3-1P7B-COLDSTART-FRAC25-CODE-KODCODE-CTX8K-S1-BETA01-V1_1783425947,25%,25,beta=0.1,beta01,123,Gradient norm,actor/grad_norm,10.132660865783691
ONPOLICY-SFT-Qwen3-1P7B-COLDSTART-FRAC25-CODE-KODCODE-CTX8K-S1-BETA01-V1_1783425947,25%,25,beta=0.1,beta01,123,Train score mean,critic/score/mean,-0.27734375
ONPOLICY-SFT-Qwen3-1P7B-COLDSTART-FRAC25-CODE-KODCODE-CTX8K-S1-BETA01-V1_1783425947,25%,25,beta=0.1,beta01,123,Response length mean,response_length/mean,167.642578125
ONPOLICY-SFT-Qwen3-1P7B-COLDSTART-FRAC25-CODE-KODCODE-CTX8K-S1-BETA01-V1_1783425947,25%,25,beta=0.1,beta01,123,Time per step,perf/time_per_step,44.87501942552626
ONPOLICY-SFT-Qwen3-1P7B-COLDSTART-FRAC25-CODE-KODCODE-CTX8K-S1-BETA01-V1_1783425947,25%,25,beta=0.1,beta01,124,Rollout correct ratio,wdl_sft/correct_ratio,0.33984375
ONPOLICY-SFT-Qwen3-1P7B-COLDSTART-FRAC25-CODE-KODCODE-CTX8K-S1-BETA01-V1_1783425947,25%,25,beta=0.1,beta01,124,Gradient norm,actor/grad_norm,10.463863372802734
ONPOLICY-SFT-Qwen3-1P7B-COLDSTART-FRAC25-CODE-KODCODE-CTX8K-S1-BETA01-V1_1783425947,25%,25,beta=0.1,beta01,124,Train score mean,critic/score/mean,-0.3203125
ONPOLICY-SFT-Qwen3-1P7B-COLDSTART-FRAC25-CODE-KODCODE-CTX8K-S1-BETA01-V1_1783425947,25%,25,beta=0.1,beta01,124,Response length mean,response_length/mean,168.962890625
ONPOLICY-SFT-Qwen3-1P7B-COLDSTART-FRAC25-CODE-KODCODE-CTX8K-S1-BETA01-V1_1783425947,25%,25,beta=0.1,beta01,124,Time per step,perf/time_per_step,43.61213510483503
ONPOLICY-SFT-Qwen3-1P7B-COLDSTART-FRAC25-CODE-KODCODE-CTX8K-S1-BETA01-V1_1783425947,25%,25,beta=0.1,beta01,125,HumanEval+ pass@1,val-core/HumanEval+/acc/pass@1,0.47560975609756095
ONPOLICY-SFT-Qwen3-1P7B-COLDSTART-FRAC25-CODE-KODCODE-CTX8K-S1-BETA01-V1_1783425947,25%,25,beta=0.1,beta01,125,MBPP+ pass@1,val-core/MBPP+/acc/pass@1,0.4894179894179894
ONPOLICY-SFT-Qwen3-1P7B-COLDSTART-FRAC25-CODE-KODCODE-CTX8K-S1-BETA01-V1_1783425947,25%,25,beta=0.1,beta01,125,LiveCodeBench pass@1,val-core/LiveCodeBench/acc/pass@1,0.203125
ONPOLICY-SFT-Qwen3-1P7B-COLDSTART-FRAC25-CODE-KODCODE-CTX8K-S1-BETA01-V1_1783425947,25%,25,beta=0.1,beta01,125,HumanEval+ extract fail,val-aux/HumanEval+/code_reward_extraction_fail/mean@1,0.0
ONPOLICY-SFT-Qwen3-1P7B-COLDSTART-FRAC25-CODE-KODCODE-CTX8K-S1-BETA01-V1_1783425947,25%,25,beta=0.1,beta01,125,MBPP+ extract fail,val-aux/MBPP+/code_reward_extraction_fail/mean@1,0.010582010582010581
ONPOLICY-SFT-Qwen3-1P7B-COLDSTART-FRAC25-CODE-KODCODE-CTX8K-S1-BETA01-V1_1783425947,25%,25,beta=0.1,beta01,125,LiveCodeBench extract fail,val-aux/LiveCodeBench/code_reward_extraction_fail/mean@1,0.0234375
ONPOLICY-SFT-Qwen3-1P7B-COLDSTART-FRAC25-CODE-KODCODE-CTX8K-S1-BETA01-V1_1783425947,25%,25,beta=0.1,beta01,125,Rollout correct ratio,wdl_sft/correct_ratio,0.3984375
ONPOLICY-SFT-Qwen3-1P7B-COLDSTART-FRAC25-CODE-KODCODE-CTX8K-S1-BETA01-V1_1783425947,25%,25,beta=0.1,beta01,125,Gradient norm,actor/grad_norm,9.299578666687012
ONPOLICY-SFT-Qwen3-1P7B-COLDSTART-FRAC25-CODE-KODCODE-CTX8K-S1-BETA01-V1_1783425947,25%,25,beta=0.1,beta01,125,Train score mean,critic/score/mean,-0.203125
ONPOLICY-SFT-Qwen3-1P7B-COLDSTART-FRAC25-CODE-KODCODE-CTX8K-S1-BETA01-V1_1783425947,25%,25,beta=0.1,beta01,125,Response length mean,response_length/mean,165.08984375
ONPOLICY-SFT-Qwen3-1P7B-COLDSTART-FRAC25-CODE-KODCODE-CTX8K-S1-BETA01-V1_1783425947,25%,25,beta=0.1,beta01,125,Time per step,perf/time_per_step,46.58380055986345
ONPOLICY-SFT-Qwen3-1P7B-COLDSTART-FRAC25-CODE-KODCODE-CTX8K-S1-BETA01-V1_1783425947,25%,25,beta=0.1,beta01,126,Rollout correct ratio,wdl_sft/correct_ratio,0.36328125
ONPOLICY-SFT-Qwen3-1P7B-COLDSTART-FRAC25-CODE-KODCODE-CTX8K-S1-BETA01-V1_1783425947,25%,25,beta=0.1,beta01,126,Gradient norm,actor/grad_norm,9.954856872558594
ONPOLICY-SFT-Qwen3-1P7B-COLDSTART-FRAC25-CODE-KODCODE-CTX8K-S1-BETA01-V1_1783425947,25%,25,beta=0.1,beta01,126,Train score mean,critic/score/mean,-0.2734375
ONPOLICY-SFT-Qwen3-1P7B-COLDSTART-FRAC25-CODE-KODCODE-CTX8K-S1-BETA01-V1_1783425947,25%,25,beta=0.1,beta01,126,Response length mean,response_length/mean,156.705078125
ONPOLICY-SFT-Qwen3-1P7B-COLDSTART-FRAC25-CODE-KODCODE-CTX8K-S1-BETA01-V1_1783425947,25%,25,beta=0.1,beta01,126,Time per step,perf/time_per_step,41.37481368985027
ONPOLICY-SFT-Qwen3-1P7B-COLDSTART-FRAC25-CODE-KODCODE-CTX8K-S1-BETA01-V1_1783425947,25%,25,beta=0.1,beta01,127,Rollout correct ratio,wdl_sft/correct_ratio,0.421875
ONPOLICY-SFT-Qwen3-1P7B-COLDSTART-FRAC25-CODE-KODCODE-CTX8K-S1-BETA01-V1_1783425947,25%,25,beta=0.1,beta01,127,Gradient norm,actor/grad_norm,8.912209510803223
ONPOLICY-SFT-Qwen3-1P7B-COLDSTART-FRAC25-CODE-KODCODE-CTX8K-S1-BETA01-V1_1783425947,25%,25,beta=0.1,beta01,127,Train score mean,critic/score/mean,-0.15625
ONPOLICY-SFT-Qwen3-1P7B-COLDSTART-FRAC25-CODE-KODCODE-CTX8K-S1-BETA01-V1_1783425947,25%,25,beta=0.1,beta01,127,Response length mean,response_length/mean,150.654296875
ONPOLICY-SFT-Qwen3-1P7B-COLDSTART-FRAC25-CODE-KODCODE-CTX8K-S1-BETA01-V1_1783425947,25%,25,beta=0.1,beta01,127,Time per step,perf/time_per_step,41.55477468762547
ONPOLICY-SFT-Qwen3-1P7B-COLDSTART-FRAC25-CODE-KODCODE-CTX8K-S1-BETA01-V1_1783425947,25%,25,beta=0.1,beta01,128,Rollout correct ratio,wdl_sft/correct_ratio,0.404296875
ONPOLICY-SFT-Qwen3-1P7B-COLDSTART-FRAC25-CODE-KODCODE-CTX8K-S1-BETA01-V1_1783425947,25%,25,beta=0.1,beta01,128,Gradient norm,actor/grad_norm,10.989611625671387
ONPOLICY-SFT-Qwen3-1P7B-COLDSTART-FRAC25-CODE-KODCODE-CTX8K-S1-BETA01-V1_1783425947,25%,25,beta=0.1,beta01,128,Train score mean,critic/score/mean,-0.19140625
ONPOLICY-SFT-Qwen3-1P7B-COLDSTART-FRAC25-CODE-KODCODE-CTX8K-S1-BETA01-V1_1783425947,25%,25,beta=0.1,beta01,128,Response length mean,response_length/mean,168.39453125
ONPOLICY-SFT-Qwen3-1P7B-COLDSTART-FRAC25-CODE-KODCODE-CTX8K-S1-BETA01-V1_1783425947,25%,25,beta=0.1,beta01,128,Time per step,perf/time_per_step,48.10651097074151
ONPOLICY-SFT-Qwen3-1P7B-COLDSTART-FRAC25-CODE-KODCODE-CTX8K-S1-BETA01-V1_1783425947,25%,25,beta=0.1,beta01,129,Rollout correct ratio,wdl_sft/correct_ratio,0.38671875
ONPOLICY-SFT-Qwen3-1P7B-COLDSTART-FRAC25-CODE-KODCODE-CTX8K-S1-BETA01-V1_1783425947,25%,25,beta=0.1,beta01,129,Gradient norm,actor/grad_norm,10.358414649963379
ONPOLICY-SFT-Qwen3-1P7B-COLDSTART-FRAC25-CODE-KODCODE-CTX8K-S1-BETA01-V1_1783425947,25%,25,beta=0.1,beta01,129,Train score mean,critic/score/mean,-0.2265625
ONPOLICY-SFT-Qwen3-1P7B-COLDSTART-FRAC25-CODE-KODCODE-CTX8K-S1-BETA01-V1_1783425947,25%,25,beta=0.1,beta01,129,Response length mean,response_length/mean,172.490234375
ONPOLICY-SFT-Qwen3-1P7B-COLDSTART-FRAC25-CODE-KODCODE-CTX8K-S1-BETA01-V1_1783425947,25%,25,beta=0.1,beta01,129,Time per step,perf/time_per_step,39.86901993583888
ONPOLICY-SFT-Qwen3-1P7B-COLDSTART-FRAC25-CODE-KODCODE-CTX8K-S1-BETA01-V1_1783425947,25%,25,beta=0.1,beta01,130,HumanEval+ pass@1,val-core/HumanEval+/acc/pass@1,0.524390243902439
ONPOLICY-SFT-Qwen3-1P7B-COLDSTART-FRAC25-CODE-KODCODE-CTX8K-S1-BETA01-V1_1783425947,25%,25,beta=0.1,beta01,130,MBPP+ pass@1,val-core/MBPP+/acc/pass@1,0.48412698412698413
ONPOLICY-SFT-Qwen3-1P7B-COLDSTART-FRAC25-CODE-KODCODE-CTX8K-S1-BETA01-V1_1783425947,25%,25,beta=0.1,beta01,130,LiveCodeBench pass@1,val-core/LiveCodeBench/acc/pass@1,0.2109375
ONPOLICY-SFT-Qwen3-1P7B-COLDSTART-FRAC25-CODE-KODCODE-CTX8K-S1-BETA01-V1_1783425947,25%,25,beta=0.1,beta01,130,HumanEval+ extract fail,val-aux/HumanEval+/code_reward_extraction_fail/mean@1,0.006097560975609756
ONPOLICY-SFT-Qwen3-1P7B-COLDSTART-FRAC25-CODE-KODCODE-CTX8K-S1-BETA01-V1_1783425947,25%,25,beta=0.1,beta01,130,MBPP+ extract fail,val-aux/MBPP+/code_reward_extraction_fail/mean@1,0.005291005291005291
ONPOLICY-SFT-Qwen3-1P7B-COLDSTART-FRAC25-CODE-KODCODE-CTX8K-S1-BETA01-V1_1783425947,25%,25,beta=0.1,beta01,130,LiveCodeBench extract fail,val-aux/LiveCodeBench/code_reward_extraction_fail/mean@1,0.015625
ONPOLICY-SFT-Qwen3-1P7B-COLDSTART-FRAC25-CODE-KODCODE-CTX8K-S1-BETA01-V1_1783425947,25%,25,beta=0.1,beta01,130,Rollout correct ratio,wdl_sft/correct_ratio,0.421875
ONPOLICY-SFT-Qwen3-1P7B-COLDSTART-FRAC25-CODE-KODCODE-CTX8K-S1-BETA01-V1_1783425947,25%,25,beta=0.1,beta01,130,Gradient norm,actor/grad_norm,9.188619613647461
ONPOLICY-SFT-Qwen3-1P7B-COLDSTART-FRAC25-CODE-KODCODE-CTX8K-S1-BETA01-V1_1783425947,25%,25,beta=0.1,beta01,130,Train score mean,critic/score/mean,-0.15625
ONPOLICY-SFT-Qwen3-1P7B-COLDSTART-FRAC25-CODE-KODCODE-CTX8K-S1-BETA01-V1_1783425947,25%,25,beta=0.1,beta01,130,Response length mean,response_length/mean,146.65625
ONPOLICY-SFT-Qwen3-1P7B-COLDSTART-FRAC25-CODE-KODCODE-CTX8K-S1-BETA01-V1_1783425947,25%,25,beta=0.1,beta01,130,Time per step,perf/time_per_step,47.31922738905996
ONPOLICY-SFT-Qwen3-1P7B-COLDSTART-FRAC25-CODE-KODCODE-CTX8K-S1-BETA01-V1_1783425947,25%,25,beta=0.1,beta01,131,Rollout correct ratio,wdl_sft/correct_ratio,0.388671875
ONPOLICY-SFT-Qwen3-1P7B-COLDSTART-FRAC25-CODE-KODCODE-CTX8K-S1-BETA01-V1_1783425947,25%,25,beta=0.1,beta01,131,Gradient norm,actor/grad_norm,10.303282737731934
ONPOLICY-SFT-Qwen3-1P7B-COLDSTART-FRAC25-CODE-KODCODE-CTX8K-S1-BETA01-V1_1783425947,25%,25,beta=0.1,beta01,131,Train score mean,critic/score/mean,-0.22265625
ONPOLICY-SFT-Qwen3-1P7B-COLDSTART-FRAC25-CODE-KODCODE-CTX8K-S1-BETA01-V1_1783425947,25%,25,beta=0.1,beta01,131,Response length mean,response_length/mean,163.392578125
ONPOLICY-SFT-Qwen3-1P7B-COLDSTART-FRAC25-CODE-KODCODE-CTX8K-S1-BETA01-V1_1783425947,25%,25,beta=0.1,beta01,131,Time per step,perf/time_per_step,45.55371347349137
ONPOLICY-SFT-Qwen3-1P7B-COLDSTART-FRAC25-CODE-KODCODE-CTX8K-S1-BETA01-V1_1783425947,25%,25,beta=0.1,beta01,132,Rollout correct ratio,wdl_sft/correct_ratio,0.384765625
ONPOLICY-SFT-Qwen3-1P7B-COLDSTART-FRAC25-CODE-KODCODE-CTX8K-S1-BETA01-V1_1783425947,25%,25,beta=0.1,beta01,132,Gradient norm,actor/grad_norm,10.310836791992188
ONPOLICY-SFT-Qwen3-1P7B-COLDSTART-FRAC25-CODE-KODCODE-CTX8K-S1-BETA01-V1_1783425947,25%,25,beta=0.1,beta01,132,Train score mean,critic/score/mean,-0.23046875
ONPOLICY-SFT-Qwen3-1P7B-COLDSTART-FRAC25-CODE-KODCODE-CTX8K-S1-BETA01-V1_1783425947,25%,25,beta=0.1,beta01,132,Response length mean,response_length/mean,159.115234375
ONPOLICY-SFT-Qwen3-1P7B-COLDSTART-FRAC25-CODE-KODCODE-CTX8K-S1-BETA01-V1_1783425947,25%,25,beta=0.1,beta01,132,Time per step,perf/time_per_step,42.243303460069
ONPOLICY-SFT-Qwen3-1P7B-COLDSTART-FRAC25-CODE-KODCODE-CTX8K-S1-BETA01-V1_1783425947,25%,25,beta=0.1,beta01,133,Rollout correct ratio,wdl_sft/correct_ratio,0.345703125
ONPOLICY-SFT-Qwen3-1P7B-COLDSTART-FRAC25-CODE-KODCODE-CTX8K-S1-BETA01-V1_1783425947,25%,25,beta=0.1,beta01,133,Gradient norm,actor/grad_norm,10.236076354980469
ONPOLICY-SFT-Qwen3-1P7B-COLDSTART-FRAC25-CODE-KODCODE-CTX8K-S1-BETA01-V1_1783425947,25%,25,beta=0.1,beta01,133,Train score mean,critic/score/mean,-0.30859375
ONPOLICY-SFT-Qwen3-1P7B-COLDSTART-FRAC25-CODE-KODCODE-CTX8K-S1-BETA01-V1_1783425947,25%,25,beta=0.1,beta01,133,Response length mean,response_length/mean,170.91015625
ONPOLICY-SFT-Qwen3-1P7B-COLDSTART-FRAC25-CODE-KODCODE-CTX8K-S1-BETA01-V1_1783425947,25%,25,beta=0.1,beta01,133,Time per step,perf/time_per_step,42.06394531019032
ONPOLICY-SFT-Qwen3-1P7B-COLDSTART-FRAC25-CODE-KODCODE-CTX8K-S1-BETA01-V1_1783425947,25%,25,beta=0.1,beta01,134,Rollout correct ratio,wdl_sft/correct_ratio,0.408203125
ONPOLICY-SFT-Qwen3-1P7B-COLDSTART-FRAC25-CODE-KODCODE-CTX8K-S1-BETA01-V1_1783425947,25%,25,beta=0.1,beta01,134,Gradient norm,actor/grad_norm,8.828986167907715
ONPOLICY-SFT-Qwen3-1P7B-COLDSTART-FRAC25-CODE-KODCODE-CTX8K-S1-BETA01-V1_1783425947,25%,25,beta=0.1,beta01,134,Train score mean,critic/score/mean,-0.18359375
ONPOLICY-SFT-Qwen3-1P7B-COLDSTART-FRAC25-CODE-KODCODE-CTX8K-S1-BETA01-V1_1783425947,25%,25,beta=0.1,beta01,134,Response length mean,response_length/mean,142.134765625
ONPOLICY-SFT-Qwen3-1P7B-COLDSTART-FRAC25-CODE-KODCODE-CTX8K-S1-BETA01-V1_1783425947,25%,25,beta=0.1,beta01,134,Time per step,perf/time_per_step,39.861526941880584
ONPOLICY-SFT-Qwen3-1P7B-COLDSTART-FRAC25-CODE-KODCODE-CTX8K-S1-BETA01-V1_1783425947,25%,25,beta=0.1,beta01,135,HumanEval+ pass@1,val-core/HumanEval+/acc/pass@1,0.5121951219512195
ONPOLICY-SFT-Qwen3-1P7B-COLDSTART-FRAC25-CODE-KODCODE-CTX8K-S1-BETA01-V1_1783425947,25%,25,beta=0.1,beta01,135,MBPP+ pass@1,val-core/MBPP+/acc/pass@1,0.4708994708994709
ONPOLICY-SFT-Qwen3-1P7B-COLDSTART-FRAC25-CODE-KODCODE-CTX8K-S1-BETA01-V1_1783425947,25%,25,beta=0.1,beta01,135,LiveCodeBench pass@1,val-core/LiveCodeBench/acc/pass@1,0.2421875
ONPOLICY-SFT-Qwen3-1P7B-COLDSTART-FRAC25-CODE-KODCODE-CTX8K-S1-BETA01-V1_1783425947,25%,25,beta=0.1,beta01,135,HumanEval+ extract fail,val-aux/HumanEval+/code_reward_extraction_fail/mean@1,0.006097560975609756
ONPOLICY-SFT-Qwen3-1P7B-COLDSTART-FRAC25-CODE-KODCODE-CTX8K-S1-BETA01-V1_1783425947,25%,25,beta=0.1,beta01,135,MBPP+ extract fail,val-aux/MBPP+/code_reward_extraction_fail/mean@1,0.005291005291005291
ONPOLICY-SFT-Qwen3-1P7B-COLDSTART-FRAC25-CODE-KODCODE-CTX8K-S1-BETA01-V1_1783425947,25%,25,beta=0.1,beta01,135,LiveCodeBench extract fail,val-aux/LiveCodeBench/code_reward_extraction_fail/mean@1,0.015625
ONPOLICY-SFT-Qwen3-1P7B-COLDSTART-FRAC25-CODE-KODCODE-CTX8K-S1-BETA01-V1_1783425947,25%,25,beta=0.1,beta01,135,Rollout correct ratio,wdl_sft/correct_ratio,0.3359375
ONPOLICY-SFT-Qwen3-1P7B-COLDSTART-FRAC25-CODE-KODCODE-CTX8K-S1-BETA01-V1_1783425947,25%,25,beta=0.1,beta01,135,Gradient norm,actor/grad_norm,10.757357597351074
ONPOLICY-SFT-Qwen3-1P7B-COLDSTART-FRAC25-CODE-KODCODE-CTX8K-S1-BETA01-V1_1783425947,25%,25,beta=0.1,beta01,135,Train score mean,critic/score/mean,-0.328125
ONPOLICY-SFT-Qwen3-1P7B-COLDSTART-FRAC25-CODE-KODCODE-CTX8K-S1-BETA01-V1_1783425947,25%,25,beta=0.1,beta01,135,Response length mean,response_length/mean,177.130859375
ONPOLICY-SFT-Qwen3-1P7B-COLDSTART-FRAC25-CODE-KODCODE-CTX8K-S1-BETA01-V1_1783425947,25%,25,beta=0.1,beta01,135,Time per step,perf/time_per_step,47.6884596105665
ONPOLICY-SFT-Qwen3-1P7B-COLDSTART-FRAC25-CODE-KODCODE-CTX8K-S1-BETA01-V1_1783425947,25%,25,beta=0.1,beta01,136,Rollout correct ratio,wdl_sft/correct_ratio,0.328125
ONPOLICY-SFT-Qwen3-1P7B-COLDSTART-FRAC25-CODE-KODCODE-CTX8K-S1-BETA01-V1_1783425947,25%,25,beta=0.1,beta01,136,Gradient norm,actor/grad_norm,11.153951644897461
ONPOLICY-SFT-Qwen3-1P7B-COLDSTART-FRAC25-CODE-KODCODE-CTX8K-S1-BETA01-V1_1783425947,25%,25,beta=0.1,beta01,136,Train score mean,critic/score/mean,-0.34375
ONPOLICY-SFT-Qwen3-1P7B-COLDSTART-FRAC25-CODE-KODCODE-CTX8K-S1-BETA01-V1_1783425947,25%,25,beta=0.1,beta01,136,Response length mean,response_length/mean,166.306640625
ONPOLICY-SFT-Qwen3-1P7B-COLDSTART-FRAC25-CODE-KODCODE-CTX8K-S1-BETA01-V1_1783425947,25%,25,beta=0.1,beta01,136,Time per step,perf/time_per_step,42.38296042382717
ONPOLICY-SFT-Qwen3-1P7B-COLDSTART-FRAC25-CODE-KODCODE-CTX8K-S1-BETA01-V1_1783425947,25%,25,beta=0.1,beta01,137,Rollout correct ratio,wdl_sft/correct_ratio,0.361328125
ONPOLICY-SFT-Qwen3-1P7B-COLDSTART-FRAC25-CODE-KODCODE-CTX8K-S1-BETA01-V1_1783425947,25%,25,beta=0.1,beta01,137,Gradient norm,actor/grad_norm,9.520757675170898
ONPOLICY-SFT-Qwen3-1P7B-COLDSTART-FRAC25-CODE-KODCODE-CTX8K-S1-BETA01-V1_1783425947,25%,25,beta=0.1,beta01,137,Train score mean,critic/score/mean,-0.27734375
ONPOLICY-SFT-Qwen3-1P7B-COLDSTART-FRAC25-CODE-KODCODE-CTX8K-S1-BETA01-V1_1783425947,25%,25,beta=0.1,beta01,137,Response length mean,response_length/mean,160.974609375
ONPOLICY-SFT-Qwen3-1P7B-COLDSTART-FRAC25-CODE-KODCODE-CTX8K-S1-BETA01-V1_1783425947,25%,25,beta=0.1,beta01,137,Time per step,perf/time_per_step,64.17768213711679
ONPOLICY-SFT-Qwen3-1P7B-COLDSTART-FRAC25-CODE-KODCODE-CTX8K-S1-BETA01-V1_1783425947,25%,25,beta=0.1,beta01,138,Rollout correct ratio,wdl_sft/correct_ratio,0.435546875
ONPOLICY-SFT-Qwen3-1P7B-COLDSTART-FRAC25-CODE-KODCODE-CTX8K-S1-BETA01-V1_1783425947,25%,25,beta=0.1,beta01,138,Gradient norm,actor/grad_norm,10.251364707946777
ONPOLICY-SFT-Qwen3-1P7B-COLDSTART-FRAC25-CODE-KODCODE-CTX8K-S1-BETA01-V1_1783425947,25%,25,beta=0.1,beta01,138,Train score mean,critic/score/mean,-0.12890625
ONPOLICY-SFT-Qwen3-1P7B-COLDSTART-FRAC25-CODE-KODCODE-CTX8K-S1-BETA01-V1_1783425947,25%,25,beta=0.1,beta01,138,Response length mean,response_length/mean,163.212890625
ONPOLICY-SFT-Qwen3-1P7B-COLDSTART-FRAC25-CODE-KODCODE-CTX8K-S1-BETA01-V1_1783425947,25%,25,beta=0.1,beta01,138,Time per step,perf/time_per_step,41.396844359114766
ONPOLICY-SFT-Qwen3-1P7B-COLDSTART-FRAC25-CODE-KODCODE-CTX8K-S1-BETA01-V1_1783425947,25%,25,beta=0.1,beta01,139,Rollout correct ratio,wdl_sft/correct_ratio,0.353515625
ONPOLICY-SFT-Qwen3-1P7B-COLDSTART-FRAC25-CODE-KODCODE-CTX8K-S1-BETA01-V1_1783425947,25%,25,beta=0.1,beta01,139,Gradient norm,actor/grad_norm,10.209733009338379
ONPOLICY-SFT-Qwen3-1P7B-COLDSTART-FRAC25-CODE-KODCODE-CTX8K-S1-BETA01-V1_1783425947,25%,25,beta=0.1,beta01,139,Train score mean,critic/score/mean,-0.29296875
ONPOLICY-SFT-Qwen3-1P7B-COLDSTART-FRAC25-CODE-KODCODE-CTX8K-S1-BETA01-V1_1783425947,25%,25,beta=0.1,beta01,139,Response length mean,response_length/mean,171.01953125
ONPOLICY-SFT-Qwen3-1P7B-COLDSTART-FRAC25-CODE-KODCODE-CTX8K-S1-BETA01-V1_1783425947,25%,25,beta=0.1,beta01,139,Time per step,perf/time_per_step,40.80967354867607
ONPOLICY-SFT-Qwen3-1P7B-COLDSTART-FRAC25-CODE-KODCODE-CTX8K-S1-BETA01-V1_1783425947,25%,25,beta=0.1,beta01,140,HumanEval+ pass@1,val-core/HumanEval+/acc/pass@1,0.4817073170731707
ONPOLICY-SFT-Qwen3-1P7B-COLDSTART-FRAC25-CODE-KODCODE-CTX8K-S1-BETA01-V1_1783425947,25%,25,beta=0.1,beta01,140,MBPP+ pass@1,val-core/MBPP+/acc/pass@1,0.48677248677248675
ONPOLICY-SFT-Qwen3-1P7B-COLDSTART-FRAC25-CODE-KODCODE-CTX8K-S1-BETA01-V1_1783425947,25%,25,beta=0.1,beta01,140,LiveCodeBench pass@1,val-core/LiveCodeBench/acc/pass@1,0.2265625
ONPOLICY-SFT-Qwen3-1P7B-COLDSTART-FRAC25-CODE-KODCODE-CTX8K-S1-BETA01-V1_1783425947,25%,25,beta=0.1,beta01,140,HumanEval+ extract fail,val-aux/HumanEval+/code_reward_extraction_fail/mean@1,0.0
ONPOLICY-SFT-Qwen3-1P7B-COLDSTART-FRAC25-CODE-KODCODE-CTX8K-S1-BETA01-V1_1783425947,25%,25,beta=0.1,beta01,140,MBPP+ extract fail,val-aux/MBPP+/code_reward_extraction_fail/mean@1,0.015873015873015872
ONPOLICY-SFT-Qwen3-1P7B-COLDSTART-FRAC25-CODE-KODCODE-CTX8K-S1-BETA01-V1_1783425947,25%,25,beta=0.1,beta01,140,LiveCodeBench extract fail,val-aux/LiveCodeBench/code_reward_extraction_fail/mean@1,0.0390625
ONPOLICY-SFT-Qwen3-1P7B-COLDSTART-FRAC25-CODE-KODCODE-CTX8K-S1-BETA01-V1_1783425947,25%,25,beta=0.1,beta01,140,Rollout correct ratio,wdl_sft/correct_ratio,0.423828125
ONPOLICY-SFT-Qwen3-1P7B-COLDSTART-FRAC25-CODE-KODCODE-CTX8K-S1-BETA01-V1_1783425947,25%,25,beta=0.1,beta01,140,Gradient norm,actor/grad_norm,9.347214698791504
ONPOLICY-SFT-Qwen3-1P7B-COLDSTART-FRAC25-CODE-KODCODE-CTX8K-S1-BETA01-V1_1783425947,25%,25,beta=0.1,beta01,140,Train score mean,critic/score/mean,-0.15234375
ONPOLICY-SFT-Qwen3-1P7B-COLDSTART-FRAC25-CODE-KODCODE-CTX8K-S1-BETA01-V1_1783425947,25%,25,beta=0.1,beta01,140,Response length mean,response_length/mean,146.125
ONPOLICY-SFT-Qwen3-1P7B-COLDSTART-FRAC25-CODE-KODCODE-CTX8K-S1-BETA01-V1_1783425947,25%,25,beta=0.1,beta01,140,Time per step,perf/time_per_step,46.06943585164845
ONPOLICY-SFT-Qwen3-1P7B-COLDSTART-FRAC25-CODE-KODCODE-CTX8K-S1-BETA01-V1_1783425947,25%,25,beta=0.1,beta01,141,Rollout correct ratio,wdl_sft/correct_ratio,0.421875
ONPOLICY-SFT-Qwen3-1P7B-COLDSTART-FRAC25-CODE-KODCODE-CTX8K-S1-BETA01-V1_1783425947,25%,25,beta=0.1,beta01,141,Gradient norm,actor/grad_norm,8.741836547851562
ONPOLICY-SFT-Qwen3-1P7B-COLDSTART-FRAC25-CODE-KODCODE-CTX8K-S1-BETA01-V1_1783425947,25%,25,beta=0.1,beta01,141,Train score mean,critic/score/mean,-0.15625
ONPOLICY-SFT-Qwen3-1P7B-COLDSTART-FRAC25-CODE-KODCODE-CTX8K-S1-BETA01-V1_1783425947,25%,25,beta=0.1,beta01,141,Response length mean,response_length/mean,167.841796875
ONPOLICY-SFT-Qwen3-1P7B-COLDSTART-FRAC25-CODE-KODCODE-CTX8K-S1-BETA01-V1_1783425947,25%,25,beta=0.1,beta01,141,Time per step,perf/time_per_step,65.38514531496912
ONPOLICY-SFT-Qwen3-1P7B-COLDSTART-FRAC25-CODE-KODCODE-CTX8K-S1-BETA01-V1_1783425947,25%,25,beta=0.1,beta01,142,Rollout correct ratio,wdl_sft/correct_ratio,0.41796875
ONPOLICY-SFT-Qwen3-1P7B-COLDSTART-FRAC25-CODE-KODCODE-CTX8K-S1-BETA01-V1_1783425947,25%,25,beta=0.1,beta01,142,Gradient norm,actor/grad_norm,9.417387008666992
ONPOLICY-SFT-Qwen3-1P7B-COLDSTART-FRAC25-CODE-KODCODE-CTX8K-S1-BETA01-V1_1783425947,25%,25,beta=0.1,beta01,142,Train score mean,critic/score/mean,-0.1640625
ONPOLICY-SFT-Qwen3-1P7B-COLDSTART-FRAC25-CODE-KODCODE-CTX8K-S1-BETA01-V1_1783425947,25%,25,beta=0.1,beta01,142,Response length mean,response_length/mean,175.462890625
ONPOLICY-SFT-Qwen3-1P7B-COLDSTART-FRAC25-CODE-KODCODE-CTX8K-S1-BETA01-V1_1783425947,25%,25,beta=0.1,beta01,142,Time per step,perf/time_per_step,41.902630208060145
ONPOLICY-SFT-Qwen3-1P7B-COLDSTART-FRAC25-CODE-KODCODE-CTX8K-S1-BETA01-V1_1783425947,25%,25,beta=0.1,beta01,143,Rollout correct ratio,wdl_sft/correct_ratio,0.41796875
ONPOLICY-SFT-Qwen3-1P7B-COLDSTART-FRAC25-CODE-KODCODE-CTX8K-S1-BETA01-V1_1783425947,25%,25,beta=0.1,beta01,143,Gradient norm,actor/grad_norm,9.52486801147461
ONPOLICY-SFT-Qwen3-1P7B-COLDSTART-FRAC25-CODE-KODCODE-CTX8K-S1-BETA01-V1_1783425947,25%,25,beta=0.1,beta01,143,Train score mean,critic/score/mean,-0.1640625
ONPOLICY-SFT-Qwen3-1P7B-COLDSTART-FRAC25-CODE-KODCODE-CTX8K-S1-BETA01-V1_1783425947,25%,25,beta=0.1,beta01,143,Response length mean,response_length/mean,152.73828125
ONPOLICY-SFT-Qwen3-1P7B-COLDSTART-FRAC25-CODE-KODCODE-CTX8K-S1-BETA01-V1_1783425947,25%,25,beta=0.1,beta01,143,Time per step,perf/time_per_step,41.41724484693259
ONPOLICY-SFT-Qwen3-1P7B-COLDSTART-FRAC25-CODE-KODCODE-CTX8K-S1-BETA01-V1_1783425947,25%,25,beta=0.1,beta01,144,Rollout correct ratio,wdl_sft/correct_ratio,0.416015625
ONPOLICY-SFT-Qwen3-1P7B-COLDSTART-FRAC25-CODE-KODCODE-CTX8K-S1-BETA01-V1_1783425947,25%,25,beta=0.1,beta01,144,Gradient norm,actor/grad_norm,9.826168060302734
ONPOLICY-SFT-Qwen3-1P7B-COLDSTART-FRAC25-CODE-KODCODE-CTX8K-S1-BETA01-V1_1783425947,25%,25,beta=0.1,beta01,144,Train score mean,critic/score/mean,-0.16796875
ONPOLICY-SFT-Qwen3-1P7B-COLDSTART-FRAC25-CODE-KODCODE-CTX8K-S1-BETA01-V1_1783425947,25%,25,beta=0.1,beta01,144,Response length mean,response_length/mean,165.68359375
ONPOLICY-SFT-Qwen3-1P7B-COLDSTART-FRAC25-CODE-KODCODE-CTX8K-S1-BETA01-V1_1783425947,25%,25,beta=0.1,beta01,144,Time per step,perf/time_per_step,41.05922906007618
ONPOLICY-SFT-Qwen3-1P7B-COLDSTART-FRAC25-CODE-KODCODE-CTX8K-S1-BETA01-V1_1783425947,25%,25,beta=0.1,beta01,145,HumanEval+ pass@1,val-core/HumanEval+/acc/pass@1,0.49390243902439024
ONPOLICY-SFT-Qwen3-1P7B-COLDSTART-FRAC25-CODE-KODCODE-CTX8K-S1-BETA01-V1_1783425947,25%,25,beta=0.1,beta01,145,MBPP+ pass@1,val-core/MBPP+/acc/pass@1,0.47619047619047616
ONPOLICY-SFT-Qwen3-1P7B-COLDSTART-FRAC25-CODE-KODCODE-CTX8K-S1-BETA01-V1_1783425947,25%,25,beta=0.1,beta01,145,LiveCodeBench pass@1,val-core/LiveCodeBench/acc/pass@1,0.1796875
ONPOLICY-SFT-Qwen3-1P7B-COLDSTART-FRAC25-CODE-KODCODE-CTX8K-S1-BETA01-V1_1783425947,25%,25,beta=0.1,beta01,145,HumanEval+ extract fail,val-aux/HumanEval+/code_reward_extraction_fail/mean@1,0.006097560975609756
ONPOLICY-SFT-Qwen3-1P7B-COLDSTART-FRAC25-CODE-KODCODE-CTX8K-S1-BETA01-V1_1783425947,25%,25,beta=0.1,beta01,145,MBPP+ extract fail,val-aux/MBPP+/code_reward_extraction_fail/mean@1,0.007936507936507936
ONPOLICY-SFT-Qwen3-1P7B-COLDSTART-FRAC25-CODE-KODCODE-CTX8K-S1-BETA01-V1_1783425947,25%,25,beta=0.1,beta01,145,LiveCodeBench extract fail,val-aux/LiveCodeBench/code_reward_extraction_fail/mean@1,0.0234375
ONPOLICY-SFT-Qwen3-1P7B-COLDSTART-FRAC25-CODE-KODCODE-CTX8K-S1-BETA01-V1_1783425947,25%,25,beta=0.1,beta01,145,Rollout correct ratio,wdl_sft/correct_ratio,0.359375
ONPOLICY-SFT-Qwen3-1P7B-COLDSTART-FRAC25-CODE-KODCODE-CTX8K-S1-BETA01-V1_1783425947,25%,25,beta=0.1,beta01,145,Gradient norm,actor/grad_norm,10.436079025268555
ONPOLICY-SFT-Qwen3-1P7B-COLDSTART-FRAC25-CODE-KODCODE-CTX8K-S1-BETA01-V1_1783425947,25%,25,beta=0.1,beta01,145,Train score mean,critic/score/mean,-0.28125
ONPOLICY-SFT-Qwen3-1P7B-COLDSTART-FRAC25-CODE-KODCODE-CTX8K-S1-BETA01-V1_1783425947,25%,25,beta=0.1,beta01,145,Response length mean,response_length/mean,166.41015625
ONPOLICY-SFT-Qwen3-1P7B-COLDSTART-FRAC25-CODE-KODCODE-CTX8K-S1-BETA01-V1_1783425947,25%,25,beta=0.1,beta01,145,Time per step,perf/time_per_step,49.17891989275813
ONPOLICY-SFT-Qwen3-1P7B-COLDSTART-FRAC25-CODE-KODCODE-CTX8K-S1-BETA01-V1_1783425947,25%,25,beta=0.1,beta01,146,Rollout correct ratio,wdl_sft/correct_ratio,0.3203125
ONPOLICY-SFT-Qwen3-1P7B-COLDSTART-FRAC25-CODE-KODCODE-CTX8K-S1-BETA01-V1_1783425947,25%,25,beta=0.1,beta01,146,Gradient norm,actor/grad_norm,13.271259307861328
ONPOLICY-SFT-Qwen3-1P7B-COLDSTART-FRAC25-CODE-KODCODE-CTX8K-S1-BETA01-V1_1783425947,25%,25,beta=0.1,beta01,146,Train score mean,critic/score/mean,-0.359375
ONPOLICY-SFT-Qwen3-1P7B-COLDSTART-FRAC25-CODE-KODCODE-CTX8K-S1-BETA01-V1_1783425947,25%,25,beta=0.1,beta01,146,Response length mean,response_length/mean,180.54296875
ONPOLICY-SFT-Qwen3-1P7B-COLDSTART-FRAC25-CODE-KODCODE-CTX8K-S1-BETA01-V1_1783425947,25%,25,beta=0.1,beta01,146,Time per step,perf/time_per_step,43.4803596008569
ONPOLICY-SFT-Qwen3-1P7B-COLDSTART-FRAC25-CODE-KODCODE-CTX8K-S1-BETA01-V1_1783425947,25%,25,beta=0.1,beta01,147,Rollout correct ratio,wdl_sft/correct_ratio,0.421875
ONPOLICY-SFT-Qwen3-1P7B-COLDSTART-FRAC25-CODE-KODCODE-CTX8K-S1-BETA01-V1_1783425947,25%,25,beta=0.1,beta01,147,Gradient norm,actor/grad_norm,11.015877723693848
ONPOLICY-SFT-Qwen3-1P7B-COLDSTART-FRAC25-CODE-KODCODE-CTX8K-S1-BETA01-V1_1783425947,25%,25,beta=0.1,beta01,147,Train score mean,critic/score/mean,-0.15625
ONPOLICY-SFT-Qwen3-1P7B-COLDSTART-FRAC25-CODE-KODCODE-CTX8K-S1-BETA01-V1_1783425947,25%,25,beta=0.1,beta01,147,Response length mean,response_length/mean,182.140625
ONPOLICY-SFT-Qwen3-1P7B-COLDSTART-FRAC25-CODE-KODCODE-CTX8K-S1-BETA01-V1_1783425947,25%,25,beta=0.1,beta01,147,Time per step,perf/time_per_step,44.68085439968854
ONPOLICY-SFT-Qwen3-1P7B-COLDSTART-FRAC25-CODE-KODCODE-CTX8K-S1-BETA01-V1_1783425947,25%,25,beta=0.1,beta01,148,Rollout correct ratio,wdl_sft/correct_ratio,0.419921875
ONPOLICY-SFT-Qwen3-1P7B-COLDSTART-FRAC25-CODE-KODCODE-CTX8K-S1-BETA01-V1_1783425947,25%,25,beta=0.1,beta01,148,Gradient norm,actor/grad_norm,10.651378631591797
ONPOLICY-SFT-Qwen3-1P7B-COLDSTART-FRAC25-CODE-KODCODE-CTX8K-S1-BETA01-V1_1783425947,25%,25,beta=0.1,beta01,148,Train score mean,critic/score/mean,-0.16015625
ONPOLICY-SFT-Qwen3-1P7B-COLDSTART-FRAC25-CODE-KODCODE-CTX8K-S1-BETA01-V1_1783425947,25%,25,beta=0.1,beta01,148,Response length mean,response_length/mean,185.28125
ONPOLICY-SFT-Qwen3-1P7B-COLDSTART-FRAC25-CODE-KODCODE-CTX8K-S1-BETA01-V1_1783425947,25%,25,beta=0.1,beta01,148,Time per step,perf/time_per_step,47.06172154005617
ONPOLICY-SFT-Qwen3-1P7B-COLDSTART-FRAC25-CODE-KODCODE-CTX8K-S1-BETA01-V1_1783425947,25%,25,beta=0.1,beta01,149,Rollout correct ratio,wdl_sft/correct_ratio,0.369140625
ONPOLICY-SFT-Qwen3-1P7B-COLDSTART-FRAC25-CODE-KODCODE-CTX8K-S1-BETA01-V1_1783425947,25%,25,beta=0.1,beta01,149,Gradient norm,actor/grad_norm,11.028814315795898
ONPOLICY-SFT-Qwen3-1P7B-COLDSTART-FRAC25-CODE-KODCODE-CTX8K-S1-BETA01-V1_1783425947,25%,25,beta=0.1,beta01,149,Train score mean,critic/score/mean,-0.26171875
ONPOLICY-SFT-Qwen3-1P7B-COLDSTART-FRAC25-CODE-KODCODE-CTX8K-S1-BETA01-V1_1783425947,25%,25,beta=0.1,beta01,149,Response length mean,response_length/mean,169.982421875
ONPOLICY-SFT-Qwen3-1P7B-COLDSTART-FRAC25-CODE-KODCODE-CTX8K-S1-BETA01-V1_1783425947,25%,25,beta=0.1,beta01,149,Time per step,perf/time_per_step,42.926390630193055
ONPOLICY-SFT-Qwen3-1P7B-COLDSTART-FRAC25-CODE-KODCODE-CTX8K-S1-BETA01-V1_1783425947,25%,25,beta=0.1,beta01,150,HumanEval+ pass@1,val-core/HumanEval+/acc/pass@1,0.4878048780487805
ONPOLICY-SFT-Qwen3-1P7B-COLDSTART-FRAC25-CODE-KODCODE-CTX8K-S1-BETA01-V1_1783425947,25%,25,beta=0.1,beta01,150,MBPP+ pass@1,val-core/MBPP+/acc/pass@1,0.4947089947089947
ONPOLICY-SFT-Qwen3-1P7B-COLDSTART-FRAC25-CODE-KODCODE-CTX8K-S1-BETA01-V1_1783425947,25%,25,beta=0.1,beta01,150,LiveCodeBench pass@1,val-core/LiveCodeBench/acc/pass@1,0.21875
ONPOLICY-SFT-Qwen3-1P7B-COLDSTART-FRAC25-CODE-KODCODE-CTX8K-S1-BETA01-V1_1783425947,25%,25,beta=0.1,beta01,150,HumanEval+ extract fail,val-aux/HumanEval+/code_reward_extraction_fail/mean@1,0.0
ONPOLICY-SFT-Qwen3-1P7B-COLDSTART-FRAC25-CODE-KODCODE-CTX8K-S1-BETA01-V1_1783425947,25%,25,beta=0.1,beta01,150,MBPP+ extract fail,val-aux/MBPP+/code_reward_extraction_fail/mean@1,0.005291005291005291
ONPOLICY-SFT-Qwen3-1P7B-COLDSTART-FRAC25-CODE-KODCODE-CTX8K-S1-BETA01-V1_1783425947,25%,25,beta=0.1,beta01,150,LiveCodeBench extract fail,val-aux/LiveCodeBench/code_reward_extraction_fail/mean@1,0.015625
ONPOLICY-SFT-Qwen3-1P7B-COLDSTART-FRAC25-CODE-KODCODE-CTX8K-S1-BETA01-V1_1783425947,25%,25,beta=0.1,beta01,150,Rollout correct ratio,wdl_sft/correct_ratio,0.28515625
ONPOLICY-SFT-Qwen3-1P7B-COLDSTART-FRAC25-CODE-KODCODE-CTX8K-S1-BETA01-V1_1783425947,25%,25,beta=0.1,beta01,150,Gradient norm,actor/grad_norm,13.568460464477539
ONPOLICY-SFT-Qwen3-1P7B-COLDSTART-FRAC25-CODE-KODCODE-CTX8K-S1-BETA01-V1_1783425947,25%,25,beta=0.1,beta01,150,Train score mean,critic/score/mean,-0.4296875
ONPOLICY-SFT-Qwen3-1P7B-COLDSTART-FRAC25-CODE-KODCODE-CTX8K-S1-BETA01-V1_1783425947,25%,25,beta=0.1,beta01,150,Response length mean,response_length/mean,183.666015625
ONPOLICY-SFT-Qwen3-1P7B-COLDSTART-FRAC25-CODE-KODCODE-CTX8K-S1-BETA01-V1_1783425947,25%,25,beta=0.1,beta01,150,Time per step,perf/time_per_step,49.04149601794779
ONPOLICY-SFT-Qwen3-1P7B-COLDSTART-FRAC50-CODE-KODCODE-CTX8K-S1-BETA0-V1_1783435522,50%,50,beta=0.0,beta0,0,HumanEval+ pass@1,val-core/HumanEval+/acc/pass@1,0.524390243902439
ONPOLICY-SFT-Qwen3-1P7B-COLDSTART-FRAC50-CODE-KODCODE-CTX8K-S1-BETA0-V1_1783435522,50%,50,beta=0.0,beta0,0,MBPP+ pass@1,val-core/MBPP+/acc/pass@1,0.5476190476190477
ONPOLICY-SFT-Qwen3-1P7B-COLDSTART-FRAC50-CODE-KODCODE-CTX8K-S1-BETA0-V1_1783435522,50%,50,beta=0.0,beta0,0,LiveCodeBench pass@1,val-core/LiveCodeBench/acc/pass@1,0.2265625
ONPOLICY-SFT-Qwen3-1P7B-COLDSTART-FRAC50-CODE-KODCODE-CTX8K-S1-BETA0-V1_1783435522,50%,50,beta=0.0,beta0,0,HumanEval+ extract fail,val-aux/HumanEval+/code_reward_extraction_fail/mean@1,0.0
ONPOLICY-SFT-Qwen3-1P7B-COLDSTART-FRAC50-CODE-KODCODE-CTX8K-S1-BETA0-V1_1783435522,50%,50,beta=0.0,beta0,0,MBPP+ extract fail,val-aux/MBPP+/code_reward_extraction_fail/mean@1,0.007936507936507936
ONPOLICY-SFT-Qwen3-1P7B-COLDSTART-FRAC50-CODE-KODCODE-CTX8K-S1-BETA0-V1_1783435522,50%,50,beta=0.0,beta0,0,LiveCodeBench extract fail,val-aux/LiveCodeBench/code_reward_extraction_fail/mean@1,0.0390625
ONPOLICY-SFT-Qwen3-1P7B-COLDSTART-FRAC50-CODE-KODCODE-CTX8K-S1-BETA0-V1_1783435522,50%,50,beta=0.0,beta0,1,Rollout correct ratio,wdl_sft/correct_ratio,0.33203125
ONPOLICY-SFT-Qwen3-1P7B-COLDSTART-FRAC50-CODE-KODCODE-CTX8K-S1-BETA0-V1_1783435522,50%,50,beta=0.0,beta0,1,Gradient norm,actor/grad_norm,11.182374954223633
ONPOLICY-SFT-Qwen3-1P7B-COLDSTART-FRAC50-CODE-KODCODE-CTX8K-S1-BETA0-V1_1783435522,50%,50,beta=0.0,beta0,1,Train score mean,critic/score/mean,-0.3359375
ONPOLICY-SFT-Qwen3-1P7B-COLDSTART-FRAC50-CODE-KODCODE-CTX8K-S1-BETA0-V1_1783435522,50%,50,beta=0.0,beta0,1,Response length mean,response_length/mean,155.904296875
ONPOLICY-SFT-Qwen3-1P7B-COLDSTART-FRAC50-CODE-KODCODE-CTX8K-S1-BETA0-V1_1783435522,50%,50,beta=0.0,beta0,1,Time per step,perf/time_per_step,41.88368725404143
ONPOLICY-SFT-Qwen3-1P7B-COLDSTART-FRAC50-CODE-KODCODE-CTX8K-S1-BETA0-V1_1783435522,50%,50,beta=0.0,beta0,2,Rollout correct ratio,wdl_sft/correct_ratio,0.41796875
ONPOLICY-SFT-Qwen3-1P7B-COLDSTART-FRAC50-CODE-KODCODE-CTX8K-S1-BETA0-V1_1783435522,50%,50,beta=0.0,beta0,2,Gradient norm,actor/grad_norm,9.212754249572754
ONPOLICY-SFT-Qwen3-1P7B-COLDSTART-FRAC50-CODE-KODCODE-CTX8K-S1-BETA0-V1_1783435522,50%,50,beta=0.0,beta0,2,Train score mean,critic/score/mean,-0.1640625
ONPOLICY-SFT-Qwen3-1P7B-COLDSTART-FRAC50-CODE-KODCODE-CTX8K-S1-BETA0-V1_1783435522,50%,50,beta=0.0,beta0,2,Response length mean,response_length/mean,159.1328125
ONPOLICY-SFT-Qwen3-1P7B-COLDSTART-FRAC50-CODE-KODCODE-CTX8K-S1-BETA0-V1_1783435522,50%,50,beta=0.0,beta0,2,Time per step,perf/time_per_step,43.42157026845962
ONPOLICY-SFT-Qwen3-1P7B-COLDSTART-FRAC50-CODE-KODCODE-CTX8K-S1-BETA0-V1_1783435522,50%,50,beta=0.0,beta0,3,Rollout correct ratio,wdl_sft/correct_ratio,0.392578125
ONPOLICY-SFT-Qwen3-1P7B-COLDSTART-FRAC50-CODE-KODCODE-CTX8K-S1-BETA0-V1_1783435522,50%,50,beta=0.0,beta0,3,Gradient norm,actor/grad_norm,8.853774070739746
ONPOLICY-SFT-Qwen3-1P7B-COLDSTART-FRAC50-CODE-KODCODE-CTX8K-S1-BETA0-V1_1783435522,50%,50,beta=0.0,beta0,3,Train score mean,critic/score/mean,-0.21484375
ONPOLICY-SFT-Qwen3-1P7B-COLDSTART-FRAC50-CODE-KODCODE-CTX8K-S1-BETA0-V1_1783435522,50%,50,beta=0.0,beta0,3,Response length mean,response_length/mean,174.513671875
ONPOLICY-SFT-Qwen3-1P7B-COLDSTART-FRAC50-CODE-KODCODE-CTX8K-S1-BETA0-V1_1783435522,50%,50,beta=0.0,beta0,3,Time per step,perf/time_per_step,42.02465091180056
ONPOLICY-SFT-Qwen3-1P7B-COLDSTART-FRAC50-CODE-KODCODE-CTX8K-S1-BETA0-V1_1783435522,50%,50,beta=0.0,beta0,4,Rollout correct ratio,wdl_sft/correct_ratio,0.3671875
ONPOLICY-SFT-Qwen3-1P7B-COLDSTART-FRAC50-CODE-KODCODE-CTX8K-S1-BETA0-V1_1783435522,50%,50,beta=0.0,beta0,4,Gradient norm,actor/grad_norm,9.467873573303223
ONPOLICY-SFT-Qwen3-1P7B-COLDSTART-FRAC50-CODE-KODCODE-CTX8K-S1-BETA0-V1_1783435522,50%,50,beta=0.0,beta0,4,Train score mean,critic/score/mean,-0.265625
ONPOLICY-SFT-Qwen3-1P7B-COLDSTART-FRAC50-CODE-KODCODE-CTX8K-S1-BETA0-V1_1783435522,50%,50,beta=0.0,beta0,4,Response length mean,response_length/mean,158.599609375
ONPOLICY-SFT-Qwen3-1P7B-COLDSTART-FRAC50-CODE-KODCODE-CTX8K-S1-BETA0-V1_1783435522,50%,50,beta=0.0,beta0,4,Time per step,perf/time_per_step,41.05513574555516
ONPOLICY-SFT-Qwen3-1P7B-COLDSTART-FRAC50-CODE-KODCODE-CTX8K-S1-BETA0-V1_1783435522,50%,50,beta=0.0,beta0,5,HumanEval+ pass@1,val-core/HumanEval+/acc/pass@1,0.5182926829268293
ONPOLICY-SFT-Qwen3-1P7B-COLDSTART-FRAC50-CODE-KODCODE-CTX8K-S1-BETA0-V1_1783435522,50%,50,beta=0.0,beta0,5,MBPP+ pass@1,val-core/MBPP+/acc/pass@1,0.5555555555555556
ONPOLICY-SFT-Qwen3-1P7B-COLDSTART-FRAC50-CODE-KODCODE-CTX8K-S1-BETA0-V1_1783435522,50%,50,beta=0.0,beta0,5,LiveCodeBench pass@1,val-core/LiveCodeBench/acc/pass@1,0.1875
ONPOLICY-SFT-Qwen3-1P7B-COLDSTART-FRAC50-CODE-KODCODE-CTX8K-S1-BETA0-V1_1783435522,50%,50,beta=0.0,beta0,5,HumanEval+ extract fail,val-aux/HumanEval+/code_reward_extraction_fail/mean@1,0.0
ONPOLICY-SFT-Qwen3-1P7B-COLDSTART-FRAC50-CODE-KODCODE-CTX8K-S1-BETA0-V1_1783435522,50%,50,beta=0.0,beta0,5,MBPP+ extract fail,val-aux/MBPP+/code_reward_extraction_fail/mean@1,0.007936507936507936
ONPOLICY-SFT-Qwen3-1P7B-COLDSTART-FRAC50-CODE-KODCODE-CTX8K-S1-BETA0-V1_1783435522,50%,50,beta=0.0,beta0,5,LiveCodeBench extract fail,val-aux/LiveCodeBench/code_reward_extraction_fail/mean@1,0.0390625
ONPOLICY-SFT-Qwen3-1P7B-COLDSTART-FRAC50-CODE-KODCODE-CTX8K-S1-BETA0-V1_1783435522,50%,50,beta=0.0,beta0,5,Rollout correct ratio,wdl_sft/correct_ratio,0.40234375
ONPOLICY-SFT-Qwen3-1P7B-COLDSTART-FRAC50-CODE-KODCODE-CTX8K-S1-BETA0-V1_1783435522,50%,50,beta=0.0,beta0,5,Gradient norm,actor/grad_norm,8.182467460632324
ONPOLICY-SFT-Qwen3-1P7B-COLDSTART-FRAC50-CODE-KODCODE-CTX8K-S1-BETA0-V1_1783435522,50%,50,beta=0.0,beta0,5,Train score mean,critic/score/mean,-0.1953125
ONPOLICY-SFT-Qwen3-1P7B-COLDSTART-FRAC50-CODE-KODCODE-CTX8K-S1-BETA0-V1_1783435522,50%,50,beta=0.0,beta0,5,Response length mean,response_length/mean,155.40234375
ONPOLICY-SFT-Qwen3-1P7B-COLDSTART-FRAC50-CODE-KODCODE-CTX8K-S1-BETA0-V1_1783435522,50%,50,beta=0.0,beta0,5,Time per step,perf/time_per_step,45.358039871789515
ONPOLICY-SFT-Qwen3-1P7B-COLDSTART-FRAC50-CODE-KODCODE-CTX8K-S1-BETA0-V1_1783435522,50%,50,beta=0.0,beta0,6,Rollout correct ratio,wdl_sft/correct_ratio,0.376953125
ONPOLICY-SFT-Qwen3-1P7B-COLDSTART-FRAC50-CODE-KODCODE-CTX8K-S1-BETA0-V1_1783435522,50%,50,beta=0.0,beta0,6,Gradient norm,actor/grad_norm,9.074932098388672
ONPOLICY-SFT-Qwen3-1P7B-COLDSTART-FRAC50-CODE-KODCODE-CTX8K-S1-BETA0-V1_1783435522,50%,50,beta=0.0,beta0,6,Train score mean,critic/score/mean,-0.24609375
ONPOLICY-SFT-Qwen3-1P7B-COLDSTART-FRAC50-CODE-KODCODE-CTX8K-S1-BETA0-V1_1783435522,50%,50,beta=0.0,beta0,6,Response length mean,response_length/mean,154.359375
ONPOLICY-SFT-Qwen3-1P7B-COLDSTART-FRAC50-CODE-KODCODE-CTX8K-S1-BETA0-V1_1783435522,50%,50,beta=0.0,beta0,6,Time per step,perf/time_per_step,41.87790585402399
ONPOLICY-SFT-Qwen3-1P7B-COLDSTART-FRAC50-CODE-KODCODE-CTX8K-S1-BETA0-V1_1783435522,50%,50,beta=0.0,beta0,7,Rollout correct ratio,wdl_sft/correct_ratio,0.287109375
ONPOLICY-SFT-Qwen3-1P7B-COLDSTART-FRAC50-CODE-KODCODE-CTX8K-S1-BETA0-V1_1783435522,50%,50,beta=0.0,beta0,7,Gradient norm,actor/grad_norm,10.913311958312988
ONPOLICY-SFT-Qwen3-1P7B-COLDSTART-FRAC50-CODE-KODCODE-CTX8K-S1-BETA0-V1_1783435522,50%,50,beta=0.0,beta0,7,Train score mean,critic/score/mean,-0.42578125
ONPOLICY-SFT-Qwen3-1P7B-COLDSTART-FRAC50-CODE-KODCODE-CTX8K-S1-BETA0-V1_1783435522,50%,50,beta=0.0,beta0,7,Response length mean,response_length/mean,158.35546875
ONPOLICY-SFT-Qwen3-1P7B-COLDSTART-FRAC50-CODE-KODCODE-CTX8K-S1-BETA0-V1_1783435522,50%,50,beta=0.0,beta0,7,Time per step,perf/time_per_step,42.815438563004136
ONPOLICY-SFT-Qwen3-1P7B-COLDSTART-FRAC50-CODE-KODCODE-CTX8K-S1-BETA0-V1_1783435522,50%,50,beta=0.0,beta0,8,Rollout correct ratio,wdl_sft/correct_ratio,0.353515625
ONPOLICY-SFT-Qwen3-1P7B-COLDSTART-FRAC50-CODE-KODCODE-CTX8K-S1-BETA0-V1_1783435522,50%,50,beta=0.0,beta0,8,Gradient norm,actor/grad_norm,10.151219367980957
ONPOLICY-SFT-Qwen3-1P7B-COLDSTART-FRAC50-CODE-KODCODE-CTX8K-S1-BETA0-V1_1783435522,50%,50,beta=0.0,beta0,8,Train score mean,critic/score/mean,-0.29296875
ONPOLICY-SFT-Qwen3-1P7B-COLDSTART-FRAC50-CODE-KODCODE-CTX8K-S1-BETA0-V1_1783435522,50%,50,beta=0.0,beta0,8,Response length mean,response_length/mean,175.412109375
ONPOLICY-SFT-Qwen3-1P7B-COLDSTART-FRAC50-CODE-KODCODE-CTX8K-S1-BETA0-V1_1783435522,50%,50,beta=0.0,beta0,8,Time per step,perf/time_per_step,41.41795273497701
ONPOLICY-SFT-Qwen3-1P7B-COLDSTART-FRAC50-CODE-KODCODE-CTX8K-S1-BETA0-V1_1783435522,50%,50,beta=0.0,beta0,9,Rollout correct ratio,wdl_sft/correct_ratio,0.31640625
ONPOLICY-SFT-Qwen3-1P7B-COLDSTART-FRAC50-CODE-KODCODE-CTX8K-S1-BETA0-V1_1783435522,50%,50,beta=0.0,beta0,9,Gradient norm,actor/grad_norm,10.537307739257812
ONPOLICY-SFT-Qwen3-1P7B-COLDSTART-FRAC50-CODE-KODCODE-CTX8K-S1-BETA0-V1_1783435522,50%,50,beta=0.0,beta0,9,Train score mean,critic/score/mean,-0.3671875
ONPOLICY-SFT-Qwen3-1P7B-COLDSTART-FRAC50-CODE-KODCODE-CTX8K-S1-BETA0-V1_1783435522,50%,50,beta=0.0,beta0,9,Response length mean,response_length/mean,167.744140625
ONPOLICY-SFT-Qwen3-1P7B-COLDSTART-FRAC50-CODE-KODCODE-CTX8K-S1-BETA0-V1_1783435522,50%,50,beta=0.0,beta0,9,Time per step,perf/time_per_step,43.329306749626994
ONPOLICY-SFT-Qwen3-1P7B-COLDSTART-FRAC50-CODE-KODCODE-CTX8K-S1-BETA0-V1_1783435522,50%,50,beta=0.0,beta0,10,HumanEval+ pass@1,val-core/HumanEval+/acc/pass@1,0.49390243902439024
ONPOLICY-SFT-Qwen3-1P7B-COLDSTART-FRAC50-CODE-KODCODE-CTX8K-S1-BETA0-V1_1783435522,50%,50,beta=0.0,beta0,10,MBPP+ pass@1,val-core/MBPP+/acc/pass@1,0.5476190476190477
ONPOLICY-SFT-Qwen3-1P7B-COLDSTART-FRAC50-CODE-KODCODE-CTX8K-S1-BETA0-V1_1783435522,50%,50,beta=0.0,beta0,10,LiveCodeBench pass@1,val-core/LiveCodeBench/acc/pass@1,0.203125
ONPOLICY-SFT-Qwen3-1P7B-COLDSTART-FRAC50-CODE-KODCODE-CTX8K-S1-BETA0-V1_1783435522,50%,50,beta=0.0,beta0,10,HumanEval+ extract fail,val-aux/HumanEval+/code_reward_extraction_fail/mean@1,0.024390243902439025
ONPOLICY-SFT-Qwen3-1P7B-COLDSTART-FRAC50-CODE-KODCODE-CTX8K-S1-BETA0-V1_1783435522,50%,50,beta=0.0,beta0,10,MBPP+ extract fail,val-aux/MBPP+/code_reward_extraction_fail/mean@1,0.0026455026455026454
ONPOLICY-SFT-Qwen3-1P7B-COLDSTART-FRAC50-CODE-KODCODE-CTX8K-S1-BETA0-V1_1783435522,50%,50,beta=0.0,beta0,10,LiveCodeBench extract fail,val-aux/LiveCodeBench/code_reward_extraction_fail/mean@1,0.0390625
ONPOLICY-SFT-Qwen3-1P7B-COLDSTART-FRAC50-CODE-KODCODE-CTX8K-S1-BETA0-V1_1783435522,50%,50,beta=0.0,beta0,10,Rollout correct ratio,wdl_sft/correct_ratio,0.41015625
ONPOLICY-SFT-Qwen3-1P7B-COLDSTART-FRAC50-CODE-KODCODE-CTX8K-S1-BETA0-V1_1783435522,50%,50,beta=0.0,beta0,10,Gradient norm,actor/grad_norm,7.830451488494873
ONPOLICY-SFT-Qwen3-1P7B-COLDSTART-FRAC50-CODE-KODCODE-CTX8K-S1-BETA0-V1_1783435522,50%,50,beta=0.0,beta0,10,Train score mean,critic/score/mean,-0.1796875
ONPOLICY-SFT-Qwen3-1P7B-COLDSTART-FRAC50-CODE-KODCODE-CTX8K-S1-BETA0-V1_1783435522,50%,50,beta=0.0,beta0,10,Response length mean,response_length/mean,155.87109375
ONPOLICY-SFT-Qwen3-1P7B-COLDSTART-FRAC50-CODE-KODCODE-CTX8K-S1-BETA0-V1_1783435522,50%,50,beta=0.0,beta0,10,Time per step,perf/time_per_step,49.35056922305375
ONPOLICY-SFT-Qwen3-1P7B-COLDSTART-FRAC50-CODE-KODCODE-CTX8K-S1-BETA0-V1_1783435522,50%,50,beta=0.0,beta0,11,Rollout correct ratio,wdl_sft/correct_ratio,0.328125
ONPOLICY-SFT-Qwen3-1P7B-COLDSTART-FRAC50-CODE-KODCODE-CTX8K-S1-BETA0-V1_1783435522,50%,50,beta=0.0,beta0,11,Gradient norm,actor/grad_norm,11.307384490966797
ONPOLICY-SFT-Qwen3-1P7B-COLDSTART-FRAC50-CODE-KODCODE-CTX8K-S1-BETA0-V1_1783435522,50%,50,beta=0.0,beta0,11,Train score mean,critic/score/mean,-0.34375
ONPOLICY-SFT-Qwen3-1P7B-COLDSTART-FRAC50-CODE-KODCODE-CTX8K-S1-BETA0-V1_1783435522,50%,50,beta=0.0,beta0,11,Response length mean,response_length/mean,170.275390625
ONPOLICY-SFT-Qwen3-1P7B-COLDSTART-FRAC50-CODE-KODCODE-CTX8K-S1-BETA0-V1_1783435522,50%,50,beta=0.0,beta0,11,Time per step,perf/time_per_step,44.42869606614113
ONPOLICY-SFT-Qwen3-1P7B-COLDSTART-FRAC50-CODE-KODCODE-CTX8K-S1-BETA0-V1_1783435522,50%,50,beta=0.0,beta0,12,Rollout correct ratio,wdl_sft/correct_ratio,0.310546875
ONPOLICY-SFT-Qwen3-1P7B-COLDSTART-FRAC50-CODE-KODCODE-CTX8K-S1-BETA0-V1_1783435522,50%,50,beta=0.0,beta0,12,Gradient norm,actor/grad_norm,11.765636444091797
ONPOLICY-SFT-Qwen3-1P7B-COLDSTART-FRAC50-CODE-KODCODE-CTX8K-S1-BETA0-V1_1783435522,50%,50,beta=0.0,beta0,12,Train score mean,critic/score/mean,-0.37890625
ONPOLICY-SFT-Qwen3-1P7B-COLDSTART-FRAC50-CODE-KODCODE-CTX8K-S1-BETA0-V1_1783435522,50%,50,beta=0.0,beta0,12,Response length mean,response_length/mean,151.359375
ONPOLICY-SFT-Qwen3-1P7B-COLDSTART-FRAC50-CODE-KODCODE-CTX8K-S1-BETA0-V1_1783435522,50%,50,beta=0.0,beta0,12,Time per step,perf/time_per_step,41.14390131179243
ONPOLICY-SFT-Qwen3-1P7B-COLDSTART-FRAC50-CODE-KODCODE-CTX8K-S1-BETA0-V1_1783435522,50%,50,beta=0.0,beta0,13,Rollout correct ratio,wdl_sft/correct_ratio,0.333984375
ONPOLICY-SFT-Qwen3-1P7B-COLDSTART-FRAC50-CODE-KODCODE-CTX8K-S1-BETA0-V1_1783435522,50%,50,beta=0.0,beta0,13,Gradient norm,actor/grad_norm,11.487730026245117
ONPOLICY-SFT-Qwen3-1P7B-COLDSTART-FRAC50-CODE-KODCODE-CTX8K-S1-BETA0-V1_1783435522,50%,50,beta=0.0,beta0,13,Train score mean,critic/score/mean,-0.33203125
ONPOLICY-SFT-Qwen3-1P7B-COLDSTART-FRAC50-CODE-KODCODE-CTX8K-S1-BETA0-V1_1783435522,50%,50,beta=0.0,beta0,13,Response length mean,response_length/mean,171.873046875
ONPOLICY-SFT-Qwen3-1P7B-COLDSTART-FRAC50-CODE-KODCODE-CTX8K-S1-BETA0-V1_1783435522,50%,50,beta=0.0,beta0,13,Time per step,perf/time_per_step,43.19110019039363
ONPOLICY-SFT-Qwen3-1P7B-COLDSTART-FRAC50-CODE-KODCODE-CTX8K-S1-BETA0-V1_1783435522,50%,50,beta=0.0,beta0,14,Rollout correct ratio,wdl_sft/correct_ratio,0.400390625
ONPOLICY-SFT-Qwen3-1P7B-COLDSTART-FRAC50-CODE-KODCODE-CTX8K-S1-BETA0-V1_1783435522,50%,50,beta=0.0,beta0,14,Gradient norm,actor/grad_norm,11.166254997253418
ONPOLICY-SFT-Qwen3-1P7B-COLDSTART-FRAC50-CODE-KODCODE-CTX8K-S1-BETA0-V1_1783435522,50%,50,beta=0.0,beta0,14,Train score mean,critic/score/mean,-0.19921875
ONPOLICY-SFT-Qwen3-1P7B-COLDSTART-FRAC50-CODE-KODCODE-CTX8K-S1-BETA0-V1_1783435522,50%,50,beta=0.0,beta0,14,Response length mean,response_length/mean,171.474609375
ONPOLICY-SFT-Qwen3-1P7B-COLDSTART-FRAC50-CODE-KODCODE-CTX8K-S1-BETA0-V1_1783435522,50%,50,beta=0.0,beta0,14,Time per step,perf/time_per_step,42.44788155518472
ONPOLICY-SFT-Qwen3-1P7B-COLDSTART-FRAC50-CODE-KODCODE-CTX8K-S1-BETA0-V1_1783435522,50%,50,beta=0.0,beta0,15,HumanEval+ pass@1,val-core/HumanEval+/acc/pass@1,0.5
ONPOLICY-SFT-Qwen3-1P7B-COLDSTART-FRAC50-CODE-KODCODE-CTX8K-S1-BETA0-V1_1783435522,50%,50,beta=0.0,beta0,15,MBPP+ pass@1,val-core/MBPP+/acc/pass@1,0.5476190476190477
ONPOLICY-SFT-Qwen3-1P7B-COLDSTART-FRAC50-CODE-KODCODE-CTX8K-S1-BETA0-V1_1783435522,50%,50,beta=0.0,beta0,15,LiveCodeBench pass@1,val-core/LiveCodeBench/acc/pass@1,0.1875
ONPOLICY-SFT-Qwen3-1P7B-COLDSTART-FRAC50-CODE-KODCODE-CTX8K-S1-BETA0-V1_1783435522,50%,50,beta=0.0,beta0,15,HumanEval+ extract fail,val-aux/HumanEval+/code_reward_extraction_fail/mean@1,0.012195121951219513
ONPOLICY-SFT-Qwen3-1P7B-COLDSTART-FRAC50-CODE-KODCODE-CTX8K-S1-BETA0-V1_1783435522,50%,50,beta=0.0,beta0,15,MBPP+ extract fail,val-aux/MBPP+/code_reward_extraction_fail/mean@1,0.010582010582010581
ONPOLICY-SFT-Qwen3-1P7B-COLDSTART-FRAC50-CODE-KODCODE-CTX8K-S1-BETA0-V1_1783435522,50%,50,beta=0.0,beta0,15,LiveCodeBench extract fail,val-aux/LiveCodeBench/code_reward_extraction_fail/mean@1,0.0234375
ONPOLICY-SFT-Qwen3-1P7B-COLDSTART-FRAC50-CODE-KODCODE-CTX8K-S1-BETA0-V1_1783435522,50%,50,beta=0.0,beta0,15,Rollout correct ratio,wdl_sft/correct_ratio,0.412109375
ONPOLICY-SFT-Qwen3-1P7B-COLDSTART-FRAC50-CODE-KODCODE-CTX8K-S1-BETA0-V1_1783435522,50%,50,beta=0.0,beta0,15,Gradient norm,actor/grad_norm,8.884566307067871
ONPOLICY-SFT-Qwen3-1P7B-COLDSTART-FRAC50-CODE-KODCODE-CTX8K-S1-BETA0-V1_1783435522,50%,50,beta=0.0,beta0,15,Train score mean,critic/score/mean,-0.17578125
ONPOLICY-SFT-Qwen3-1P7B-COLDSTART-FRAC50-CODE-KODCODE-CTX8K-S1-BETA0-V1_1783435522,50%,50,beta=0.0,beta0,15,Response length mean,response_length/mean,164.3515625
ONPOLICY-SFT-Qwen3-1P7B-COLDSTART-FRAC50-CODE-KODCODE-CTX8K-S1-BETA0-V1_1783435522,50%,50,beta=0.0,beta0,15,Time per step,perf/time_per_step,45.49589177686721
ONPOLICY-SFT-Qwen3-1P7B-COLDSTART-FRAC50-CODE-KODCODE-CTX8K-S1-BETA0-V1_1783435522,50%,50,beta=0.0,beta0,16,Rollout correct ratio,wdl_sft/correct_ratio,0.35546875
ONPOLICY-SFT-Qwen3-1P7B-COLDSTART-FRAC50-CODE-KODCODE-CTX8K-S1-BETA0-V1_1783435522,50%,50,beta=0.0,beta0,16,Gradient norm,actor/grad_norm,10.803215026855469
ONPOLICY-SFT-Qwen3-1P7B-COLDSTART-FRAC50-CODE-KODCODE-CTX8K-S1-BETA0-V1_1783435522,50%,50,beta=0.0,beta0,16,Train score mean,critic/score/mean,-0.2890625
ONPOLICY-SFT-Qwen3-1P7B-COLDSTART-FRAC50-CODE-KODCODE-CTX8K-S1-BETA0-V1_1783435522,50%,50,beta=0.0,beta0,16,Response length mean,response_length/mean,173.23828125
ONPOLICY-SFT-Qwen3-1P7B-COLDSTART-FRAC50-CODE-KODCODE-CTX8K-S1-BETA0-V1_1783435522,50%,50,beta=0.0,beta0,16,Time per step,perf/time_per_step,42.39567678608
ONPOLICY-SFT-Qwen3-1P7B-COLDSTART-FRAC50-CODE-KODCODE-CTX8K-S1-BETA0-V1_1783435522,50%,50,beta=0.0,beta0,17,Rollout correct ratio,wdl_sft/correct_ratio,0.392578125
ONPOLICY-SFT-Qwen3-1P7B-COLDSTART-FRAC50-CODE-KODCODE-CTX8K-S1-BETA0-V1_1783435522,50%,50,beta=0.0,beta0,17,Gradient norm,actor/grad_norm,9.572708129882812
ONPOLICY-SFT-Qwen3-1P7B-COLDSTART-FRAC50-CODE-KODCODE-CTX8K-S1-BETA0-V1_1783435522,50%,50,beta=0.0,beta0,17,Train score mean,critic/score/mean,-0.21484375
ONPOLICY-SFT-Qwen3-1P7B-COLDSTART-FRAC50-CODE-KODCODE-CTX8K-S1-BETA0-V1_1783435522,50%,50,beta=0.0,beta0,17,Response length mean,response_length/mean,164.27734375
ONPOLICY-SFT-Qwen3-1P7B-COLDSTART-FRAC50-CODE-KODCODE-CTX8K-S1-BETA0-V1_1783435522,50%,50,beta=0.0,beta0,17,Time per step,perf/time_per_step,42.94614477455616
ONPOLICY-SFT-Qwen3-1P7B-COLDSTART-FRAC50-CODE-KODCODE-CTX8K-S1-BETA0-V1_1783435522,50%,50,beta=0.0,beta0,18,Rollout correct ratio,wdl_sft/correct_ratio,0.2890625
ONPOLICY-SFT-Qwen3-1P7B-COLDSTART-FRAC50-CODE-KODCODE-CTX8K-S1-BETA0-V1_1783435522,50%,50,beta=0.0,beta0,18,Gradient norm,actor/grad_norm,11.097906112670898
ONPOLICY-SFT-Qwen3-1P7B-COLDSTART-FRAC50-CODE-KODCODE-CTX8K-S1-BETA0-V1_1783435522,50%,50,beta=0.0,beta0,18,Train score mean,critic/score/mean,-0.421875
ONPOLICY-SFT-Qwen3-1P7B-COLDSTART-FRAC50-CODE-KODCODE-CTX8K-S1-BETA0-V1_1783435522,50%,50,beta=0.0,beta0,18,Response length mean,response_length/mean,155.248046875
ONPOLICY-SFT-Qwen3-1P7B-COLDSTART-FRAC50-CODE-KODCODE-CTX8K-S1-BETA0-V1_1783435522,50%,50,beta=0.0,beta0,18,Time per step,perf/time_per_step,43.374273240566254
ONPOLICY-SFT-Qwen3-1P7B-COLDSTART-FRAC50-CODE-KODCODE-CTX8K-S1-BETA0-V1_1783435522,50%,50,beta=0.0,beta0,19,Rollout correct ratio,wdl_sft/correct_ratio,0.404296875
ONPOLICY-SFT-Qwen3-1P7B-COLDSTART-FRAC50-CODE-KODCODE-CTX8K-S1-BETA0-V1_1783435522,50%,50,beta=0.0,beta0,19,Gradient norm,actor/grad_norm,9.17068862915039
ONPOLICY-SFT-Qwen3-1P7B-COLDSTART-FRAC50-CODE-KODCODE-CTX8K-S1-BETA0-V1_1783435522,50%,50,beta=0.0,beta0,19,Train score mean,critic/score/mean,-0.19140625
ONPOLICY-SFT-Qwen3-1P7B-COLDSTART-FRAC50-CODE-KODCODE-CTX8K-S1-BETA0-V1_1783435522,50%,50,beta=0.0,beta0,19,Response length mean,response_length/mean,162.75390625
ONPOLICY-SFT-Qwen3-1P7B-COLDSTART-FRAC50-CODE-KODCODE-CTX8K-S1-BETA0-V1_1783435522,50%,50,beta=0.0,beta0,19,Time per step,perf/time_per_step,42.36838003434241
ONPOLICY-SFT-Qwen3-1P7B-COLDSTART-FRAC50-CODE-KODCODE-CTX8K-S1-BETA0-V1_1783435522,50%,50,beta=0.0,beta0,20,HumanEval+ pass@1,val-core/HumanEval+/acc/pass@1,0.4695121951219512
ONPOLICY-SFT-Qwen3-1P7B-COLDSTART-FRAC50-CODE-KODCODE-CTX8K-S1-BETA0-V1_1783435522,50%,50,beta=0.0,beta0,20,MBPP+ pass@1,val-core/MBPP+/acc/pass@1,0.5343915343915344
ONPOLICY-SFT-Qwen3-1P7B-COLDSTART-FRAC50-CODE-KODCODE-CTX8K-S1-BETA0-V1_1783435522,50%,50,beta=0.0,beta0,20,LiveCodeBench pass@1,val-core/LiveCodeBench/acc/pass@1,0.2109375
ONPOLICY-SFT-Qwen3-1P7B-COLDSTART-FRAC50-CODE-KODCODE-CTX8K-S1-BETA0-V1_1783435522,50%,50,beta=0.0,beta0,20,HumanEval+ extract fail,val-aux/HumanEval+/code_reward_extraction_fail/mean@1,0.012195121951219513
ONPOLICY-SFT-Qwen3-1P7B-COLDSTART-FRAC50-CODE-KODCODE-CTX8K-S1-BETA0-V1_1783435522,50%,50,beta=0.0,beta0,20,MBPP+ extract fail,val-aux/MBPP+/code_reward_extraction_fail/mean@1,0.005291005291005291
ONPOLICY-SFT-Qwen3-1P7B-COLDSTART-FRAC50-CODE-KODCODE-CTX8K-S1-BETA0-V1_1783435522,50%,50,beta=0.0,beta0,20,LiveCodeBench extract fail,val-aux/LiveCodeBench/code_reward_extraction_fail/mean@1,0.0234375
ONPOLICY-SFT-Qwen3-1P7B-COLDSTART-FRAC50-CODE-KODCODE-CTX8K-S1-BETA0-V1_1783435522,50%,50,beta=0.0,beta0,20,Rollout correct ratio,wdl_sft/correct_ratio,0.396484375
ONPOLICY-SFT-Qwen3-1P7B-COLDSTART-FRAC50-CODE-KODCODE-CTX8K-S1-BETA0-V1_1783435522,50%,50,beta=0.0,beta0,20,Gradient norm,actor/grad_norm,7.8907880783081055
ONPOLICY-SFT-Qwen3-1P7B-COLDSTART-FRAC50-CODE-KODCODE-CTX8K-S1-BETA0-V1_1783435522,50%,50,beta=0.0,beta0,20,Train score mean,critic/score/mean,-0.20703125
ONPOLICY-SFT-Qwen3-1P7B-COLDSTART-FRAC50-CODE-KODCODE-CTX8K-S1-BETA0-V1_1783435522,50%,50,beta=0.0,beta0,20,Response length mean,response_length/mean,145.04296875
ONPOLICY-SFT-Qwen3-1P7B-COLDSTART-FRAC50-CODE-KODCODE-CTX8K-S1-BETA0-V1_1783435522,50%,50,beta=0.0,beta0,20,Time per step,perf/time_per_step,47.417198073118925
ONPOLICY-SFT-Qwen3-1P7B-COLDSTART-FRAC50-CODE-KODCODE-CTX8K-S1-BETA0-V1_1783435522,50%,50,beta=0.0,beta0,21,Rollout correct ratio,wdl_sft/correct_ratio,0.306640625
ONPOLICY-SFT-Qwen3-1P7B-COLDSTART-FRAC50-CODE-KODCODE-CTX8K-S1-BETA0-V1_1783435522,50%,50,beta=0.0,beta0,21,Gradient norm,actor/grad_norm,11.23582935333252
ONPOLICY-SFT-Qwen3-1P7B-COLDSTART-FRAC50-CODE-KODCODE-CTX8K-S1-BETA0-V1_1783435522,50%,50,beta=0.0,beta0,21,Train score mean,critic/score/mean,-0.38671875
ONPOLICY-SFT-Qwen3-1P7B-COLDSTART-FRAC50-CODE-KODCODE-CTX8K-S1-BETA0-V1_1783435522,50%,50,beta=0.0,beta0,21,Response length mean,response_length/mean,172.310546875
ONPOLICY-SFT-Qwen3-1P7B-COLDSTART-FRAC50-CODE-KODCODE-CTX8K-S1-BETA0-V1_1783435522,50%,50,beta=0.0,beta0,21,Time per step,perf/time_per_step,42.49686912819743
ONPOLICY-SFT-Qwen3-1P7B-COLDSTART-FRAC50-CODE-KODCODE-CTX8K-S1-BETA0-V1_1783435522,50%,50,beta=0.0,beta0,22,Rollout correct ratio,wdl_sft/correct_ratio,0.40234375
ONPOLICY-SFT-Qwen3-1P7B-COLDSTART-FRAC50-CODE-KODCODE-CTX8K-S1-BETA0-V1_1783435522,50%,50,beta=0.0,beta0,22,Gradient norm,actor/grad_norm,8.873485565185547
ONPOLICY-SFT-Qwen3-1P7B-COLDSTART-FRAC50-CODE-KODCODE-CTX8K-S1-BETA0-V1_1783435522,50%,50,beta=0.0,beta0,22,Train score mean,critic/score/mean,-0.1953125
ONPOLICY-SFT-Qwen3-1P7B-COLDSTART-FRAC50-CODE-KODCODE-CTX8K-S1-BETA0-V1_1783435522,50%,50,beta=0.0,beta0,22,Response length mean,response_length/mean,154.1484375
ONPOLICY-SFT-Qwen3-1P7B-COLDSTART-FRAC50-CODE-KODCODE-CTX8K-S1-BETA0-V1_1783435522,50%,50,beta=0.0,beta0,22,Time per step,perf/time_per_step,40.73299156036228
ONPOLICY-SFT-Qwen3-1P7B-COLDSTART-FRAC50-CODE-KODCODE-CTX8K-S1-BETA0-V1_1783435522,50%,50,beta=0.0,beta0,23,Rollout correct ratio,wdl_sft/correct_ratio,0.3359375
ONPOLICY-SFT-Qwen3-1P7B-COLDSTART-FRAC50-CODE-KODCODE-CTX8K-S1-BETA0-V1_1783435522,50%,50,beta=0.0,beta0,23,Gradient norm,actor/grad_norm,11.255605697631836
ONPOLICY-SFT-Qwen3-1P7B-COLDSTART-FRAC50-CODE-KODCODE-CTX8K-S1-BETA0-V1_1783435522,50%,50,beta=0.0,beta0,23,Train score mean,critic/score/mean,-0.328125
ONPOLICY-SFT-Qwen3-1P7B-COLDSTART-FRAC50-CODE-KODCODE-CTX8K-S1-BETA0-V1_1783435522,50%,50,beta=0.0,beta0,23,Response length mean,response_length/mean,164.23828125
ONPOLICY-SFT-Qwen3-1P7B-COLDSTART-FRAC50-CODE-KODCODE-CTX8K-S1-BETA0-V1_1783435522,50%,50,beta=0.0,beta0,23,Time per step,perf/time_per_step,41.743840707466006
ONPOLICY-SFT-Qwen3-1P7B-COLDSTART-FRAC50-CODE-KODCODE-CTX8K-S1-BETA0-V1_1783435522,50%,50,beta=0.0,beta0,24,Rollout correct ratio,wdl_sft/correct_ratio,0.359375
ONPOLICY-SFT-Qwen3-1P7B-COLDSTART-FRAC50-CODE-KODCODE-CTX8K-S1-BETA0-V1_1783435522,50%,50,beta=0.0,beta0,24,Gradient norm,actor/grad_norm,9.58747386932373
ONPOLICY-SFT-Qwen3-1P7B-COLDSTART-FRAC50-CODE-KODCODE-CTX8K-S1-BETA0-V1_1783435522,50%,50,beta=0.0,beta0,24,Train score mean,critic/score/mean,-0.28125
ONPOLICY-SFT-Qwen3-1P7B-COLDSTART-FRAC50-CODE-KODCODE-CTX8K-S1-BETA0-V1_1783435522,50%,50,beta=0.0,beta0,24,Response length mean,response_length/mean,170.890625
ONPOLICY-SFT-Qwen3-1P7B-COLDSTART-FRAC50-CODE-KODCODE-CTX8K-S1-BETA0-V1_1783435522,50%,50,beta=0.0,beta0,24,Time per step,perf/time_per_step,43.88712931703776
ONPOLICY-SFT-Qwen3-1P7B-COLDSTART-FRAC50-CODE-KODCODE-CTX8K-S1-BETA0-V1_1783435522,50%,50,beta=0.0,beta0,25,HumanEval+ pass@1,val-core/HumanEval+/acc/pass@1,0.4878048780487805
ONPOLICY-SFT-Qwen3-1P7B-COLDSTART-FRAC50-CODE-KODCODE-CTX8K-S1-BETA0-V1_1783435522,50%,50,beta=0.0,beta0,25,MBPP+ pass@1,val-core/MBPP+/acc/pass@1,0.544973544973545
ONPOLICY-SFT-Qwen3-1P7B-COLDSTART-FRAC50-CODE-KODCODE-CTX8K-S1-BETA0-V1_1783435522,50%,50,beta=0.0,beta0,25,LiveCodeBench pass@1,val-core/LiveCodeBench/acc/pass@1,0.1953125
ONPOLICY-SFT-Qwen3-1P7B-COLDSTART-FRAC50-CODE-KODCODE-CTX8K-S1-BETA0-V1_1783435522,50%,50,beta=0.0,beta0,25,HumanEval+ extract fail,val-aux/HumanEval+/code_reward_extraction_fail/mean@1,0.006097560975609756
ONPOLICY-SFT-Qwen3-1P7B-COLDSTART-FRAC50-CODE-KODCODE-CTX8K-S1-BETA0-V1_1783435522,50%,50,beta=0.0,beta0,25,MBPP+ extract fail,val-aux/MBPP+/code_reward_extraction_fail/mean@1,0.005291005291005291
ONPOLICY-SFT-Qwen3-1P7B-COLDSTART-FRAC50-CODE-KODCODE-CTX8K-S1-BETA0-V1_1783435522,50%,50,beta=0.0,beta0,25,LiveCodeBench extract fail,val-aux/LiveCodeBench/code_reward_extraction_fail/mean@1,0.015625
ONPOLICY-SFT-Qwen3-1P7B-COLDSTART-FRAC50-CODE-KODCODE-CTX8K-S1-BETA0-V1_1783435522,50%,50,beta=0.0,beta0,25,Rollout correct ratio,wdl_sft/correct_ratio,0.3125
ONPOLICY-SFT-Qwen3-1P7B-COLDSTART-FRAC50-CODE-KODCODE-CTX8K-S1-BETA0-V1_1783435522,50%,50,beta=0.0,beta0,25,Gradient norm,actor/grad_norm,10.342558860778809
ONPOLICY-SFT-Qwen3-1P7B-COLDSTART-FRAC50-CODE-KODCODE-CTX8K-S1-BETA0-V1_1783435522,50%,50,beta=0.0,beta0,25,Train score mean,critic/score/mean,-0.375
ONPOLICY-SFT-Qwen3-1P7B-COLDSTART-FRAC50-CODE-KODCODE-CTX8K-S1-BETA0-V1_1783435522,50%,50,beta=0.0,beta0,25,Response length mean,response_length/mean,172.18359375
ONPOLICY-SFT-Qwen3-1P7B-COLDSTART-FRAC50-CODE-KODCODE-CTX8K-S1-BETA0-V1_1783435522,50%,50,beta=0.0,beta0,25,Time per step,perf/time_per_step,47.8196219233796
ONPOLICY-SFT-Qwen3-1P7B-COLDSTART-FRAC50-CODE-KODCODE-CTX8K-S1-BETA0-V1_1783435522,50%,50,beta=0.0,beta0,26,Rollout correct ratio,wdl_sft/correct_ratio,0.349609375
ONPOLICY-SFT-Qwen3-1P7B-COLDSTART-FRAC50-CODE-KODCODE-CTX8K-S1-BETA0-V1_1783435522,50%,50,beta=0.0,beta0,26,Gradient norm,actor/grad_norm,10.178865432739258
ONPOLICY-SFT-Qwen3-1P7B-COLDSTART-FRAC50-CODE-KODCODE-CTX8K-S1-BETA0-V1_1783435522,50%,50,beta=0.0,beta0,26,Train score mean,critic/score/mean,-0.30078125
ONPOLICY-SFT-Qwen3-1P7B-COLDSTART-FRAC50-CODE-KODCODE-CTX8K-S1-BETA0-V1_1783435522,50%,50,beta=0.0,beta0,26,Response length mean,response_length/mean,162.578125
ONPOLICY-SFT-Qwen3-1P7B-COLDSTART-FRAC50-CODE-KODCODE-CTX8K-S1-BETA0-V1_1783435522,50%,50,beta=0.0,beta0,26,Time per step,perf/time_per_step,45.06570947077125
ONPOLICY-SFT-Qwen3-1P7B-COLDSTART-FRAC50-CODE-KODCODE-CTX8K-S1-BETA0-V1_1783435522,50%,50,beta=0.0,beta0,27,Rollout correct ratio,wdl_sft/correct_ratio,0.40234375
ONPOLICY-SFT-Qwen3-1P7B-COLDSTART-FRAC50-CODE-KODCODE-CTX8K-S1-BETA0-V1_1783435522,50%,50,beta=0.0,beta0,27,Gradient norm,actor/grad_norm,8.914656639099121
ONPOLICY-SFT-Qwen3-1P7B-COLDSTART-FRAC50-CODE-KODCODE-CTX8K-S1-BETA0-V1_1783435522,50%,50,beta=0.0,beta0,27,Train score mean,critic/score/mean,-0.1953125
ONPOLICY-SFT-Qwen3-1P7B-COLDSTART-FRAC50-CODE-KODCODE-CTX8K-S1-BETA0-V1_1783435522,50%,50,beta=0.0,beta0,27,Response length mean,response_length/mean,160.53125
ONPOLICY-SFT-Qwen3-1P7B-COLDSTART-FRAC50-CODE-KODCODE-CTX8K-S1-BETA0-V1_1783435522,50%,50,beta=0.0,beta0,27,Time per step,perf/time_per_step,42.10154733341187
ONPOLICY-SFT-Qwen3-1P7B-COLDSTART-FRAC50-CODE-KODCODE-CTX8K-S1-BETA0-V1_1783435522,50%,50,beta=0.0,beta0,28,Rollout correct ratio,wdl_sft/correct_ratio,0.294921875
ONPOLICY-SFT-Qwen3-1P7B-COLDSTART-FRAC50-CODE-KODCODE-CTX8K-S1-BETA0-V1_1783435522,50%,50,beta=0.0,beta0,28,Gradient norm,actor/grad_norm,13.240992546081543
ONPOLICY-SFT-Qwen3-1P7B-COLDSTART-FRAC50-CODE-KODCODE-CTX8K-S1-BETA0-V1_1783435522,50%,50,beta=0.0,beta0,28,Train score mean,critic/score/mean,-0.41015625
ONPOLICY-SFT-Qwen3-1P7B-COLDSTART-FRAC50-CODE-KODCODE-CTX8K-S1-BETA0-V1_1783435522,50%,50,beta=0.0,beta0,28,Response length mean,response_length/mean,170.197265625
ONPOLICY-SFT-Qwen3-1P7B-COLDSTART-FRAC50-CODE-KODCODE-CTX8K-S1-BETA0-V1_1783435522,50%,50,beta=0.0,beta0,28,Time per step,perf/time_per_step,41.99270402919501
ONPOLICY-SFT-Qwen3-1P7B-COLDSTART-FRAC50-CODE-KODCODE-CTX8K-S1-BETA0-V1_1783435522,50%,50,beta=0.0,beta0,29,Rollout correct ratio,wdl_sft/correct_ratio,0.3203125
ONPOLICY-SFT-Qwen3-1P7B-COLDSTART-FRAC50-CODE-KODCODE-CTX8K-S1-BETA0-V1_1783435522,50%,50,beta=0.0,beta0,29,Gradient norm,actor/grad_norm,12.952369689941406
ONPOLICY-SFT-Qwen3-1P7B-COLDSTART-FRAC50-CODE-KODCODE-CTX8K-S1-BETA0-V1_1783435522,50%,50,beta=0.0,beta0,29,Train score mean,critic/score/mean,-0.359375
ONPOLICY-SFT-Qwen3-1P7B-COLDSTART-FRAC50-CODE-KODCODE-CTX8K-S1-BETA0-V1_1783435522,50%,50,beta=0.0,beta0,29,Response length mean,response_length/mean,164.220703125
ONPOLICY-SFT-Qwen3-1P7B-COLDSTART-FRAC50-CODE-KODCODE-CTX8K-S1-BETA0-V1_1783435522,50%,50,beta=0.0,beta0,29,Time per step,perf/time_per_step,41.32497343607247
ONPOLICY-SFT-Qwen3-1P7B-COLDSTART-FRAC50-CODE-KODCODE-CTX8K-S1-BETA0-V1_1783435522,50%,50,beta=0.0,beta0,30,HumanEval+ pass@1,val-core/HumanEval+/acc/pass@1,0.5121951219512195
ONPOLICY-SFT-Qwen3-1P7B-COLDSTART-FRAC50-CODE-KODCODE-CTX8K-S1-BETA0-V1_1783435522,50%,50,beta=0.0,beta0,30,MBPP+ pass@1,val-core/MBPP+/acc/pass@1,0.5476190476190477
ONPOLICY-SFT-Qwen3-1P7B-COLDSTART-FRAC50-CODE-KODCODE-CTX8K-S1-BETA0-V1_1783435522,50%,50,beta=0.0,beta0,30,LiveCodeBench pass@1,val-core/LiveCodeBench/acc/pass@1,0.1875
ONPOLICY-SFT-Qwen3-1P7B-COLDSTART-FRAC50-CODE-KODCODE-CTX8K-S1-BETA0-V1_1783435522,50%,50,beta=0.0,beta0,30,HumanEval+ extract fail,val-aux/HumanEval+/code_reward_extraction_fail/mean@1,0.0
ONPOLICY-SFT-Qwen3-1P7B-COLDSTART-FRAC50-CODE-KODCODE-CTX8K-S1-BETA0-V1_1783435522,50%,50,beta=0.0,beta0,30,MBPP+ extract fail,val-aux/MBPP+/code_reward_extraction_fail/mean@1,0.005291005291005291
ONPOLICY-SFT-Qwen3-1P7B-COLDSTART-FRAC50-CODE-KODCODE-CTX8K-S1-BETA0-V1_1783435522,50%,50,beta=0.0,beta0,30,LiveCodeBench extract fail,val-aux/LiveCodeBench/code_reward_extraction_fail/mean@1,0.015625
ONPOLICY-SFT-Qwen3-1P7B-COLDSTART-FRAC50-CODE-KODCODE-CTX8K-S1-BETA0-V1_1783435522,50%,50,beta=0.0,beta0,30,Rollout correct ratio,wdl_sft/correct_ratio,0.32421875
ONPOLICY-SFT-Qwen3-1P7B-COLDSTART-FRAC50-CODE-KODCODE-CTX8K-S1-BETA0-V1_1783435522,50%,50,beta=0.0,beta0,30,Gradient norm,actor/grad_norm,11.272736549377441
ONPOLICY-SFT-Qwen3-1P7B-COLDSTART-FRAC50-CODE-KODCODE-CTX8K-S1-BETA0-V1_1783435522,50%,50,beta=0.0,beta0,30,Train score mean,critic/score/mean,-0.3515625
ONPOLICY-SFT-Qwen3-1P7B-COLDSTART-FRAC50-CODE-KODCODE-CTX8K-S1-BETA0-V1_1783435522,50%,50,beta=0.0,beta0,30,Response length mean,response_length/mean,176.466796875
ONPOLICY-SFT-Qwen3-1P7B-COLDSTART-FRAC50-CODE-KODCODE-CTX8K-S1-BETA0-V1_1783435522,50%,50,beta=0.0,beta0,30,Time per step,perf/time_per_step,47.24882960692048
ONPOLICY-SFT-Qwen3-1P7B-COLDSTART-FRAC50-CODE-KODCODE-CTX8K-S1-BETA0-V1_1783435522,50%,50,beta=0.0,beta0,31,Rollout correct ratio,wdl_sft/correct_ratio,0.390625
ONPOLICY-SFT-Qwen3-1P7B-COLDSTART-FRAC50-CODE-KODCODE-CTX8K-S1-BETA0-V1_1783435522,50%,50,beta=0.0,beta0,31,Gradient norm,actor/grad_norm,9.120057106018066
ONPOLICY-SFT-Qwen3-1P7B-COLDSTART-FRAC50-CODE-KODCODE-CTX8K-S1-BETA0-V1_1783435522,50%,50,beta=0.0,beta0,31,Train score mean,critic/score/mean,-0.21875
ONPOLICY-SFT-Qwen3-1P7B-COLDSTART-FRAC50-CODE-KODCODE-CTX8K-S1-BETA0-V1_1783435522,50%,50,beta=0.0,beta0,31,Response length mean,response_length/mean,155.404296875
ONPOLICY-SFT-Qwen3-1P7B-COLDSTART-FRAC50-CODE-KODCODE-CTX8K-S1-BETA0-V1_1783435522,50%,50,beta=0.0,beta0,31,Time per step,perf/time_per_step,42.25560964550823
ONPOLICY-SFT-Qwen3-1P7B-COLDSTART-FRAC50-CODE-KODCODE-CTX8K-S1-BETA0-V1_1783435522,50%,50,beta=0.0,beta0,32,Rollout correct ratio,wdl_sft/correct_ratio,0.33203125
ONPOLICY-SFT-Qwen3-1P7B-COLDSTART-FRAC50-CODE-KODCODE-CTX8K-S1-BETA0-V1_1783435522,50%,50,beta=0.0,beta0,32,Gradient norm,actor/grad_norm,9.668277740478516
ONPOLICY-SFT-Qwen3-1P7B-COLDSTART-FRAC50-CODE-KODCODE-CTX8K-S1-BETA0-V1_1783435522,50%,50,beta=0.0,beta0,32,Train score mean,critic/score/mean,-0.3359375
ONPOLICY-SFT-Qwen3-1P7B-COLDSTART-FRAC50-CODE-KODCODE-CTX8K-S1-BETA0-V1_1783435522,50%,50,beta=0.0,beta0,32,Response length mean,response_length/mean,153.326171875
ONPOLICY-SFT-Qwen3-1P7B-COLDSTART-FRAC50-CODE-KODCODE-CTX8K-S1-BETA0-V1_1783435522,50%,50,beta=0.0,beta0,32,Time per step,perf/time_per_step,41.79111949168146
ONPOLICY-SFT-Qwen3-1P7B-COLDSTART-FRAC50-CODE-KODCODE-CTX8K-S1-BETA0-V1_1783435522,50%,50,beta=0.0,beta0,33,Rollout correct ratio,wdl_sft/correct_ratio,0.380859375
ONPOLICY-SFT-Qwen3-1P7B-COLDSTART-FRAC50-CODE-KODCODE-CTX8K-S1-BETA0-V1_1783435522,50%,50,beta=0.0,beta0,33,Gradient norm,actor/grad_norm,9.430883407592773
ONPOLICY-SFT-Qwen3-1P7B-COLDSTART-FRAC50-CODE-KODCODE-CTX8K-S1-BETA0-V1_1783435522,50%,50,beta=0.0,beta0,33,Train score mean,critic/score/mean,-0.23828125
ONPOLICY-SFT-Qwen3-1P7B-COLDSTART-FRAC50-CODE-KODCODE-CTX8K-S1-BETA0-V1_1783435522,50%,50,beta=0.0,beta0,33,Response length mean,response_length/mean,155.544921875
ONPOLICY-SFT-Qwen3-1P7B-COLDSTART-FRAC50-CODE-KODCODE-CTX8K-S1-BETA0-V1_1783435522,50%,50,beta=0.0,beta0,33,Time per step,perf/time_per_step,41.59835917688906
ONPOLICY-SFT-Qwen3-1P7B-COLDSTART-FRAC50-CODE-KODCODE-CTX8K-S1-BETA0-V1_1783435522,50%,50,beta=0.0,beta0,34,Rollout correct ratio,wdl_sft/correct_ratio,0.3671875
ONPOLICY-SFT-Qwen3-1P7B-COLDSTART-FRAC50-CODE-KODCODE-CTX8K-S1-BETA0-V1_1783435522,50%,50,beta=0.0,beta0,34,Gradient norm,actor/grad_norm,10.01739501953125
ONPOLICY-SFT-Qwen3-1P7B-COLDSTART-FRAC50-CODE-KODCODE-CTX8K-S1-BETA0-V1_1783435522,50%,50,beta=0.0,beta0,34,Train score mean,critic/score/mean,-0.265625
ONPOLICY-SFT-Qwen3-1P7B-COLDSTART-FRAC50-CODE-KODCODE-CTX8K-S1-BETA0-V1_1783435522,50%,50,beta=0.0,beta0,34,Response length mean,response_length/mean,159.0390625
ONPOLICY-SFT-Qwen3-1P7B-COLDSTART-FRAC50-CODE-KODCODE-CTX8K-S1-BETA0-V1_1783435522,50%,50,beta=0.0,beta0,34,Time per step,perf/time_per_step,43.334853743202984
ONPOLICY-SFT-Qwen3-1P7B-COLDSTART-FRAC50-CODE-KODCODE-CTX8K-S1-BETA0-V1_1783435522,50%,50,beta=0.0,beta0,35,HumanEval+ pass@1,val-core/HumanEval+/acc/pass@1,0.47560975609756095
ONPOLICY-SFT-Qwen3-1P7B-COLDSTART-FRAC50-CODE-KODCODE-CTX8K-S1-BETA0-V1_1783435522,50%,50,beta=0.0,beta0,35,MBPP+ pass@1,val-core/MBPP+/acc/pass@1,0.5317460317460317
ONPOLICY-SFT-Qwen3-1P7B-COLDSTART-FRAC50-CODE-KODCODE-CTX8K-S1-BETA0-V1_1783435522,50%,50,beta=0.0,beta0,35,LiveCodeBench pass@1,val-core/LiveCodeBench/acc/pass@1,0.1875
ONPOLICY-SFT-Qwen3-1P7B-COLDSTART-FRAC50-CODE-KODCODE-CTX8K-S1-BETA0-V1_1783435522,50%,50,beta=0.0,beta0,35,HumanEval+ extract fail,val-aux/HumanEval+/code_reward_extraction_fail/mean@1,0.0
ONPOLICY-SFT-Qwen3-1P7B-COLDSTART-FRAC50-CODE-KODCODE-CTX8K-S1-BETA0-V1_1783435522,50%,50,beta=0.0,beta0,35,MBPP+ extract fail,val-aux/MBPP+/code_reward_extraction_fail/mean@1,0.005291005291005291
ONPOLICY-SFT-Qwen3-1P7B-COLDSTART-FRAC50-CODE-KODCODE-CTX8K-S1-BETA0-V1_1783435522,50%,50,beta=0.0,beta0,35,LiveCodeBench extract fail,val-aux/LiveCodeBench/code_reward_extraction_fail/mean@1,0.03125
ONPOLICY-SFT-Qwen3-1P7B-COLDSTART-FRAC50-CODE-KODCODE-CTX8K-S1-BETA0-V1_1783435522,50%,50,beta=0.0,beta0,35,Rollout correct ratio,wdl_sft/correct_ratio,0.388671875
ONPOLICY-SFT-Qwen3-1P7B-COLDSTART-FRAC50-CODE-KODCODE-CTX8K-S1-BETA0-V1_1783435522,50%,50,beta=0.0,beta0,35,Gradient norm,actor/grad_norm,9.417813301086426
ONPOLICY-SFT-Qwen3-1P7B-COLDSTART-FRAC50-CODE-KODCODE-CTX8K-S1-BETA0-V1_1783435522,50%,50,beta=0.0,beta0,35,Train score mean,critic/score/mean,-0.22265625
ONPOLICY-SFT-Qwen3-1P7B-COLDSTART-FRAC50-CODE-KODCODE-CTX8K-S1-BETA0-V1_1783435522,50%,50,beta=0.0,beta0,35,Response length mean,response_length/mean,161.109375
ONPOLICY-SFT-Qwen3-1P7B-COLDSTART-FRAC50-CODE-KODCODE-CTX8K-S1-BETA0-V1_1783435522,50%,50,beta=0.0,beta0,35,Time per step,perf/time_per_step,49.65314039681107
ONPOLICY-SFT-Qwen3-1P7B-COLDSTART-FRAC50-CODE-KODCODE-CTX8K-S1-BETA0-V1_1783435522,50%,50,beta=0.0,beta0,36,Rollout correct ratio,wdl_sft/correct_ratio,0.3359375
ONPOLICY-SFT-Qwen3-1P7B-COLDSTART-FRAC50-CODE-KODCODE-CTX8K-S1-BETA0-V1_1783435522,50%,50,beta=0.0,beta0,36,Gradient norm,actor/grad_norm,11.398109436035156
ONPOLICY-SFT-Qwen3-1P7B-COLDSTART-FRAC50-CODE-KODCODE-CTX8K-S1-BETA0-V1_1783435522,50%,50,beta=0.0,beta0,36,Train score mean,critic/score/mean,-0.328125
ONPOLICY-SFT-Qwen3-1P7B-COLDSTART-FRAC50-CODE-KODCODE-CTX8K-S1-BETA0-V1_1783435522,50%,50,beta=0.0,beta0,36,Response length mean,response_length/mean,173.876953125
ONPOLICY-SFT-Qwen3-1P7B-COLDSTART-FRAC50-CODE-KODCODE-CTX8K-S1-BETA0-V1_1783435522,50%,50,beta=0.0,beta0,36,Time per step,perf/time_per_step,45.07763839419931
ONPOLICY-SFT-Qwen3-1P7B-COLDSTART-FRAC50-CODE-KODCODE-CTX8K-S1-BETA0-V1_1783435522,50%,50,beta=0.0,beta0,37,Rollout correct ratio,wdl_sft/correct_ratio,0.47265625
ONPOLICY-SFT-Qwen3-1P7B-COLDSTART-FRAC50-CODE-KODCODE-CTX8K-S1-BETA0-V1_1783435522,50%,50,beta=0.0,beta0,37,Gradient norm,actor/grad_norm,8.735360145568848
ONPOLICY-SFT-Qwen3-1P7B-COLDSTART-FRAC50-CODE-KODCODE-CTX8K-S1-BETA0-V1_1783435522,50%,50,beta=0.0,beta0,37,Train score mean,critic/score/mean,-0.0546875
ONPOLICY-SFT-Qwen3-1P7B-COLDSTART-FRAC50-CODE-KODCODE-CTX8K-S1-BETA0-V1_1783435522,50%,50,beta=0.0,beta0,37,Response length mean,response_length/mean,151.458984375
ONPOLICY-SFT-Qwen3-1P7B-COLDSTART-FRAC50-CODE-KODCODE-CTX8K-S1-BETA0-V1_1783435522,50%,50,beta=0.0,beta0,37,Time per step,perf/time_per_step,42.388836841098964
ONPOLICY-SFT-Qwen3-1P7B-COLDSTART-FRAC50-CODE-KODCODE-CTX8K-S1-BETA0-V1_1783435522,50%,50,beta=0.0,beta0,38,Rollout correct ratio,wdl_sft/correct_ratio,0.326171875
ONPOLICY-SFT-Qwen3-1P7B-COLDSTART-FRAC50-CODE-KODCODE-CTX8K-S1-BETA0-V1_1783435522,50%,50,beta=0.0,beta0,38,Gradient norm,actor/grad_norm,11.96523380279541
ONPOLICY-SFT-Qwen3-1P7B-COLDSTART-FRAC50-CODE-KODCODE-CTX8K-S1-BETA0-V1_1783435522,50%,50,beta=0.0,beta0,38,Train score mean,critic/score/mean,-0.34765625
ONPOLICY-SFT-Qwen3-1P7B-COLDSTART-FRAC50-CODE-KODCODE-CTX8K-S1-BETA0-V1_1783435522,50%,50,beta=0.0,beta0,38,Response length mean,response_length/mean,163.904296875
ONPOLICY-SFT-Qwen3-1P7B-COLDSTART-FRAC50-CODE-KODCODE-CTX8K-S1-BETA0-V1_1783435522,50%,50,beta=0.0,beta0,38,Time per step,perf/time_per_step,40.732939440757036
ONPOLICY-SFT-Qwen3-1P7B-COLDSTART-FRAC50-CODE-KODCODE-CTX8K-S1-BETA0-V1_1783435522,50%,50,beta=0.0,beta0,39,Rollout correct ratio,wdl_sft/correct_ratio,0.427734375
ONPOLICY-SFT-Qwen3-1P7B-COLDSTART-FRAC50-CODE-KODCODE-CTX8K-S1-BETA0-V1_1783435522,50%,50,beta=0.0,beta0,39,Gradient norm,actor/grad_norm,8.847245216369629
ONPOLICY-SFT-Qwen3-1P7B-COLDSTART-FRAC50-CODE-KODCODE-CTX8K-S1-BETA0-V1_1783435522,50%,50,beta=0.0,beta0,39,Train score mean,critic/score/mean,-0.14453125
ONPOLICY-SFT-Qwen3-1P7B-COLDSTART-FRAC50-CODE-KODCODE-CTX8K-S1-BETA0-V1_1783435522,50%,50,beta=0.0,beta0,39,Response length mean,response_length/mean,171.263671875
ONPOLICY-SFT-Qwen3-1P7B-COLDSTART-FRAC50-CODE-KODCODE-CTX8K-S1-BETA0-V1_1783435522,50%,50,beta=0.0,beta0,39,Time per step,perf/time_per_step,65.70468780957162
ONPOLICY-SFT-Qwen3-1P7B-COLDSTART-FRAC50-CODE-KODCODE-CTX8K-S1-BETA0-V1_1783435522,50%,50,beta=0.0,beta0,40,HumanEval+ pass@1,val-core/HumanEval+/acc/pass@1,0.5060975609756098
ONPOLICY-SFT-Qwen3-1P7B-COLDSTART-FRAC50-CODE-KODCODE-CTX8K-S1-BETA0-V1_1783435522,50%,50,beta=0.0,beta0,40,MBPP+ pass@1,val-core/MBPP+/acc/pass@1,0.5502645502645502
ONPOLICY-SFT-Qwen3-1P7B-COLDSTART-FRAC50-CODE-KODCODE-CTX8K-S1-BETA0-V1_1783435522,50%,50,beta=0.0,beta0,40,LiveCodeBench pass@1,val-core/LiveCodeBench/acc/pass@1,0.2109375
ONPOLICY-SFT-Qwen3-1P7B-COLDSTART-FRAC50-CODE-KODCODE-CTX8K-S1-BETA0-V1_1783435522,50%,50,beta=0.0,beta0,40,HumanEval+ extract fail,val-aux/HumanEval+/code_reward_extraction_fail/mean@1,0.006097560975609756
ONPOLICY-SFT-Qwen3-1P7B-COLDSTART-FRAC50-CODE-KODCODE-CTX8K-S1-BETA0-V1_1783435522,50%,50,beta=0.0,beta0,40,MBPP+ extract fail,val-aux/MBPP+/code_reward_extraction_fail/mean@1,0.005291005291005291
ONPOLICY-SFT-Qwen3-1P7B-COLDSTART-FRAC50-CODE-KODCODE-CTX8K-S1-BETA0-V1_1783435522,50%,50,beta=0.0,beta0,40,LiveCodeBench extract fail,val-aux/LiveCodeBench/code_reward_extraction_fail/mean@1,0.015625
ONPOLICY-SFT-Qwen3-1P7B-COLDSTART-FRAC50-CODE-KODCODE-CTX8K-S1-BETA0-V1_1783435522,50%,50,beta=0.0,beta0,40,Rollout correct ratio,wdl_sft/correct_ratio,0.357421875
ONPOLICY-SFT-Qwen3-1P7B-COLDSTART-FRAC50-CODE-KODCODE-CTX8K-S1-BETA0-V1_1783435522,50%,50,beta=0.0,beta0,40,Gradient norm,actor/grad_norm,10.599380493164062
ONPOLICY-SFT-Qwen3-1P7B-COLDSTART-FRAC50-CODE-KODCODE-CTX8K-S1-BETA0-V1_1783435522,50%,50,beta=0.0,beta0,40,Train score mean,critic/score/mean,-0.28515625
ONPOLICY-SFT-Qwen3-1P7B-COLDSTART-FRAC50-CODE-KODCODE-CTX8K-S1-BETA0-V1_1783435522,50%,50,beta=0.0,beta0,40,Response length mean,response_length/mean,161.279296875
ONPOLICY-SFT-Qwen3-1P7B-COLDSTART-FRAC50-CODE-KODCODE-CTX8K-S1-BETA0-V1_1783435522,50%,50,beta=0.0,beta0,40,Time per step,perf/time_per_step,48.28403506986797
ONPOLICY-SFT-Qwen3-1P7B-COLDSTART-FRAC50-CODE-KODCODE-CTX8K-S1-BETA0-V1_1783435522,50%,50,beta=0.0,beta0,41,Rollout correct ratio,wdl_sft/correct_ratio,0.34375
ONPOLICY-SFT-Qwen3-1P7B-COLDSTART-FRAC50-CODE-KODCODE-CTX8K-S1-BETA0-V1_1783435522,50%,50,beta=0.0,beta0,41,Gradient norm,actor/grad_norm,11.46364974975586
ONPOLICY-SFT-Qwen3-1P7B-COLDSTART-FRAC50-CODE-KODCODE-CTX8K-S1-BETA0-V1_1783435522,50%,50,beta=0.0,beta0,41,Train score mean,critic/score/mean,-0.3125
ONPOLICY-SFT-Qwen3-1P7B-COLDSTART-FRAC50-CODE-KODCODE-CTX8K-S1-BETA0-V1_1783435522,50%,50,beta=0.0,beta0,41,Response length mean,response_length/mean,164.822265625
ONPOLICY-SFT-Qwen3-1P7B-COLDSTART-FRAC50-CODE-KODCODE-CTX8K-S1-BETA0-V1_1783435522,50%,50,beta=0.0,beta0,41,Time per step,perf/time_per_step,43.648520457558334
ONPOLICY-SFT-Qwen3-1P7B-COLDSTART-FRAC50-CODE-KODCODE-CTX8K-S1-BETA0-V1_1783435522,50%,50,beta=0.0,beta0,42,Rollout correct ratio,wdl_sft/correct_ratio,0.369140625
ONPOLICY-SFT-Qwen3-1P7B-COLDSTART-FRAC50-CODE-KODCODE-CTX8K-S1-BETA0-V1_1783435522,50%,50,beta=0.0,beta0,42,Gradient norm,actor/grad_norm,10.58621883392334
ONPOLICY-SFT-Qwen3-1P7B-COLDSTART-FRAC50-CODE-KODCODE-CTX8K-S1-BETA0-V1_1783435522,50%,50,beta=0.0,beta0,42,Train score mean,critic/score/mean,-0.26171875
ONPOLICY-SFT-Qwen3-1P7B-COLDSTART-FRAC50-CODE-KODCODE-CTX8K-S1-BETA0-V1_1783435522,50%,50,beta=0.0,beta0,42,Response length mean,response_length/mean,162.0859375
ONPOLICY-SFT-Qwen3-1P7B-COLDSTART-FRAC50-CODE-KODCODE-CTX8K-S1-BETA0-V1_1783435522,50%,50,beta=0.0,beta0,42,Time per step,perf/time_per_step,40.285496591590345
ONPOLICY-SFT-Qwen3-1P7B-COLDSTART-FRAC50-CODE-KODCODE-CTX8K-S1-BETA0-V1_1783435522,50%,50,beta=0.0,beta0,43,Rollout correct ratio,wdl_sft/correct_ratio,0.294921875
ONPOLICY-SFT-Qwen3-1P7B-COLDSTART-FRAC50-CODE-KODCODE-CTX8K-S1-BETA0-V1_1783435522,50%,50,beta=0.0,beta0,43,Gradient norm,actor/grad_norm,11.296639442443848
ONPOLICY-SFT-Qwen3-1P7B-COLDSTART-FRAC50-CODE-KODCODE-CTX8K-S1-BETA0-V1_1783435522,50%,50,beta=0.0,beta0,43,Train score mean,critic/score/mean,-0.41015625
ONPOLICY-SFT-Qwen3-1P7B-COLDSTART-FRAC50-CODE-KODCODE-CTX8K-S1-BETA0-V1_1783435522,50%,50,beta=0.0,beta0,43,Response length mean,response_length/mean,173.287109375
ONPOLICY-SFT-Qwen3-1P7B-COLDSTART-FRAC50-CODE-KODCODE-CTX8K-S1-BETA0-V1_1783435522,50%,50,beta=0.0,beta0,43,Time per step,perf/time_per_step,41.357585890218616
ONPOLICY-SFT-Qwen3-1P7B-COLDSTART-FRAC50-CODE-KODCODE-CTX8K-S1-BETA0-V1_1783435522,50%,50,beta=0.0,beta0,44,Rollout correct ratio,wdl_sft/correct_ratio,0.37109375
ONPOLICY-SFT-Qwen3-1P7B-COLDSTART-FRAC50-CODE-KODCODE-CTX8K-S1-BETA0-V1_1783435522,50%,50,beta=0.0,beta0,44,Gradient norm,actor/grad_norm,9.652972221374512
ONPOLICY-SFT-Qwen3-1P7B-COLDSTART-FRAC50-CODE-KODCODE-CTX8K-S1-BETA0-V1_1783435522,50%,50,beta=0.0,beta0,44,Train score mean,critic/score/mean,-0.2578125
ONPOLICY-SFT-Qwen3-1P7B-COLDSTART-FRAC50-CODE-KODCODE-CTX8K-S1-BETA0-V1_1783435522,50%,50,beta=0.0,beta0,44,Response length mean,response_length/mean,161.2421875
ONPOLICY-SFT-Qwen3-1P7B-COLDSTART-FRAC50-CODE-KODCODE-CTX8K-S1-BETA0-V1_1783435522,50%,50,beta=0.0,beta0,44,Time per step,perf/time_per_step,41.57965830154717
ONPOLICY-SFT-Qwen3-1P7B-COLDSTART-FRAC50-CODE-KODCODE-CTX8K-S1-BETA0-V1_1783435522,50%,50,beta=0.0,beta0,45,HumanEval+ pass@1,val-core/HumanEval+/acc/pass@1,0.524390243902439
ONPOLICY-SFT-Qwen3-1P7B-COLDSTART-FRAC50-CODE-KODCODE-CTX8K-S1-BETA0-V1_1783435522,50%,50,beta=0.0,beta0,45,MBPP+ pass@1,val-core/MBPP+/acc/pass@1,0.5423280423280423
ONPOLICY-SFT-Qwen3-1P7B-COLDSTART-FRAC50-CODE-KODCODE-CTX8K-S1-BETA0-V1_1783435522,50%,50,beta=0.0,beta0,45,LiveCodeBench pass@1,val-core/LiveCodeBench/acc/pass@1,0.203125
ONPOLICY-SFT-Qwen3-1P7B-COLDSTART-FRAC50-CODE-KODCODE-CTX8K-S1-BETA0-V1_1783435522,50%,50,beta=0.0,beta0,45,HumanEval+ extract fail,val-aux/HumanEval+/code_reward_extraction_fail/mean@1,0.006097560975609756
ONPOLICY-SFT-Qwen3-1P7B-COLDSTART-FRAC50-CODE-KODCODE-CTX8K-S1-BETA0-V1_1783435522,50%,50,beta=0.0,beta0,45,MBPP+ extract fail,val-aux/MBPP+/code_reward_extraction_fail/mean@1,0.0026455026455026454
ONPOLICY-SFT-Qwen3-1P7B-COLDSTART-FRAC50-CODE-KODCODE-CTX8K-S1-BETA0-V1_1783435522,50%,50,beta=0.0,beta0,45,LiveCodeBench extract fail,val-aux/LiveCodeBench/code_reward_extraction_fail/mean@1,0.015625
ONPOLICY-SFT-Qwen3-1P7B-COLDSTART-FRAC50-CODE-KODCODE-CTX8K-S1-BETA0-V1_1783435522,50%,50,beta=0.0,beta0,45,Rollout correct ratio,wdl_sft/correct_ratio,0.384765625
ONPOLICY-SFT-Qwen3-1P7B-COLDSTART-FRAC50-CODE-KODCODE-CTX8K-S1-BETA0-V1_1783435522,50%,50,beta=0.0,beta0,45,Gradient norm,actor/grad_norm,8.578689575195312
ONPOLICY-SFT-Qwen3-1P7B-COLDSTART-FRAC50-CODE-KODCODE-CTX8K-S1-BETA0-V1_1783435522,50%,50,beta=0.0,beta0,45,Train score mean,critic/score/mean,-0.23046875
ONPOLICY-SFT-Qwen3-1P7B-COLDSTART-FRAC50-CODE-KODCODE-CTX8K-S1-BETA0-V1_1783435522,50%,50,beta=0.0,beta0,45,Response length mean,response_length/mean,151.2734375
ONPOLICY-SFT-Qwen3-1P7B-COLDSTART-FRAC50-CODE-KODCODE-CTX8K-S1-BETA0-V1_1783435522,50%,50,beta=0.0,beta0,45,Time per step,perf/time_per_step,47.61187400389463
ONPOLICY-SFT-Qwen3-1P7B-COLDSTART-FRAC50-CODE-KODCODE-CTX8K-S1-BETA0-V1_1783435522,50%,50,beta=0.0,beta0,46,Rollout correct ratio,wdl_sft/correct_ratio,0.392578125
ONPOLICY-SFT-Qwen3-1P7B-COLDSTART-FRAC50-CODE-KODCODE-CTX8K-S1-BETA0-V1_1783435522,50%,50,beta=0.0,beta0,46,Gradient norm,actor/grad_norm,10.189313888549805
ONPOLICY-SFT-Qwen3-1P7B-COLDSTART-FRAC50-CODE-KODCODE-CTX8K-S1-BETA0-V1_1783435522,50%,50,beta=0.0,beta0,46,Train score mean,critic/score/mean,-0.21484375
ONPOLICY-SFT-Qwen3-1P7B-COLDSTART-FRAC50-CODE-KODCODE-CTX8K-S1-BETA0-V1_1783435522,50%,50,beta=0.0,beta0,46,Response length mean,response_length/mean,164.36328125
ONPOLICY-SFT-Qwen3-1P7B-COLDSTART-FRAC50-CODE-KODCODE-CTX8K-S1-BETA0-V1_1783435522,50%,50,beta=0.0,beta0,46,Time per step,perf/time_per_step,42.68622867483646
ONPOLICY-SFT-Qwen3-1P7B-COLDSTART-FRAC50-CODE-KODCODE-CTX8K-S1-BETA0-V1_1783435522,50%,50,beta=0.0,beta0,47,Rollout correct ratio,wdl_sft/correct_ratio,0.4609375
ONPOLICY-SFT-Qwen3-1P7B-COLDSTART-FRAC50-CODE-KODCODE-CTX8K-S1-BETA0-V1_1783435522,50%,50,beta=0.0,beta0,47,Gradient norm,actor/grad_norm,8.238673210144043
ONPOLICY-SFT-Qwen3-1P7B-COLDSTART-FRAC50-CODE-KODCODE-CTX8K-S1-BETA0-V1_1783435522,50%,50,beta=0.0,beta0,47,Train score mean,critic/score/mean,-0.078125
ONPOLICY-SFT-Qwen3-1P7B-COLDSTART-FRAC50-CODE-KODCODE-CTX8K-S1-BETA0-V1_1783435522,50%,50,beta=0.0,beta0,47,Response length mean,response_length/mean,149.890625
ONPOLICY-SFT-Qwen3-1P7B-COLDSTART-FRAC50-CODE-KODCODE-CTX8K-S1-BETA0-V1_1783435522,50%,50,beta=0.0,beta0,47,Time per step,perf/time_per_step,42.11617394722998
ONPOLICY-SFT-Qwen3-1P7B-COLDSTART-FRAC50-CODE-KODCODE-CTX8K-S1-BETA0-V1_1783435522,50%,50,beta=0.0,beta0,48,Rollout correct ratio,wdl_sft/correct_ratio,0.390625
ONPOLICY-SFT-Qwen3-1P7B-COLDSTART-FRAC50-CODE-KODCODE-CTX8K-S1-BETA0-V1_1783435522,50%,50,beta=0.0,beta0,48,Gradient norm,actor/grad_norm,9.169120788574219
ONPOLICY-SFT-Qwen3-1P7B-COLDSTART-FRAC50-CODE-KODCODE-CTX8K-S1-BETA0-V1_1783435522,50%,50,beta=0.0,beta0,48,Train score mean,critic/score/mean,-0.21875
ONPOLICY-SFT-Qwen3-1P7B-COLDSTART-FRAC50-CODE-KODCODE-CTX8K-S1-BETA0-V1_1783435522,50%,50,beta=0.0,beta0,48,Response length mean,response_length/mean,160.966796875
ONPOLICY-SFT-Qwen3-1P7B-COLDSTART-FRAC50-CODE-KODCODE-CTX8K-S1-BETA0-V1_1783435522,50%,50,beta=0.0,beta0,48,Time per step,perf/time_per_step,41.54346329532564
ONPOLICY-SFT-Qwen3-1P7B-COLDSTART-FRAC50-CODE-KODCODE-CTX8K-S1-BETA0-V1_1783435522,50%,50,beta=0.0,beta0,49,Rollout correct ratio,wdl_sft/correct_ratio,0.416015625
ONPOLICY-SFT-Qwen3-1P7B-COLDSTART-FRAC50-CODE-KODCODE-CTX8K-S1-BETA0-V1_1783435522,50%,50,beta=0.0,beta0,49,Gradient norm,actor/grad_norm,8.492310523986816
ONPOLICY-SFT-Qwen3-1P7B-COLDSTART-FRAC50-CODE-KODCODE-CTX8K-S1-BETA0-V1_1783435522,50%,50,beta=0.0,beta0,49,Train score mean,critic/score/mean,-0.16796875
ONPOLICY-SFT-Qwen3-1P7B-COLDSTART-FRAC50-CODE-KODCODE-CTX8K-S1-BETA0-V1_1783435522,50%,50,beta=0.0,beta0,49,Response length mean,response_length/mean,146.431640625
ONPOLICY-SFT-Qwen3-1P7B-COLDSTART-FRAC50-CODE-KODCODE-CTX8K-S1-BETA0-V1_1783435522,50%,50,beta=0.0,beta0,49,Time per step,perf/time_per_step,43.497134489007294
ONPOLICY-SFT-Qwen3-1P7B-COLDSTART-FRAC50-CODE-KODCODE-CTX8K-S1-BETA0-V1_1783435522,50%,50,beta=0.0,beta0,50,HumanEval+ pass@1,val-core/HumanEval+/acc/pass@1,0.49390243902439024
ONPOLICY-SFT-Qwen3-1P7B-COLDSTART-FRAC50-CODE-KODCODE-CTX8K-S1-BETA0-V1_1783435522,50%,50,beta=0.0,beta0,50,MBPP+ pass@1,val-core/MBPP+/acc/pass@1,0.5291005291005291
ONPOLICY-SFT-Qwen3-1P7B-COLDSTART-FRAC50-CODE-KODCODE-CTX8K-S1-BETA0-V1_1783435522,50%,50,beta=0.0,beta0,50,LiveCodeBench pass@1,val-core/LiveCodeBench/acc/pass@1,0.203125
ONPOLICY-SFT-Qwen3-1P7B-COLDSTART-FRAC50-CODE-KODCODE-CTX8K-S1-BETA0-V1_1783435522,50%,50,beta=0.0,beta0,50,HumanEval+ extract fail,val-aux/HumanEval+/code_reward_extraction_fail/mean@1,0.006097560975609756
ONPOLICY-SFT-Qwen3-1P7B-COLDSTART-FRAC50-CODE-KODCODE-CTX8K-S1-BETA0-V1_1783435522,50%,50,beta=0.0,beta0,50,MBPP+ extract fail,val-aux/MBPP+/code_reward_extraction_fail/mean@1,0.007936507936507936
ONPOLICY-SFT-Qwen3-1P7B-COLDSTART-FRAC50-CODE-KODCODE-CTX8K-S1-BETA0-V1_1783435522,50%,50,beta=0.0,beta0,50,LiveCodeBench extract fail,val-aux/LiveCodeBench/code_reward_extraction_fail/mean@1,0.0
ONPOLICY-SFT-Qwen3-1P7B-COLDSTART-FRAC50-CODE-KODCODE-CTX8K-S1-BETA0-V1_1783435522,50%,50,beta=0.0,beta0,50,Rollout correct ratio,wdl_sft/correct_ratio,0.396484375
ONPOLICY-SFT-Qwen3-1P7B-COLDSTART-FRAC50-CODE-KODCODE-CTX8K-S1-BETA0-V1_1783435522,50%,50,beta=0.0,beta0,50,Gradient norm,actor/grad_norm,9.5283842086792
ONPOLICY-SFT-Qwen3-1P7B-COLDSTART-FRAC50-CODE-KODCODE-CTX8K-S1-BETA0-V1_1783435522,50%,50,beta=0.0,beta0,50,Train score mean,critic/score/mean,-0.20703125
ONPOLICY-SFT-Qwen3-1P7B-COLDSTART-FRAC50-CODE-KODCODE-CTX8K-S1-BETA0-V1_1783435522,50%,50,beta=0.0,beta0,50,Response length mean,response_length/mean,169.3359375
ONPOLICY-SFT-Qwen3-1P7B-COLDSTART-FRAC50-CODE-KODCODE-CTX8K-S1-BETA0-V1_1783435522,50%,50,beta=0.0,beta0,50,Time per step,perf/time_per_step,47.01540806889534
ONPOLICY-SFT-Qwen3-1P7B-COLDSTART-FRAC50-CODE-KODCODE-CTX8K-S1-BETA0-V1_1783435522,50%,50,beta=0.0,beta0,51,Rollout correct ratio,wdl_sft/correct_ratio,0.408203125
ONPOLICY-SFT-Qwen3-1P7B-COLDSTART-FRAC50-CODE-KODCODE-CTX8K-S1-BETA0-V1_1783435522,50%,50,beta=0.0,beta0,51,Gradient norm,actor/grad_norm,8.550450325012207
ONPOLICY-SFT-Qwen3-1P7B-COLDSTART-FRAC50-CODE-KODCODE-CTX8K-S1-BETA0-V1_1783435522,50%,50,beta=0.0,beta0,51,Train score mean,critic/score/mean,-0.18359375
ONPOLICY-SFT-Qwen3-1P7B-COLDSTART-FRAC50-CODE-KODCODE-CTX8K-S1-BETA0-V1_1783435522,50%,50,beta=0.0,beta0,51,Response length mean,response_length/mean,161.873046875
ONPOLICY-SFT-Qwen3-1P7B-COLDSTART-FRAC50-CODE-KODCODE-CTX8K-S1-BETA0-V1_1783435522,50%,50,beta=0.0,beta0,51,Time per step,perf/time_per_step,62.94283958058804
ONPOLICY-SFT-Qwen3-1P7B-COLDSTART-FRAC50-CODE-KODCODE-CTX8K-S1-BETA0-V1_1783435522,50%,50,beta=0.0,beta0,52,Rollout correct ratio,wdl_sft/correct_ratio,0.38671875
ONPOLICY-SFT-Qwen3-1P7B-COLDSTART-FRAC50-CODE-KODCODE-CTX8K-S1-BETA0-V1_1783435522,50%,50,beta=0.0,beta0,52,Gradient norm,actor/grad_norm,8.866408348083496
ONPOLICY-SFT-Qwen3-1P7B-COLDSTART-FRAC50-CODE-KODCODE-CTX8K-S1-BETA0-V1_1783435522,50%,50,beta=0.0,beta0,52,Train score mean,critic/score/mean,-0.2265625
ONPOLICY-SFT-Qwen3-1P7B-COLDSTART-FRAC50-CODE-KODCODE-CTX8K-S1-BETA0-V1_1783435522,50%,50,beta=0.0,beta0,52,Response length mean,response_length/mean,155.40625
ONPOLICY-SFT-Qwen3-1P7B-COLDSTART-FRAC50-CODE-KODCODE-CTX8K-S1-BETA0-V1_1783435522,50%,50,beta=0.0,beta0,52,Time per step,perf/time_per_step,39.748554615303874
ONPOLICY-SFT-Qwen3-1P7B-COLDSTART-FRAC50-CODE-KODCODE-CTX8K-S1-BETA0-V1_1783435522,50%,50,beta=0.0,beta0,53,Rollout correct ratio,wdl_sft/correct_ratio,0.36328125
ONPOLICY-SFT-Qwen3-1P7B-COLDSTART-FRAC50-CODE-KODCODE-CTX8K-S1-BETA0-V1_1783435522,50%,50,beta=0.0,beta0,53,Gradient norm,actor/grad_norm,9.710748672485352
ONPOLICY-SFT-Qwen3-1P7B-COLDSTART-FRAC50-CODE-KODCODE-CTX8K-S1-BETA0-V1_1783435522,50%,50,beta=0.0,beta0,53,Train score mean,critic/score/mean,-0.2734375
ONPOLICY-SFT-Qwen3-1P7B-COLDSTART-FRAC50-CODE-KODCODE-CTX8K-S1-BETA0-V1_1783435522,50%,50,beta=0.0,beta0,53,Response length mean,response_length/mean,152.646484375
ONPOLICY-SFT-Qwen3-1P7B-COLDSTART-FRAC50-CODE-KODCODE-CTX8K-S1-BETA0-V1_1783435522,50%,50,beta=0.0,beta0,53,Time per step,perf/time_per_step,43.49614973552525
ONPOLICY-SFT-Qwen3-1P7B-COLDSTART-FRAC50-CODE-KODCODE-CTX8K-S1-BETA0-V1_1783435522,50%,50,beta=0.0,beta0,54,Rollout correct ratio,wdl_sft/correct_ratio,0.384765625
ONPOLICY-SFT-Qwen3-1P7B-COLDSTART-FRAC50-CODE-KODCODE-CTX8K-S1-BETA0-V1_1783435522,50%,50,beta=0.0,beta0,54,Gradient norm,actor/grad_norm,9.288843154907227
ONPOLICY-SFT-Qwen3-1P7B-COLDSTART-FRAC50-CODE-KODCODE-CTX8K-S1-BETA0-V1_1783435522,50%,50,beta=0.0,beta0,54,Train score mean,critic/score/mean,-0.23046875
ONPOLICY-SFT-Qwen3-1P7B-COLDSTART-FRAC50-CODE-KODCODE-CTX8K-S1-BETA0-V1_1783435522,50%,50,beta=0.0,beta0,54,Response length mean,response_length/mean,159.748046875
ONPOLICY-SFT-Qwen3-1P7B-COLDSTART-FRAC50-CODE-KODCODE-CTX8K-S1-BETA0-V1_1783435522,50%,50,beta=0.0,beta0,54,Time per step,perf/time_per_step,42.45596296712756
ONPOLICY-SFT-Qwen3-1P7B-COLDSTART-FRAC50-CODE-KODCODE-CTX8K-S1-BETA0-V1_1783435522,50%,50,beta=0.0,beta0,55,HumanEval+ pass@1,val-core/HumanEval+/acc/pass@1,0.4817073170731707
ONPOLICY-SFT-Qwen3-1P7B-COLDSTART-FRAC50-CODE-KODCODE-CTX8K-S1-BETA0-V1_1783435522,50%,50,beta=0.0,beta0,55,MBPP+ pass@1,val-core/MBPP+/acc/pass@1,0.5423280423280423
ONPOLICY-SFT-Qwen3-1P7B-COLDSTART-FRAC50-CODE-KODCODE-CTX8K-S1-BETA0-V1_1783435522,50%,50,beta=0.0,beta0,55,LiveCodeBench pass@1,val-core/LiveCodeBench/acc/pass@1,0.203125
ONPOLICY-SFT-Qwen3-1P7B-COLDSTART-FRAC50-CODE-KODCODE-CTX8K-S1-BETA0-V1_1783435522,50%,50,beta=0.0,beta0,55,HumanEval+ extract fail,val-aux/HumanEval+/code_reward_extraction_fail/mean@1,0.006097560975609756
ONPOLICY-SFT-Qwen3-1P7B-COLDSTART-FRAC50-CODE-KODCODE-CTX8K-S1-BETA0-V1_1783435522,50%,50,beta=0.0,beta0,55,MBPP+ extract fail,val-aux/MBPP+/code_reward_extraction_fail/mean@1,0.005291005291005291
ONPOLICY-SFT-Qwen3-1P7B-COLDSTART-FRAC50-CODE-KODCODE-CTX8K-S1-BETA0-V1_1783435522,50%,50,beta=0.0,beta0,55,LiveCodeBench extract fail,val-aux/LiveCodeBench/code_reward_extraction_fail/mean@1,0.015625
ONPOLICY-SFT-Qwen3-1P7B-COLDSTART-FRAC50-CODE-KODCODE-CTX8K-S1-BETA0-V1_1783435522,50%,50,beta=0.0,beta0,55,Rollout correct ratio,wdl_sft/correct_ratio,0.380859375
ONPOLICY-SFT-Qwen3-1P7B-COLDSTART-FRAC50-CODE-KODCODE-CTX8K-S1-BETA0-V1_1783435522,50%,50,beta=0.0,beta0,55,Gradient norm,actor/grad_norm,8.87052059173584
ONPOLICY-SFT-Qwen3-1P7B-COLDSTART-FRAC50-CODE-KODCODE-CTX8K-S1-BETA0-V1_1783435522,50%,50,beta=0.0,beta0,55,Train score mean,critic/score/mean,-0.23828125
ONPOLICY-SFT-Qwen3-1P7B-COLDSTART-FRAC50-CODE-KODCODE-CTX8K-S1-BETA0-V1_1783435522,50%,50,beta=0.0,beta0,55,Response length mean,response_length/mean,161.029296875
ONPOLICY-SFT-Qwen3-1P7B-COLDSTART-FRAC50-CODE-KODCODE-CTX8K-S1-BETA0-V1_1783435522,50%,50,beta=0.0,beta0,55,Time per step,perf/time_per_step,48.64090886712074
ONPOLICY-SFT-Qwen3-1P7B-COLDSTART-FRAC50-CODE-KODCODE-CTX8K-S1-BETA0-V1_1783435522,50%,50,beta=0.0,beta0,56,Rollout correct ratio,wdl_sft/correct_ratio,0.375
ONPOLICY-SFT-Qwen3-1P7B-COLDSTART-FRAC50-CODE-KODCODE-CTX8K-S1-BETA0-V1_1783435522,50%,50,beta=0.0,beta0,56,Gradient norm,actor/grad_norm,9.470882415771484
ONPOLICY-SFT-Qwen3-1P7B-COLDSTART-FRAC50-CODE-KODCODE-CTX8K-S1-BETA0-V1_1783435522,50%,50,beta=0.0,beta0,56,Train score mean,critic/score/mean,-0.25
ONPOLICY-SFT-Qwen3-1P7B-COLDSTART-FRAC50-CODE-KODCODE-CTX8K-S1-BETA0-V1_1783435522,50%,50,beta=0.0,beta0,56,Response length mean,response_length/mean,147.060546875
ONPOLICY-SFT-Qwen3-1P7B-COLDSTART-FRAC50-CODE-KODCODE-CTX8K-S1-BETA0-V1_1783435522,50%,50,beta=0.0,beta0,56,Time per step,perf/time_per_step,40.79890600964427
ONPOLICY-SFT-Qwen3-1P7B-COLDSTART-FRAC50-CODE-KODCODE-CTX8K-S1-BETA0-V1_1783435522,50%,50,beta=0.0,beta0,57,Rollout correct ratio,wdl_sft/correct_ratio,0.380859375
ONPOLICY-SFT-Qwen3-1P7B-COLDSTART-FRAC50-CODE-KODCODE-CTX8K-S1-BETA0-V1_1783435522,50%,50,beta=0.0,beta0,57,Gradient norm,actor/grad_norm,10.464065551757812
ONPOLICY-SFT-Qwen3-1P7B-COLDSTART-FRAC50-CODE-KODCODE-CTX8K-S1-BETA0-V1_1783435522,50%,50,beta=0.0,beta0,57,Train score mean,critic/score/mean,-0.23828125
ONPOLICY-SFT-Qwen3-1P7B-COLDSTART-FRAC50-CODE-KODCODE-CTX8K-S1-BETA0-V1_1783435522,50%,50,beta=0.0,beta0,57,Response length mean,response_length/mean,164.263671875
ONPOLICY-SFT-Qwen3-1P7B-COLDSTART-FRAC50-CODE-KODCODE-CTX8K-S1-BETA0-V1_1783435522,50%,50,beta=0.0,beta0,57,Time per step,perf/time_per_step,41.21963409893215
ONPOLICY-SFT-Qwen3-1P7B-COLDSTART-FRAC50-CODE-KODCODE-CTX8K-S1-BETA0-V1_1783435522,50%,50,beta=0.0,beta0,58,Rollout correct ratio,wdl_sft/correct_ratio,0.36328125
ONPOLICY-SFT-Qwen3-1P7B-COLDSTART-FRAC50-CODE-KODCODE-CTX8K-S1-BETA0-V1_1783435522,50%,50,beta=0.0,beta0,58,Gradient norm,actor/grad_norm,11.245107650756836
ONPOLICY-SFT-Qwen3-1P7B-COLDSTART-FRAC50-CODE-KODCODE-CTX8K-S1-BETA0-V1_1783435522,50%,50,beta=0.0,beta0,58,Train score mean,critic/score/mean,-0.2734375
ONPOLICY-SFT-Qwen3-1P7B-COLDSTART-FRAC50-CODE-KODCODE-CTX8K-S1-BETA0-V1_1783435522,50%,50,beta=0.0,beta0,58,Response length mean,response_length/mean,173.712890625
ONPOLICY-SFT-Qwen3-1P7B-COLDSTART-FRAC50-CODE-KODCODE-CTX8K-S1-BETA0-V1_1783435522,50%,50,beta=0.0,beta0,58,Time per step,perf/time_per_step,44.31097679119557
ONPOLICY-SFT-Qwen3-1P7B-COLDSTART-FRAC50-CODE-KODCODE-CTX8K-S1-BETA0-V1_1783435522,50%,50,beta=0.0,beta0,59,Rollout correct ratio,wdl_sft/correct_ratio,0.388671875
ONPOLICY-SFT-Qwen3-1P7B-COLDSTART-FRAC50-CODE-KODCODE-CTX8K-S1-BETA0-V1_1783435522,50%,50,beta=0.0,beta0,59,Gradient norm,actor/grad_norm,9.969293594360352
ONPOLICY-SFT-Qwen3-1P7B-COLDSTART-FRAC50-CODE-KODCODE-CTX8K-S1-BETA0-V1_1783435522,50%,50,beta=0.0,beta0,59,Train score mean,critic/score/mean,-0.22265625
ONPOLICY-SFT-Qwen3-1P7B-COLDSTART-FRAC50-CODE-KODCODE-CTX8K-S1-BETA0-V1_1783435522,50%,50,beta=0.0,beta0,59,Response length mean,response_length/mean,159.888671875
ONPOLICY-SFT-Qwen3-1P7B-COLDSTART-FRAC50-CODE-KODCODE-CTX8K-S1-BETA0-V1_1783435522,50%,50,beta=0.0,beta0,59,Time per step,perf/time_per_step,42.706000248901546
ONPOLICY-SFT-Qwen3-1P7B-COLDSTART-FRAC50-CODE-KODCODE-CTX8K-S1-BETA0-V1_1783435522,50%,50,beta=0.0,beta0,60,HumanEval+ pass@1,val-core/HumanEval+/acc/pass@1,0.45121951219512196
ONPOLICY-SFT-Qwen3-1P7B-COLDSTART-FRAC50-CODE-KODCODE-CTX8K-S1-BETA0-V1_1783435522,50%,50,beta=0.0,beta0,60,MBPP+ pass@1,val-core/MBPP+/acc/pass@1,0.5423280423280423
ONPOLICY-SFT-Qwen3-1P7B-COLDSTART-FRAC50-CODE-KODCODE-CTX8K-S1-BETA0-V1_1783435522,50%,50,beta=0.0,beta0,60,LiveCodeBench pass@1,val-core/LiveCodeBench/acc/pass@1,0.171875
ONPOLICY-SFT-Qwen3-1P7B-COLDSTART-FRAC50-CODE-KODCODE-CTX8K-S1-BETA0-V1_1783435522,50%,50,beta=0.0,beta0,60,HumanEval+ extract fail,val-aux/HumanEval+/code_reward_extraction_fail/mean@1,0.006097560975609756
ONPOLICY-SFT-Qwen3-1P7B-COLDSTART-FRAC50-CODE-KODCODE-CTX8K-S1-BETA0-V1_1783435522,50%,50,beta=0.0,beta0,60,MBPP+ extract fail,val-aux/MBPP+/code_reward_extraction_fail/mean@1,0.0026455026455026454
ONPOLICY-SFT-Qwen3-1P7B-COLDSTART-FRAC50-CODE-KODCODE-CTX8K-S1-BETA0-V1_1783435522,50%,50,beta=0.0,beta0,60,LiveCodeBench extract fail,val-aux/LiveCodeBench/code_reward_extraction_fail/mean@1,0.0234375
ONPOLICY-SFT-Qwen3-1P7B-COLDSTART-FRAC50-CODE-KODCODE-CTX8K-S1-BETA0-V1_1783435522,50%,50,beta=0.0,beta0,60,Rollout correct ratio,wdl_sft/correct_ratio,0.37890625
ONPOLICY-SFT-Qwen3-1P7B-COLDSTART-FRAC50-CODE-KODCODE-CTX8K-S1-BETA0-V1_1783435522,50%,50,beta=0.0,beta0,60,Gradient norm,actor/grad_norm,8.849300384521484
ONPOLICY-SFT-Qwen3-1P7B-COLDSTART-FRAC50-CODE-KODCODE-CTX8K-S1-BETA0-V1_1783435522,50%,50,beta=0.0,beta0,60,Train score mean,critic/score/mean,-0.2421875
ONPOLICY-SFT-Qwen3-1P7B-COLDSTART-FRAC50-CODE-KODCODE-CTX8K-S1-BETA0-V1_1783435522,50%,50,beta=0.0,beta0,60,Response length mean,response_length/mean,142.96875
ONPOLICY-SFT-Qwen3-1P7B-COLDSTART-FRAC50-CODE-KODCODE-CTX8K-S1-BETA0-V1_1783435522,50%,50,beta=0.0,beta0,60,Time per step,perf/time_per_step,44.84658555779606
ONPOLICY-SFT-Qwen3-1P7B-COLDSTART-FRAC50-CODE-KODCODE-CTX8K-S1-BETA0-V1_1783435522,50%,50,beta=0.0,beta0,61,Rollout correct ratio,wdl_sft/correct_ratio,0.404296875
ONPOLICY-SFT-Qwen3-1P7B-COLDSTART-FRAC50-CODE-KODCODE-CTX8K-S1-BETA0-V1_1783435522,50%,50,beta=0.0,beta0,61,Gradient norm,actor/grad_norm,8.848457336425781
ONPOLICY-SFT-Qwen3-1P7B-COLDSTART-FRAC50-CODE-KODCODE-CTX8K-S1-BETA0-V1_1783435522,50%,50,beta=0.0,beta0,61,Train score mean,critic/score/mean,-0.19140625
ONPOLICY-SFT-Qwen3-1P7B-COLDSTART-FRAC50-CODE-KODCODE-CTX8K-S1-BETA0-V1_1783435522,50%,50,beta=0.0,beta0,61,Response length mean,response_length/mean,144.919921875
ONPOLICY-SFT-Qwen3-1P7B-COLDSTART-FRAC50-CODE-KODCODE-CTX8K-S1-BETA0-V1_1783435522,50%,50,beta=0.0,beta0,61,Time per step,perf/time_per_step,42.06957112066448
ONPOLICY-SFT-Qwen3-1P7B-COLDSTART-FRAC50-CODE-KODCODE-CTX8K-S1-BETA0-V1_1783435522,50%,50,beta=0.0,beta0,62,Rollout correct ratio,wdl_sft/correct_ratio,0.3359375
ONPOLICY-SFT-Qwen3-1P7B-COLDSTART-FRAC50-CODE-KODCODE-CTX8K-S1-BETA0-V1_1783435522,50%,50,beta=0.0,beta0,62,Gradient norm,actor/grad_norm,10.958510398864746
ONPOLICY-SFT-Qwen3-1P7B-COLDSTART-FRAC50-CODE-KODCODE-CTX8K-S1-BETA0-V1_1783435522,50%,50,beta=0.0,beta0,62,Train score mean,critic/score/mean,-0.328125
ONPOLICY-SFT-Qwen3-1P7B-COLDSTART-FRAC50-CODE-KODCODE-CTX8K-S1-BETA0-V1_1783435522,50%,50,beta=0.0,beta0,62,Response length mean,response_length/mean,165.169921875
ONPOLICY-SFT-Qwen3-1P7B-COLDSTART-FRAC50-CODE-KODCODE-CTX8K-S1-BETA0-V1_1783435522,50%,50,beta=0.0,beta0,62,Time per step,perf/time_per_step,43.53686567675322
ONPOLICY-SFT-Qwen3-1P7B-COLDSTART-FRAC50-CODE-KODCODE-CTX8K-S1-BETA0-V1_1783435522,50%,50,beta=0.0,beta0,63,Rollout correct ratio,wdl_sft/correct_ratio,0.384765625
ONPOLICY-SFT-Qwen3-1P7B-COLDSTART-FRAC50-CODE-KODCODE-CTX8K-S1-BETA0-V1_1783435522,50%,50,beta=0.0,beta0,63,Gradient norm,actor/grad_norm,9.118399620056152
ONPOLICY-SFT-Qwen3-1P7B-COLDSTART-FRAC50-CODE-KODCODE-CTX8K-S1-BETA0-V1_1783435522,50%,50,beta=0.0,beta0,63,Train score mean,critic/score/mean,-0.23046875
ONPOLICY-SFT-Qwen3-1P7B-COLDSTART-FRAC50-CODE-KODCODE-CTX8K-S1-BETA0-V1_1783435522,50%,50,beta=0.0,beta0,63,Response length mean,response_length/mean,154.822265625
ONPOLICY-SFT-Qwen3-1P7B-COLDSTART-FRAC50-CODE-KODCODE-CTX8K-S1-BETA0-V1_1783435522,50%,50,beta=0.0,beta0,63,Time per step,perf/time_per_step,39.840496446006
ONPOLICY-SFT-Qwen3-1P7B-COLDSTART-FRAC50-CODE-KODCODE-CTX8K-S1-BETA0-V1_1783435522,50%,50,beta=0.0,beta0,64,Rollout correct ratio,wdl_sft/correct_ratio,0.34375
ONPOLICY-SFT-Qwen3-1P7B-COLDSTART-FRAC50-CODE-KODCODE-CTX8K-S1-BETA0-V1_1783435522,50%,50,beta=0.0,beta0,64,Gradient norm,actor/grad_norm,9.759875297546387
ONPOLICY-SFT-Qwen3-1P7B-COLDSTART-FRAC50-CODE-KODCODE-CTX8K-S1-BETA0-V1_1783435522,50%,50,beta=0.0,beta0,64,Train score mean,critic/score/mean,-0.3125
ONPOLICY-SFT-Qwen3-1P7B-COLDSTART-FRAC50-CODE-KODCODE-CTX8K-S1-BETA0-V1_1783435522,50%,50,beta=0.0,beta0,64,Response length mean,response_length/mean,160.4296875
ONPOLICY-SFT-Qwen3-1P7B-COLDSTART-FRAC50-CODE-KODCODE-CTX8K-S1-BETA0-V1_1783435522,50%,50,beta=0.0,beta0,64,Time per step,perf/time_per_step,40.948797116056085
ONPOLICY-SFT-Qwen3-1P7B-COLDSTART-FRAC50-CODE-KODCODE-CTX8K-S1-BETA0-V1_1783435522,50%,50,beta=0.0,beta0,65,HumanEval+ pass@1,val-core/HumanEval+/acc/pass@1,0.5
ONPOLICY-SFT-Qwen3-1P7B-COLDSTART-FRAC50-CODE-KODCODE-CTX8K-S1-BETA0-V1_1783435522,50%,50,beta=0.0,beta0,65,MBPP+ pass@1,val-core/MBPP+/acc/pass@1,0.5396825396825397
ONPOLICY-SFT-Qwen3-1P7B-COLDSTART-FRAC50-CODE-KODCODE-CTX8K-S1-BETA0-V1_1783435522,50%,50,beta=0.0,beta0,65,LiveCodeBench pass@1,val-core/LiveCodeBench/acc/pass@1,0.2109375
ONPOLICY-SFT-Qwen3-1P7B-COLDSTART-FRAC50-CODE-KODCODE-CTX8K-S1-BETA0-V1_1783435522,50%,50,beta=0.0,beta0,65,HumanEval+ extract fail,val-aux/HumanEval+/code_reward_extraction_fail/mean@1,0.012195121951219513
ONPOLICY-SFT-Qwen3-1P7B-COLDSTART-FRAC50-CODE-KODCODE-CTX8K-S1-BETA0-V1_1783435522,50%,50,beta=0.0,beta0,65,MBPP+ extract fail,val-aux/MBPP+/code_reward_extraction_fail/mean@1,0.007936507936507936
ONPOLICY-SFT-Qwen3-1P7B-COLDSTART-FRAC50-CODE-KODCODE-CTX8K-S1-BETA0-V1_1783435522,50%,50,beta=0.0,beta0,65,LiveCodeBench extract fail,val-aux/LiveCodeBench/code_reward_extraction_fail/mean@1,0.03125
ONPOLICY-SFT-Qwen3-1P7B-COLDSTART-FRAC50-CODE-KODCODE-CTX8K-S1-BETA0-V1_1783435522,50%,50,beta=0.0,beta0,65,Rollout correct ratio,wdl_sft/correct_ratio,0.40625
ONPOLICY-SFT-Qwen3-1P7B-COLDSTART-FRAC50-CODE-KODCODE-CTX8K-S1-BETA0-V1_1783435522,50%,50,beta=0.0,beta0,65,Gradient norm,actor/grad_norm,9.680874824523926
ONPOLICY-SFT-Qwen3-1P7B-COLDSTART-FRAC50-CODE-KODCODE-CTX8K-S1-BETA0-V1_1783435522,50%,50,beta=0.0,beta0,65,Train score mean,critic/score/mean,-0.1875
ONPOLICY-SFT-Qwen3-1P7B-COLDSTART-FRAC50-CODE-KODCODE-CTX8K-S1-BETA0-V1_1783435522,50%,50,beta=0.0,beta0,65,Response length mean,response_length/mean,167.251953125
ONPOLICY-SFT-Qwen3-1P7B-COLDSTART-FRAC50-CODE-KODCODE-CTX8K-S1-BETA0-V1_1783435522,50%,50,beta=0.0,beta0,65,Time per step,perf/time_per_step,46.52205463126302
ONPOLICY-SFT-Qwen3-1P7B-COLDSTART-FRAC50-CODE-KODCODE-CTX8K-S1-BETA0-V1_1783435522,50%,50,beta=0.0,beta0,66,Rollout correct ratio,wdl_sft/correct_ratio,0.470703125
ONPOLICY-SFT-Qwen3-1P7B-COLDSTART-FRAC50-CODE-KODCODE-CTX8K-S1-BETA0-V1_1783435522,50%,50,beta=0.0,beta0,66,Gradient norm,actor/grad_norm,7.711986541748047
ONPOLICY-SFT-Qwen3-1P7B-COLDSTART-FRAC50-CODE-KODCODE-CTX8K-S1-BETA0-V1_1783435522,50%,50,beta=0.0,beta0,66,Train score mean,critic/score/mean,-0.05859375
ONPOLICY-SFT-Qwen3-1P7B-COLDSTART-FRAC50-CODE-KODCODE-CTX8K-S1-BETA0-V1_1783435522,50%,50,beta=0.0,beta0,66,Response length mean,response_length/mean,143.341796875
ONPOLICY-SFT-Qwen3-1P7B-COLDSTART-FRAC50-CODE-KODCODE-CTX8K-S1-BETA0-V1_1783435522,50%,50,beta=0.0,beta0,66,Time per step,perf/time_per_step,41.01356045808643
ONPOLICY-SFT-Qwen3-1P7B-COLDSTART-FRAC50-CODE-KODCODE-CTX8K-S1-BETA0-V1_1783435522,50%,50,beta=0.0,beta0,67,Rollout correct ratio,wdl_sft/correct_ratio,0.380859375
ONPOLICY-SFT-Qwen3-1P7B-COLDSTART-FRAC50-CODE-KODCODE-CTX8K-S1-BETA0-V1_1783435522,50%,50,beta=0.0,beta0,67,Gradient norm,actor/grad_norm,9.819243431091309
ONPOLICY-SFT-Qwen3-1P7B-COLDSTART-FRAC50-CODE-KODCODE-CTX8K-S1-BETA0-V1_1783435522,50%,50,beta=0.0,beta0,67,Train score mean,critic/score/mean,-0.23828125
ONPOLICY-SFT-Qwen3-1P7B-COLDSTART-FRAC50-CODE-KODCODE-CTX8K-S1-BETA0-V1_1783435522,50%,50,beta=0.0,beta0,67,Response length mean,response_length/mean,161.44140625
ONPOLICY-SFT-Qwen3-1P7B-COLDSTART-FRAC50-CODE-KODCODE-CTX8K-S1-BETA0-V1_1783435522,50%,50,beta=0.0,beta0,67,Time per step,perf/time_per_step,44.73021748010069
ONPOLICY-SFT-Qwen3-1P7B-COLDSTART-FRAC50-CODE-KODCODE-CTX8K-S1-BETA0-V1_1783435522,50%,50,beta=0.0,beta0,68,Rollout correct ratio,wdl_sft/correct_ratio,0.34765625
ONPOLICY-SFT-Qwen3-1P7B-COLDSTART-FRAC50-CODE-KODCODE-CTX8K-S1-BETA0-V1_1783435522,50%,50,beta=0.0,beta0,68,Gradient norm,actor/grad_norm,10.560993194580078
ONPOLICY-SFT-Qwen3-1P7B-COLDSTART-FRAC50-CODE-KODCODE-CTX8K-S1-BETA0-V1_1783435522,50%,50,beta=0.0,beta0,68,Train score mean,critic/score/mean,-0.3046875
ONPOLICY-SFT-Qwen3-1P7B-COLDSTART-FRAC50-CODE-KODCODE-CTX8K-S1-BETA0-V1_1783435522,50%,50,beta=0.0,beta0,68,Response length mean,response_length/mean,161.947265625
ONPOLICY-SFT-Qwen3-1P7B-COLDSTART-FRAC50-CODE-KODCODE-CTX8K-S1-BETA0-V1_1783435522,50%,50,beta=0.0,beta0,68,Time per step,perf/time_per_step,42.820979363285005
ONPOLICY-SFT-Qwen3-1P7B-COLDSTART-FRAC50-CODE-KODCODE-CTX8K-S1-BETA0-V1_1783435522,50%,50,beta=0.0,beta0,69,Rollout correct ratio,wdl_sft/correct_ratio,0.400390625
ONPOLICY-SFT-Qwen3-1P7B-COLDSTART-FRAC50-CODE-KODCODE-CTX8K-S1-BETA0-V1_1783435522,50%,50,beta=0.0,beta0,69,Gradient norm,actor/grad_norm,8.986023902893066
ONPOLICY-SFT-Qwen3-1P7B-COLDSTART-FRAC50-CODE-KODCODE-CTX8K-S1-BETA0-V1_1783435522,50%,50,beta=0.0,beta0,69,Train score mean,critic/score/mean,-0.19921875
ONPOLICY-SFT-Qwen3-1P7B-COLDSTART-FRAC50-CODE-KODCODE-CTX8K-S1-BETA0-V1_1783435522,50%,50,beta=0.0,beta0,69,Response length mean,response_length/mean,161.107421875
ONPOLICY-SFT-Qwen3-1P7B-COLDSTART-FRAC50-CODE-KODCODE-CTX8K-S1-BETA0-V1_1783435522,50%,50,beta=0.0,beta0,69,Time per step,perf/time_per_step,45.70982903428376
ONPOLICY-SFT-Qwen3-1P7B-COLDSTART-FRAC50-CODE-KODCODE-CTX8K-S1-BETA0-V1_1783435522,50%,50,beta=0.0,beta0,70,HumanEval+ pass@1,val-core/HumanEval+/acc/pass@1,0.5304878048780488
ONPOLICY-SFT-Qwen3-1P7B-COLDSTART-FRAC50-CODE-KODCODE-CTX8K-S1-BETA0-V1_1783435522,50%,50,beta=0.0,beta0,70,MBPP+ pass@1,val-core/MBPP+/acc/pass@1,0.544973544973545
ONPOLICY-SFT-Qwen3-1P7B-COLDSTART-FRAC50-CODE-KODCODE-CTX8K-S1-BETA0-V1_1783435522,50%,50,beta=0.0,beta0,70,LiveCodeBench pass@1,val-core/LiveCodeBench/acc/pass@1,0.1796875
ONPOLICY-SFT-Qwen3-1P7B-COLDSTART-FRAC50-CODE-KODCODE-CTX8K-S1-BETA0-V1_1783435522,50%,50,beta=0.0,beta0,70,HumanEval+ extract fail,val-aux/HumanEval+/code_reward_extraction_fail/mean@1,0.0
ONPOLICY-SFT-Qwen3-1P7B-COLDSTART-FRAC50-CODE-KODCODE-CTX8K-S1-BETA0-V1_1783435522,50%,50,beta=0.0,beta0,70,MBPP+ extract fail,val-aux/MBPP+/code_reward_extraction_fail/mean@1,0.005291005291005291
ONPOLICY-SFT-Qwen3-1P7B-COLDSTART-FRAC50-CODE-KODCODE-CTX8K-S1-BETA0-V1_1783435522,50%,50,beta=0.0,beta0,70,LiveCodeBench extract fail,val-aux/LiveCodeBench/code_reward_extraction_fail/mean@1,0.046875
ONPOLICY-SFT-Qwen3-1P7B-COLDSTART-FRAC50-CODE-KODCODE-CTX8K-S1-BETA0-V1_1783435522,50%,50,beta=0.0,beta0,70,Rollout correct ratio,wdl_sft/correct_ratio,0.359375
ONPOLICY-SFT-Qwen3-1P7B-COLDSTART-FRAC50-CODE-KODCODE-CTX8K-S1-BETA0-V1_1783435522,50%,50,beta=0.0,beta0,70,Gradient norm,actor/grad_norm,9.535455703735352
ONPOLICY-SFT-Qwen3-1P7B-COLDSTART-FRAC50-CODE-KODCODE-CTX8K-S1-BETA0-V1_1783435522,50%,50,beta=0.0,beta0,70,Train score mean,critic/score/mean,-0.28125
ONPOLICY-SFT-Qwen3-1P7B-COLDSTART-FRAC50-CODE-KODCODE-CTX8K-S1-BETA0-V1_1783435522,50%,50,beta=0.0,beta0,70,Response length mean,response_length/mean,169.25
ONPOLICY-SFT-Qwen3-1P7B-COLDSTART-FRAC50-CODE-KODCODE-CTX8K-S1-BETA0-V1_1783435522,50%,50,beta=0.0,beta0,70,Time per step,perf/time_per_step,48.74039831478149
ONPOLICY-SFT-Qwen3-1P7B-COLDSTART-FRAC50-CODE-KODCODE-CTX8K-S1-BETA0-V1_1783435522,50%,50,beta=0.0,beta0,71,Rollout correct ratio,wdl_sft/correct_ratio,0.4140625
ONPOLICY-SFT-Qwen3-1P7B-COLDSTART-FRAC50-CODE-KODCODE-CTX8K-S1-BETA0-V1_1783435522,50%,50,beta=0.0,beta0,71,Gradient norm,actor/grad_norm,10.518197059631348
ONPOLICY-SFT-Qwen3-1P7B-COLDSTART-FRAC50-CODE-KODCODE-CTX8K-S1-BETA0-V1_1783435522,50%,50,beta=0.0,beta0,71,Train score mean,critic/score/mean,-0.171875
ONPOLICY-SFT-Qwen3-1P7B-COLDSTART-FRAC50-CODE-KODCODE-CTX8K-S1-BETA0-V1_1783435522,50%,50,beta=0.0,beta0,71,Response length mean,response_length/mean,187.58984375
ONPOLICY-SFT-Qwen3-1P7B-COLDSTART-FRAC50-CODE-KODCODE-CTX8K-S1-BETA0-V1_1783435522,50%,50,beta=0.0,beta0,71,Time per step,perf/time_per_step,43.7035526977852
ONPOLICY-SFT-Qwen3-1P7B-COLDSTART-FRAC50-CODE-KODCODE-CTX8K-S1-BETA0-V1_1783435522,50%,50,beta=0.0,beta0,72,Rollout correct ratio,wdl_sft/correct_ratio,0.345703125
ONPOLICY-SFT-Qwen3-1P7B-COLDSTART-FRAC50-CODE-KODCODE-CTX8K-S1-BETA0-V1_1783435522,50%,50,beta=0.0,beta0,72,Gradient norm,actor/grad_norm,9.603022575378418
ONPOLICY-SFT-Qwen3-1P7B-COLDSTART-FRAC50-CODE-KODCODE-CTX8K-S1-BETA0-V1_1783435522,50%,50,beta=0.0,beta0,72,Train score mean,critic/score/mean,-0.30859375
ONPOLICY-SFT-Qwen3-1P7B-COLDSTART-FRAC50-CODE-KODCODE-CTX8K-S1-BETA0-V1_1783435522,50%,50,beta=0.0,beta0,72,Response length mean,response_length/mean,144.62890625
ONPOLICY-SFT-Qwen3-1P7B-COLDSTART-FRAC50-CODE-KODCODE-CTX8K-S1-BETA0-V1_1783435522,50%,50,beta=0.0,beta0,72,Time per step,perf/time_per_step,39.50897607579827
ONPOLICY-SFT-Qwen3-1P7B-COLDSTART-FRAC50-CODE-KODCODE-CTX8K-S1-BETA0-V1_1783435522,50%,50,beta=0.0,beta0,73,Rollout correct ratio,wdl_sft/correct_ratio,0.427734375
ONPOLICY-SFT-Qwen3-1P7B-COLDSTART-FRAC50-CODE-KODCODE-CTX8K-S1-BETA0-V1_1783435522,50%,50,beta=0.0,beta0,73,Gradient norm,actor/grad_norm,8.867921829223633
ONPOLICY-SFT-Qwen3-1P7B-COLDSTART-FRAC50-CODE-KODCODE-CTX8K-S1-BETA0-V1_1783435522,50%,50,beta=0.0,beta0,73,Train score mean,critic/score/mean,-0.14453125
ONPOLICY-SFT-Qwen3-1P7B-COLDSTART-FRAC50-CODE-KODCODE-CTX8K-S1-BETA0-V1_1783435522,50%,50,beta=0.0,beta0,73,Response length mean,response_length/mean,166.705078125
ONPOLICY-SFT-Qwen3-1P7B-COLDSTART-FRAC50-CODE-KODCODE-CTX8K-S1-BETA0-V1_1783435522,50%,50,beta=0.0,beta0,73,Time per step,perf/time_per_step,41.18352521210909
ONPOLICY-SFT-Qwen3-1P7B-COLDSTART-FRAC50-CODE-KODCODE-CTX8K-S1-BETA0-V1_1783435522,50%,50,beta=0.0,beta0,74,Rollout correct ratio,wdl_sft/correct_ratio,0.32421875
ONPOLICY-SFT-Qwen3-1P7B-COLDSTART-FRAC50-CODE-KODCODE-CTX8K-S1-BETA0-V1_1783435522,50%,50,beta=0.0,beta0,74,Gradient norm,actor/grad_norm,10.55527400970459
ONPOLICY-SFT-Qwen3-1P7B-COLDSTART-FRAC50-CODE-KODCODE-CTX8K-S1-BETA0-V1_1783435522,50%,50,beta=0.0,beta0,74,Train score mean,critic/score/mean,-0.3515625
ONPOLICY-SFT-Qwen3-1P7B-COLDSTART-FRAC50-CODE-KODCODE-CTX8K-S1-BETA0-V1_1783435522,50%,50,beta=0.0,beta0,74,Response length mean,response_length/mean,167.27734375
ONPOLICY-SFT-Qwen3-1P7B-COLDSTART-FRAC50-CODE-KODCODE-CTX8K-S1-BETA0-V1_1783435522,50%,50,beta=0.0,beta0,74,Time per step,perf/time_per_step,65.803699972108
ONPOLICY-SFT-Qwen3-1P7B-COLDSTART-FRAC50-CODE-KODCODE-CTX8K-S1-BETA0-V1_1783435522,50%,50,beta=0.0,beta0,75,HumanEval+ pass@1,val-core/HumanEval+/acc/pass@1,0.4695121951219512
ONPOLICY-SFT-Qwen3-1P7B-COLDSTART-FRAC50-CODE-KODCODE-CTX8K-S1-BETA0-V1_1783435522,50%,50,beta=0.0,beta0,75,MBPP+ pass@1,val-core/MBPP+/acc/pass@1,0.5370370370370371
ONPOLICY-SFT-Qwen3-1P7B-COLDSTART-FRAC50-CODE-KODCODE-CTX8K-S1-BETA0-V1_1783435522,50%,50,beta=0.0,beta0,75,LiveCodeBench pass@1,val-core/LiveCodeBench/acc/pass@1,0.21875
ONPOLICY-SFT-Qwen3-1P7B-COLDSTART-FRAC50-CODE-KODCODE-CTX8K-S1-BETA0-V1_1783435522,50%,50,beta=0.0,beta0,75,HumanEval+ extract fail,val-aux/HumanEval+/code_reward_extraction_fail/mean@1,0.018292682926829267
ONPOLICY-SFT-Qwen3-1P7B-COLDSTART-FRAC50-CODE-KODCODE-CTX8K-S1-BETA0-V1_1783435522,50%,50,beta=0.0,beta0,75,MBPP+ extract fail,val-aux/MBPP+/code_reward_extraction_fail/mean@1,0.0
ONPOLICY-SFT-Qwen3-1P7B-COLDSTART-FRAC50-CODE-KODCODE-CTX8K-S1-BETA0-V1_1783435522,50%,50,beta=0.0,beta0,75,LiveCodeBench extract fail,val-aux/LiveCodeBench/code_reward_extraction_fail/mean@1,0.015625
ONPOLICY-SFT-Qwen3-1P7B-COLDSTART-FRAC50-CODE-KODCODE-CTX8K-S1-BETA0-V1_1783435522,50%,50,beta=0.0,beta0,75,Rollout correct ratio,wdl_sft/correct_ratio,0.474609375
ONPOLICY-SFT-Qwen3-1P7B-COLDSTART-FRAC50-CODE-KODCODE-CTX8K-S1-BETA0-V1_1783435522,50%,50,beta=0.0,beta0,75,Gradient norm,actor/grad_norm,8.082365036010742
ONPOLICY-SFT-Qwen3-1P7B-COLDSTART-FRAC50-CODE-KODCODE-CTX8K-S1-BETA0-V1_1783435522,50%,50,beta=0.0,beta0,75,Train score mean,critic/score/mean,-0.05078125
ONPOLICY-SFT-Qwen3-1P7B-COLDSTART-FRAC50-CODE-KODCODE-CTX8K-S1-BETA0-V1_1783435522,50%,50,beta=0.0,beta0,75,Response length mean,response_length/mean,158.513671875
ONPOLICY-SFT-Qwen3-1P7B-COLDSTART-FRAC50-CODE-KODCODE-CTX8K-S1-BETA0-V1_1783435522,50%,50,beta=0.0,beta0,75,Time per step,perf/time_per_step,21.830109261907637
ONPOLICY-SFT-Qwen3-1P7B-COLDSTART-FRAC50-CODE-KODCODE-CTX8K-S1-BETA0-V1_1783435522,50%,50,beta=0.0,beta0,76,Rollout correct ratio,wdl_sft/correct_ratio,0.48828125
ONPOLICY-SFT-Qwen3-1P7B-COLDSTART-FRAC50-CODE-KODCODE-CTX8K-S1-BETA0-V1_1783435522,50%,50,beta=0.0,beta0,76,Gradient norm,actor/grad_norm,8.688179969787598
ONPOLICY-SFT-Qwen3-1P7B-COLDSTART-FRAC50-CODE-KODCODE-CTX8K-S1-BETA0-V1_1783435522,50%,50,beta=0.0,beta0,76,Train score mean,critic/score/mean,-0.0234375
ONPOLICY-SFT-Qwen3-1P7B-COLDSTART-FRAC50-CODE-KODCODE-CTX8K-S1-BETA0-V1_1783435522,50%,50,beta=0.0,beta0,76,Response length mean,response_length/mean,163.333984375
ONPOLICY-SFT-Qwen3-1P7B-COLDSTART-FRAC50-CODE-KODCODE-CTX8K-S1-BETA0-V1_1783435522,50%,50,beta=0.0,beta0,76,Time per step,perf/time_per_step,42.114459418691695
ONPOLICY-SFT-Qwen3-1P7B-COLDSTART-FRAC50-CODE-KODCODE-CTX8K-S1-BETA0-V1_1783435522,50%,50,beta=0.0,beta0,77,Rollout correct ratio,wdl_sft/correct_ratio,0.4609375
ONPOLICY-SFT-Qwen3-1P7B-COLDSTART-FRAC50-CODE-KODCODE-CTX8K-S1-BETA0-V1_1783435522,50%,50,beta=0.0,beta0,77,Gradient norm,actor/grad_norm,8.76064395904541
ONPOLICY-SFT-Qwen3-1P7B-COLDSTART-FRAC50-CODE-KODCODE-CTX8K-S1-BETA0-V1_1783435522,50%,50,beta=0.0,beta0,77,Train score mean,critic/score/mean,-0.078125
ONPOLICY-SFT-Qwen3-1P7B-COLDSTART-FRAC50-CODE-KODCODE-CTX8K-S1-BETA0-V1_1783435522,50%,50,beta=0.0,beta0,77,Response length mean,response_length/mean,152.634765625
ONPOLICY-SFT-Qwen3-1P7B-COLDSTART-FRAC50-CODE-KODCODE-CTX8K-S1-BETA0-V1_1783435522,50%,50,beta=0.0,beta0,77,Time per step,perf/time_per_step,43.04610361903906
ONPOLICY-SFT-Qwen3-1P7B-COLDSTART-FRAC50-CODE-KODCODE-CTX8K-S1-BETA0-V1_1783435522,50%,50,beta=0.0,beta0,78,Rollout correct ratio,wdl_sft/correct_ratio,0.384765625
ONPOLICY-SFT-Qwen3-1P7B-COLDSTART-FRAC50-CODE-KODCODE-CTX8K-S1-BETA0-V1_1783435522,50%,50,beta=0.0,beta0,78,Gradient norm,actor/grad_norm,10.039217948913574
ONPOLICY-SFT-Qwen3-1P7B-COLDSTART-FRAC50-CODE-KODCODE-CTX8K-S1-BETA0-V1_1783435522,50%,50,beta=0.0,beta0,78,Train score mean,critic/score/mean,-0.23046875
ONPOLICY-SFT-Qwen3-1P7B-COLDSTART-FRAC50-CODE-KODCODE-CTX8K-S1-BETA0-V1_1783435522,50%,50,beta=0.0,beta0,78,Response length mean,response_length/mean,163.423828125
ONPOLICY-SFT-Qwen3-1P7B-COLDSTART-FRAC50-CODE-KODCODE-CTX8K-S1-BETA0-V1_1783435522,50%,50,beta=0.0,beta0,78,Time per step,perf/time_per_step,40.0378679279238
ONPOLICY-SFT-Qwen3-1P7B-COLDSTART-FRAC50-CODE-KODCODE-CTX8K-S1-BETA0-V1_1783435522,50%,50,beta=0.0,beta0,79,Rollout correct ratio,wdl_sft/correct_ratio,0.431640625
ONPOLICY-SFT-Qwen3-1P7B-COLDSTART-FRAC50-CODE-KODCODE-CTX8K-S1-BETA0-V1_1783435522,50%,50,beta=0.0,beta0,79,Gradient norm,actor/grad_norm,9.295217514038086
ONPOLICY-SFT-Qwen3-1P7B-COLDSTART-FRAC50-CODE-KODCODE-CTX8K-S1-BETA0-V1_1783435522,50%,50,beta=0.0,beta0,79,Train score mean,critic/score/mean,-0.13671875
ONPOLICY-SFT-Qwen3-1P7B-COLDSTART-FRAC50-CODE-KODCODE-CTX8K-S1-BETA0-V1_1783435522,50%,50,beta=0.0,beta0,79,Response length mean,response_length/mean,156.04296875
ONPOLICY-SFT-Qwen3-1P7B-COLDSTART-FRAC50-CODE-KODCODE-CTX8K-S1-BETA0-V1_1783435522,50%,50,beta=0.0,beta0,79,Time per step,perf/time_per_step,43.78801606874913
ONPOLICY-SFT-Qwen3-1P7B-COLDSTART-FRAC50-CODE-KODCODE-CTX8K-S1-BETA0-V1_1783435522,50%,50,beta=0.0,beta0,80,HumanEval+ pass@1,val-core/HumanEval+/acc/pass@1,0.4878048780487805
ONPOLICY-SFT-Qwen3-1P7B-COLDSTART-FRAC50-CODE-KODCODE-CTX8K-S1-BETA0-V1_1783435522,50%,50,beta=0.0,beta0,80,MBPP+ pass@1,val-core/MBPP+/acc/pass@1,0.5476190476190477
ONPOLICY-SFT-Qwen3-1P7B-COLDSTART-FRAC50-CODE-KODCODE-CTX8K-S1-BETA0-V1_1783435522,50%,50,beta=0.0,beta0,80,LiveCodeBench pass@1,val-core/LiveCodeBench/acc/pass@1,0.203125
ONPOLICY-SFT-Qwen3-1P7B-COLDSTART-FRAC50-CODE-KODCODE-CTX8K-S1-BETA0-V1_1783435522,50%,50,beta=0.0,beta0,80,HumanEval+ extract fail,val-aux/HumanEval+/code_reward_extraction_fail/mean@1,0.006097560975609756
ONPOLICY-SFT-Qwen3-1P7B-COLDSTART-FRAC50-CODE-KODCODE-CTX8K-S1-BETA0-V1_1783435522,50%,50,beta=0.0,beta0,80,MBPP+ extract fail,val-aux/MBPP+/code_reward_extraction_fail/mean@1,0.0026455026455026454
ONPOLICY-SFT-Qwen3-1P7B-COLDSTART-FRAC50-CODE-KODCODE-CTX8K-S1-BETA0-V1_1783435522,50%,50,beta=0.0,beta0,80,LiveCodeBench extract fail,val-aux/LiveCodeBench/code_reward_extraction_fail/mean@1,0.0390625
ONPOLICY-SFT-Qwen3-1P7B-COLDSTART-FRAC50-CODE-KODCODE-CTX8K-S1-BETA0-V1_1783435522,50%,50,beta=0.0,beta0,80,Rollout correct ratio,wdl_sft/correct_ratio,0.46484375
ONPOLICY-SFT-Qwen3-1P7B-COLDSTART-FRAC50-CODE-KODCODE-CTX8K-S1-BETA0-V1_1783435522,50%,50,beta=0.0,beta0,80,Gradient norm,actor/grad_norm,8.470612525939941
ONPOLICY-SFT-Qwen3-1P7B-COLDSTART-FRAC50-CODE-KODCODE-CTX8K-S1-BETA0-V1_1783435522,50%,50,beta=0.0,beta0,80,Train score mean,critic/score/mean,-0.0703125
ONPOLICY-SFT-Qwen3-1P7B-COLDSTART-FRAC50-CODE-KODCODE-CTX8K-S1-BETA0-V1_1783435522,50%,50,beta=0.0,beta0,80,Response length mean,response_length/mean,165.373046875
ONPOLICY-SFT-Qwen3-1P7B-COLDSTART-FRAC50-CODE-KODCODE-CTX8K-S1-BETA0-V1_1783435522,50%,50,beta=0.0,beta0,80,Time per step,perf/time_per_step,46.30160598922521
ONPOLICY-SFT-Qwen3-1P7B-COLDSTART-FRAC50-CODE-KODCODE-CTX8K-S1-BETA0-V1_1783435522,50%,50,beta=0.0,beta0,81,Rollout correct ratio,wdl_sft/correct_ratio,0.373046875
ONPOLICY-SFT-Qwen3-1P7B-COLDSTART-FRAC50-CODE-KODCODE-CTX8K-S1-BETA0-V1_1783435522,50%,50,beta=0.0,beta0,81,Gradient norm,actor/grad_norm,9.792095184326172
ONPOLICY-SFT-Qwen3-1P7B-COLDSTART-FRAC50-CODE-KODCODE-CTX8K-S1-BETA0-V1_1783435522,50%,50,beta=0.0,beta0,81,Train score mean,critic/score/mean,-0.25390625
ONPOLICY-SFT-Qwen3-1P7B-COLDSTART-FRAC50-CODE-KODCODE-CTX8K-S1-BETA0-V1_1783435522,50%,50,beta=0.0,beta0,81,Response length mean,response_length/mean,152.556640625
ONPOLICY-SFT-Qwen3-1P7B-COLDSTART-FRAC50-CODE-KODCODE-CTX8K-S1-BETA0-V1_1783435522,50%,50,beta=0.0,beta0,81,Time per step,perf/time_per_step,42.11637944448739
ONPOLICY-SFT-Qwen3-1P7B-COLDSTART-FRAC50-CODE-KODCODE-CTX8K-S1-BETA0-V1_1783435522,50%,50,beta=0.0,beta0,82,Rollout correct ratio,wdl_sft/correct_ratio,0.3359375
ONPOLICY-SFT-Qwen3-1P7B-COLDSTART-FRAC50-CODE-KODCODE-CTX8K-S1-BETA0-V1_1783435522,50%,50,beta=0.0,beta0,82,Gradient norm,actor/grad_norm,10.113194465637207
ONPOLICY-SFT-Qwen3-1P7B-COLDSTART-FRAC50-CODE-KODCODE-CTX8K-S1-BETA0-V1_1783435522,50%,50,beta=0.0,beta0,82,Train score mean,critic/score/mean,-0.328125
ONPOLICY-SFT-Qwen3-1P7B-COLDSTART-FRAC50-CODE-KODCODE-CTX8K-S1-BETA0-V1_1783435522,50%,50,beta=0.0,beta0,82,Response length mean,response_length/mean,166.0859375
ONPOLICY-SFT-Qwen3-1P7B-COLDSTART-FRAC50-CODE-KODCODE-CTX8K-S1-BETA0-V1_1783435522,50%,50,beta=0.0,beta0,82,Time per step,perf/time_per_step,42.25001357123256
ONPOLICY-SFT-Qwen3-1P7B-COLDSTART-FRAC50-CODE-KODCODE-CTX8K-S1-BETA0-V1_1783435522,50%,50,beta=0.0,beta0,83,Rollout correct ratio,wdl_sft/correct_ratio,0.35546875
ONPOLICY-SFT-Qwen3-1P7B-COLDSTART-FRAC50-CODE-KODCODE-CTX8K-S1-BETA0-V1_1783435522,50%,50,beta=0.0,beta0,83,Gradient norm,actor/grad_norm,11.016656875610352
ONPOLICY-SFT-Qwen3-1P7B-COLDSTART-FRAC50-CODE-KODCODE-CTX8K-S1-BETA0-V1_1783435522,50%,50,beta=0.0,beta0,83,Train score mean,critic/score/mean,-0.2890625
ONPOLICY-SFT-Qwen3-1P7B-COLDSTART-FRAC50-CODE-KODCODE-CTX8K-S1-BETA0-V1_1783435522,50%,50,beta=0.0,beta0,83,Response length mean,response_length/mean,169.845703125
ONPOLICY-SFT-Qwen3-1P7B-COLDSTART-FRAC50-CODE-KODCODE-CTX8K-S1-BETA0-V1_1783435522,50%,50,beta=0.0,beta0,83,Time per step,perf/time_per_step,43.39056882634759
ONPOLICY-SFT-Qwen3-1P7B-COLDSTART-FRAC50-CODE-KODCODE-CTX8K-S1-BETA0-V1_1783435522,50%,50,beta=0.0,beta0,84,Rollout correct ratio,wdl_sft/correct_ratio,0.41796875
ONPOLICY-SFT-Qwen3-1P7B-COLDSTART-FRAC50-CODE-KODCODE-CTX8K-S1-BETA0-V1_1783435522,50%,50,beta=0.0,beta0,84,Gradient norm,actor/grad_norm,10.39437198638916
ONPOLICY-SFT-Qwen3-1P7B-COLDSTART-FRAC50-CODE-KODCODE-CTX8K-S1-BETA0-V1_1783435522,50%,50,beta=0.0,beta0,84,Train score mean,critic/score/mean,-0.1640625
ONPOLICY-SFT-Qwen3-1P7B-COLDSTART-FRAC50-CODE-KODCODE-CTX8K-S1-BETA0-V1_1783435522,50%,50,beta=0.0,beta0,84,Response length mean,response_length/mean,167.171875
ONPOLICY-SFT-Qwen3-1P7B-COLDSTART-FRAC50-CODE-KODCODE-CTX8K-S1-BETA0-V1_1783435522,50%,50,beta=0.0,beta0,84,Time per step,perf/time_per_step,41.486402868293226
ONPOLICY-SFT-Qwen3-1P7B-COLDSTART-FRAC50-CODE-KODCODE-CTX8K-S1-BETA0-V1_1783435522,50%,50,beta=0.0,beta0,85,HumanEval+ pass@1,val-core/HumanEval+/acc/pass@1,0.5365853658536586
ONPOLICY-SFT-Qwen3-1P7B-COLDSTART-FRAC50-CODE-KODCODE-CTX8K-S1-BETA0-V1_1783435522,50%,50,beta=0.0,beta0,85,MBPP+ pass@1,val-core/MBPP+/acc/pass@1,0.544973544973545
ONPOLICY-SFT-Qwen3-1P7B-COLDSTART-FRAC50-CODE-KODCODE-CTX8K-S1-BETA0-V1_1783435522,50%,50,beta=0.0,beta0,85,LiveCodeBench pass@1,val-core/LiveCodeBench/acc/pass@1,0.2109375
ONPOLICY-SFT-Qwen3-1P7B-COLDSTART-FRAC50-CODE-KODCODE-CTX8K-S1-BETA0-V1_1783435522,50%,50,beta=0.0,beta0,85,HumanEval+ extract fail,val-aux/HumanEval+/code_reward_extraction_fail/mean@1,0.006097560975609756
ONPOLICY-SFT-Qwen3-1P7B-COLDSTART-FRAC50-CODE-KODCODE-CTX8K-S1-BETA0-V1_1783435522,50%,50,beta=0.0,beta0,85,MBPP+ extract fail,val-aux/MBPP+/code_reward_extraction_fail/mean@1,0.005291005291005291
ONPOLICY-SFT-Qwen3-1P7B-COLDSTART-FRAC50-CODE-KODCODE-CTX8K-S1-BETA0-V1_1783435522,50%,50,beta=0.0,beta0,85,LiveCodeBench extract fail,val-aux/LiveCodeBench/code_reward_extraction_fail/mean@1,0.015625
ONPOLICY-SFT-Qwen3-1P7B-COLDSTART-FRAC50-CODE-KODCODE-CTX8K-S1-BETA0-V1_1783435522,50%,50,beta=0.0,beta0,85,Rollout correct ratio,wdl_sft/correct_ratio,0.44921875
ONPOLICY-SFT-Qwen3-1P7B-COLDSTART-FRAC50-CODE-KODCODE-CTX8K-S1-BETA0-V1_1783435522,50%,50,beta=0.0,beta0,85,Gradient norm,actor/grad_norm,8.34634017944336
ONPOLICY-SFT-Qwen3-1P7B-COLDSTART-FRAC50-CODE-KODCODE-CTX8K-S1-BETA0-V1_1783435522,50%,50,beta=0.0,beta0,85,Train score mean,critic/score/mean,-0.1015625
ONPOLICY-SFT-Qwen3-1P7B-COLDSTART-FRAC50-CODE-KODCODE-CTX8K-S1-BETA0-V1_1783435522,50%,50,beta=0.0,beta0,85,Response length mean,response_length/mean,164.50390625
ONPOLICY-SFT-Qwen3-1P7B-COLDSTART-FRAC50-CODE-KODCODE-CTX8K-S1-BETA0-V1_1783435522,50%,50,beta=0.0,beta0,85,Time per step,perf/time_per_step,47.1062899986282
ONPOLICY-SFT-Qwen3-1P7B-COLDSTART-FRAC50-CODE-KODCODE-CTX8K-S1-BETA0-V1_1783435522,50%,50,beta=0.0,beta0,86,Rollout correct ratio,wdl_sft/correct_ratio,0.302734375
ONPOLICY-SFT-Qwen3-1P7B-COLDSTART-FRAC50-CODE-KODCODE-CTX8K-S1-BETA0-V1_1783435522,50%,50,beta=0.0,beta0,86,Gradient norm,actor/grad_norm,10.262170791625977
ONPOLICY-SFT-Qwen3-1P7B-COLDSTART-FRAC50-CODE-KODCODE-CTX8K-S1-BETA0-V1_1783435522,50%,50,beta=0.0,beta0,86,Train score mean,critic/score/mean,-0.39453125
ONPOLICY-SFT-Qwen3-1P7B-COLDSTART-FRAC50-CODE-KODCODE-CTX8K-S1-BETA0-V1_1783435522,50%,50,beta=0.0,beta0,86,Response length mean,response_length/mean,162.57421875
ONPOLICY-SFT-Qwen3-1P7B-COLDSTART-FRAC50-CODE-KODCODE-CTX8K-S1-BETA0-V1_1783435522,50%,50,beta=0.0,beta0,86,Time per step,perf/time_per_step,44.291672454215586
ONPOLICY-SFT-Qwen3-1P7B-COLDSTART-FRAC50-CODE-KODCODE-CTX8K-S1-BETA0-V1_1783435522,50%,50,beta=0.0,beta0,87,Rollout correct ratio,wdl_sft/correct_ratio,0.361328125
ONPOLICY-SFT-Qwen3-1P7B-COLDSTART-FRAC50-CODE-KODCODE-CTX8K-S1-BETA0-V1_1783435522,50%,50,beta=0.0,beta0,87,Gradient norm,actor/grad_norm,8.639646530151367
ONPOLICY-SFT-Qwen3-1P7B-COLDSTART-FRAC50-CODE-KODCODE-CTX8K-S1-BETA0-V1_1783435522,50%,50,beta=0.0,beta0,87,Train score mean,critic/score/mean,-0.27734375
ONPOLICY-SFT-Qwen3-1P7B-COLDSTART-FRAC50-CODE-KODCODE-CTX8K-S1-BETA0-V1_1783435522,50%,50,beta=0.0,beta0,87,Response length mean,response_length/mean,148.169921875
ONPOLICY-SFT-Qwen3-1P7B-COLDSTART-FRAC50-CODE-KODCODE-CTX8K-S1-BETA0-V1_1783435522,50%,50,beta=0.0,beta0,87,Time per step,perf/time_per_step,41.602835045196116
ONPOLICY-SFT-Qwen3-1P7B-COLDSTART-FRAC50-CODE-KODCODE-CTX8K-S1-BETA0-V1_1783435522,50%,50,beta=0.0,beta0,88,Rollout correct ratio,wdl_sft/correct_ratio,0.314453125
ONPOLICY-SFT-Qwen3-1P7B-COLDSTART-FRAC50-CODE-KODCODE-CTX8K-S1-BETA0-V1_1783435522,50%,50,beta=0.0,beta0,88,Gradient norm,actor/grad_norm,11.786272048950195
ONPOLICY-SFT-Qwen3-1P7B-COLDSTART-FRAC50-CODE-KODCODE-CTX8K-S1-BETA0-V1_1783435522,50%,50,beta=0.0,beta0,88,Train score mean,critic/score/mean,-0.37109375
ONPOLICY-SFT-Qwen3-1P7B-COLDSTART-FRAC50-CODE-KODCODE-CTX8K-S1-BETA0-V1_1783435522,50%,50,beta=0.0,beta0,88,Response length mean,response_length/mean,164.23828125
ONPOLICY-SFT-Qwen3-1P7B-COLDSTART-FRAC50-CODE-KODCODE-CTX8K-S1-BETA0-V1_1783435522,50%,50,beta=0.0,beta0,88,Time per step,perf/time_per_step,40.074596050195396
ONPOLICY-SFT-Qwen3-1P7B-COLDSTART-FRAC50-CODE-KODCODE-CTX8K-S1-BETA0-V1_1783435522,50%,50,beta=0.0,beta0,89,Rollout correct ratio,wdl_sft/correct_ratio,0.533203125
ONPOLICY-SFT-Qwen3-1P7B-COLDSTART-FRAC50-CODE-KODCODE-CTX8K-S1-BETA0-V1_1783435522,50%,50,beta=0.0,beta0,89,Gradient norm,actor/grad_norm,7.00279426574707
ONPOLICY-SFT-Qwen3-1P7B-COLDSTART-FRAC50-CODE-KODCODE-CTX8K-S1-BETA0-V1_1783435522,50%,50,beta=0.0,beta0,89,Train score mean,critic/score/mean,0.06640625
ONPOLICY-SFT-Qwen3-1P7B-COLDSTART-FRAC50-CODE-KODCODE-CTX8K-S1-BETA0-V1_1783435522,50%,50,beta=0.0,beta0,89,Response length mean,response_length/mean,152.0234375
ONPOLICY-SFT-Qwen3-1P7B-COLDSTART-FRAC50-CODE-KODCODE-CTX8K-S1-BETA0-V1_1783435522,50%,50,beta=0.0,beta0,89,Time per step,perf/time_per_step,39.847616758197546
ONPOLICY-SFT-Qwen3-1P7B-COLDSTART-FRAC50-CODE-KODCODE-CTX8K-S1-BETA0-V1_1783435522,50%,50,beta=0.0,beta0,90,HumanEval+ pass@1,val-core/HumanEval+/acc/pass@1,0.5060975609756098
ONPOLICY-SFT-Qwen3-1P7B-COLDSTART-FRAC50-CODE-KODCODE-CTX8K-S1-BETA0-V1_1783435522,50%,50,beta=0.0,beta0,90,MBPP+ pass@1,val-core/MBPP+/acc/pass@1,0.5608465608465608
ONPOLICY-SFT-Qwen3-1P7B-COLDSTART-FRAC50-CODE-KODCODE-CTX8K-S1-BETA0-V1_1783435522,50%,50,beta=0.0,beta0,90,LiveCodeBench pass@1,val-core/LiveCodeBench/acc/pass@1,0.2109375
ONPOLICY-SFT-Qwen3-1P7B-COLDSTART-FRAC50-CODE-KODCODE-CTX8K-S1-BETA0-V1_1783435522,50%,50,beta=0.0,beta0,90,HumanEval+ extract fail,val-aux/HumanEval+/code_reward_extraction_fail/mean@1,0.006097560975609756
ONPOLICY-SFT-Qwen3-1P7B-COLDSTART-FRAC50-CODE-KODCODE-CTX8K-S1-BETA0-V1_1783435522,50%,50,beta=0.0,beta0,90,MBPP+ extract fail,val-aux/MBPP+/code_reward_extraction_fail/mean@1,0.0026455026455026454
ONPOLICY-SFT-Qwen3-1P7B-COLDSTART-FRAC50-CODE-KODCODE-CTX8K-S1-BETA0-V1_1783435522,50%,50,beta=0.0,beta0,90,LiveCodeBench extract fail,val-aux/LiveCodeBench/code_reward_extraction_fail/mean@1,0.0546875
ONPOLICY-SFT-Qwen3-1P7B-COLDSTART-FRAC50-CODE-KODCODE-CTX8K-S1-BETA0-V1_1783435522,50%,50,beta=0.0,beta0,90,Rollout correct ratio,wdl_sft/correct_ratio,0.33203125
ONPOLICY-SFT-Qwen3-1P7B-COLDSTART-FRAC50-CODE-KODCODE-CTX8K-S1-BETA0-V1_1783435522,50%,50,beta=0.0,beta0,90,Gradient norm,actor/grad_norm,11.253973960876465
ONPOLICY-SFT-Qwen3-1P7B-COLDSTART-FRAC50-CODE-KODCODE-CTX8K-S1-BETA0-V1_1783435522,50%,50,beta=0.0,beta0,90,Train score mean,critic/score/mean,-0.3359375
ONPOLICY-SFT-Qwen3-1P7B-COLDSTART-FRAC50-CODE-KODCODE-CTX8K-S1-BETA0-V1_1783435522,50%,50,beta=0.0,beta0,90,Response length mean,response_length/mean,164.947265625
ONPOLICY-SFT-Qwen3-1P7B-COLDSTART-FRAC50-CODE-KODCODE-CTX8K-S1-BETA0-V1_1783435522,50%,50,beta=0.0,beta0,90,Time per step,perf/time_per_step,46.24648239091039
ONPOLICY-SFT-Qwen3-1P7B-COLDSTART-FRAC50-CODE-KODCODE-CTX8K-S1-BETA0-V1_1783435522,50%,50,beta=0.0,beta0,91,Rollout correct ratio,wdl_sft/correct_ratio,0.525390625
ONPOLICY-SFT-Qwen3-1P7B-COLDSTART-FRAC50-CODE-KODCODE-CTX8K-S1-BETA0-V1_1783435522,50%,50,beta=0.0,beta0,91,Gradient norm,actor/grad_norm,6.978743553161621
ONPOLICY-SFT-Qwen3-1P7B-COLDSTART-FRAC50-CODE-KODCODE-CTX8K-S1-BETA0-V1_1783435522,50%,50,beta=0.0,beta0,91,Train score mean,critic/score/mean,0.05078125
ONPOLICY-SFT-Qwen3-1P7B-COLDSTART-FRAC50-CODE-KODCODE-CTX8K-S1-BETA0-V1_1783435522,50%,50,beta=0.0,beta0,91,Response length mean,response_length/mean,134.52734375
ONPOLICY-SFT-Qwen3-1P7B-COLDSTART-FRAC50-CODE-KODCODE-CTX8K-S1-BETA0-V1_1783435522,50%,50,beta=0.0,beta0,91,Time per step,perf/time_per_step,41.1529649309814
ONPOLICY-SFT-Qwen3-1P7B-COLDSTART-FRAC50-CODE-KODCODE-CTX8K-S1-BETA0-V1_1783435522,50%,50,beta=0.0,beta0,92,Rollout correct ratio,wdl_sft/correct_ratio,0.44140625
ONPOLICY-SFT-Qwen3-1P7B-COLDSTART-FRAC50-CODE-KODCODE-CTX8K-S1-BETA0-V1_1783435522,50%,50,beta=0.0,beta0,92,Gradient norm,actor/grad_norm,8.711572647094727
ONPOLICY-SFT-Qwen3-1P7B-COLDSTART-FRAC50-CODE-KODCODE-CTX8K-S1-BETA0-V1_1783435522,50%,50,beta=0.0,beta0,92,Train score mean,critic/score/mean,-0.1171875
ONPOLICY-SFT-Qwen3-1P7B-COLDSTART-FRAC50-CODE-KODCODE-CTX8K-S1-BETA0-V1_1783435522,50%,50,beta=0.0,beta0,92,Response length mean,response_length/mean,162.5703125
ONPOLICY-SFT-Qwen3-1P7B-COLDSTART-FRAC50-CODE-KODCODE-CTX8K-S1-BETA0-V1_1783435522,50%,50,beta=0.0,beta0,92,Time per step,perf/time_per_step,40.77769760135561
ONPOLICY-SFT-Qwen3-1P7B-COLDSTART-FRAC50-CODE-KODCODE-CTX8K-S1-BETA0-V1_1783435522,50%,50,beta=0.0,beta0,93,Rollout correct ratio,wdl_sft/correct_ratio,0.4140625
ONPOLICY-SFT-Qwen3-1P7B-COLDSTART-FRAC50-CODE-KODCODE-CTX8K-S1-BETA0-V1_1783435522,50%,50,beta=0.0,beta0,93,Gradient norm,actor/grad_norm,9.583375930786133
ONPOLICY-SFT-Qwen3-1P7B-COLDSTART-FRAC50-CODE-KODCODE-CTX8K-S1-BETA0-V1_1783435522,50%,50,beta=0.0,beta0,93,Train score mean,critic/score/mean,-0.171875
ONPOLICY-SFT-Qwen3-1P7B-COLDSTART-FRAC50-CODE-KODCODE-CTX8K-S1-BETA0-V1_1783435522,50%,50,beta=0.0,beta0,93,Response length mean,response_length/mean,162.755859375
ONPOLICY-SFT-Qwen3-1P7B-COLDSTART-FRAC50-CODE-KODCODE-CTX8K-S1-BETA0-V1_1783435522,50%,50,beta=0.0,beta0,93,Time per step,perf/time_per_step,43.35510635282844
ONPOLICY-SFT-Qwen3-1P7B-COLDSTART-FRAC50-CODE-KODCODE-CTX8K-S1-BETA0-V1_1783435522,50%,50,beta=0.0,beta0,94,Rollout correct ratio,wdl_sft/correct_ratio,0.3828125
ONPOLICY-SFT-Qwen3-1P7B-COLDSTART-FRAC50-CODE-KODCODE-CTX8K-S1-BETA0-V1_1783435522,50%,50,beta=0.0,beta0,94,Gradient norm,actor/grad_norm,9.916030883789062
ONPOLICY-SFT-Qwen3-1P7B-COLDSTART-FRAC50-CODE-KODCODE-CTX8K-S1-BETA0-V1_1783435522,50%,50,beta=0.0,beta0,94,Train score mean,critic/score/mean,-0.234375
ONPOLICY-SFT-Qwen3-1P7B-COLDSTART-FRAC50-CODE-KODCODE-CTX8K-S1-BETA0-V1_1783435522,50%,50,beta=0.0,beta0,94,Response length mean,response_length/mean,168.72265625
ONPOLICY-SFT-Qwen3-1P7B-COLDSTART-FRAC50-CODE-KODCODE-CTX8K-S1-BETA0-V1_1783435522,50%,50,beta=0.0,beta0,94,Time per step,perf/time_per_step,41.81067004520446
ONPOLICY-SFT-Qwen3-1P7B-COLDSTART-FRAC50-CODE-KODCODE-CTX8K-S1-BETA0-V1_1783435522,50%,50,beta=0.0,beta0,95,HumanEval+ pass@1,val-core/HumanEval+/acc/pass@1,0.5060975609756098
ONPOLICY-SFT-Qwen3-1P7B-COLDSTART-FRAC50-CODE-KODCODE-CTX8K-S1-BETA0-V1_1783435522,50%,50,beta=0.0,beta0,95,MBPP+ pass@1,val-core/MBPP+/acc/pass@1,0.5317460317460317
ONPOLICY-SFT-Qwen3-1P7B-COLDSTART-FRAC50-CODE-KODCODE-CTX8K-S1-BETA0-V1_1783435522,50%,50,beta=0.0,beta0,95,LiveCodeBench pass@1,val-core/LiveCodeBench/acc/pass@1,0.2109375
ONPOLICY-SFT-Qwen3-1P7B-COLDSTART-FRAC50-CODE-KODCODE-CTX8K-S1-BETA0-V1_1783435522,50%,50,beta=0.0,beta0,95,HumanEval+ extract fail,val-aux/HumanEval+/code_reward_extraction_fail/mean@1,0.006097560975609756
ONPOLICY-SFT-Qwen3-1P7B-COLDSTART-FRAC50-CODE-KODCODE-CTX8K-S1-BETA0-V1_1783435522,50%,50,beta=0.0,beta0,95,MBPP+ extract fail,val-aux/MBPP+/code_reward_extraction_fail/mean@1,0.0026455026455026454
ONPOLICY-SFT-Qwen3-1P7B-COLDSTART-FRAC50-CODE-KODCODE-CTX8K-S1-BETA0-V1_1783435522,50%,50,beta=0.0,beta0,95,LiveCodeBench extract fail,val-aux/LiveCodeBench/code_reward_extraction_fail/mean@1,0.03125
ONPOLICY-SFT-Qwen3-1P7B-COLDSTART-FRAC50-CODE-KODCODE-CTX8K-S1-BETA0-V1_1783435522,50%,50,beta=0.0,beta0,95,Rollout correct ratio,wdl_sft/correct_ratio,0.46875
ONPOLICY-SFT-Qwen3-1P7B-COLDSTART-FRAC50-CODE-KODCODE-CTX8K-S1-BETA0-V1_1783435522,50%,50,beta=0.0,beta0,95,Gradient norm,actor/grad_norm,8.590850830078125
ONPOLICY-SFT-Qwen3-1P7B-COLDSTART-FRAC50-CODE-KODCODE-CTX8K-S1-BETA0-V1_1783435522,50%,50,beta=0.0,beta0,95,Train score mean,critic/score/mean,-0.0625
ONPOLICY-SFT-Qwen3-1P7B-COLDSTART-FRAC50-CODE-KODCODE-CTX8K-S1-BETA0-V1_1783435522,50%,50,beta=0.0,beta0,95,Response length mean,response_length/mean,155.966796875
ONPOLICY-SFT-Qwen3-1P7B-COLDSTART-FRAC50-CODE-KODCODE-CTX8K-S1-BETA0-V1_1783435522,50%,50,beta=0.0,beta0,95,Time per step,perf/time_per_step,46.70618691109121
ONPOLICY-SFT-Qwen3-1P7B-COLDSTART-FRAC50-CODE-KODCODE-CTX8K-S1-BETA0-V1_1783435522,50%,50,beta=0.0,beta0,96,Rollout correct ratio,wdl_sft/correct_ratio,0.33203125
ONPOLICY-SFT-Qwen3-1P7B-COLDSTART-FRAC50-CODE-KODCODE-CTX8K-S1-BETA0-V1_1783435522,50%,50,beta=0.0,beta0,96,Gradient norm,actor/grad_norm,10.426362991333008
ONPOLICY-SFT-Qwen3-1P7B-COLDSTART-FRAC50-CODE-KODCODE-CTX8K-S1-BETA0-V1_1783435522,50%,50,beta=0.0,beta0,96,Train score mean,critic/score/mean,-0.3359375
ONPOLICY-SFT-Qwen3-1P7B-COLDSTART-FRAC50-CODE-KODCODE-CTX8K-S1-BETA0-V1_1783435522,50%,50,beta=0.0,beta0,96,Response length mean,response_length/mean,166.92578125
ONPOLICY-SFT-Qwen3-1P7B-COLDSTART-FRAC50-CODE-KODCODE-CTX8K-S1-BETA0-V1_1783435522,50%,50,beta=0.0,beta0,96,Time per step,perf/time_per_step,42.97219885699451
ONPOLICY-SFT-Qwen3-1P7B-COLDSTART-FRAC50-CODE-KODCODE-CTX8K-S1-BETA0-V1_1783435522,50%,50,beta=0.0,beta0,97,Rollout correct ratio,wdl_sft/correct_ratio,0.43359375
ONPOLICY-SFT-Qwen3-1P7B-COLDSTART-FRAC50-CODE-KODCODE-CTX8K-S1-BETA0-V1_1783435522,50%,50,beta=0.0,beta0,97,Gradient norm,actor/grad_norm,8.34643840789795
ONPOLICY-SFT-Qwen3-1P7B-COLDSTART-FRAC50-CODE-KODCODE-CTX8K-S1-BETA0-V1_1783435522,50%,50,beta=0.0,beta0,97,Train score mean,critic/score/mean,-0.1328125
ONPOLICY-SFT-Qwen3-1P7B-COLDSTART-FRAC50-CODE-KODCODE-CTX8K-S1-BETA0-V1_1783435522,50%,50,beta=0.0,beta0,97,Response length mean,response_length/mean,156.603515625
ONPOLICY-SFT-Qwen3-1P7B-COLDSTART-FRAC50-CODE-KODCODE-CTX8K-S1-BETA0-V1_1783435522,50%,50,beta=0.0,beta0,97,Time per step,perf/time_per_step,40.975291173905134
ONPOLICY-SFT-Qwen3-1P7B-COLDSTART-FRAC50-CODE-KODCODE-CTX8K-S1-BETA0-V1_1783435522,50%,50,beta=0.0,beta0,98,Rollout correct ratio,wdl_sft/correct_ratio,0.32421875
ONPOLICY-SFT-Qwen3-1P7B-COLDSTART-FRAC50-CODE-KODCODE-CTX8K-S1-BETA0-V1_1783435522,50%,50,beta=0.0,beta0,98,Gradient norm,actor/grad_norm,11.67099666595459
ONPOLICY-SFT-Qwen3-1P7B-COLDSTART-FRAC50-CODE-KODCODE-CTX8K-S1-BETA0-V1_1783435522,50%,50,beta=0.0,beta0,98,Train score mean,critic/score/mean,-0.3515625
ONPOLICY-SFT-Qwen3-1P7B-COLDSTART-FRAC50-CODE-KODCODE-CTX8K-S1-BETA0-V1_1783435522,50%,50,beta=0.0,beta0,98,Response length mean,response_length/mean,174.03125
ONPOLICY-SFT-Qwen3-1P7B-COLDSTART-FRAC50-CODE-KODCODE-CTX8K-S1-BETA0-V1_1783435522,50%,50,beta=0.0,beta0,98,Time per step,perf/time_per_step,47.07074354682118
ONPOLICY-SFT-Qwen3-1P7B-COLDSTART-FRAC50-CODE-KODCODE-CTX8K-S1-BETA0-V1_1783435522,50%,50,beta=0.0,beta0,99,Rollout correct ratio,wdl_sft/correct_ratio,0.37109375
ONPOLICY-SFT-Qwen3-1P7B-COLDSTART-FRAC50-CODE-KODCODE-CTX8K-S1-BETA0-V1_1783435522,50%,50,beta=0.0,beta0,99,Gradient norm,actor/grad_norm,9.78027629852295
ONPOLICY-SFT-Qwen3-1P7B-COLDSTART-FRAC50-CODE-KODCODE-CTX8K-S1-BETA0-V1_1783435522,50%,50,beta=0.0,beta0,99,Train score mean,critic/score/mean,-0.2578125
ONPOLICY-SFT-Qwen3-1P7B-COLDSTART-FRAC50-CODE-KODCODE-CTX8K-S1-BETA0-V1_1783435522,50%,50,beta=0.0,beta0,99,Response length mean,response_length/mean,170.451171875
ONPOLICY-SFT-Qwen3-1P7B-COLDSTART-FRAC50-CODE-KODCODE-CTX8K-S1-BETA0-V1_1783435522,50%,50,beta=0.0,beta0,99,Time per step,perf/time_per_step,42.116832649335265
ONPOLICY-SFT-Qwen3-1P7B-COLDSTART-FRAC50-CODE-KODCODE-CTX8K-S1-BETA0-V1_1783435522,50%,50,beta=0.0,beta0,100,HumanEval+ pass@1,val-core/HumanEval+/acc/pass@1,0.4878048780487805
ONPOLICY-SFT-Qwen3-1P7B-COLDSTART-FRAC50-CODE-KODCODE-CTX8K-S1-BETA0-V1_1783435522,50%,50,beta=0.0,beta0,100,MBPP+ pass@1,val-core/MBPP+/acc/pass@1,0.5502645502645502
ONPOLICY-SFT-Qwen3-1P7B-COLDSTART-FRAC50-CODE-KODCODE-CTX8K-S1-BETA0-V1_1783435522,50%,50,beta=0.0,beta0,100,LiveCodeBench pass@1,val-core/LiveCodeBench/acc/pass@1,0.203125
ONPOLICY-SFT-Qwen3-1P7B-COLDSTART-FRAC50-CODE-KODCODE-CTX8K-S1-BETA0-V1_1783435522,50%,50,beta=0.0,beta0,100,HumanEval+ extract fail,val-aux/HumanEval+/code_reward_extraction_fail/mean@1,0.0
ONPOLICY-SFT-Qwen3-1P7B-COLDSTART-FRAC50-CODE-KODCODE-CTX8K-S1-BETA0-V1_1783435522,50%,50,beta=0.0,beta0,100,MBPP+ extract fail,val-aux/MBPP+/code_reward_extraction_fail/mean@1,0.007936507936507936
ONPOLICY-SFT-Qwen3-1P7B-COLDSTART-FRAC50-CODE-KODCODE-CTX8K-S1-BETA0-V1_1783435522,50%,50,beta=0.0,beta0,100,LiveCodeBench extract fail,val-aux/LiveCodeBench/code_reward_extraction_fail/mean@1,0.03125
ONPOLICY-SFT-Qwen3-1P7B-COLDSTART-FRAC50-CODE-KODCODE-CTX8K-S1-BETA0-V1_1783435522,50%,50,beta=0.0,beta0,100,Rollout correct ratio,wdl_sft/correct_ratio,0.41015625
ONPOLICY-SFT-Qwen3-1P7B-COLDSTART-FRAC50-CODE-KODCODE-CTX8K-S1-BETA0-V1_1783435522,50%,50,beta=0.0,beta0,100,Gradient norm,actor/grad_norm,9.34178352355957
ONPOLICY-SFT-Qwen3-1P7B-COLDSTART-FRAC50-CODE-KODCODE-CTX8K-S1-BETA0-V1_1783435522,50%,50,beta=0.0,beta0,100,Train score mean,critic/score/mean,-0.1796875
ONPOLICY-SFT-Qwen3-1P7B-COLDSTART-FRAC50-CODE-KODCODE-CTX8K-S1-BETA0-V1_1783435522,50%,50,beta=0.0,beta0,100,Response length mean,response_length/mean,164.876953125
ONPOLICY-SFT-Qwen3-1P7B-COLDSTART-FRAC50-CODE-KODCODE-CTX8K-S1-BETA0-V1_1783435522,50%,50,beta=0.0,beta0,100,Time per step,perf/time_per_step,46.22023641038686
ONPOLICY-SFT-Qwen3-1P7B-COLDSTART-FRAC50-CODE-KODCODE-CTX8K-S1-BETA0-V1_1783435522,50%,50,beta=0.0,beta0,101,Rollout correct ratio,wdl_sft/correct_ratio,0.40625
ONPOLICY-SFT-Qwen3-1P7B-COLDSTART-FRAC50-CODE-KODCODE-CTX8K-S1-BETA0-V1_1783435522,50%,50,beta=0.0,beta0,101,Gradient norm,actor/grad_norm,8.870077133178711
ONPOLICY-SFT-Qwen3-1P7B-COLDSTART-FRAC50-CODE-KODCODE-CTX8K-S1-BETA0-V1_1783435522,50%,50,beta=0.0,beta0,101,Train score mean,critic/score/mean,-0.1875
ONPOLICY-SFT-Qwen3-1P7B-COLDSTART-FRAC50-CODE-KODCODE-CTX8K-S1-BETA0-V1_1783435522,50%,50,beta=0.0,beta0,101,Response length mean,response_length/mean,164.943359375
ONPOLICY-SFT-Qwen3-1P7B-COLDSTART-FRAC50-CODE-KODCODE-CTX8K-S1-BETA0-V1_1783435522,50%,50,beta=0.0,beta0,101,Time per step,perf/time_per_step,41.60080876015127
ONPOLICY-SFT-Qwen3-1P7B-COLDSTART-FRAC50-CODE-KODCODE-CTX8K-S1-BETA0-V1_1783435522,50%,50,beta=0.0,beta0,102,Rollout correct ratio,wdl_sft/correct_ratio,0.404296875
ONPOLICY-SFT-Qwen3-1P7B-COLDSTART-FRAC50-CODE-KODCODE-CTX8K-S1-BETA0-V1_1783435522,50%,50,beta=0.0,beta0,102,Gradient norm,actor/grad_norm,8.910289764404297
ONPOLICY-SFT-Qwen3-1P7B-COLDSTART-FRAC50-CODE-KODCODE-CTX8K-S1-BETA0-V1_1783435522,50%,50,beta=0.0,beta0,102,Train score mean,critic/score/mean,-0.19140625
ONPOLICY-SFT-Qwen3-1P7B-COLDSTART-FRAC50-CODE-KODCODE-CTX8K-S1-BETA0-V1_1783435522,50%,50,beta=0.0,beta0,102,Response length mean,response_length/mean,169.33984375
ONPOLICY-SFT-Qwen3-1P7B-COLDSTART-FRAC50-CODE-KODCODE-CTX8K-S1-BETA0-V1_1783435522,50%,50,beta=0.0,beta0,102,Time per step,perf/time_per_step,41.411881893873215
ONPOLICY-SFT-Qwen3-1P7B-COLDSTART-FRAC50-CODE-KODCODE-CTX8K-S1-BETA0-V1_1783435522,50%,50,beta=0.0,beta0,103,Rollout correct ratio,wdl_sft/correct_ratio,0.388671875
ONPOLICY-SFT-Qwen3-1P7B-COLDSTART-FRAC50-CODE-KODCODE-CTX8K-S1-BETA0-V1_1783435522,50%,50,beta=0.0,beta0,103,Gradient norm,actor/grad_norm,10.60781478881836
ONPOLICY-SFT-Qwen3-1P7B-COLDSTART-FRAC50-CODE-KODCODE-CTX8K-S1-BETA0-V1_1783435522,50%,50,beta=0.0,beta0,103,Train score mean,critic/score/mean,-0.22265625
ONPOLICY-SFT-Qwen3-1P7B-COLDSTART-FRAC50-CODE-KODCODE-CTX8K-S1-BETA0-V1_1783435522,50%,50,beta=0.0,beta0,103,Response length mean,response_length/mean,167.873046875
ONPOLICY-SFT-Qwen3-1P7B-COLDSTART-FRAC50-CODE-KODCODE-CTX8K-S1-BETA0-V1_1783435522,50%,50,beta=0.0,beta0,103,Time per step,perf/time_per_step,43.285577300935984
ONPOLICY-SFT-Qwen3-1P7B-COLDSTART-FRAC50-CODE-KODCODE-CTX8K-S1-BETA0-V1_1783435522,50%,50,beta=0.0,beta0,104,Rollout correct ratio,wdl_sft/correct_ratio,0.419921875
ONPOLICY-SFT-Qwen3-1P7B-COLDSTART-FRAC50-CODE-KODCODE-CTX8K-S1-BETA0-V1_1783435522,50%,50,beta=0.0,beta0,104,Gradient norm,actor/grad_norm,9.268033027648926
ONPOLICY-SFT-Qwen3-1P7B-COLDSTART-FRAC50-CODE-KODCODE-CTX8K-S1-BETA0-V1_1783435522,50%,50,beta=0.0,beta0,104,Train score mean,critic/score/mean,-0.16015625
ONPOLICY-SFT-Qwen3-1P7B-COLDSTART-FRAC50-CODE-KODCODE-CTX8K-S1-BETA0-V1_1783435522,50%,50,beta=0.0,beta0,104,Response length mean,response_length/mean,143.82421875
ONPOLICY-SFT-Qwen3-1P7B-COLDSTART-FRAC50-CODE-KODCODE-CTX8K-S1-BETA0-V1_1783435522,50%,50,beta=0.0,beta0,104,Time per step,perf/time_per_step,41.632895899005234
ONPOLICY-SFT-Qwen3-1P7B-COLDSTART-FRAC50-CODE-KODCODE-CTX8K-S1-BETA0-V1_1783435522,50%,50,beta=0.0,beta0,105,HumanEval+ pass@1,val-core/HumanEval+/acc/pass@1,0.4695121951219512
ONPOLICY-SFT-Qwen3-1P7B-COLDSTART-FRAC50-CODE-KODCODE-CTX8K-S1-BETA0-V1_1783435522,50%,50,beta=0.0,beta0,105,MBPP+ pass@1,val-core/MBPP+/acc/pass@1,0.5502645502645502
ONPOLICY-SFT-Qwen3-1P7B-COLDSTART-FRAC50-CODE-KODCODE-CTX8K-S1-BETA0-V1_1783435522,50%,50,beta=0.0,beta0,105,LiveCodeBench pass@1,val-core/LiveCodeBench/acc/pass@1,0.2265625
ONPOLICY-SFT-Qwen3-1P7B-COLDSTART-FRAC50-CODE-KODCODE-CTX8K-S1-BETA0-V1_1783435522,50%,50,beta=0.0,beta0,105,HumanEval+ extract fail,val-aux/HumanEval+/code_reward_extraction_fail/mean@1,0.0
ONPOLICY-SFT-Qwen3-1P7B-COLDSTART-FRAC50-CODE-KODCODE-CTX8K-S1-BETA0-V1_1783435522,50%,50,beta=0.0,beta0,105,MBPP+ extract fail,val-aux/MBPP+/code_reward_extraction_fail/mean@1,0.005291005291005291
ONPOLICY-SFT-Qwen3-1P7B-COLDSTART-FRAC50-CODE-KODCODE-CTX8K-S1-BETA0-V1_1783435522,50%,50,beta=0.0,beta0,105,LiveCodeBench extract fail,val-aux/LiveCodeBench/code_reward_extraction_fail/mean@1,0.0390625
ONPOLICY-SFT-Qwen3-1P7B-COLDSTART-FRAC50-CODE-KODCODE-CTX8K-S1-BETA0-V1_1783435522,50%,50,beta=0.0,beta0,105,Rollout correct ratio,wdl_sft/correct_ratio,0.388671875
ONPOLICY-SFT-Qwen3-1P7B-COLDSTART-FRAC50-CODE-KODCODE-CTX8K-S1-BETA0-V1_1783435522,50%,50,beta=0.0,beta0,105,Gradient norm,actor/grad_norm,9.260756492614746
ONPOLICY-SFT-Qwen3-1P7B-COLDSTART-FRAC50-CODE-KODCODE-CTX8K-S1-BETA0-V1_1783435522,50%,50,beta=0.0,beta0,105,Train score mean,critic/score/mean,-0.22265625
ONPOLICY-SFT-Qwen3-1P7B-COLDSTART-FRAC50-CODE-KODCODE-CTX8K-S1-BETA0-V1_1783435522,50%,50,beta=0.0,beta0,105,Response length mean,response_length/mean,160.359375
ONPOLICY-SFT-Qwen3-1P7B-COLDSTART-FRAC50-CODE-KODCODE-CTX8K-S1-BETA0-V1_1783435522,50%,50,beta=0.0,beta0,105,Time per step,perf/time_per_step,47.51512213796377
ONPOLICY-SFT-Qwen3-1P7B-COLDSTART-FRAC50-CODE-KODCODE-CTX8K-S1-BETA0-V1_1783435522,50%,50,beta=0.0,beta0,106,Rollout correct ratio,wdl_sft/correct_ratio,0.419921875
ONPOLICY-SFT-Qwen3-1P7B-COLDSTART-FRAC50-CODE-KODCODE-CTX8K-S1-BETA0-V1_1783435522,50%,50,beta=0.0,beta0,106,Gradient norm,actor/grad_norm,8.271604537963867
ONPOLICY-SFT-Qwen3-1P7B-COLDSTART-FRAC50-CODE-KODCODE-CTX8K-S1-BETA0-V1_1783435522,50%,50,beta=0.0,beta0,106,Train score mean,critic/score/mean,-0.16015625
ONPOLICY-SFT-Qwen3-1P7B-COLDSTART-FRAC50-CODE-KODCODE-CTX8K-S1-BETA0-V1_1783435522,50%,50,beta=0.0,beta0,106,Response length mean,response_length/mean,147.224609375
ONPOLICY-SFT-Qwen3-1P7B-COLDSTART-FRAC50-CODE-KODCODE-CTX8K-S1-BETA0-V1_1783435522,50%,50,beta=0.0,beta0,106,Time per step,perf/time_per_step,41.66254301648587
ONPOLICY-SFT-Qwen3-1P7B-COLDSTART-FRAC50-CODE-KODCODE-CTX8K-S1-BETA0-V1_1783435522,50%,50,beta=0.0,beta0,107,Rollout correct ratio,wdl_sft/correct_ratio,0.43359375
ONPOLICY-SFT-Qwen3-1P7B-COLDSTART-FRAC50-CODE-KODCODE-CTX8K-S1-BETA0-V1_1783435522,50%,50,beta=0.0,beta0,107,Gradient norm,actor/grad_norm,8.66417407989502
ONPOLICY-SFT-Qwen3-1P7B-COLDSTART-FRAC50-CODE-KODCODE-CTX8K-S1-BETA0-V1_1783435522,50%,50,beta=0.0,beta0,107,Train score mean,critic/score/mean,-0.1328125
ONPOLICY-SFT-Qwen3-1P7B-COLDSTART-FRAC50-CODE-KODCODE-CTX8K-S1-BETA0-V1_1783435522,50%,50,beta=0.0,beta0,107,Response length mean,response_length/mean,158.78515625
ONPOLICY-SFT-Qwen3-1P7B-COLDSTART-FRAC50-CODE-KODCODE-CTX8K-S1-BETA0-V1_1783435522,50%,50,beta=0.0,beta0,107,Time per step,perf/time_per_step,40.736749701201916
ONPOLICY-SFT-Qwen3-1P7B-COLDSTART-FRAC50-CODE-KODCODE-CTX8K-S1-BETA0-V1_1783435522,50%,50,beta=0.0,beta0,108,Rollout correct ratio,wdl_sft/correct_ratio,0.357421875
ONPOLICY-SFT-Qwen3-1P7B-COLDSTART-FRAC50-CODE-KODCODE-CTX8K-S1-BETA0-V1_1783435522,50%,50,beta=0.0,beta0,108,Gradient norm,actor/grad_norm,8.724139213562012
ONPOLICY-SFT-Qwen3-1P7B-COLDSTART-FRAC50-CODE-KODCODE-CTX8K-S1-BETA0-V1_1783435522,50%,50,beta=0.0,beta0,108,Train score mean,critic/score/mean,-0.28515625
ONPOLICY-SFT-Qwen3-1P7B-COLDSTART-FRAC50-CODE-KODCODE-CTX8K-S1-BETA0-V1_1783435522,50%,50,beta=0.0,beta0,108,Response length mean,response_length/mean,147.10546875
ONPOLICY-SFT-Qwen3-1P7B-COLDSTART-FRAC50-CODE-KODCODE-CTX8K-S1-BETA0-V1_1783435522,50%,50,beta=0.0,beta0,108,Time per step,perf/time_per_step,42.18873001355678
ONPOLICY-SFT-Qwen3-1P7B-COLDSTART-FRAC50-CODE-KODCODE-CTX8K-S1-BETA0-V1_1783435522,50%,50,beta=0.0,beta0,109,Rollout correct ratio,wdl_sft/correct_ratio,0.333984375
ONPOLICY-SFT-Qwen3-1P7B-COLDSTART-FRAC50-CODE-KODCODE-CTX8K-S1-BETA0-V1_1783435522,50%,50,beta=0.0,beta0,109,Gradient norm,actor/grad_norm,11.840608596801758
ONPOLICY-SFT-Qwen3-1P7B-COLDSTART-FRAC50-CODE-KODCODE-CTX8K-S1-BETA0-V1_1783435522,50%,50,beta=0.0,beta0,109,Train score mean,critic/score/mean,-0.33203125
ONPOLICY-SFT-Qwen3-1P7B-COLDSTART-FRAC50-CODE-KODCODE-CTX8K-S1-BETA0-V1_1783435522,50%,50,beta=0.0,beta0,109,Response length mean,response_length/mean,168.21875
ONPOLICY-SFT-Qwen3-1P7B-COLDSTART-FRAC50-CODE-KODCODE-CTX8K-S1-BETA0-V1_1783435522,50%,50,beta=0.0,beta0,109,Time per step,perf/time_per_step,41.56649398803711
ONPOLICY-SFT-Qwen3-1P7B-COLDSTART-FRAC50-CODE-KODCODE-CTX8K-S1-BETA0-V1_1783435522,50%,50,beta=0.0,beta0,110,HumanEval+ pass@1,val-core/HumanEval+/acc/pass@1,0.49390243902439024
ONPOLICY-SFT-Qwen3-1P7B-COLDSTART-FRAC50-CODE-KODCODE-CTX8K-S1-BETA0-V1_1783435522,50%,50,beta=0.0,beta0,110,MBPP+ pass@1,val-core/MBPP+/acc/pass@1,0.5396825396825397
ONPOLICY-SFT-Qwen3-1P7B-COLDSTART-FRAC50-CODE-KODCODE-CTX8K-S1-BETA0-V1_1783435522,50%,50,beta=0.0,beta0,110,LiveCodeBench pass@1,val-core/LiveCodeBench/acc/pass@1,0.1875
ONPOLICY-SFT-Qwen3-1P7B-COLDSTART-FRAC50-CODE-KODCODE-CTX8K-S1-BETA0-V1_1783435522,50%,50,beta=0.0,beta0,110,HumanEval+ extract fail,val-aux/HumanEval+/code_reward_extraction_fail/mean@1,0.006097560975609756
ONPOLICY-SFT-Qwen3-1P7B-COLDSTART-FRAC50-CODE-KODCODE-CTX8K-S1-BETA0-V1_1783435522,50%,50,beta=0.0,beta0,110,MBPP+ extract fail,val-aux/MBPP+/code_reward_extraction_fail/mean@1,0.007936507936507936
ONPOLICY-SFT-Qwen3-1P7B-COLDSTART-FRAC50-CODE-KODCODE-CTX8K-S1-BETA0-V1_1783435522,50%,50,beta=0.0,beta0,110,LiveCodeBench extract fail,val-aux/LiveCodeBench/code_reward_extraction_fail/mean@1,0.046875
ONPOLICY-SFT-Qwen3-1P7B-COLDSTART-FRAC50-CODE-KODCODE-CTX8K-S1-BETA0-V1_1783435522,50%,50,beta=0.0,beta0,110,Rollout correct ratio,wdl_sft/correct_ratio,0.421875
ONPOLICY-SFT-Qwen3-1P7B-COLDSTART-FRAC50-CODE-KODCODE-CTX8K-S1-BETA0-V1_1783435522,50%,50,beta=0.0,beta0,110,Gradient norm,actor/grad_norm,9.264059066772461
ONPOLICY-SFT-Qwen3-1P7B-COLDSTART-FRAC50-CODE-KODCODE-CTX8K-S1-BETA0-V1_1783435522,50%,50,beta=0.0,beta0,110,Train score mean,critic/score/mean,-0.15625
ONPOLICY-SFT-Qwen3-1P7B-COLDSTART-FRAC50-CODE-KODCODE-CTX8K-S1-BETA0-V1_1783435522,50%,50,beta=0.0,beta0,110,Response length mean,response_length/mean,166.607421875
ONPOLICY-SFT-Qwen3-1P7B-COLDSTART-FRAC50-CODE-KODCODE-CTX8K-S1-BETA0-V1_1783435522,50%,50,beta=0.0,beta0,110,Time per step,perf/time_per_step,47.71576274186373
ONPOLICY-SFT-Qwen3-1P7B-COLDSTART-FRAC50-CODE-KODCODE-CTX8K-S1-BETA0-V1_1783435522,50%,50,beta=0.0,beta0,111,Rollout correct ratio,wdl_sft/correct_ratio,0.41796875
ONPOLICY-SFT-Qwen3-1P7B-COLDSTART-FRAC50-CODE-KODCODE-CTX8K-S1-BETA0-V1_1783435522,50%,50,beta=0.0,beta0,111,Gradient norm,actor/grad_norm,8.131592750549316
ONPOLICY-SFT-Qwen3-1P7B-COLDSTART-FRAC50-CODE-KODCODE-CTX8K-S1-BETA0-V1_1783435522,50%,50,beta=0.0,beta0,111,Train score mean,critic/score/mean,-0.1640625
ONPOLICY-SFT-Qwen3-1P7B-COLDSTART-FRAC50-CODE-KODCODE-CTX8K-S1-BETA0-V1_1783435522,50%,50,beta=0.0,beta0,111,Response length mean,response_length/mean,151.71875
ONPOLICY-SFT-Qwen3-1P7B-COLDSTART-FRAC50-CODE-KODCODE-CTX8K-S1-BETA0-V1_1783435522,50%,50,beta=0.0,beta0,111,Time per step,perf/time_per_step,41.90259068645537
ONPOLICY-SFT-Qwen3-1P7B-COLDSTART-FRAC50-CODE-KODCODE-CTX8K-S1-BETA0-V1_1783435522,50%,50,beta=0.0,beta0,112,Rollout correct ratio,wdl_sft/correct_ratio,0.404296875
ONPOLICY-SFT-Qwen3-1P7B-COLDSTART-FRAC50-CODE-KODCODE-CTX8K-S1-BETA0-V1_1783435522,50%,50,beta=0.0,beta0,112,Gradient norm,actor/grad_norm,10.109086990356445
ONPOLICY-SFT-Qwen3-1P7B-COLDSTART-FRAC50-CODE-KODCODE-CTX8K-S1-BETA0-V1_1783435522,50%,50,beta=0.0,beta0,112,Train score mean,critic/score/mean,-0.19140625
ONPOLICY-SFT-Qwen3-1P7B-COLDSTART-FRAC50-CODE-KODCODE-CTX8K-S1-BETA0-V1_1783435522,50%,50,beta=0.0,beta0,112,Response length mean,response_length/mean,164.166015625
ONPOLICY-SFT-Qwen3-1P7B-COLDSTART-FRAC50-CODE-KODCODE-CTX8K-S1-BETA0-V1_1783435522,50%,50,beta=0.0,beta0,112,Time per step,perf/time_per_step,42.319472764618695
ONPOLICY-SFT-Qwen3-1P7B-COLDSTART-FRAC50-CODE-KODCODE-CTX8K-S1-BETA0-V1_1783435522,50%,50,beta=0.0,beta0,113,Rollout correct ratio,wdl_sft/correct_ratio,0.36328125
ONPOLICY-SFT-Qwen3-1P7B-COLDSTART-FRAC50-CODE-KODCODE-CTX8K-S1-BETA0-V1_1783435522,50%,50,beta=0.0,beta0,113,Gradient norm,actor/grad_norm,9.66550064086914
ONPOLICY-SFT-Qwen3-1P7B-COLDSTART-FRAC50-CODE-KODCODE-CTX8K-S1-BETA0-V1_1783435522,50%,50,beta=0.0,beta0,113,Train score mean,critic/score/mean,-0.2734375
ONPOLICY-SFT-Qwen3-1P7B-COLDSTART-FRAC50-CODE-KODCODE-CTX8K-S1-BETA0-V1_1783435522,50%,50,beta=0.0,beta0,113,Response length mean,response_length/mean,154.048828125
ONPOLICY-SFT-Qwen3-1P7B-COLDSTART-FRAC50-CODE-KODCODE-CTX8K-S1-BETA0-V1_1783435522,50%,50,beta=0.0,beta0,113,Time per step,perf/time_per_step,40.07047779019922
ONPOLICY-SFT-Qwen3-1P7B-COLDSTART-FRAC50-CODE-KODCODE-CTX8K-S1-BETA0-V1_1783435522,50%,50,beta=0.0,beta0,114,Rollout correct ratio,wdl_sft/correct_ratio,0.421875
ONPOLICY-SFT-Qwen3-1P7B-COLDSTART-FRAC50-CODE-KODCODE-CTX8K-S1-BETA0-V1_1783435522,50%,50,beta=0.0,beta0,114,Gradient norm,actor/grad_norm,9.178298950195312
ONPOLICY-SFT-Qwen3-1P7B-COLDSTART-FRAC50-CODE-KODCODE-CTX8K-S1-BETA0-V1_1783435522,50%,50,beta=0.0,beta0,114,Train score mean,critic/score/mean,-0.15625
ONPOLICY-SFT-Qwen3-1P7B-COLDSTART-FRAC50-CODE-KODCODE-CTX8K-S1-BETA0-V1_1783435522,50%,50,beta=0.0,beta0,114,Response length mean,response_length/mean,165.279296875
ONPOLICY-SFT-Qwen3-1P7B-COLDSTART-FRAC50-CODE-KODCODE-CTX8K-S1-BETA0-V1_1783435522,50%,50,beta=0.0,beta0,114,Time per step,perf/time_per_step,44.649179480969906
ONPOLICY-SFT-Qwen3-1P7B-COLDSTART-FRAC50-CODE-KODCODE-CTX8K-S1-BETA0-V1_1783435522,50%,50,beta=0.0,beta0,115,HumanEval+ pass@1,val-core/HumanEval+/acc/pass@1,0.5060975609756098
ONPOLICY-SFT-Qwen3-1P7B-COLDSTART-FRAC50-CODE-KODCODE-CTX8K-S1-BETA0-V1_1783435522,50%,50,beta=0.0,beta0,115,MBPP+ pass@1,val-core/MBPP+/acc/pass@1,0.5264550264550265
ONPOLICY-SFT-Qwen3-1P7B-COLDSTART-FRAC50-CODE-KODCODE-CTX8K-S1-BETA0-V1_1783435522,50%,50,beta=0.0,beta0,115,LiveCodeBench pass@1,val-core/LiveCodeBench/acc/pass@1,0.1953125
ONPOLICY-SFT-Qwen3-1P7B-COLDSTART-FRAC50-CODE-KODCODE-CTX8K-S1-BETA0-V1_1783435522,50%,50,beta=0.0,beta0,115,HumanEval+ extract fail,val-aux/HumanEval+/code_reward_extraction_fail/mean@1,0.0
ONPOLICY-SFT-Qwen3-1P7B-COLDSTART-FRAC50-CODE-KODCODE-CTX8K-S1-BETA0-V1_1783435522,50%,50,beta=0.0,beta0,115,MBPP+ extract fail,val-aux/MBPP+/code_reward_extraction_fail/mean@1,0.0026455026455026454
ONPOLICY-SFT-Qwen3-1P7B-COLDSTART-FRAC50-CODE-KODCODE-CTX8K-S1-BETA0-V1_1783435522,50%,50,beta=0.0,beta0,115,LiveCodeBench extract fail,val-aux/LiveCodeBench/code_reward_extraction_fail/mean@1,0.015625
ONPOLICY-SFT-Qwen3-1P7B-COLDSTART-FRAC50-CODE-KODCODE-CTX8K-S1-BETA0-V1_1783435522,50%,50,beta=0.0,beta0,115,Rollout correct ratio,wdl_sft/correct_ratio,0.349609375
ONPOLICY-SFT-Qwen3-1P7B-COLDSTART-FRAC50-CODE-KODCODE-CTX8K-S1-BETA0-V1_1783435522,50%,50,beta=0.0,beta0,115,Gradient norm,actor/grad_norm,10.617968559265137
ONPOLICY-SFT-Qwen3-1P7B-COLDSTART-FRAC50-CODE-KODCODE-CTX8K-S1-BETA0-V1_1783435522,50%,50,beta=0.0,beta0,115,Train score mean,critic/score/mean,-0.30078125
ONPOLICY-SFT-Qwen3-1P7B-COLDSTART-FRAC50-CODE-KODCODE-CTX8K-S1-BETA0-V1_1783435522,50%,50,beta=0.0,beta0,115,Response length mean,response_length/mean,170.189453125
ONPOLICY-SFT-Qwen3-1P7B-COLDSTART-FRAC50-CODE-KODCODE-CTX8K-S1-BETA0-V1_1783435522,50%,50,beta=0.0,beta0,115,Time per step,perf/time_per_step,51.00494219921529
ONPOLICY-SFT-Qwen3-1P7B-COLDSTART-FRAC50-CODE-KODCODE-CTX8K-S1-BETA0-V1_1783435522,50%,50,beta=0.0,beta0,116,Rollout correct ratio,wdl_sft/correct_ratio,0.306640625
ONPOLICY-SFT-Qwen3-1P7B-COLDSTART-FRAC50-CODE-KODCODE-CTX8K-S1-BETA0-V1_1783435522,50%,50,beta=0.0,beta0,116,Gradient norm,actor/grad_norm,12.16846752166748
ONPOLICY-SFT-Qwen3-1P7B-COLDSTART-FRAC50-CODE-KODCODE-CTX8K-S1-BETA0-V1_1783435522,50%,50,beta=0.0,beta0,116,Train score mean,critic/score/mean,-0.38671875
ONPOLICY-SFT-Qwen3-1P7B-COLDSTART-FRAC50-CODE-KODCODE-CTX8K-S1-BETA0-V1_1783435522,50%,50,beta=0.0,beta0,116,Response length mean,response_length/mean,167.00390625
ONPOLICY-SFT-Qwen3-1P7B-COLDSTART-FRAC50-CODE-KODCODE-CTX8K-S1-BETA0-V1_1783435522,50%,50,beta=0.0,beta0,116,Time per step,perf/time_per_step,43.54804313182831
ONPOLICY-SFT-Qwen3-1P7B-COLDSTART-FRAC50-CODE-KODCODE-CTX8K-S1-BETA0-V1_1783435522,50%,50,beta=0.0,beta0,117,Rollout correct ratio,wdl_sft/correct_ratio,0.39453125
ONPOLICY-SFT-Qwen3-1P7B-COLDSTART-FRAC50-CODE-KODCODE-CTX8K-S1-BETA0-V1_1783435522,50%,50,beta=0.0,beta0,117,Gradient norm,actor/grad_norm,9.537933349609375
ONPOLICY-SFT-Qwen3-1P7B-COLDSTART-FRAC50-CODE-KODCODE-CTX8K-S1-BETA0-V1_1783435522,50%,50,beta=0.0,beta0,117,Train score mean,critic/score/mean,-0.2109375
ONPOLICY-SFT-Qwen3-1P7B-COLDSTART-FRAC50-CODE-KODCODE-CTX8K-S1-BETA0-V1_1783435522,50%,50,beta=0.0,beta0,117,Response length mean,response_length/mean,151.712890625
ONPOLICY-SFT-Qwen3-1P7B-COLDSTART-FRAC50-CODE-KODCODE-CTX8K-S1-BETA0-V1_1783435522,50%,50,beta=0.0,beta0,117,Time per step,perf/time_per_step,40.848882800899446
ONPOLICY-SFT-Qwen3-1P7B-COLDSTART-FRAC50-CODE-KODCODE-CTX8K-S1-BETA0-V1_1783435522,50%,50,beta=0.0,beta0,118,Rollout correct ratio,wdl_sft/correct_ratio,0.375
ONPOLICY-SFT-Qwen3-1P7B-COLDSTART-FRAC50-CODE-KODCODE-CTX8K-S1-BETA0-V1_1783435522,50%,50,beta=0.0,beta0,118,Gradient norm,actor/grad_norm,10.657676696777344
ONPOLICY-SFT-Qwen3-1P7B-COLDSTART-FRAC50-CODE-KODCODE-CTX8K-S1-BETA0-V1_1783435522,50%,50,beta=0.0,beta0,118,Train score mean,critic/score/mean,-0.25
ONPOLICY-SFT-Qwen3-1P7B-COLDSTART-FRAC50-CODE-KODCODE-CTX8K-S1-BETA0-V1_1783435522,50%,50,beta=0.0,beta0,118,Response length mean,response_length/mean,160.251953125
ONPOLICY-SFT-Qwen3-1P7B-COLDSTART-FRAC50-CODE-KODCODE-CTX8K-S1-BETA0-V1_1783435522,50%,50,beta=0.0,beta0,118,Time per step,perf/time_per_step,43.04850242100656
ONPOLICY-SFT-Qwen3-1P7B-COLDSTART-FRAC50-CODE-KODCODE-CTX8K-S1-BETA0-V1_1783435522,50%,50,beta=0.0,beta0,119,Rollout correct ratio,wdl_sft/correct_ratio,0.3828125
ONPOLICY-SFT-Qwen3-1P7B-COLDSTART-FRAC50-CODE-KODCODE-CTX8K-S1-BETA0-V1_1783435522,50%,50,beta=0.0,beta0,119,Gradient norm,actor/grad_norm,8.912779808044434
ONPOLICY-SFT-Qwen3-1P7B-COLDSTART-FRAC50-CODE-KODCODE-CTX8K-S1-BETA0-V1_1783435522,50%,50,beta=0.0,beta0,119,Train score mean,critic/score/mean,-0.234375
ONPOLICY-SFT-Qwen3-1P7B-COLDSTART-FRAC50-CODE-KODCODE-CTX8K-S1-BETA0-V1_1783435522,50%,50,beta=0.0,beta0,119,Response length mean,response_length/mean,149.123046875
ONPOLICY-SFT-Qwen3-1P7B-COLDSTART-FRAC50-CODE-KODCODE-CTX8K-S1-BETA0-V1_1783435522,50%,50,beta=0.0,beta0,119,Time per step,perf/time_per_step,40.53683744557202
ONPOLICY-SFT-Qwen3-1P7B-COLDSTART-FRAC50-CODE-KODCODE-CTX8K-S1-BETA0-V1_1783435522,50%,50,beta=0.0,beta0,120,HumanEval+ pass@1,val-core/HumanEval+/acc/pass@1,0.4878048780487805
ONPOLICY-SFT-Qwen3-1P7B-COLDSTART-FRAC50-CODE-KODCODE-CTX8K-S1-BETA0-V1_1783435522,50%,50,beta=0.0,beta0,120,MBPP+ pass@1,val-core/MBPP+/acc/pass@1,0.5343915343915344
ONPOLICY-SFT-Qwen3-1P7B-COLDSTART-FRAC50-CODE-KODCODE-CTX8K-S1-BETA0-V1_1783435522,50%,50,beta=0.0,beta0,120,LiveCodeBench pass@1,val-core/LiveCodeBench/acc/pass@1,0.1875
ONPOLICY-SFT-Qwen3-1P7B-COLDSTART-FRAC50-CODE-KODCODE-CTX8K-S1-BETA0-V1_1783435522,50%,50,beta=0.0,beta0,120,HumanEval+ extract fail,val-aux/HumanEval+/code_reward_extraction_fail/mean@1,0.012195121951219513
ONPOLICY-SFT-Qwen3-1P7B-COLDSTART-FRAC50-CODE-KODCODE-CTX8K-S1-BETA0-V1_1783435522,50%,50,beta=0.0,beta0,120,MBPP+ extract fail,val-aux/MBPP+/code_reward_extraction_fail/mean@1,0.0
ONPOLICY-SFT-Qwen3-1P7B-COLDSTART-FRAC50-CODE-KODCODE-CTX8K-S1-BETA0-V1_1783435522,50%,50,beta=0.0,beta0,120,LiveCodeBench extract fail,val-aux/LiveCodeBench/code_reward_extraction_fail/mean@1,0.015625
ONPOLICY-SFT-Qwen3-1P7B-COLDSTART-FRAC50-CODE-KODCODE-CTX8K-S1-BETA0-V1_1783435522,50%,50,beta=0.0,beta0,120,Rollout correct ratio,wdl_sft/correct_ratio,0.435546875
ONPOLICY-SFT-Qwen3-1P7B-COLDSTART-FRAC50-CODE-KODCODE-CTX8K-S1-BETA0-V1_1783435522,50%,50,beta=0.0,beta0,120,Gradient norm,actor/grad_norm,9.180665969848633
ONPOLICY-SFT-Qwen3-1P7B-COLDSTART-FRAC50-CODE-KODCODE-CTX8K-S1-BETA0-V1_1783435522,50%,50,beta=0.0,beta0,120,Train score mean,critic/score/mean,-0.12890625
ONPOLICY-SFT-Qwen3-1P7B-COLDSTART-FRAC50-CODE-KODCODE-CTX8K-S1-BETA0-V1_1783435522,50%,50,beta=0.0,beta0,120,Response length mean,response_length/mean,164.47265625
ONPOLICY-SFT-Qwen3-1P7B-COLDSTART-FRAC50-CODE-KODCODE-CTX8K-S1-BETA0-V1_1783435522,50%,50,beta=0.0,beta0,120,Time per step,perf/time_per_step,47.39970098249614
ONPOLICY-SFT-Qwen3-1P7B-COLDSTART-FRAC50-CODE-KODCODE-CTX8K-S1-BETA0-V1_1783435522,50%,50,beta=0.0,beta0,121,Rollout correct ratio,wdl_sft/correct_ratio,0.3359375
ONPOLICY-SFT-Qwen3-1P7B-COLDSTART-FRAC50-CODE-KODCODE-CTX8K-S1-BETA0-V1_1783435522,50%,50,beta=0.0,beta0,121,Gradient norm,actor/grad_norm,11.533227920532227
ONPOLICY-SFT-Qwen3-1P7B-COLDSTART-FRAC50-CODE-KODCODE-CTX8K-S1-BETA0-V1_1783435522,50%,50,beta=0.0,beta0,121,Train score mean,critic/score/mean,-0.328125
ONPOLICY-SFT-Qwen3-1P7B-COLDSTART-FRAC50-CODE-KODCODE-CTX8K-S1-BETA0-V1_1783435522,50%,50,beta=0.0,beta0,121,Response length mean,response_length/mean,185.07421875
ONPOLICY-SFT-Qwen3-1P7B-COLDSTART-FRAC50-CODE-KODCODE-CTX8K-S1-BETA0-V1_1783435522,50%,50,beta=0.0,beta0,121,Time per step,perf/time_per_step,42.103120303712785
ONPOLICY-SFT-Qwen3-1P7B-COLDSTART-FRAC50-CODE-KODCODE-CTX8K-S1-BETA0-V1_1783435522,50%,50,beta=0.0,beta0,122,Rollout correct ratio,wdl_sft/correct_ratio,0.443359375
ONPOLICY-SFT-Qwen3-1P7B-COLDSTART-FRAC50-CODE-KODCODE-CTX8K-S1-BETA0-V1_1783435522,50%,50,beta=0.0,beta0,122,Gradient norm,actor/grad_norm,8.4487943649292
ONPOLICY-SFT-Qwen3-1P7B-COLDSTART-FRAC50-CODE-KODCODE-CTX8K-S1-BETA0-V1_1783435522,50%,50,beta=0.0,beta0,122,Train score mean,critic/score/mean,-0.11328125
ONPOLICY-SFT-Qwen3-1P7B-COLDSTART-FRAC50-CODE-KODCODE-CTX8K-S1-BETA0-V1_1783435522,50%,50,beta=0.0,beta0,122,Response length mean,response_length/mean,161.859375
ONPOLICY-SFT-Qwen3-1P7B-COLDSTART-FRAC50-CODE-KODCODE-CTX8K-S1-BETA0-V1_1783435522,50%,50,beta=0.0,beta0,122,Time per step,perf/time_per_step,41.95761613547802
ONPOLICY-SFT-Qwen3-1P7B-COLDSTART-FRAC50-CODE-KODCODE-CTX8K-S1-BETA0-V1_1783435522,50%,50,beta=0.0,beta0,123,Rollout correct ratio,wdl_sft/correct_ratio,0.380859375
ONPOLICY-SFT-Qwen3-1P7B-COLDSTART-FRAC50-CODE-KODCODE-CTX8K-S1-BETA0-V1_1783435522,50%,50,beta=0.0,beta0,123,Gradient norm,actor/grad_norm,10.111869812011719
ONPOLICY-SFT-Qwen3-1P7B-COLDSTART-FRAC50-CODE-KODCODE-CTX8K-S1-BETA0-V1_1783435522,50%,50,beta=0.0,beta0,123,Train score mean,critic/score/mean,-0.23828125
ONPOLICY-SFT-Qwen3-1P7B-COLDSTART-FRAC50-CODE-KODCODE-CTX8K-S1-BETA0-V1_1783435522,50%,50,beta=0.0,beta0,123,Response length mean,response_length/mean,165.642578125
ONPOLICY-SFT-Qwen3-1P7B-COLDSTART-FRAC50-CODE-KODCODE-CTX8K-S1-BETA0-V1_1783435522,50%,50,beta=0.0,beta0,123,Time per step,perf/time_per_step,40.918761507608
ONPOLICY-SFT-Qwen3-1P7B-COLDSTART-FRAC50-CODE-KODCODE-CTX8K-S1-BETA0-V1_1783435522,50%,50,beta=0.0,beta0,124,Rollout correct ratio,wdl_sft/correct_ratio,0.33984375
ONPOLICY-SFT-Qwen3-1P7B-COLDSTART-FRAC50-CODE-KODCODE-CTX8K-S1-BETA0-V1_1783435522,50%,50,beta=0.0,beta0,124,Gradient norm,actor/grad_norm,11.574752807617188
ONPOLICY-SFT-Qwen3-1P7B-COLDSTART-FRAC50-CODE-KODCODE-CTX8K-S1-BETA0-V1_1783435522,50%,50,beta=0.0,beta0,124,Train score mean,critic/score/mean,-0.3203125
ONPOLICY-SFT-Qwen3-1P7B-COLDSTART-FRAC50-CODE-KODCODE-CTX8K-S1-BETA0-V1_1783435522,50%,50,beta=0.0,beta0,124,Response length mean,response_length/mean,164.80859375
ONPOLICY-SFT-Qwen3-1P7B-COLDSTART-FRAC50-CODE-KODCODE-CTX8K-S1-BETA0-V1_1783435522,50%,50,beta=0.0,beta0,124,Time per step,perf/time_per_step,41.64870834723115
ONPOLICY-SFT-Qwen3-1P7B-COLDSTART-FRAC50-CODE-KODCODE-CTX8K-S1-BETA0-V1_1783435522,50%,50,beta=0.0,beta0,125,HumanEval+ pass@1,val-core/HumanEval+/acc/pass@1,0.5182926829268293
ONPOLICY-SFT-Qwen3-1P7B-COLDSTART-FRAC50-CODE-KODCODE-CTX8K-S1-BETA0-V1_1783435522,50%,50,beta=0.0,beta0,125,MBPP+ pass@1,val-core/MBPP+/acc/pass@1,0.5343915343915344
ONPOLICY-SFT-Qwen3-1P7B-COLDSTART-FRAC50-CODE-KODCODE-CTX8K-S1-BETA0-V1_1783435522,50%,50,beta=0.0,beta0,125,LiveCodeBench pass@1,val-core/LiveCodeBench/acc/pass@1,0.1953125
ONPOLICY-SFT-Qwen3-1P7B-COLDSTART-FRAC50-CODE-KODCODE-CTX8K-S1-BETA0-V1_1783435522,50%,50,beta=0.0,beta0,125,HumanEval+ extract fail,val-aux/HumanEval+/code_reward_extraction_fail/mean@1,0.0
ONPOLICY-SFT-Qwen3-1P7B-COLDSTART-FRAC50-CODE-KODCODE-CTX8K-S1-BETA0-V1_1783435522,50%,50,beta=0.0,beta0,125,MBPP+ extract fail,val-aux/MBPP+/code_reward_extraction_fail/mean@1,0.010582010582010581
ONPOLICY-SFT-Qwen3-1P7B-COLDSTART-FRAC50-CODE-KODCODE-CTX8K-S1-BETA0-V1_1783435522,50%,50,beta=0.0,beta0,125,LiveCodeBench extract fail,val-aux/LiveCodeBench/code_reward_extraction_fail/mean@1,0.0
ONPOLICY-SFT-Qwen3-1P7B-COLDSTART-FRAC50-CODE-KODCODE-CTX8K-S1-BETA0-V1_1783435522,50%,50,beta=0.0,beta0,125,Rollout correct ratio,wdl_sft/correct_ratio,0.423828125
ONPOLICY-SFT-Qwen3-1P7B-COLDSTART-FRAC50-CODE-KODCODE-CTX8K-S1-BETA0-V1_1783435522,50%,50,beta=0.0,beta0,125,Gradient norm,actor/grad_norm,9.601905822753906
ONPOLICY-SFT-Qwen3-1P7B-COLDSTART-FRAC50-CODE-KODCODE-CTX8K-S1-BETA0-V1_1783435522,50%,50,beta=0.0,beta0,125,Train score mean,critic/score/mean,-0.15234375
ONPOLICY-SFT-Qwen3-1P7B-COLDSTART-FRAC50-CODE-KODCODE-CTX8K-S1-BETA0-V1_1783435522,50%,50,beta=0.0,beta0,125,Response length mean,response_length/mean,164.1953125
ONPOLICY-SFT-Qwen3-1P7B-COLDSTART-FRAC50-CODE-KODCODE-CTX8K-S1-BETA0-V1_1783435522,50%,50,beta=0.0,beta0,125,Time per step,perf/time_per_step,47.11827367544174
ONPOLICY-SFT-Qwen3-1P7B-COLDSTART-FRAC50-CODE-KODCODE-CTX8K-S1-BETA0-V1_1783435522,50%,50,beta=0.0,beta0,126,Rollout correct ratio,wdl_sft/correct_ratio,0.400390625
ONPOLICY-SFT-Qwen3-1P7B-COLDSTART-FRAC50-CODE-KODCODE-CTX8K-S1-BETA0-V1_1783435522,50%,50,beta=0.0,beta0,126,Gradient norm,actor/grad_norm,8.438492774963379
ONPOLICY-SFT-Qwen3-1P7B-COLDSTART-FRAC50-CODE-KODCODE-CTX8K-S1-BETA0-V1_1783435522,50%,50,beta=0.0,beta0,126,Train score mean,critic/score/mean,-0.19921875
ONPOLICY-SFT-Qwen3-1P7B-COLDSTART-FRAC50-CODE-KODCODE-CTX8K-S1-BETA0-V1_1783435522,50%,50,beta=0.0,beta0,126,Response length mean,response_length/mean,149.939453125
ONPOLICY-SFT-Qwen3-1P7B-COLDSTART-FRAC50-CODE-KODCODE-CTX8K-S1-BETA0-V1_1783435522,50%,50,beta=0.0,beta0,126,Time per step,perf/time_per_step,42.85291127394885
ONPOLICY-SFT-Qwen3-1P7B-COLDSTART-FRAC50-CODE-KODCODE-CTX8K-S1-BETA0-V1_1783435522,50%,50,beta=0.0,beta0,127,Rollout correct ratio,wdl_sft/correct_ratio,0.4375
ONPOLICY-SFT-Qwen3-1P7B-COLDSTART-FRAC50-CODE-KODCODE-CTX8K-S1-BETA0-V1_1783435522,50%,50,beta=0.0,beta0,127,Gradient norm,actor/grad_norm,8.945501327514648
ONPOLICY-SFT-Qwen3-1P7B-COLDSTART-FRAC50-CODE-KODCODE-CTX8K-S1-BETA0-V1_1783435522,50%,50,beta=0.0,beta0,127,Train score mean,critic/score/mean,-0.125
ONPOLICY-SFT-Qwen3-1P7B-COLDSTART-FRAC50-CODE-KODCODE-CTX8K-S1-BETA0-V1_1783435522,50%,50,beta=0.0,beta0,127,Response length mean,response_length/mean,150.708984375
ONPOLICY-SFT-Qwen3-1P7B-COLDSTART-FRAC50-CODE-KODCODE-CTX8K-S1-BETA0-V1_1783435522,50%,50,beta=0.0,beta0,127,Time per step,perf/time_per_step,13.632822166197002
ONPOLICY-SFT-Qwen3-1P7B-COLDSTART-FRAC50-CODE-KODCODE-CTX8K-S1-BETA0-V1_1783435522,50%,50,beta=0.0,beta0,128,Rollout correct ratio,wdl_sft/correct_ratio,0.408203125
ONPOLICY-SFT-Qwen3-1P7B-COLDSTART-FRAC50-CODE-KODCODE-CTX8K-S1-BETA0-V1_1783435522,50%,50,beta=0.0,beta0,128,Gradient norm,actor/grad_norm,9.34485149383545
ONPOLICY-SFT-Qwen3-1P7B-COLDSTART-FRAC50-CODE-KODCODE-CTX8K-S1-BETA0-V1_1783435522,50%,50,beta=0.0,beta0,128,Train score mean,critic/score/mean,-0.18359375
ONPOLICY-SFT-Qwen3-1P7B-COLDSTART-FRAC50-CODE-KODCODE-CTX8K-S1-BETA0-V1_1783435522,50%,50,beta=0.0,beta0,128,Response length mean,response_length/mean,160.16015625
ONPOLICY-SFT-Qwen3-1P7B-COLDSTART-FRAC50-CODE-KODCODE-CTX8K-S1-BETA0-V1_1783435522,50%,50,beta=0.0,beta0,128,Time per step,perf/time_per_step,41.39927074406296
ONPOLICY-SFT-Qwen3-1P7B-COLDSTART-FRAC50-CODE-KODCODE-CTX8K-S1-BETA0-V1_1783435522,50%,50,beta=0.0,beta0,129,Rollout correct ratio,wdl_sft/correct_ratio,0.361328125
ONPOLICY-SFT-Qwen3-1P7B-COLDSTART-FRAC50-CODE-KODCODE-CTX8K-S1-BETA0-V1_1783435522,50%,50,beta=0.0,beta0,129,Gradient norm,actor/grad_norm,10.180068016052246
ONPOLICY-SFT-Qwen3-1P7B-COLDSTART-FRAC50-CODE-KODCODE-CTX8K-S1-BETA0-V1_1783435522,50%,50,beta=0.0,beta0,129,Train score mean,critic/score/mean,-0.27734375
ONPOLICY-SFT-Qwen3-1P7B-COLDSTART-FRAC50-CODE-KODCODE-CTX8K-S1-BETA0-V1_1783435522,50%,50,beta=0.0,beta0,129,Response length mean,response_length/mean,165.1015625
ONPOLICY-SFT-Qwen3-1P7B-COLDSTART-FRAC50-CODE-KODCODE-CTX8K-S1-BETA0-V1_1783435522,50%,50,beta=0.0,beta0,129,Time per step,perf/time_per_step,41.23917303420603
ONPOLICY-SFT-Qwen3-1P7B-COLDSTART-FRAC50-CODE-KODCODE-CTX8K-S1-BETA0-V1_1783435522,50%,50,beta=0.0,beta0,130,HumanEval+ pass@1,val-core/HumanEval+/acc/pass@1,0.5060975609756098
ONPOLICY-SFT-Qwen3-1P7B-COLDSTART-FRAC50-CODE-KODCODE-CTX8K-S1-BETA0-V1_1783435522,50%,50,beta=0.0,beta0,130,MBPP+ pass@1,val-core/MBPP+/acc/pass@1,0.5582010582010583
ONPOLICY-SFT-Qwen3-1P7B-COLDSTART-FRAC50-CODE-KODCODE-CTX8K-S1-BETA0-V1_1783435522,50%,50,beta=0.0,beta0,130,LiveCodeBench pass@1,val-core/LiveCodeBench/acc/pass@1,0.21875
ONPOLICY-SFT-Qwen3-1P7B-COLDSTART-FRAC50-CODE-KODCODE-CTX8K-S1-BETA0-V1_1783435522,50%,50,beta=0.0,beta0,130,HumanEval+ extract fail,val-aux/HumanEval+/code_reward_extraction_fail/mean@1,0.0
ONPOLICY-SFT-Qwen3-1P7B-COLDSTART-FRAC50-CODE-KODCODE-CTX8K-S1-BETA0-V1_1783435522,50%,50,beta=0.0,beta0,130,MBPP+ extract fail,val-aux/MBPP+/code_reward_extraction_fail/mean@1,0.007936507936507936
ONPOLICY-SFT-Qwen3-1P7B-COLDSTART-FRAC50-CODE-KODCODE-CTX8K-S1-BETA0-V1_1783435522,50%,50,beta=0.0,beta0,130,LiveCodeBench extract fail,val-aux/LiveCodeBench/code_reward_extraction_fail/mean@1,0.0234375
ONPOLICY-SFT-Qwen3-1P7B-COLDSTART-FRAC50-CODE-KODCODE-CTX8K-S1-BETA0-V1_1783435522,50%,50,beta=0.0,beta0,130,Rollout correct ratio,wdl_sft/correct_ratio,0.4609375
ONPOLICY-SFT-Qwen3-1P7B-COLDSTART-FRAC50-CODE-KODCODE-CTX8K-S1-BETA0-V1_1783435522,50%,50,beta=0.0,beta0,130,Gradient norm,actor/grad_norm,8.47708797454834
ONPOLICY-SFT-Qwen3-1P7B-COLDSTART-FRAC50-CODE-KODCODE-CTX8K-S1-BETA0-V1_1783435522,50%,50,beta=0.0,beta0,130,Train score mean,critic/score/mean,-0.078125
ONPOLICY-SFT-Qwen3-1P7B-COLDSTART-FRAC50-CODE-KODCODE-CTX8K-S1-BETA0-V1_1783435522,50%,50,beta=0.0,beta0,130,Response length mean,response_length/mean,143.533203125
ONPOLICY-SFT-Qwen3-1P7B-COLDSTART-FRAC50-CODE-KODCODE-CTX8K-S1-BETA0-V1_1783435522,50%,50,beta=0.0,beta0,130,Time per step,perf/time_per_step,47.108214089646935
ONPOLICY-SFT-Qwen3-1P7B-COLDSTART-FRAC50-CODE-KODCODE-CTX8K-S1-BETA0-V1_1783435522,50%,50,beta=0.0,beta0,131,Rollout correct ratio,wdl_sft/correct_ratio,0.4140625
ONPOLICY-SFT-Qwen3-1P7B-COLDSTART-FRAC50-CODE-KODCODE-CTX8K-S1-BETA0-V1_1783435522,50%,50,beta=0.0,beta0,131,Gradient norm,actor/grad_norm,8.492734909057617
ONPOLICY-SFT-Qwen3-1P7B-COLDSTART-FRAC50-CODE-KODCODE-CTX8K-S1-BETA0-V1_1783435522,50%,50,beta=0.0,beta0,131,Train score mean,critic/score/mean,-0.171875
ONPOLICY-SFT-Qwen3-1P7B-COLDSTART-FRAC50-CODE-KODCODE-CTX8K-S1-BETA0-V1_1783435522,50%,50,beta=0.0,beta0,131,Response length mean,response_length/mean,159.681640625
ONPOLICY-SFT-Qwen3-1P7B-COLDSTART-FRAC50-CODE-KODCODE-CTX8K-S1-BETA0-V1_1783435522,50%,50,beta=0.0,beta0,131,Time per step,perf/time_per_step,41.61406068690121
ONPOLICY-SFT-Qwen3-1P7B-COLDSTART-FRAC50-CODE-KODCODE-CTX8K-S1-BETA0-V1_1783435522,50%,50,beta=0.0,beta0,132,Rollout correct ratio,wdl_sft/correct_ratio,0.41796875
ONPOLICY-SFT-Qwen3-1P7B-COLDSTART-FRAC50-CODE-KODCODE-CTX8K-S1-BETA0-V1_1783435522,50%,50,beta=0.0,beta0,132,Gradient norm,actor/grad_norm,8.8556489944458
ONPOLICY-SFT-Qwen3-1P7B-COLDSTART-FRAC50-CODE-KODCODE-CTX8K-S1-BETA0-V1_1783435522,50%,50,beta=0.0,beta0,132,Train score mean,critic/score/mean,-0.1640625
ONPOLICY-SFT-Qwen3-1P7B-COLDSTART-FRAC50-CODE-KODCODE-CTX8K-S1-BETA0-V1_1783435522,50%,50,beta=0.0,beta0,132,Response length mean,response_length/mean,159.134765625
ONPOLICY-SFT-Qwen3-1P7B-COLDSTART-FRAC50-CODE-KODCODE-CTX8K-S1-BETA0-V1_1783435522,50%,50,beta=0.0,beta0,132,Time per step,perf/time_per_step,41.6881091799587
ONPOLICY-SFT-Qwen3-1P7B-COLDSTART-FRAC50-CODE-KODCODE-CTX8K-S1-BETA0-V1_1783435522,50%,50,beta=0.0,beta0,133,Rollout correct ratio,wdl_sft/correct_ratio,0.3828125
ONPOLICY-SFT-Qwen3-1P7B-COLDSTART-FRAC50-CODE-KODCODE-CTX8K-S1-BETA0-V1_1783435522,50%,50,beta=0.0,beta0,133,Gradient norm,actor/grad_norm,10.39084529876709
ONPOLICY-SFT-Qwen3-1P7B-COLDSTART-FRAC50-CODE-KODCODE-CTX8K-S1-BETA0-V1_1783435522,50%,50,beta=0.0,beta0,133,Train score mean,critic/score/mean,-0.234375
ONPOLICY-SFT-Qwen3-1P7B-COLDSTART-FRAC50-CODE-KODCODE-CTX8K-S1-BETA0-V1_1783435522,50%,50,beta=0.0,beta0,133,Response length mean,response_length/mean,167.25390625
ONPOLICY-SFT-Qwen3-1P7B-COLDSTART-FRAC50-CODE-KODCODE-CTX8K-S1-BETA0-V1_1783435522,50%,50,beta=0.0,beta0,133,Time per step,perf/time_per_step,45.01999249961227
ONPOLICY-SFT-Qwen3-1P7B-COLDSTART-FRAC50-CODE-KODCODE-CTX8K-S1-BETA0-V1_1783435522,50%,50,beta=0.0,beta0,134,Rollout correct ratio,wdl_sft/correct_ratio,0.44140625
ONPOLICY-SFT-Qwen3-1P7B-COLDSTART-FRAC50-CODE-KODCODE-CTX8K-S1-BETA0-V1_1783435522,50%,50,beta=0.0,beta0,134,Gradient norm,actor/grad_norm,8.229801177978516
ONPOLICY-SFT-Qwen3-1P7B-COLDSTART-FRAC50-CODE-KODCODE-CTX8K-S1-BETA0-V1_1783435522,50%,50,beta=0.0,beta0,134,Train score mean,critic/score/mean,-0.1171875
ONPOLICY-SFT-Qwen3-1P7B-COLDSTART-FRAC50-CODE-KODCODE-CTX8K-S1-BETA0-V1_1783435522,50%,50,beta=0.0,beta0,134,Response length mean,response_length/mean,139.62109375
ONPOLICY-SFT-Qwen3-1P7B-COLDSTART-FRAC50-CODE-KODCODE-CTX8K-S1-BETA0-V1_1783435522,50%,50,beta=0.0,beta0,134,Time per step,perf/time_per_step,38.61027272325009
ONPOLICY-SFT-Qwen3-1P7B-COLDSTART-FRAC50-CODE-KODCODE-CTX8K-S1-BETA0-V1_1783435522,50%,50,beta=0.0,beta0,135,HumanEval+ pass@1,val-core/HumanEval+/acc/pass@1,0.5121951219512195
ONPOLICY-SFT-Qwen3-1P7B-COLDSTART-FRAC50-CODE-KODCODE-CTX8K-S1-BETA0-V1_1783435522,50%,50,beta=0.0,beta0,135,MBPP+ pass@1,val-core/MBPP+/acc/pass@1,0.5502645502645502
ONPOLICY-SFT-Qwen3-1P7B-COLDSTART-FRAC50-CODE-KODCODE-CTX8K-S1-BETA0-V1_1783435522,50%,50,beta=0.0,beta0,135,LiveCodeBench pass@1,val-core/LiveCodeBench/acc/pass@1,0.203125
ONPOLICY-SFT-Qwen3-1P7B-COLDSTART-FRAC50-CODE-KODCODE-CTX8K-S1-BETA0-V1_1783435522,50%,50,beta=0.0,beta0,135,HumanEval+ extract fail,val-aux/HumanEval+/code_reward_extraction_fail/mean@1,0.012195121951219513
ONPOLICY-SFT-Qwen3-1P7B-COLDSTART-FRAC50-CODE-KODCODE-CTX8K-S1-BETA0-V1_1783435522,50%,50,beta=0.0,beta0,135,MBPP+ extract fail,val-aux/MBPP+/code_reward_extraction_fail/mean@1,0.010582010582010581
ONPOLICY-SFT-Qwen3-1P7B-COLDSTART-FRAC50-CODE-KODCODE-CTX8K-S1-BETA0-V1_1783435522,50%,50,beta=0.0,beta0,135,LiveCodeBench extract fail,val-aux/LiveCodeBench/code_reward_extraction_fail/mean@1,0.03125
ONPOLICY-SFT-Qwen3-1P7B-COLDSTART-FRAC50-CODE-KODCODE-CTX8K-S1-BETA0-V1_1783435522,50%,50,beta=0.0,beta0,135,Rollout correct ratio,wdl_sft/correct_ratio,0.32421875
ONPOLICY-SFT-Qwen3-1P7B-COLDSTART-FRAC50-CODE-KODCODE-CTX8K-S1-BETA0-V1_1783435522,50%,50,beta=0.0,beta0,135,Gradient norm,actor/grad_norm,9.39427661895752
ONPOLICY-SFT-Qwen3-1P7B-COLDSTART-FRAC50-CODE-KODCODE-CTX8K-S1-BETA0-V1_1783435522,50%,50,beta=0.0,beta0,135,Train score mean,critic/score/mean,-0.3515625
ONPOLICY-SFT-Qwen3-1P7B-COLDSTART-FRAC50-CODE-KODCODE-CTX8K-S1-BETA0-V1_1783435522,50%,50,beta=0.0,beta0,135,Response length mean,response_length/mean,172.06640625
ONPOLICY-SFT-Qwen3-1P7B-COLDSTART-FRAC50-CODE-KODCODE-CTX8K-S1-BETA0-V1_1783435522,50%,50,beta=0.0,beta0,135,Time per step,perf/time_per_step,46.25893442425877
ONPOLICY-SFT-Qwen3-1P7B-COLDSTART-FRAC50-CODE-KODCODE-CTX8K-S1-BETA0-V1_1783435522,50%,50,beta=0.0,beta0,136,Rollout correct ratio,wdl_sft/correct_ratio,0.40234375
ONPOLICY-SFT-Qwen3-1P7B-COLDSTART-FRAC50-CODE-KODCODE-CTX8K-S1-BETA0-V1_1783435522,50%,50,beta=0.0,beta0,136,Gradient norm,actor/grad_norm,11.012922286987305
ONPOLICY-SFT-Qwen3-1P7B-COLDSTART-FRAC50-CODE-KODCODE-CTX8K-S1-BETA0-V1_1783435522,50%,50,beta=0.0,beta0,136,Train score mean,critic/score/mean,-0.1953125
ONPOLICY-SFT-Qwen3-1P7B-COLDSTART-FRAC50-CODE-KODCODE-CTX8K-S1-BETA0-V1_1783435522,50%,50,beta=0.0,beta0,136,Response length mean,response_length/mean,159.96484375
ONPOLICY-SFT-Qwen3-1P7B-COLDSTART-FRAC50-CODE-KODCODE-CTX8K-S1-BETA0-V1_1783435522,50%,50,beta=0.0,beta0,136,Time per step,perf/time_per_step,42.85105852596462
ONPOLICY-SFT-Qwen3-1P7B-COLDSTART-FRAC50-CODE-KODCODE-CTX8K-S1-BETA0-V1_1783435522,50%,50,beta=0.0,beta0,137,Rollout correct ratio,wdl_sft/correct_ratio,0.361328125
ONPOLICY-SFT-Qwen3-1P7B-COLDSTART-FRAC50-CODE-KODCODE-CTX8K-S1-BETA0-V1_1783435522,50%,50,beta=0.0,beta0,137,Gradient norm,actor/grad_norm,9.455489158630371
ONPOLICY-SFT-Qwen3-1P7B-COLDSTART-FRAC50-CODE-KODCODE-CTX8K-S1-BETA0-V1_1783435522,50%,50,beta=0.0,beta0,137,Train score mean,critic/score/mean,-0.27734375
ONPOLICY-SFT-Qwen3-1P7B-COLDSTART-FRAC50-CODE-KODCODE-CTX8K-S1-BETA0-V1_1783435522,50%,50,beta=0.0,beta0,137,Response length mean,response_length/mean,150.92578125
ONPOLICY-SFT-Qwen3-1P7B-COLDSTART-FRAC50-CODE-KODCODE-CTX8K-S1-BETA0-V1_1783435522,50%,50,beta=0.0,beta0,137,Time per step,perf/time_per_step,44.80742829758674
ONPOLICY-SFT-Qwen3-1P7B-COLDSTART-FRAC50-CODE-KODCODE-CTX8K-S1-BETA0-V1_1783435522,50%,50,beta=0.0,beta0,138,Rollout correct ratio,wdl_sft/correct_ratio,0.42578125
ONPOLICY-SFT-Qwen3-1P7B-COLDSTART-FRAC50-CODE-KODCODE-CTX8K-S1-BETA0-V1_1783435522,50%,50,beta=0.0,beta0,138,Gradient norm,actor/grad_norm,8.327472686767578
ONPOLICY-SFT-Qwen3-1P7B-COLDSTART-FRAC50-CODE-KODCODE-CTX8K-S1-BETA0-V1_1783435522,50%,50,beta=0.0,beta0,138,Train score mean,critic/score/mean,-0.1484375
ONPOLICY-SFT-Qwen3-1P7B-COLDSTART-FRAC50-CODE-KODCODE-CTX8K-S1-BETA0-V1_1783435522,50%,50,beta=0.0,beta0,138,Response length mean,response_length/mean,163.47265625
ONPOLICY-SFT-Qwen3-1P7B-COLDSTART-FRAC50-CODE-KODCODE-CTX8K-S1-BETA0-V1_1783435522,50%,50,beta=0.0,beta0,138,Time per step,perf/time_per_step,40.601622809655964
ONPOLICY-SFT-Qwen3-1P7B-COLDSTART-FRAC50-CODE-KODCODE-CTX8K-S1-BETA0-V1_1783435522,50%,50,beta=0.0,beta0,139,Rollout correct ratio,wdl_sft/correct_ratio,0.453125
ONPOLICY-SFT-Qwen3-1P7B-COLDSTART-FRAC50-CODE-KODCODE-CTX8K-S1-BETA0-V1_1783435522,50%,50,beta=0.0,beta0,139,Gradient norm,actor/grad_norm,8.785050392150879
ONPOLICY-SFT-Qwen3-1P7B-COLDSTART-FRAC50-CODE-KODCODE-CTX8K-S1-BETA0-V1_1783435522,50%,50,beta=0.0,beta0,139,Train score mean,critic/score/mean,-0.09375
ONPOLICY-SFT-Qwen3-1P7B-COLDSTART-FRAC50-CODE-KODCODE-CTX8K-S1-BETA0-V1_1783435522,50%,50,beta=0.0,beta0,139,Response length mean,response_length/mean,165.11328125
ONPOLICY-SFT-Qwen3-1P7B-COLDSTART-FRAC50-CODE-KODCODE-CTX8K-S1-BETA0-V1_1783435522,50%,50,beta=0.0,beta0,139,Time per step,perf/time_per_step,40.295796709135175
ONPOLICY-SFT-Qwen3-1P7B-COLDSTART-FRAC50-CODE-KODCODE-CTX8K-S1-BETA0-V1_1783435522,50%,50,beta=0.0,beta0,140,HumanEval+ pass@1,val-core/HumanEval+/acc/pass@1,0.5121951219512195
ONPOLICY-SFT-Qwen3-1P7B-COLDSTART-FRAC50-CODE-KODCODE-CTX8K-S1-BETA0-V1_1783435522,50%,50,beta=0.0,beta0,140,MBPP+ pass@1,val-core/MBPP+/acc/pass@1,0.5529100529100529
ONPOLICY-SFT-Qwen3-1P7B-COLDSTART-FRAC50-CODE-KODCODE-CTX8K-S1-BETA0-V1_1783435522,50%,50,beta=0.0,beta0,140,LiveCodeBench pass@1,val-core/LiveCodeBench/acc/pass@1,0.2109375
ONPOLICY-SFT-Qwen3-1P7B-COLDSTART-FRAC50-CODE-KODCODE-CTX8K-S1-BETA0-V1_1783435522,50%,50,beta=0.0,beta0,140,HumanEval+ extract fail,val-aux/HumanEval+/code_reward_extraction_fail/mean@1,0.006097560975609756
ONPOLICY-SFT-Qwen3-1P7B-COLDSTART-FRAC50-CODE-KODCODE-CTX8K-S1-BETA0-V1_1783435522,50%,50,beta=0.0,beta0,140,MBPP+ extract fail,val-aux/MBPP+/code_reward_extraction_fail/mean@1,0.0026455026455026454
ONPOLICY-SFT-Qwen3-1P7B-COLDSTART-FRAC50-CODE-KODCODE-CTX8K-S1-BETA0-V1_1783435522,50%,50,beta=0.0,beta0,140,LiveCodeBench extract fail,val-aux/LiveCodeBench/code_reward_extraction_fail/mean@1,0.03125
ONPOLICY-SFT-Qwen3-1P7B-COLDSTART-FRAC50-CODE-KODCODE-CTX8K-S1-BETA0-V1_1783435522,50%,50,beta=0.0,beta0,140,Rollout correct ratio,wdl_sft/correct_ratio,0.427734375
ONPOLICY-SFT-Qwen3-1P7B-COLDSTART-FRAC50-CODE-KODCODE-CTX8K-S1-BETA0-V1_1783435522,50%,50,beta=0.0,beta0,140,Gradient norm,actor/grad_norm,8.809554100036621
ONPOLICY-SFT-Qwen3-1P7B-COLDSTART-FRAC50-CODE-KODCODE-CTX8K-S1-BETA0-V1_1783435522,50%,50,beta=0.0,beta0,140,Train score mean,critic/score/mean,-0.14453125
ONPOLICY-SFT-Qwen3-1P7B-COLDSTART-FRAC50-CODE-KODCODE-CTX8K-S1-BETA0-V1_1783435522,50%,50,beta=0.0,beta0,140,Response length mean,response_length/mean,149.515625
ONPOLICY-SFT-Qwen3-1P7B-COLDSTART-FRAC50-CODE-KODCODE-CTX8K-S1-BETA0-V1_1783435522,50%,50,beta=0.0,beta0,140,Time per step,perf/time_per_step,69.30263574887067
ONPOLICY-SFT-Qwen3-1P7B-COLDSTART-FRAC50-CODE-KODCODE-CTX8K-S1-BETA0-V1_1783435522,50%,50,beta=0.0,beta0,141,Rollout correct ratio,wdl_sft/correct_ratio,0.46875
ONPOLICY-SFT-Qwen3-1P7B-COLDSTART-FRAC50-CODE-KODCODE-CTX8K-S1-BETA0-V1_1783435522,50%,50,beta=0.0,beta0,141,Gradient norm,actor/grad_norm,8.567657470703125
ONPOLICY-SFT-Qwen3-1P7B-COLDSTART-FRAC50-CODE-KODCODE-CTX8K-S1-BETA0-V1_1783435522,50%,50,beta=0.0,beta0,141,Train score mean,critic/score/mean,-0.0625
ONPOLICY-SFT-Qwen3-1P7B-COLDSTART-FRAC50-CODE-KODCODE-CTX8K-S1-BETA0-V1_1783435522,50%,50,beta=0.0,beta0,141,Response length mean,response_length/mean,152.14453125
ONPOLICY-SFT-Qwen3-1P7B-COLDSTART-FRAC50-CODE-KODCODE-CTX8K-S1-BETA0-V1_1783435522,50%,50,beta=0.0,beta0,141,Time per step,perf/time_per_step,42.79206919763237
ONPOLICY-SFT-Qwen3-1P7B-COLDSTART-FRAC50-CODE-KODCODE-CTX8K-S1-BETA0-V1_1783435522,50%,50,beta=0.0,beta0,142,Rollout correct ratio,wdl_sft/correct_ratio,0.427734375
ONPOLICY-SFT-Qwen3-1P7B-COLDSTART-FRAC50-CODE-KODCODE-CTX8K-S1-BETA0-V1_1783435522,50%,50,beta=0.0,beta0,142,Gradient norm,actor/grad_norm,9.037095069885254
ONPOLICY-SFT-Qwen3-1P7B-COLDSTART-FRAC50-CODE-KODCODE-CTX8K-S1-BETA0-V1_1783435522,50%,50,beta=0.0,beta0,142,Train score mean,critic/score/mean,-0.14453125
ONPOLICY-SFT-Qwen3-1P7B-COLDSTART-FRAC50-CODE-KODCODE-CTX8K-S1-BETA0-V1_1783435522,50%,50,beta=0.0,beta0,142,Response length mean,response_length/mean,172.025390625
ONPOLICY-SFT-Qwen3-1P7B-COLDSTART-FRAC50-CODE-KODCODE-CTX8K-S1-BETA0-V1_1783435522,50%,50,beta=0.0,beta0,142,Time per step,perf/time_per_step,42.405577909201384
ONPOLICY-SFT-Qwen3-1P7B-COLDSTART-FRAC50-CODE-KODCODE-CTX8K-S1-BETA0-V1_1783435522,50%,50,beta=0.0,beta0,143,Rollout correct ratio,wdl_sft/correct_ratio,0.447265625
ONPOLICY-SFT-Qwen3-1P7B-COLDSTART-FRAC50-CODE-KODCODE-CTX8K-S1-BETA0-V1_1783435522,50%,50,beta=0.0,beta0,143,Gradient norm,actor/grad_norm,8.462257385253906
ONPOLICY-SFT-Qwen3-1P7B-COLDSTART-FRAC50-CODE-KODCODE-CTX8K-S1-BETA0-V1_1783435522,50%,50,beta=0.0,beta0,143,Train score mean,critic/score/mean,-0.10546875
ONPOLICY-SFT-Qwen3-1P7B-COLDSTART-FRAC50-CODE-KODCODE-CTX8K-S1-BETA0-V1_1783435522,50%,50,beta=0.0,beta0,143,Response length mean,response_length/mean,154.001953125
ONPOLICY-SFT-Qwen3-1P7B-COLDSTART-FRAC50-CODE-KODCODE-CTX8K-S1-BETA0-V1_1783435522,50%,50,beta=0.0,beta0,143,Time per step,perf/time_per_step,40.49276135675609
ONPOLICY-SFT-Qwen3-1P7B-COLDSTART-FRAC50-CODE-KODCODE-CTX8K-S1-BETA0-V1_1783435522,50%,50,beta=0.0,beta0,144,Rollout correct ratio,wdl_sft/correct_ratio,0.4375
ONPOLICY-SFT-Qwen3-1P7B-COLDSTART-FRAC50-CODE-KODCODE-CTX8K-S1-BETA0-V1_1783435522,50%,50,beta=0.0,beta0,144,Gradient norm,actor/grad_norm,8.280153274536133
ONPOLICY-SFT-Qwen3-1P7B-COLDSTART-FRAC50-CODE-KODCODE-CTX8K-S1-BETA0-V1_1783435522,50%,50,beta=0.0,beta0,144,Train score mean,critic/score/mean,-0.125
ONPOLICY-SFT-Qwen3-1P7B-COLDSTART-FRAC50-CODE-KODCODE-CTX8K-S1-BETA0-V1_1783435522,50%,50,beta=0.0,beta0,144,Response length mean,response_length/mean,156.69921875
ONPOLICY-SFT-Qwen3-1P7B-COLDSTART-FRAC50-CODE-KODCODE-CTX8K-S1-BETA0-V1_1783435522,50%,50,beta=0.0,beta0,144,Time per step,perf/time_per_step,40.688894007354975
ONPOLICY-SFT-Qwen3-1P7B-COLDSTART-FRAC50-CODE-KODCODE-CTX8K-S1-BETA0-V1_1783435522,50%,50,beta=0.0,beta0,145,HumanEval+ pass@1,val-core/HumanEval+/acc/pass@1,0.49390243902439024
ONPOLICY-SFT-Qwen3-1P7B-COLDSTART-FRAC50-CODE-KODCODE-CTX8K-S1-BETA0-V1_1783435522,50%,50,beta=0.0,beta0,145,MBPP+ pass@1,val-core/MBPP+/acc/pass@1,0.5634920634920635
ONPOLICY-SFT-Qwen3-1P7B-COLDSTART-FRAC50-CODE-KODCODE-CTX8K-S1-BETA0-V1_1783435522,50%,50,beta=0.0,beta0,145,LiveCodeBench pass@1,val-core/LiveCodeBench/acc/pass@1,0.203125
ONPOLICY-SFT-Qwen3-1P7B-COLDSTART-FRAC50-CODE-KODCODE-CTX8K-S1-BETA0-V1_1783435522,50%,50,beta=0.0,beta0,145,HumanEval+ extract fail,val-aux/HumanEval+/code_reward_extraction_fail/mean@1,0.012195121951219513
ONPOLICY-SFT-Qwen3-1P7B-COLDSTART-FRAC50-CODE-KODCODE-CTX8K-S1-BETA0-V1_1783435522,50%,50,beta=0.0,beta0,145,MBPP+ extract fail,val-aux/MBPP+/code_reward_extraction_fail/mean@1,0.0026455026455026454
ONPOLICY-SFT-Qwen3-1P7B-COLDSTART-FRAC50-CODE-KODCODE-CTX8K-S1-BETA0-V1_1783435522,50%,50,beta=0.0,beta0,145,LiveCodeBench extract fail,val-aux/LiveCodeBench/code_reward_extraction_fail/mean@1,0.03125
ONPOLICY-SFT-Qwen3-1P7B-COLDSTART-FRAC50-CODE-KODCODE-CTX8K-S1-BETA0-V1_1783435522,50%,50,beta=0.0,beta0,145,Rollout correct ratio,wdl_sft/correct_ratio,0.37890625
ONPOLICY-SFT-Qwen3-1P7B-COLDSTART-FRAC50-CODE-KODCODE-CTX8K-S1-BETA0-V1_1783435522,50%,50,beta=0.0,beta0,145,Gradient norm,actor/grad_norm,10.268343925476074
ONPOLICY-SFT-Qwen3-1P7B-COLDSTART-FRAC50-CODE-KODCODE-CTX8K-S1-BETA0-V1_1783435522,50%,50,beta=0.0,beta0,145,Train score mean,critic/score/mean,-0.2421875
ONPOLICY-SFT-Qwen3-1P7B-COLDSTART-FRAC50-CODE-KODCODE-CTX8K-S1-BETA0-V1_1783435522,50%,50,beta=0.0,beta0,145,Response length mean,response_length/mean,165.880859375
ONPOLICY-SFT-Qwen3-1P7B-COLDSTART-FRAC50-CODE-KODCODE-CTX8K-S1-BETA0-V1_1783435522,50%,50,beta=0.0,beta0,145,Time per step,perf/time_per_step,48.04934612940997
ONPOLICY-SFT-Qwen3-1P7B-COLDSTART-FRAC50-CODE-KODCODE-CTX8K-S1-BETA0-V1_1783435522,50%,50,beta=0.0,beta0,146,Rollout correct ratio,wdl_sft/correct_ratio,0.328125
ONPOLICY-SFT-Qwen3-1P7B-COLDSTART-FRAC50-CODE-KODCODE-CTX8K-S1-BETA0-V1_1783435522,50%,50,beta=0.0,beta0,146,Gradient norm,actor/grad_norm,12.014873504638672
ONPOLICY-SFT-Qwen3-1P7B-COLDSTART-FRAC50-CODE-KODCODE-CTX8K-S1-BETA0-V1_1783435522,50%,50,beta=0.0,beta0,146,Train score mean,critic/score/mean,-0.34375
ONPOLICY-SFT-Qwen3-1P7B-COLDSTART-FRAC50-CODE-KODCODE-CTX8K-S1-BETA0-V1_1783435522,50%,50,beta=0.0,beta0,146,Response length mean,response_length/mean,169.318359375
ONPOLICY-SFT-Qwen3-1P7B-COLDSTART-FRAC50-CODE-KODCODE-CTX8K-S1-BETA0-V1_1783435522,50%,50,beta=0.0,beta0,146,Time per step,perf/time_per_step,41.19763557147235
ONPOLICY-SFT-Qwen3-1P7B-COLDSTART-FRAC50-CODE-KODCODE-CTX8K-S1-BETA0-V1_1783435522,50%,50,beta=0.0,beta0,147,Rollout correct ratio,wdl_sft/correct_ratio,0.455078125
ONPOLICY-SFT-Qwen3-1P7B-COLDSTART-FRAC50-CODE-KODCODE-CTX8K-S1-BETA0-V1_1783435522,50%,50,beta=0.0,beta0,147,Gradient norm,actor/grad_norm,8.687779426574707
ONPOLICY-SFT-Qwen3-1P7B-COLDSTART-FRAC50-CODE-KODCODE-CTX8K-S1-BETA0-V1_1783435522,50%,50,beta=0.0,beta0,147,Train score mean,critic/score/mean,-0.08984375
ONPOLICY-SFT-Qwen3-1P7B-COLDSTART-FRAC50-CODE-KODCODE-CTX8K-S1-BETA0-V1_1783435522,50%,50,beta=0.0,beta0,147,Response length mean,response_length/mean,167.654296875
ONPOLICY-SFT-Qwen3-1P7B-COLDSTART-FRAC50-CODE-KODCODE-CTX8K-S1-BETA0-V1_1783435522,50%,50,beta=0.0,beta0,147,Time per step,perf/time_per_step,40.44223209377378
ONPOLICY-SFT-Qwen3-1P7B-COLDSTART-FRAC50-CODE-KODCODE-CTX8K-S1-BETA0-V1_1783435522,50%,50,beta=0.0,beta0,148,Rollout correct ratio,wdl_sft/correct_ratio,0.439453125
ONPOLICY-SFT-Qwen3-1P7B-COLDSTART-FRAC50-CODE-KODCODE-CTX8K-S1-BETA0-V1_1783435522,50%,50,beta=0.0,beta0,148,Gradient norm,actor/grad_norm,8.979252815246582
ONPOLICY-SFT-Qwen3-1P7B-COLDSTART-FRAC50-CODE-KODCODE-CTX8K-S1-BETA0-V1_1783435522,50%,50,beta=0.0,beta0,148,Train score mean,critic/score/mean,-0.12109375
ONPOLICY-SFT-Qwen3-1P7B-COLDSTART-FRAC50-CODE-KODCODE-CTX8K-S1-BETA0-V1_1783435522,50%,50,beta=0.0,beta0,148,Response length mean,response_length/mean,172.4453125
ONPOLICY-SFT-Qwen3-1P7B-COLDSTART-FRAC50-CODE-KODCODE-CTX8K-S1-BETA0-V1_1783435522,50%,50,beta=0.0,beta0,148,Time per step,perf/time_per_step,41.865740375593305
ONPOLICY-SFT-Qwen3-1P7B-COLDSTART-FRAC50-CODE-KODCODE-CTX8K-S1-BETA0-V1_1783435522,50%,50,beta=0.0,beta0,149,Rollout correct ratio,wdl_sft/correct_ratio,0.330078125
ONPOLICY-SFT-Qwen3-1P7B-COLDSTART-FRAC50-CODE-KODCODE-CTX8K-S1-BETA0-V1_1783435522,50%,50,beta=0.0,beta0,149,Gradient norm,actor/grad_norm,10.438698768615723
ONPOLICY-SFT-Qwen3-1P7B-COLDSTART-FRAC50-CODE-KODCODE-CTX8K-S1-BETA0-V1_1783435522,50%,50,beta=0.0,beta0,149,Train score mean,critic/score/mean,-0.33984375
ONPOLICY-SFT-Qwen3-1P7B-COLDSTART-FRAC50-CODE-KODCODE-CTX8K-S1-BETA0-V1_1783435522,50%,50,beta=0.0,beta0,149,Response length mean,response_length/mean,184.30859375
ONPOLICY-SFT-Qwen3-1P7B-COLDSTART-FRAC50-CODE-KODCODE-CTX8K-S1-BETA0-V1_1783435522,50%,50,beta=0.0,beta0,149,Time per step,perf/time_per_step,66.20436653401703
ONPOLICY-SFT-Qwen3-1P7B-COLDSTART-FRAC50-CODE-KODCODE-CTX8K-S1-BETA0-V1_1783435522,50%,50,beta=0.0,beta0,150,HumanEval+ pass@1,val-core/HumanEval+/acc/pass@1,0.5060975609756098
ONPOLICY-SFT-Qwen3-1P7B-COLDSTART-FRAC50-CODE-KODCODE-CTX8K-S1-BETA0-V1_1783435522,50%,50,beta=0.0,beta0,150,MBPP+ pass@1,val-core/MBPP+/acc/pass@1,0.5502645502645502
ONPOLICY-SFT-Qwen3-1P7B-COLDSTART-FRAC50-CODE-KODCODE-CTX8K-S1-BETA0-V1_1783435522,50%,50,beta=0.0,beta0,150,LiveCodeBench pass@1,val-core/LiveCodeBench/acc/pass@1,0.1953125
ONPOLICY-SFT-Qwen3-1P7B-COLDSTART-FRAC50-CODE-KODCODE-CTX8K-S1-BETA0-V1_1783435522,50%,50,beta=0.0,beta0,150,HumanEval+ extract fail,val-aux/HumanEval+/code_reward_extraction_fail/mean@1,0.0
ONPOLICY-SFT-Qwen3-1P7B-COLDSTART-FRAC50-CODE-KODCODE-CTX8K-S1-BETA0-V1_1783435522,50%,50,beta=0.0,beta0,150,MBPP+ extract fail,val-aux/MBPP+/code_reward_extraction_fail/mean@1,0.007936507936507936
ONPOLICY-SFT-Qwen3-1P7B-COLDSTART-FRAC50-CODE-KODCODE-CTX8K-S1-BETA0-V1_1783435522,50%,50,beta=0.0,beta0,150,LiveCodeBench extract fail,val-aux/LiveCodeBench/code_reward_extraction_fail/mean@1,0.015625
ONPOLICY-SFT-Qwen3-1P7B-COLDSTART-FRAC50-CODE-KODCODE-CTX8K-S1-BETA0-V1_1783435522,50%,50,beta=0.0,beta0,150,Rollout correct ratio,wdl_sft/correct_ratio,0.37109375
ONPOLICY-SFT-Qwen3-1P7B-COLDSTART-FRAC50-CODE-KODCODE-CTX8K-S1-BETA0-V1_1783435522,50%,50,beta=0.0,beta0,150,Gradient norm,actor/grad_norm,10.091022491455078
ONPOLICY-SFT-Qwen3-1P7B-COLDSTART-FRAC50-CODE-KODCODE-CTX8K-S1-BETA0-V1_1783435522,50%,50,beta=0.0,beta0,150,Train score mean,critic/score/mean,-0.2578125
ONPOLICY-SFT-Qwen3-1P7B-COLDSTART-FRAC50-CODE-KODCODE-CTX8K-S1-BETA0-V1_1783435522,50%,50,beta=0.0,beta0,150,Response length mean,response_length/mean,176.60546875
ONPOLICY-SFT-Qwen3-1P7B-COLDSTART-FRAC50-CODE-KODCODE-CTX8K-S1-BETA0-V1_1783435522,50%,50,beta=0.0,beta0,150,Time per step,perf/time_per_step,45.08993040304631
ONPOLICY-SFT-Qwen3-1P7B-COLDSTART-FRAC50-CODE-KODCODE-CTX8K-S1-BETA01-V1_1783444888,50%,50,beta=0.1,beta01,0,HumanEval+ pass@1,val-core/HumanEval+/acc/pass@1,0.49390243902439024
ONPOLICY-SFT-Qwen3-1P7B-COLDSTART-FRAC50-CODE-KODCODE-CTX8K-S1-BETA01-V1_1783444888,50%,50,beta=0.1,beta01,0,MBPP+ pass@1,val-core/MBPP+/acc/pass@1,0.5264550264550265
ONPOLICY-SFT-Qwen3-1P7B-COLDSTART-FRAC50-CODE-KODCODE-CTX8K-S1-BETA01-V1_1783444888,50%,50,beta=0.1,beta01,0,LiveCodeBench pass@1,val-core/LiveCodeBench/acc/pass@1,0.1953125
ONPOLICY-SFT-Qwen3-1P7B-COLDSTART-FRAC50-CODE-KODCODE-CTX8K-S1-BETA01-V1_1783444888,50%,50,beta=0.1,beta01,0,HumanEval+ extract fail,val-aux/HumanEval+/code_reward_extraction_fail/mean@1,0.006097560975609756
ONPOLICY-SFT-Qwen3-1P7B-COLDSTART-FRAC50-CODE-KODCODE-CTX8K-S1-BETA01-V1_1783444888,50%,50,beta=0.1,beta01,0,MBPP+ extract fail,val-aux/MBPP+/code_reward_extraction_fail/mean@1,0.0026455026455026454
ONPOLICY-SFT-Qwen3-1P7B-COLDSTART-FRAC50-CODE-KODCODE-CTX8K-S1-BETA01-V1_1783444888,50%,50,beta=0.1,beta01,0,LiveCodeBench extract fail,val-aux/LiveCodeBench/code_reward_extraction_fail/mean@1,0.015625
ONPOLICY-SFT-Qwen3-1P7B-COLDSTART-FRAC50-CODE-KODCODE-CTX8K-S1-BETA01-V1_1783444888,50%,50,beta=0.1,beta01,1,Rollout correct ratio,wdl_sft/correct_ratio,0.3359375
ONPOLICY-SFT-Qwen3-1P7B-COLDSTART-FRAC50-CODE-KODCODE-CTX8K-S1-BETA01-V1_1783444888,50%,50,beta=0.1,beta01,1,Gradient norm,actor/grad_norm,10.244242668151855
ONPOLICY-SFT-Qwen3-1P7B-COLDSTART-FRAC50-CODE-KODCODE-CTX8K-S1-BETA01-V1_1783444888,50%,50,beta=0.1,beta01,1,Train score mean,critic/score/mean,-0.328125
ONPOLICY-SFT-Qwen3-1P7B-COLDSTART-FRAC50-CODE-KODCODE-CTX8K-S1-BETA01-V1_1783444888,50%,50,beta=0.1,beta01,1,Response length mean,response_length/mean,153.828125
ONPOLICY-SFT-Qwen3-1P7B-COLDSTART-FRAC50-CODE-KODCODE-CTX8K-S1-BETA01-V1_1783444888,50%,50,beta=0.1,beta01,1,Time per step,perf/time_per_step,42.07299554999918
ONPOLICY-SFT-Qwen3-1P7B-COLDSTART-FRAC50-CODE-KODCODE-CTX8K-S1-BETA01-V1_1783444888,50%,50,beta=0.1,beta01,2,Rollout correct ratio,wdl_sft/correct_ratio,0.408203125
ONPOLICY-SFT-Qwen3-1P7B-COLDSTART-FRAC50-CODE-KODCODE-CTX8K-S1-BETA01-V1_1783444888,50%,50,beta=0.1,beta01,2,Gradient norm,actor/grad_norm,9.033228874206543
ONPOLICY-SFT-Qwen3-1P7B-COLDSTART-FRAC50-CODE-KODCODE-CTX8K-S1-BETA01-V1_1783444888,50%,50,beta=0.1,beta01,2,Train score mean,critic/score/mean,-0.18359375
ONPOLICY-SFT-Qwen3-1P7B-COLDSTART-FRAC50-CODE-KODCODE-CTX8K-S1-BETA01-V1_1783444888,50%,50,beta=0.1,beta01,2,Response length mean,response_length/mean,156.57421875
ONPOLICY-SFT-Qwen3-1P7B-COLDSTART-FRAC50-CODE-KODCODE-CTX8K-S1-BETA01-V1_1783444888,50%,50,beta=0.1,beta01,2,Time per step,perf/time_per_step,43.26962955482304
ONPOLICY-SFT-Qwen3-1P7B-COLDSTART-FRAC50-CODE-KODCODE-CTX8K-S1-BETA01-V1_1783444888,50%,50,beta=0.1,beta01,3,Rollout correct ratio,wdl_sft/correct_ratio,0.42578125
ONPOLICY-SFT-Qwen3-1P7B-COLDSTART-FRAC50-CODE-KODCODE-CTX8K-S1-BETA01-V1_1783444888,50%,50,beta=0.1,beta01,3,Gradient norm,actor/grad_norm,8.698351860046387
ONPOLICY-SFT-Qwen3-1P7B-COLDSTART-FRAC50-CODE-KODCODE-CTX8K-S1-BETA01-V1_1783444888,50%,50,beta=0.1,beta01,3,Train score mean,critic/score/mean,-0.1484375
ONPOLICY-SFT-Qwen3-1P7B-COLDSTART-FRAC50-CODE-KODCODE-CTX8K-S1-BETA01-V1_1783444888,50%,50,beta=0.1,beta01,3,Response length mean,response_length/mean,173.53515625
ONPOLICY-SFT-Qwen3-1P7B-COLDSTART-FRAC50-CODE-KODCODE-CTX8K-S1-BETA01-V1_1783444888,50%,50,beta=0.1,beta01,3,Time per step,perf/time_per_step,42.183439990505576
ONPOLICY-SFT-Qwen3-1P7B-COLDSTART-FRAC50-CODE-KODCODE-CTX8K-S1-BETA01-V1_1783444888,50%,50,beta=0.1,beta01,4,Rollout correct ratio,wdl_sft/correct_ratio,0.357421875
ONPOLICY-SFT-Qwen3-1P7B-COLDSTART-FRAC50-CODE-KODCODE-CTX8K-S1-BETA01-V1_1783444888,50%,50,beta=0.1,beta01,4,Gradient norm,actor/grad_norm,10.47437572479248
ONPOLICY-SFT-Qwen3-1P7B-COLDSTART-FRAC50-CODE-KODCODE-CTX8K-S1-BETA01-V1_1783444888,50%,50,beta=0.1,beta01,4,Train score mean,critic/score/mean,-0.28515625
ONPOLICY-SFT-Qwen3-1P7B-COLDSTART-FRAC50-CODE-KODCODE-CTX8K-S1-BETA01-V1_1783444888,50%,50,beta=0.1,beta01,4,Response length mean,response_length/mean,159.31640625
ONPOLICY-SFT-Qwen3-1P7B-COLDSTART-FRAC50-CODE-KODCODE-CTX8K-S1-BETA01-V1_1783444888,50%,50,beta=0.1,beta01,4,Time per step,perf/time_per_step,41.186073993332684
ONPOLICY-SFT-Qwen3-1P7B-COLDSTART-FRAC50-CODE-KODCODE-CTX8K-S1-BETA01-V1_1783444888,50%,50,beta=0.1,beta01,5,HumanEval+ pass@1,val-core/HumanEval+/acc/pass@1,0.5121951219512195
ONPOLICY-SFT-Qwen3-1P7B-COLDSTART-FRAC50-CODE-KODCODE-CTX8K-S1-BETA01-V1_1783444888,50%,50,beta=0.1,beta01,5,MBPP+ pass@1,val-core/MBPP+/acc/pass@1,0.5264550264550265
ONPOLICY-SFT-Qwen3-1P7B-COLDSTART-FRAC50-CODE-KODCODE-CTX8K-S1-BETA01-V1_1783444888,50%,50,beta=0.1,beta01,5,LiveCodeBench pass@1,val-core/LiveCodeBench/acc/pass@1,0.171875
ONPOLICY-SFT-Qwen3-1P7B-COLDSTART-FRAC50-CODE-KODCODE-CTX8K-S1-BETA01-V1_1783444888,50%,50,beta=0.1,beta01,5,HumanEval+ extract fail,val-aux/HumanEval+/code_reward_extraction_fail/mean@1,0.012195121951219513
ONPOLICY-SFT-Qwen3-1P7B-COLDSTART-FRAC50-CODE-KODCODE-CTX8K-S1-BETA01-V1_1783444888,50%,50,beta=0.1,beta01,5,MBPP+ extract fail,val-aux/MBPP+/code_reward_extraction_fail/mean@1,0.0026455026455026454
ONPOLICY-SFT-Qwen3-1P7B-COLDSTART-FRAC50-CODE-KODCODE-CTX8K-S1-BETA01-V1_1783444888,50%,50,beta=0.1,beta01,5,LiveCodeBench extract fail,val-aux/LiveCodeBench/code_reward_extraction_fail/mean@1,0.03125
ONPOLICY-SFT-Qwen3-1P7B-COLDSTART-FRAC50-CODE-KODCODE-CTX8K-S1-BETA01-V1_1783444888,50%,50,beta=0.1,beta01,5,Rollout correct ratio,wdl_sft/correct_ratio,0.412109375
ONPOLICY-SFT-Qwen3-1P7B-COLDSTART-FRAC50-CODE-KODCODE-CTX8K-S1-BETA01-V1_1783444888,50%,50,beta=0.1,beta01,5,Gradient norm,actor/grad_norm,8.94643497467041
ONPOLICY-SFT-Qwen3-1P7B-COLDSTART-FRAC50-CODE-KODCODE-CTX8K-S1-BETA01-V1_1783444888,50%,50,beta=0.1,beta01,5,Train score mean,critic/score/mean,-0.17578125
ONPOLICY-SFT-Qwen3-1P7B-COLDSTART-FRAC50-CODE-KODCODE-CTX8K-S1-BETA01-V1_1783444888,50%,50,beta=0.1,beta01,5,Response length mean,response_length/mean,151.8984375
ONPOLICY-SFT-Qwen3-1P7B-COLDSTART-FRAC50-CODE-KODCODE-CTX8K-S1-BETA01-V1_1783444888,50%,50,beta=0.1,beta01,5,Time per step,perf/time_per_step,46.32977254781872
ONPOLICY-SFT-Qwen3-1P7B-COLDSTART-FRAC50-CODE-KODCODE-CTX8K-S1-BETA01-V1_1783444888,50%,50,beta=0.1,beta01,6,Rollout correct ratio,wdl_sft/correct_ratio,0.373046875
ONPOLICY-SFT-Qwen3-1P7B-COLDSTART-FRAC50-CODE-KODCODE-CTX8K-S1-BETA01-V1_1783444888,50%,50,beta=0.1,beta01,6,Gradient norm,actor/grad_norm,9.501689910888672
ONPOLICY-SFT-Qwen3-1P7B-COLDSTART-FRAC50-CODE-KODCODE-CTX8K-S1-BETA01-V1_1783444888,50%,50,beta=0.1,beta01,6,Train score mean,critic/score/mean,-0.25390625
ONPOLICY-SFT-Qwen3-1P7B-COLDSTART-FRAC50-CODE-KODCODE-CTX8K-S1-BETA01-V1_1783444888,50%,50,beta=0.1,beta01,6,Response length mean,response_length/mean,152.765625
ONPOLICY-SFT-Qwen3-1P7B-COLDSTART-FRAC50-CODE-KODCODE-CTX8K-S1-BETA01-V1_1783444888,50%,50,beta=0.1,beta01,6,Time per step,perf/time_per_step,40.286541539244354
ONPOLICY-SFT-Qwen3-1P7B-COLDSTART-FRAC50-CODE-KODCODE-CTX8K-S1-BETA01-V1_1783444888,50%,50,beta=0.1,beta01,7,Rollout correct ratio,wdl_sft/correct_ratio,0.30859375
ONPOLICY-SFT-Qwen3-1P7B-COLDSTART-FRAC50-CODE-KODCODE-CTX8K-S1-BETA01-V1_1783444888,50%,50,beta=0.1,beta01,7,Gradient norm,actor/grad_norm,11.190152168273926
ONPOLICY-SFT-Qwen3-1P7B-COLDSTART-FRAC50-CODE-KODCODE-CTX8K-S1-BETA01-V1_1783444888,50%,50,beta=0.1,beta01,7,Train score mean,critic/score/mean,-0.3828125
ONPOLICY-SFT-Qwen3-1P7B-COLDSTART-FRAC50-CODE-KODCODE-CTX8K-S1-BETA01-V1_1783444888,50%,50,beta=0.1,beta01,7,Response length mean,response_length/mean,158.4609375
ONPOLICY-SFT-Qwen3-1P7B-COLDSTART-FRAC50-CODE-KODCODE-CTX8K-S1-BETA01-V1_1783444888,50%,50,beta=0.1,beta01,7,Time per step,perf/time_per_step,40.969022231176496
ONPOLICY-SFT-Qwen3-1P7B-COLDSTART-FRAC50-CODE-KODCODE-CTX8K-S1-BETA01-V1_1783444888,50%,50,beta=0.1,beta01,8,Rollout correct ratio,wdl_sft/correct_ratio,0.359375
ONPOLICY-SFT-Qwen3-1P7B-COLDSTART-FRAC50-CODE-KODCODE-CTX8K-S1-BETA01-V1_1783444888,50%,50,beta=0.1,beta01,8,Gradient norm,actor/grad_norm,10.310436248779297
ONPOLICY-SFT-Qwen3-1P7B-COLDSTART-FRAC50-CODE-KODCODE-CTX8K-S1-BETA01-V1_1783444888,50%,50,beta=0.1,beta01,8,Train score mean,critic/score/mean,-0.28125
ONPOLICY-SFT-Qwen3-1P7B-COLDSTART-FRAC50-CODE-KODCODE-CTX8K-S1-BETA01-V1_1783444888,50%,50,beta=0.1,beta01,8,Response length mean,response_length/mean,182.708984375
ONPOLICY-SFT-Qwen3-1P7B-COLDSTART-FRAC50-CODE-KODCODE-CTX8K-S1-BETA01-V1_1783444888,50%,50,beta=0.1,beta01,8,Time per step,perf/time_per_step,44.24611715320498
ONPOLICY-SFT-Qwen3-1P7B-COLDSTART-FRAC50-CODE-KODCODE-CTX8K-S1-BETA01-V1_1783444888,50%,50,beta=0.1,beta01,9,Rollout correct ratio,wdl_sft/correct_ratio,0.31640625
ONPOLICY-SFT-Qwen3-1P7B-COLDSTART-FRAC50-CODE-KODCODE-CTX8K-S1-BETA01-V1_1783444888,50%,50,beta=0.1,beta01,9,Gradient norm,actor/grad_norm,11.119233131408691
ONPOLICY-SFT-Qwen3-1P7B-COLDSTART-FRAC50-CODE-KODCODE-CTX8K-S1-BETA01-V1_1783444888,50%,50,beta=0.1,beta01,9,Train score mean,critic/score/mean,-0.3671875
ONPOLICY-SFT-Qwen3-1P7B-COLDSTART-FRAC50-CODE-KODCODE-CTX8K-S1-BETA01-V1_1783444888,50%,50,beta=0.1,beta01,9,Response length mean,response_length/mean,167.20703125
ONPOLICY-SFT-Qwen3-1P7B-COLDSTART-FRAC50-CODE-KODCODE-CTX8K-S1-BETA01-V1_1783444888,50%,50,beta=0.1,beta01,9,Time per step,perf/time_per_step,41.960233335383236
ONPOLICY-SFT-Qwen3-1P7B-COLDSTART-FRAC50-CODE-KODCODE-CTX8K-S1-BETA01-V1_1783444888,50%,50,beta=0.1,beta01,10,HumanEval+ pass@1,val-core/HumanEval+/acc/pass@1,0.49390243902439024
ONPOLICY-SFT-Qwen3-1P7B-COLDSTART-FRAC50-CODE-KODCODE-CTX8K-S1-BETA01-V1_1783444888,50%,50,beta=0.1,beta01,10,MBPP+ pass@1,val-core/MBPP+/acc/pass@1,0.5396825396825397
ONPOLICY-SFT-Qwen3-1P7B-COLDSTART-FRAC50-CODE-KODCODE-CTX8K-S1-BETA01-V1_1783444888,50%,50,beta=0.1,beta01,10,LiveCodeBench pass@1,val-core/LiveCodeBench/acc/pass@1,0.1953125
ONPOLICY-SFT-Qwen3-1P7B-COLDSTART-FRAC50-CODE-KODCODE-CTX8K-S1-BETA01-V1_1783444888,50%,50,beta=0.1,beta01,10,HumanEval+ extract fail,val-aux/HumanEval+/code_reward_extraction_fail/mean@1,0.018292682926829267
ONPOLICY-SFT-Qwen3-1P7B-COLDSTART-FRAC50-CODE-KODCODE-CTX8K-S1-BETA01-V1_1783444888,50%,50,beta=0.1,beta01,10,MBPP+ extract fail,val-aux/MBPP+/code_reward_extraction_fail/mean@1,0.007936507936507936
ONPOLICY-SFT-Qwen3-1P7B-COLDSTART-FRAC50-CODE-KODCODE-CTX8K-S1-BETA01-V1_1783444888,50%,50,beta=0.1,beta01,10,LiveCodeBench extract fail,val-aux/LiveCodeBench/code_reward_extraction_fail/mean@1,0.0546875
ONPOLICY-SFT-Qwen3-1P7B-COLDSTART-FRAC50-CODE-KODCODE-CTX8K-S1-BETA01-V1_1783444888,50%,50,beta=0.1,beta01,10,Rollout correct ratio,wdl_sft/correct_ratio,0.408203125
ONPOLICY-SFT-Qwen3-1P7B-COLDSTART-FRAC50-CODE-KODCODE-CTX8K-S1-BETA01-V1_1783444888,50%,50,beta=0.1,beta01,10,Gradient norm,actor/grad_norm,9.0865478515625
ONPOLICY-SFT-Qwen3-1P7B-COLDSTART-FRAC50-CODE-KODCODE-CTX8K-S1-BETA01-V1_1783444888,50%,50,beta=0.1,beta01,10,Train score mean,critic/score/mean,-0.18359375
ONPOLICY-SFT-Qwen3-1P7B-COLDSTART-FRAC50-CODE-KODCODE-CTX8K-S1-BETA01-V1_1783444888,50%,50,beta=0.1,beta01,10,Response length mean,response_length/mean,159.197265625
ONPOLICY-SFT-Qwen3-1P7B-COLDSTART-FRAC50-CODE-KODCODE-CTX8K-S1-BETA01-V1_1783444888,50%,50,beta=0.1,beta01,10,Time per step,perf/time_per_step,47.01173432264477
ONPOLICY-SFT-Qwen3-1P7B-COLDSTART-FRAC50-CODE-KODCODE-CTX8K-S1-BETA01-V1_1783444888,50%,50,beta=0.1,beta01,11,Rollout correct ratio,wdl_sft/correct_ratio,0.326171875
ONPOLICY-SFT-Qwen3-1P7B-COLDSTART-FRAC50-CODE-KODCODE-CTX8K-S1-BETA01-V1_1783444888,50%,50,beta=0.1,beta01,11,Gradient norm,actor/grad_norm,11.192057609558105
ONPOLICY-SFT-Qwen3-1P7B-COLDSTART-FRAC50-CODE-KODCODE-CTX8K-S1-BETA01-V1_1783444888,50%,50,beta=0.1,beta01,11,Train score mean,critic/score/mean,-0.34765625
ONPOLICY-SFT-Qwen3-1P7B-COLDSTART-FRAC50-CODE-KODCODE-CTX8K-S1-BETA01-V1_1783444888,50%,50,beta=0.1,beta01,11,Response length mean,response_length/mean,172.009765625
ONPOLICY-SFT-Qwen3-1P7B-COLDSTART-FRAC50-CODE-KODCODE-CTX8K-S1-BETA01-V1_1783444888,50%,50,beta=0.1,beta01,11,Time per step,perf/time_per_step,42.84819386340678
ONPOLICY-SFT-Qwen3-1P7B-COLDSTART-FRAC50-CODE-KODCODE-CTX8K-S1-BETA01-V1_1783444888,50%,50,beta=0.1,beta01,12,Rollout correct ratio,wdl_sft/correct_ratio,0.30859375
ONPOLICY-SFT-Qwen3-1P7B-COLDSTART-FRAC50-CODE-KODCODE-CTX8K-S1-BETA01-V1_1783444888,50%,50,beta=0.1,beta01,12,Gradient norm,actor/grad_norm,9.657831192016602
ONPOLICY-SFT-Qwen3-1P7B-COLDSTART-FRAC50-CODE-KODCODE-CTX8K-S1-BETA01-V1_1783444888,50%,50,beta=0.1,beta01,12,Train score mean,critic/score/mean,-0.3828125
ONPOLICY-SFT-Qwen3-1P7B-COLDSTART-FRAC50-CODE-KODCODE-CTX8K-S1-BETA01-V1_1783444888,50%,50,beta=0.1,beta01,12,Response length mean,response_length/mean,153.962890625
ONPOLICY-SFT-Qwen3-1P7B-COLDSTART-FRAC50-CODE-KODCODE-CTX8K-S1-BETA01-V1_1783444888,50%,50,beta=0.1,beta01,12,Time per step,perf/time_per_step,41.39500128291547
ONPOLICY-SFT-Qwen3-1P7B-COLDSTART-FRAC50-CODE-KODCODE-CTX8K-S1-BETA01-V1_1783444888,50%,50,beta=0.1,beta01,13,Rollout correct ratio,wdl_sft/correct_ratio,0.3125
ONPOLICY-SFT-Qwen3-1P7B-COLDSTART-FRAC50-CODE-KODCODE-CTX8K-S1-BETA01-V1_1783444888,50%,50,beta=0.1,beta01,13,Gradient norm,actor/grad_norm,11.31444263458252
ONPOLICY-SFT-Qwen3-1P7B-COLDSTART-FRAC50-CODE-KODCODE-CTX8K-S1-BETA01-V1_1783444888,50%,50,beta=0.1,beta01,13,Train score mean,critic/score/mean,-0.375
ONPOLICY-SFT-Qwen3-1P7B-COLDSTART-FRAC50-CODE-KODCODE-CTX8K-S1-BETA01-V1_1783444888,50%,50,beta=0.1,beta01,13,Response length mean,response_length/mean,172.79296875
ONPOLICY-SFT-Qwen3-1P7B-COLDSTART-FRAC50-CODE-KODCODE-CTX8K-S1-BETA01-V1_1783444888,50%,50,beta=0.1,beta01,13,Time per step,perf/time_per_step,41.84447296336293
ONPOLICY-SFT-Qwen3-1P7B-COLDSTART-FRAC50-CODE-KODCODE-CTX8K-S1-BETA01-V1_1783444888,50%,50,beta=0.1,beta01,14,Rollout correct ratio,wdl_sft/correct_ratio,0.39453125
ONPOLICY-SFT-Qwen3-1P7B-COLDSTART-FRAC50-CODE-KODCODE-CTX8K-S1-BETA01-V1_1783444888,50%,50,beta=0.1,beta01,14,Gradient norm,actor/grad_norm,10.237543106079102
ONPOLICY-SFT-Qwen3-1P7B-COLDSTART-FRAC50-CODE-KODCODE-CTX8K-S1-BETA01-V1_1783444888,50%,50,beta=0.1,beta01,14,Train score mean,critic/score/mean,-0.2109375
ONPOLICY-SFT-Qwen3-1P7B-COLDSTART-FRAC50-CODE-KODCODE-CTX8K-S1-BETA01-V1_1783444888,50%,50,beta=0.1,beta01,14,Response length mean,response_length/mean,168.654296875
ONPOLICY-SFT-Qwen3-1P7B-COLDSTART-FRAC50-CODE-KODCODE-CTX8K-S1-BETA01-V1_1783444888,50%,50,beta=0.1,beta01,14,Time per step,perf/time_per_step,43.46226263511926
ONPOLICY-SFT-Qwen3-1P7B-COLDSTART-FRAC50-CODE-KODCODE-CTX8K-S1-BETA01-V1_1783444888,50%,50,beta=0.1,beta01,15,HumanEval+ pass@1,val-core/HumanEval+/acc/pass@1,0.4451219512195122
ONPOLICY-SFT-Qwen3-1P7B-COLDSTART-FRAC50-CODE-KODCODE-CTX8K-S1-BETA01-V1_1783444888,50%,50,beta=0.1,beta01,15,MBPP+ pass@1,val-core/MBPP+/acc/pass@1,0.5423280423280423
ONPOLICY-SFT-Qwen3-1P7B-COLDSTART-FRAC50-CODE-KODCODE-CTX8K-S1-BETA01-V1_1783444888,50%,50,beta=0.1,beta01,15,LiveCodeBench pass@1,val-core/LiveCodeBench/acc/pass@1,0.1875
ONPOLICY-SFT-Qwen3-1P7B-COLDSTART-FRAC50-CODE-KODCODE-CTX8K-S1-BETA01-V1_1783444888,50%,50,beta=0.1,beta01,15,HumanEval+ extract fail,val-aux/HumanEval+/code_reward_extraction_fail/mean@1,0.006097560975609756
ONPOLICY-SFT-Qwen3-1P7B-COLDSTART-FRAC50-CODE-KODCODE-CTX8K-S1-BETA01-V1_1783444888,50%,50,beta=0.1,beta01,15,MBPP+ extract fail,val-aux/MBPP+/code_reward_extraction_fail/mean@1,0.007936507936507936
ONPOLICY-SFT-Qwen3-1P7B-COLDSTART-FRAC50-CODE-KODCODE-CTX8K-S1-BETA01-V1_1783444888,50%,50,beta=0.1,beta01,15,LiveCodeBench extract fail,val-aux/LiveCodeBench/code_reward_extraction_fail/mean@1,0.03125
ONPOLICY-SFT-Qwen3-1P7B-COLDSTART-FRAC50-CODE-KODCODE-CTX8K-S1-BETA01-V1_1783444888,50%,50,beta=0.1,beta01,15,Rollout correct ratio,wdl_sft/correct_ratio,0.375
ONPOLICY-SFT-Qwen3-1P7B-COLDSTART-FRAC50-CODE-KODCODE-CTX8K-S1-BETA01-V1_1783444888,50%,50,beta=0.1,beta01,15,Gradient norm,actor/grad_norm,9.223873138427734
ONPOLICY-SFT-Qwen3-1P7B-COLDSTART-FRAC50-CODE-KODCODE-CTX8K-S1-BETA01-V1_1783444888,50%,50,beta=0.1,beta01,15,Train score mean,critic/score/mean,-0.25
ONPOLICY-SFT-Qwen3-1P7B-COLDSTART-FRAC50-CODE-KODCODE-CTX8K-S1-BETA01-V1_1783444888,50%,50,beta=0.1,beta01,15,Response length mean,response_length/mean,166.318359375
ONPOLICY-SFT-Qwen3-1P7B-COLDSTART-FRAC50-CODE-KODCODE-CTX8K-S1-BETA01-V1_1783444888,50%,50,beta=0.1,beta01,15,Time per step,perf/time_per_step,47.18867636099458
ONPOLICY-SFT-Qwen3-1P7B-COLDSTART-FRAC50-CODE-KODCODE-CTX8K-S1-BETA01-V1_1783444888,50%,50,beta=0.1,beta01,16,Rollout correct ratio,wdl_sft/correct_ratio,0.39453125
ONPOLICY-SFT-Qwen3-1P7B-COLDSTART-FRAC50-CODE-KODCODE-CTX8K-S1-BETA01-V1_1783444888,50%,50,beta=0.1,beta01,16,Gradient norm,actor/grad_norm,9.750713348388672
ONPOLICY-SFT-Qwen3-1P7B-COLDSTART-FRAC50-CODE-KODCODE-CTX8K-S1-BETA01-V1_1783444888,50%,50,beta=0.1,beta01,16,Train score mean,critic/score/mean,-0.2109375
ONPOLICY-SFT-Qwen3-1P7B-COLDSTART-FRAC50-CODE-KODCODE-CTX8K-S1-BETA01-V1_1783444888,50%,50,beta=0.1,beta01,16,Response length mean,response_length/mean,174.703125
ONPOLICY-SFT-Qwen3-1P7B-COLDSTART-FRAC50-CODE-KODCODE-CTX8K-S1-BETA01-V1_1783444888,50%,50,beta=0.1,beta01,16,Time per step,perf/time_per_step,44.249853536486626
ONPOLICY-SFT-Qwen3-1P7B-COLDSTART-FRAC50-CODE-KODCODE-CTX8K-S1-BETA01-V1_1783444888,50%,50,beta=0.1,beta01,17,Rollout correct ratio,wdl_sft/correct_ratio,0.400390625
ONPOLICY-SFT-Qwen3-1P7B-COLDSTART-FRAC50-CODE-KODCODE-CTX8K-S1-BETA01-V1_1783444888,50%,50,beta=0.1,beta01,17,Gradient norm,actor/grad_norm,10.125994682312012
ONPOLICY-SFT-Qwen3-1P7B-COLDSTART-FRAC50-CODE-KODCODE-CTX8K-S1-BETA01-V1_1783444888,50%,50,beta=0.1,beta01,17,Train score mean,critic/score/mean,-0.19921875
ONPOLICY-SFT-Qwen3-1P7B-COLDSTART-FRAC50-CODE-KODCODE-CTX8K-S1-BETA01-V1_1783444888,50%,50,beta=0.1,beta01,17,Response length mean,response_length/mean,164.513671875
ONPOLICY-SFT-Qwen3-1P7B-COLDSTART-FRAC50-CODE-KODCODE-CTX8K-S1-BETA01-V1_1783444888,50%,50,beta=0.1,beta01,17,Time per step,perf/time_per_step,42.658821628428996
ONPOLICY-SFT-Qwen3-1P7B-COLDSTART-FRAC50-CODE-KODCODE-CTX8K-S1-BETA01-V1_1783444888,50%,50,beta=0.1,beta01,18,Rollout correct ratio,wdl_sft/correct_ratio,0.26953125
ONPOLICY-SFT-Qwen3-1P7B-COLDSTART-FRAC50-CODE-KODCODE-CTX8K-S1-BETA01-V1_1783444888,50%,50,beta=0.1,beta01,18,Gradient norm,actor/grad_norm,10.614423751831055
ONPOLICY-SFT-Qwen3-1P7B-COLDSTART-FRAC50-CODE-KODCODE-CTX8K-S1-BETA01-V1_1783444888,50%,50,beta=0.1,beta01,18,Train score mean,critic/score/mean,-0.4609375
ONPOLICY-SFT-Qwen3-1P7B-COLDSTART-FRAC50-CODE-KODCODE-CTX8K-S1-BETA01-V1_1783444888,50%,50,beta=0.1,beta01,18,Response length mean,response_length/mean,157.34765625
ONPOLICY-SFT-Qwen3-1P7B-COLDSTART-FRAC50-CODE-KODCODE-CTX8K-S1-BETA01-V1_1783444888,50%,50,beta=0.1,beta01,18,Time per step,perf/time_per_step,42.37537301518023
ONPOLICY-SFT-Qwen3-1P7B-COLDSTART-FRAC50-CODE-KODCODE-CTX8K-S1-BETA01-V1_1783444888,50%,50,beta=0.1,beta01,19,Rollout correct ratio,wdl_sft/correct_ratio,0.357421875
ONPOLICY-SFT-Qwen3-1P7B-COLDSTART-FRAC50-CODE-KODCODE-CTX8K-S1-BETA01-V1_1783444888,50%,50,beta=0.1,beta01,19,Gradient norm,actor/grad_norm,8.958603858947754
ONPOLICY-SFT-Qwen3-1P7B-COLDSTART-FRAC50-CODE-KODCODE-CTX8K-S1-BETA01-V1_1783444888,50%,50,beta=0.1,beta01,19,Train score mean,critic/score/mean,-0.28515625
ONPOLICY-SFT-Qwen3-1P7B-COLDSTART-FRAC50-CODE-KODCODE-CTX8K-S1-BETA01-V1_1783444888,50%,50,beta=0.1,beta01,19,Response length mean,response_length/mean,158.16796875
ONPOLICY-SFT-Qwen3-1P7B-COLDSTART-FRAC50-CODE-KODCODE-CTX8K-S1-BETA01-V1_1783444888,50%,50,beta=0.1,beta01,19,Time per step,perf/time_per_step,42.513427703641355
ONPOLICY-SFT-Qwen3-1P7B-COLDSTART-FRAC50-CODE-KODCODE-CTX8K-S1-BETA01-V1_1783444888,50%,50,beta=0.1,beta01,20,HumanEval+ pass@1,val-core/HumanEval+/acc/pass@1,0.4817073170731707
ONPOLICY-SFT-Qwen3-1P7B-COLDSTART-FRAC50-CODE-KODCODE-CTX8K-S1-BETA01-V1_1783444888,50%,50,beta=0.1,beta01,20,MBPP+ pass@1,val-core/MBPP+/acc/pass@1,0.5396825396825397
ONPOLICY-SFT-Qwen3-1P7B-COLDSTART-FRAC50-CODE-KODCODE-CTX8K-S1-BETA01-V1_1783444888,50%,50,beta=0.1,beta01,20,LiveCodeBench pass@1,val-core/LiveCodeBench/acc/pass@1,0.1953125
ONPOLICY-SFT-Qwen3-1P7B-COLDSTART-FRAC50-CODE-KODCODE-CTX8K-S1-BETA01-V1_1783444888,50%,50,beta=0.1,beta01,20,HumanEval+ extract fail,val-aux/HumanEval+/code_reward_extraction_fail/mean@1,0.006097560975609756
ONPOLICY-SFT-Qwen3-1P7B-COLDSTART-FRAC50-CODE-KODCODE-CTX8K-S1-BETA01-V1_1783444888,50%,50,beta=0.1,beta01,20,MBPP+ extract fail,val-aux/MBPP+/code_reward_extraction_fail/mean@1,0.0026455026455026454
ONPOLICY-SFT-Qwen3-1P7B-COLDSTART-FRAC50-CODE-KODCODE-CTX8K-S1-BETA01-V1_1783444888,50%,50,beta=0.1,beta01,20,LiveCodeBench extract fail,val-aux/LiveCodeBench/code_reward_extraction_fail/mean@1,0.0390625
ONPOLICY-SFT-Qwen3-1P7B-COLDSTART-FRAC50-CODE-KODCODE-CTX8K-S1-BETA01-V1_1783444888,50%,50,beta=0.1,beta01,20,Rollout correct ratio,wdl_sft/correct_ratio,0.373046875
ONPOLICY-SFT-Qwen3-1P7B-COLDSTART-FRAC50-CODE-KODCODE-CTX8K-S1-BETA01-V1_1783444888,50%,50,beta=0.1,beta01,20,Gradient norm,actor/grad_norm,9.086039543151855
ONPOLICY-SFT-Qwen3-1P7B-COLDSTART-FRAC50-CODE-KODCODE-CTX8K-S1-BETA01-V1_1783444888,50%,50,beta=0.1,beta01,20,Train score mean,critic/score/mean,-0.25390625
ONPOLICY-SFT-Qwen3-1P7B-COLDSTART-FRAC50-CODE-KODCODE-CTX8K-S1-BETA01-V1_1783444888,50%,50,beta=0.1,beta01,20,Response length mean,response_length/mean,149.775390625
ONPOLICY-SFT-Qwen3-1P7B-COLDSTART-FRAC50-CODE-KODCODE-CTX8K-S1-BETA01-V1_1783444888,50%,50,beta=0.1,beta01,20,Time per step,perf/time_per_step,46.80505949258804
ONPOLICY-SFT-Qwen3-1P7B-COLDSTART-FRAC50-CODE-KODCODE-CTX8K-S1-BETA01-V1_1783444888,50%,50,beta=0.1,beta01,21,Rollout correct ratio,wdl_sft/correct_ratio,0.306640625
ONPOLICY-SFT-Qwen3-1P7B-COLDSTART-FRAC50-CODE-KODCODE-CTX8K-S1-BETA01-V1_1783444888,50%,50,beta=0.1,beta01,21,Gradient norm,actor/grad_norm,11.904488563537598
ONPOLICY-SFT-Qwen3-1P7B-COLDSTART-FRAC50-CODE-KODCODE-CTX8K-S1-BETA01-V1_1783444888,50%,50,beta=0.1,beta01,21,Train score mean,critic/score/mean,-0.38671875
ONPOLICY-SFT-Qwen3-1P7B-COLDSTART-FRAC50-CODE-KODCODE-CTX8K-S1-BETA01-V1_1783444888,50%,50,beta=0.1,beta01,21,Response length mean,response_length/mean,180.890625
ONPOLICY-SFT-Qwen3-1P7B-COLDSTART-FRAC50-CODE-KODCODE-CTX8K-S1-BETA01-V1_1783444888,50%,50,beta=0.1,beta01,21,Time per step,perf/time_per_step,68.0556347137317
ONPOLICY-SFT-Qwen3-1P7B-COLDSTART-FRAC50-CODE-KODCODE-CTX8K-S1-BETA01-V1_1783444888,50%,50,beta=0.1,beta01,22,Rollout correct ratio,wdl_sft/correct_ratio,0.361328125
ONPOLICY-SFT-Qwen3-1P7B-COLDSTART-FRAC50-CODE-KODCODE-CTX8K-S1-BETA01-V1_1783444888,50%,50,beta=0.1,beta01,22,Gradient norm,actor/grad_norm,10.225076675415039
ONPOLICY-SFT-Qwen3-1P7B-COLDSTART-FRAC50-CODE-KODCODE-CTX8K-S1-BETA01-V1_1783444888,50%,50,beta=0.1,beta01,22,Train score mean,critic/score/mean,-0.27734375
ONPOLICY-SFT-Qwen3-1P7B-COLDSTART-FRAC50-CODE-KODCODE-CTX8K-S1-BETA01-V1_1783444888,50%,50,beta=0.1,beta01,22,Response length mean,response_length/mean,152.41796875
ONPOLICY-SFT-Qwen3-1P7B-COLDSTART-FRAC50-CODE-KODCODE-CTX8K-S1-BETA01-V1_1783444888,50%,50,beta=0.1,beta01,22,Time per step,perf/time_per_step,41.09265264775604
ONPOLICY-SFT-Qwen3-1P7B-COLDSTART-FRAC50-CODE-KODCODE-CTX8K-S1-BETA01-V1_1783444888,50%,50,beta=0.1,beta01,23,Rollout correct ratio,wdl_sft/correct_ratio,0.333984375
ONPOLICY-SFT-Qwen3-1P7B-COLDSTART-FRAC50-CODE-KODCODE-CTX8K-S1-BETA01-V1_1783444888,50%,50,beta=0.1,beta01,23,Gradient norm,actor/grad_norm,10.888823509216309
ONPOLICY-SFT-Qwen3-1P7B-COLDSTART-FRAC50-CODE-KODCODE-CTX8K-S1-BETA01-V1_1783444888,50%,50,beta=0.1,beta01,23,Train score mean,critic/score/mean,-0.33203125
ONPOLICY-SFT-Qwen3-1P7B-COLDSTART-FRAC50-CODE-KODCODE-CTX8K-S1-BETA01-V1_1783444888,50%,50,beta=0.1,beta01,23,Response length mean,response_length/mean,163.205078125
ONPOLICY-SFT-Qwen3-1P7B-COLDSTART-FRAC50-CODE-KODCODE-CTX8K-S1-BETA01-V1_1783444888,50%,50,beta=0.1,beta01,23,Time per step,perf/time_per_step,42.20751615520567
ONPOLICY-SFT-Qwen3-1P7B-COLDSTART-FRAC50-CODE-KODCODE-CTX8K-S1-BETA01-V1_1783444888,50%,50,beta=0.1,beta01,24,Rollout correct ratio,wdl_sft/correct_ratio,0.38671875
ONPOLICY-SFT-Qwen3-1P7B-COLDSTART-FRAC50-CODE-KODCODE-CTX8K-S1-BETA01-V1_1783444888,50%,50,beta=0.1,beta01,24,Gradient norm,actor/grad_norm,10.084151268005371
ONPOLICY-SFT-Qwen3-1P7B-COLDSTART-FRAC50-CODE-KODCODE-CTX8K-S1-BETA01-V1_1783444888,50%,50,beta=0.1,beta01,24,Train score mean,critic/score/mean,-0.2265625
ONPOLICY-SFT-Qwen3-1P7B-COLDSTART-FRAC50-CODE-KODCODE-CTX8K-S1-BETA01-V1_1783444888,50%,50,beta=0.1,beta01,24,Response length mean,response_length/mean,167.263671875
ONPOLICY-SFT-Qwen3-1P7B-COLDSTART-FRAC50-CODE-KODCODE-CTX8K-S1-BETA01-V1_1783444888,50%,50,beta=0.1,beta01,24,Time per step,perf/time_per_step,40.271522818133235
ONPOLICY-SFT-Qwen3-1P7B-COLDSTART-FRAC50-CODE-KODCODE-CTX8K-S1-BETA01-V1_1783444888,50%,50,beta=0.1,beta01,25,HumanEval+ pass@1,val-core/HumanEval+/acc/pass@1,0.4817073170731707
ONPOLICY-SFT-Qwen3-1P7B-COLDSTART-FRAC50-CODE-KODCODE-CTX8K-S1-BETA01-V1_1783444888,50%,50,beta=0.1,beta01,25,MBPP+ pass@1,val-core/MBPP+/acc/pass@1,0.5343915343915344
ONPOLICY-SFT-Qwen3-1P7B-COLDSTART-FRAC50-CODE-KODCODE-CTX8K-S1-BETA01-V1_1783444888,50%,50,beta=0.1,beta01,25,LiveCodeBench pass@1,val-core/LiveCodeBench/acc/pass@1,0.1953125
ONPOLICY-SFT-Qwen3-1P7B-COLDSTART-FRAC50-CODE-KODCODE-CTX8K-S1-BETA01-V1_1783444888,50%,50,beta=0.1,beta01,25,HumanEval+ extract fail,val-aux/HumanEval+/code_reward_extraction_fail/mean@1,0.0
ONPOLICY-SFT-Qwen3-1P7B-COLDSTART-FRAC50-CODE-KODCODE-CTX8K-S1-BETA01-V1_1783444888,50%,50,beta=0.1,beta01,25,MBPP+ extract fail,val-aux/MBPP+/code_reward_extraction_fail/mean@1,0.007936507936507936
ONPOLICY-SFT-Qwen3-1P7B-COLDSTART-FRAC50-CODE-KODCODE-CTX8K-S1-BETA01-V1_1783444888,50%,50,beta=0.1,beta01,25,LiveCodeBench extract fail,val-aux/LiveCodeBench/code_reward_extraction_fail/mean@1,0.0234375
ONPOLICY-SFT-Qwen3-1P7B-COLDSTART-FRAC50-CODE-KODCODE-CTX8K-S1-BETA01-V1_1783444888,50%,50,beta=0.1,beta01,25,Rollout correct ratio,wdl_sft/correct_ratio,0.287109375
ONPOLICY-SFT-Qwen3-1P7B-COLDSTART-FRAC50-CODE-KODCODE-CTX8K-S1-BETA01-V1_1783444888,50%,50,beta=0.1,beta01,25,Gradient norm,actor/grad_norm,12.172557830810547
ONPOLICY-SFT-Qwen3-1P7B-COLDSTART-FRAC50-CODE-KODCODE-CTX8K-S1-BETA01-V1_1783444888,50%,50,beta=0.1,beta01,25,Train score mean,critic/score/mean,-0.42578125
ONPOLICY-SFT-Qwen3-1P7B-COLDSTART-FRAC50-CODE-KODCODE-CTX8K-S1-BETA01-V1_1783444888,50%,50,beta=0.1,beta01,25,Response length mean,response_length/mean,166.609375
ONPOLICY-SFT-Qwen3-1P7B-COLDSTART-FRAC50-CODE-KODCODE-CTX8K-S1-BETA01-V1_1783444888,50%,50,beta=0.1,beta01,25,Time per step,perf/time_per_step,48.68997069913894
ONPOLICY-SFT-Qwen3-1P7B-COLDSTART-FRAC50-CODE-KODCODE-CTX8K-S1-BETA01-V1_1783444888,50%,50,beta=0.1,beta01,26,Rollout correct ratio,wdl_sft/correct_ratio,0.333984375
ONPOLICY-SFT-Qwen3-1P7B-COLDSTART-FRAC50-CODE-KODCODE-CTX8K-S1-BETA01-V1_1783444888,50%,50,beta=0.1,beta01,26,Gradient norm,actor/grad_norm,11.053083419799805
ONPOLICY-SFT-Qwen3-1P7B-COLDSTART-FRAC50-CODE-KODCODE-CTX8K-S1-BETA01-V1_1783444888,50%,50,beta=0.1,beta01,26,Train score mean,critic/score/mean,-0.33203125
ONPOLICY-SFT-Qwen3-1P7B-COLDSTART-FRAC50-CODE-KODCODE-CTX8K-S1-BETA01-V1_1783444888,50%,50,beta=0.1,beta01,26,Response length mean,response_length/mean,167.513671875
ONPOLICY-SFT-Qwen3-1P7B-COLDSTART-FRAC50-CODE-KODCODE-CTX8K-S1-BETA01-V1_1783444888,50%,50,beta=0.1,beta01,26,Time per step,perf/time_per_step,42.59288101643324
ONPOLICY-SFT-Qwen3-1P7B-COLDSTART-FRAC50-CODE-KODCODE-CTX8K-S1-BETA01-V1_1783444888,50%,50,beta=0.1,beta01,27,Rollout correct ratio,wdl_sft/correct_ratio,0.396484375
ONPOLICY-SFT-Qwen3-1P7B-COLDSTART-FRAC50-CODE-KODCODE-CTX8K-S1-BETA01-V1_1783444888,50%,50,beta=0.1,beta01,27,Gradient norm,actor/grad_norm,8.768729209899902
ONPOLICY-SFT-Qwen3-1P7B-COLDSTART-FRAC50-CODE-KODCODE-CTX8K-S1-BETA01-V1_1783444888,50%,50,beta=0.1,beta01,27,Train score mean,critic/score/mean,-0.20703125
ONPOLICY-SFT-Qwen3-1P7B-COLDSTART-FRAC50-CODE-KODCODE-CTX8K-S1-BETA01-V1_1783444888,50%,50,beta=0.1,beta01,27,Response length mean,response_length/mean,159.12109375
ONPOLICY-SFT-Qwen3-1P7B-COLDSTART-FRAC50-CODE-KODCODE-CTX8K-S1-BETA01-V1_1783444888,50%,50,beta=0.1,beta01,27,Time per step,perf/time_per_step,41.51099403388798
ONPOLICY-SFT-Qwen3-1P7B-COLDSTART-FRAC50-CODE-KODCODE-CTX8K-S1-BETA01-V1_1783444888,50%,50,beta=0.1,beta01,28,Rollout correct ratio,wdl_sft/correct_ratio,0.2734375
ONPOLICY-SFT-Qwen3-1P7B-COLDSTART-FRAC50-CODE-KODCODE-CTX8K-S1-BETA01-V1_1783444888,50%,50,beta=0.1,beta01,28,Gradient norm,actor/grad_norm,13.042228698730469
ONPOLICY-SFT-Qwen3-1P7B-COLDSTART-FRAC50-CODE-KODCODE-CTX8K-S1-BETA01-V1_1783444888,50%,50,beta=0.1,beta01,28,Train score mean,critic/score/mean,-0.453125
ONPOLICY-SFT-Qwen3-1P7B-COLDSTART-FRAC50-CODE-KODCODE-CTX8K-S1-BETA01-V1_1783444888,50%,50,beta=0.1,beta01,28,Response length mean,response_length/mean,174.376953125
ONPOLICY-SFT-Qwen3-1P7B-COLDSTART-FRAC50-CODE-KODCODE-CTX8K-S1-BETA01-V1_1783444888,50%,50,beta=0.1,beta01,28,Time per step,perf/time_per_step,41.941971169784665
ONPOLICY-SFT-Qwen3-1P7B-COLDSTART-FRAC50-CODE-KODCODE-CTX8K-S1-BETA01-V1_1783444888,50%,50,beta=0.1,beta01,29,Rollout correct ratio,wdl_sft/correct_ratio,0.326171875
ONPOLICY-SFT-Qwen3-1P7B-COLDSTART-FRAC50-CODE-KODCODE-CTX8K-S1-BETA01-V1_1783444888,50%,50,beta=0.1,beta01,29,Gradient norm,actor/grad_norm,12.690558433532715
ONPOLICY-SFT-Qwen3-1P7B-COLDSTART-FRAC50-CODE-KODCODE-CTX8K-S1-BETA01-V1_1783444888,50%,50,beta=0.1,beta01,29,Train score mean,critic/score/mean,-0.34765625
ONPOLICY-SFT-Qwen3-1P7B-COLDSTART-FRAC50-CODE-KODCODE-CTX8K-S1-BETA01-V1_1783444888,50%,50,beta=0.1,beta01,29,Response length mean,response_length/mean,160.2109375
ONPOLICY-SFT-Qwen3-1P7B-COLDSTART-FRAC50-CODE-KODCODE-CTX8K-S1-BETA01-V1_1783444888,50%,50,beta=0.1,beta01,29,Time per step,perf/time_per_step,42.2769787395373
ONPOLICY-SFT-Qwen3-1P7B-COLDSTART-FRAC50-CODE-KODCODE-CTX8K-S1-BETA01-V1_1783444888,50%,50,beta=0.1,beta01,30,HumanEval+ pass@1,val-core/HumanEval+/acc/pass@1,0.5060975609756098
ONPOLICY-SFT-Qwen3-1P7B-COLDSTART-FRAC50-CODE-KODCODE-CTX8K-S1-BETA01-V1_1783444888,50%,50,beta=0.1,beta01,30,MBPP+ pass@1,val-core/MBPP+/acc/pass@1,0.5502645502645502
ONPOLICY-SFT-Qwen3-1P7B-COLDSTART-FRAC50-CODE-KODCODE-CTX8K-S1-BETA01-V1_1783444888,50%,50,beta=0.1,beta01,30,LiveCodeBench pass@1,val-core/LiveCodeBench/acc/pass@1,0.1875
ONPOLICY-SFT-Qwen3-1P7B-COLDSTART-FRAC50-CODE-KODCODE-CTX8K-S1-BETA01-V1_1783444888,50%,50,beta=0.1,beta01,30,HumanEval+ extract fail,val-aux/HumanEval+/code_reward_extraction_fail/mean@1,0.006097560975609756
ONPOLICY-SFT-Qwen3-1P7B-COLDSTART-FRAC50-CODE-KODCODE-CTX8K-S1-BETA01-V1_1783444888,50%,50,beta=0.1,beta01,30,MBPP+ extract fail,val-aux/MBPP+/code_reward_extraction_fail/mean@1,0.0026455026455026454
ONPOLICY-SFT-Qwen3-1P7B-COLDSTART-FRAC50-CODE-KODCODE-CTX8K-S1-BETA01-V1_1783444888,50%,50,beta=0.1,beta01,30,LiveCodeBench extract fail,val-aux/LiveCodeBench/code_reward_extraction_fail/mean@1,0.03125
ONPOLICY-SFT-Qwen3-1P7B-COLDSTART-FRAC50-CODE-KODCODE-CTX8K-S1-BETA01-V1_1783444888,50%,50,beta=0.1,beta01,30,Rollout correct ratio,wdl_sft/correct_ratio,0.3359375
ONPOLICY-SFT-Qwen3-1P7B-COLDSTART-FRAC50-CODE-KODCODE-CTX8K-S1-BETA01-V1_1783444888,50%,50,beta=0.1,beta01,30,Gradient norm,actor/grad_norm,11.029285430908203
ONPOLICY-SFT-Qwen3-1P7B-COLDSTART-FRAC50-CODE-KODCODE-CTX8K-S1-BETA01-V1_1783444888,50%,50,beta=0.1,beta01,30,Train score mean,critic/score/mean,-0.328125
ONPOLICY-SFT-Qwen3-1P7B-COLDSTART-FRAC50-CODE-KODCODE-CTX8K-S1-BETA01-V1_1783444888,50%,50,beta=0.1,beta01,30,Response length mean,response_length/mean,175.97265625
ONPOLICY-SFT-Qwen3-1P7B-COLDSTART-FRAC50-CODE-KODCODE-CTX8K-S1-BETA01-V1_1783444888,50%,50,beta=0.1,beta01,30,Time per step,perf/time_per_step,48.48803483135998
ONPOLICY-SFT-Qwen3-1P7B-COLDSTART-FRAC50-CODE-KODCODE-CTX8K-S1-BETA01-V1_1783444888,50%,50,beta=0.1,beta01,31,Rollout correct ratio,wdl_sft/correct_ratio,0.384765625
ONPOLICY-SFT-Qwen3-1P7B-COLDSTART-FRAC50-CODE-KODCODE-CTX8K-S1-BETA01-V1_1783444888,50%,50,beta=0.1,beta01,31,Gradient norm,actor/grad_norm,9.433438301086426
ONPOLICY-SFT-Qwen3-1P7B-COLDSTART-FRAC50-CODE-KODCODE-CTX8K-S1-BETA01-V1_1783444888,50%,50,beta=0.1,beta01,31,Train score mean,critic/score/mean,-0.23046875
ONPOLICY-SFT-Qwen3-1P7B-COLDSTART-FRAC50-CODE-KODCODE-CTX8K-S1-BETA01-V1_1783444888,50%,50,beta=0.1,beta01,31,Response length mean,response_length/mean,151.74609375
ONPOLICY-SFT-Qwen3-1P7B-COLDSTART-FRAC50-CODE-KODCODE-CTX8K-S1-BETA01-V1_1783444888,50%,50,beta=0.1,beta01,31,Time per step,perf/time_per_step,40.92767362948507
ONPOLICY-SFT-Qwen3-1P7B-COLDSTART-FRAC50-CODE-KODCODE-CTX8K-S1-BETA01-V1_1783444888,50%,50,beta=0.1,beta01,32,Rollout correct ratio,wdl_sft/correct_ratio,0.3359375
ONPOLICY-SFT-Qwen3-1P7B-COLDSTART-FRAC50-CODE-KODCODE-CTX8K-S1-BETA01-V1_1783444888,50%,50,beta=0.1,beta01,32,Gradient norm,actor/grad_norm,10.238985061645508
ONPOLICY-SFT-Qwen3-1P7B-COLDSTART-FRAC50-CODE-KODCODE-CTX8K-S1-BETA01-V1_1783444888,50%,50,beta=0.1,beta01,32,Train score mean,critic/score/mean,-0.328125
ONPOLICY-SFT-Qwen3-1P7B-COLDSTART-FRAC50-CODE-KODCODE-CTX8K-S1-BETA01-V1_1783444888,50%,50,beta=0.1,beta01,32,Response length mean,response_length/mean,154.140625
ONPOLICY-SFT-Qwen3-1P7B-COLDSTART-FRAC50-CODE-KODCODE-CTX8K-S1-BETA01-V1_1783444888,50%,50,beta=0.1,beta01,32,Time per step,perf/time_per_step,40.0435496410355
ONPOLICY-SFT-Qwen3-1P7B-COLDSTART-FRAC50-CODE-KODCODE-CTX8K-S1-BETA01-V1_1783444888,50%,50,beta=0.1,beta01,33,Rollout correct ratio,wdl_sft/correct_ratio,0.380859375
ONPOLICY-SFT-Qwen3-1P7B-COLDSTART-FRAC50-CODE-KODCODE-CTX8K-S1-BETA01-V1_1783444888,50%,50,beta=0.1,beta01,33,Gradient norm,actor/grad_norm,9.614386558532715
ONPOLICY-SFT-Qwen3-1P7B-COLDSTART-FRAC50-CODE-KODCODE-CTX8K-S1-BETA01-V1_1783444888,50%,50,beta=0.1,beta01,33,Train score mean,critic/score/mean,-0.23828125
ONPOLICY-SFT-Qwen3-1P7B-COLDSTART-FRAC50-CODE-KODCODE-CTX8K-S1-BETA01-V1_1783444888,50%,50,beta=0.1,beta01,33,Response length mean,response_length/mean,159.537109375
ONPOLICY-SFT-Qwen3-1P7B-COLDSTART-FRAC50-CODE-KODCODE-CTX8K-S1-BETA01-V1_1783444888,50%,50,beta=0.1,beta01,33,Time per step,perf/time_per_step,41.094395846128464
ONPOLICY-SFT-Qwen3-1P7B-COLDSTART-FRAC50-CODE-KODCODE-CTX8K-S1-BETA01-V1_1783444888,50%,50,beta=0.1,beta01,34,Rollout correct ratio,wdl_sft/correct_ratio,0.306640625
ONPOLICY-SFT-Qwen3-1P7B-COLDSTART-FRAC50-CODE-KODCODE-CTX8K-S1-BETA01-V1_1783444888,50%,50,beta=0.1,beta01,34,Gradient norm,actor/grad_norm,12.225251197814941
ONPOLICY-SFT-Qwen3-1P7B-COLDSTART-FRAC50-CODE-KODCODE-CTX8K-S1-BETA01-V1_1783444888,50%,50,beta=0.1,beta01,34,Train score mean,critic/score/mean,-0.38671875
ONPOLICY-SFT-Qwen3-1P7B-COLDSTART-FRAC50-CODE-KODCODE-CTX8K-S1-BETA01-V1_1783444888,50%,50,beta=0.1,beta01,34,Response length mean,response_length/mean,156.6171875
ONPOLICY-SFT-Qwen3-1P7B-COLDSTART-FRAC50-CODE-KODCODE-CTX8K-S1-BETA01-V1_1783444888,50%,50,beta=0.1,beta01,34,Time per step,perf/time_per_step,40.94399739801884
ONPOLICY-SFT-Qwen3-1P7B-COLDSTART-FRAC50-CODE-KODCODE-CTX8K-S1-BETA01-V1_1783444888,50%,50,beta=0.1,beta01,35,HumanEval+ pass@1,val-core/HumanEval+/acc/pass@1,0.4878048780487805
ONPOLICY-SFT-Qwen3-1P7B-COLDSTART-FRAC50-CODE-KODCODE-CTX8K-S1-BETA01-V1_1783444888,50%,50,beta=0.1,beta01,35,MBPP+ pass@1,val-core/MBPP+/acc/pass@1,0.5291005291005291
ONPOLICY-SFT-Qwen3-1P7B-COLDSTART-FRAC50-CODE-KODCODE-CTX8K-S1-BETA01-V1_1783444888,50%,50,beta=0.1,beta01,35,LiveCodeBench pass@1,val-core/LiveCodeBench/acc/pass@1,0.1875
ONPOLICY-SFT-Qwen3-1P7B-COLDSTART-FRAC50-CODE-KODCODE-CTX8K-S1-BETA01-V1_1783444888,50%,50,beta=0.1,beta01,35,HumanEval+ extract fail,val-aux/HumanEval+/code_reward_extraction_fail/mean@1,0.006097560975609756
ONPOLICY-SFT-Qwen3-1P7B-COLDSTART-FRAC50-CODE-KODCODE-CTX8K-S1-BETA01-V1_1783444888,50%,50,beta=0.1,beta01,35,MBPP+ extract fail,val-aux/MBPP+/code_reward_extraction_fail/mean@1,0.0026455026455026454
ONPOLICY-SFT-Qwen3-1P7B-COLDSTART-FRAC50-CODE-KODCODE-CTX8K-S1-BETA01-V1_1783444888,50%,50,beta=0.1,beta01,35,LiveCodeBench extract fail,val-aux/LiveCodeBench/code_reward_extraction_fail/mean@1,0.0234375
ONPOLICY-SFT-Qwen3-1P7B-COLDSTART-FRAC50-CODE-KODCODE-CTX8K-S1-BETA01-V1_1783444888,50%,50,beta=0.1,beta01,35,Rollout correct ratio,wdl_sft/correct_ratio,0.341796875
ONPOLICY-SFT-Qwen3-1P7B-COLDSTART-FRAC50-CODE-KODCODE-CTX8K-S1-BETA01-V1_1783444888,50%,50,beta=0.1,beta01,35,Gradient norm,actor/grad_norm,8.815464973449707
ONPOLICY-SFT-Qwen3-1P7B-COLDSTART-FRAC50-CODE-KODCODE-CTX8K-S1-BETA01-V1_1783444888,50%,50,beta=0.1,beta01,35,Train score mean,critic/score/mean,-0.31640625
ONPOLICY-SFT-Qwen3-1P7B-COLDSTART-FRAC50-CODE-KODCODE-CTX8K-S1-BETA01-V1_1783444888,50%,50,beta=0.1,beta01,35,Response length mean,response_length/mean,164.169921875
ONPOLICY-SFT-Qwen3-1P7B-COLDSTART-FRAC50-CODE-KODCODE-CTX8K-S1-BETA01-V1_1783444888,50%,50,beta=0.1,beta01,35,Time per step,perf/time_per_step,48.4036825215444
ONPOLICY-SFT-Qwen3-1P7B-COLDSTART-FRAC50-CODE-KODCODE-CTX8K-S1-BETA01-V1_1783444888,50%,50,beta=0.1,beta01,36,Rollout correct ratio,wdl_sft/correct_ratio,0.330078125
ONPOLICY-SFT-Qwen3-1P7B-COLDSTART-FRAC50-CODE-KODCODE-CTX8K-S1-BETA01-V1_1783444888,50%,50,beta=0.1,beta01,36,Gradient norm,actor/grad_norm,10.567821502685547
ONPOLICY-SFT-Qwen3-1P7B-COLDSTART-FRAC50-CODE-KODCODE-CTX8K-S1-BETA01-V1_1783444888,50%,50,beta=0.1,beta01,36,Train score mean,critic/score/mean,-0.33984375
ONPOLICY-SFT-Qwen3-1P7B-COLDSTART-FRAC50-CODE-KODCODE-CTX8K-S1-BETA01-V1_1783444888,50%,50,beta=0.1,beta01,36,Response length mean,response_length/mean,173.205078125
ONPOLICY-SFT-Qwen3-1P7B-COLDSTART-FRAC50-CODE-KODCODE-CTX8K-S1-BETA01-V1_1783444888,50%,50,beta=0.1,beta01,36,Time per step,perf/time_per_step,45.68634916096926
ONPOLICY-SFT-Qwen3-1P7B-COLDSTART-FRAC50-CODE-KODCODE-CTX8K-S1-BETA01-V1_1783444888,50%,50,beta=0.1,beta01,37,Rollout correct ratio,wdl_sft/correct_ratio,0.4453125
ONPOLICY-SFT-Qwen3-1P7B-COLDSTART-FRAC50-CODE-KODCODE-CTX8K-S1-BETA01-V1_1783444888,50%,50,beta=0.1,beta01,37,Gradient norm,actor/grad_norm,8.502035140991211
ONPOLICY-SFT-Qwen3-1P7B-COLDSTART-FRAC50-CODE-KODCODE-CTX8K-S1-BETA01-V1_1783444888,50%,50,beta=0.1,beta01,37,Train score mean,critic/score/mean,-0.109375
ONPOLICY-SFT-Qwen3-1P7B-COLDSTART-FRAC50-CODE-KODCODE-CTX8K-S1-BETA01-V1_1783444888,50%,50,beta=0.1,beta01,37,Response length mean,response_length/mean,167.912109375
ONPOLICY-SFT-Qwen3-1P7B-COLDSTART-FRAC50-CODE-KODCODE-CTX8K-S1-BETA01-V1_1783444888,50%,50,beta=0.1,beta01,37,Time per step,perf/time_per_step,66.56258645839989
ONPOLICY-SFT-Qwen3-1P7B-COLDSTART-FRAC50-CODE-KODCODE-CTX8K-S1-BETA01-V1_1783444888,50%,50,beta=0.1,beta01,38,Rollout correct ratio,wdl_sft/correct_ratio,0.353515625
ONPOLICY-SFT-Qwen3-1P7B-COLDSTART-FRAC50-CODE-KODCODE-CTX8K-S1-BETA01-V1_1783444888,50%,50,beta=0.1,beta01,38,Gradient norm,actor/grad_norm,11.503068923950195
ONPOLICY-SFT-Qwen3-1P7B-COLDSTART-FRAC50-CODE-KODCODE-CTX8K-S1-BETA01-V1_1783444888,50%,50,beta=0.1,beta01,38,Train score mean,critic/score/mean,-0.29296875
ONPOLICY-SFT-Qwen3-1P7B-COLDSTART-FRAC50-CODE-KODCODE-CTX8K-S1-BETA01-V1_1783444888,50%,50,beta=0.1,beta01,38,Response length mean,response_length/mean,162.96875
ONPOLICY-SFT-Qwen3-1P7B-COLDSTART-FRAC50-CODE-KODCODE-CTX8K-S1-BETA01-V1_1783444888,50%,50,beta=0.1,beta01,38,Time per step,perf/time_per_step,23.19578669127077
ONPOLICY-SFT-Qwen3-1P7B-COLDSTART-FRAC50-CODE-KODCODE-CTX8K-S1-BETA01-V1_1783444888,50%,50,beta=0.1,beta01,39,Rollout correct ratio,wdl_sft/correct_ratio,0.435546875
ONPOLICY-SFT-Qwen3-1P7B-COLDSTART-FRAC50-CODE-KODCODE-CTX8K-S1-BETA01-V1_1783444888,50%,50,beta=0.1,beta01,39,Gradient norm,actor/grad_norm,8.856806755065918
ONPOLICY-SFT-Qwen3-1P7B-COLDSTART-FRAC50-CODE-KODCODE-CTX8K-S1-BETA01-V1_1783444888,50%,50,beta=0.1,beta01,39,Train score mean,critic/score/mean,-0.12890625
ONPOLICY-SFT-Qwen3-1P7B-COLDSTART-FRAC50-CODE-KODCODE-CTX8K-S1-BETA01-V1_1783444888,50%,50,beta=0.1,beta01,39,Response length mean,response_length/mean,164.091796875
ONPOLICY-SFT-Qwen3-1P7B-COLDSTART-FRAC50-CODE-KODCODE-CTX8K-S1-BETA01-V1_1783444888,50%,50,beta=0.1,beta01,39,Time per step,perf/time_per_step,42.151722364127636
ONPOLICY-SFT-Qwen3-1P7B-COLDSTART-FRAC50-CODE-KODCODE-CTX8K-S1-BETA01-V1_1783444888,50%,50,beta=0.1,beta01,40,HumanEval+ pass@1,val-core/HumanEval+/acc/pass@1,0.4878048780487805
ONPOLICY-SFT-Qwen3-1P7B-COLDSTART-FRAC50-CODE-KODCODE-CTX8K-S1-BETA01-V1_1783444888,50%,50,beta=0.1,beta01,40,MBPP+ pass@1,val-core/MBPP+/acc/pass@1,0.5370370370370371
ONPOLICY-SFT-Qwen3-1P7B-COLDSTART-FRAC50-CODE-KODCODE-CTX8K-S1-BETA01-V1_1783444888,50%,50,beta=0.1,beta01,40,LiveCodeBench pass@1,val-core/LiveCodeBench/acc/pass@1,0.1796875
ONPOLICY-SFT-Qwen3-1P7B-COLDSTART-FRAC50-CODE-KODCODE-CTX8K-S1-BETA01-V1_1783444888,50%,50,beta=0.1,beta01,40,HumanEval+ extract fail,val-aux/HumanEval+/code_reward_extraction_fail/mean@1,0.012195121951219513
ONPOLICY-SFT-Qwen3-1P7B-COLDSTART-FRAC50-CODE-KODCODE-CTX8K-S1-BETA01-V1_1783444888,50%,50,beta=0.1,beta01,40,MBPP+ extract fail,val-aux/MBPP+/code_reward_extraction_fail/mean@1,0.0026455026455026454
ONPOLICY-SFT-Qwen3-1P7B-COLDSTART-FRAC50-CODE-KODCODE-CTX8K-S1-BETA01-V1_1783444888,50%,50,beta=0.1,beta01,40,LiveCodeBench extract fail,val-aux/LiveCodeBench/code_reward_extraction_fail/mean@1,0.0390625
ONPOLICY-SFT-Qwen3-1P7B-COLDSTART-FRAC50-CODE-KODCODE-CTX8K-S1-BETA01-V1_1783444888,50%,50,beta=0.1,beta01,40,Rollout correct ratio,wdl_sft/correct_ratio,0.341796875
ONPOLICY-SFT-Qwen3-1P7B-COLDSTART-FRAC50-CODE-KODCODE-CTX8K-S1-BETA01-V1_1783444888,50%,50,beta=0.1,beta01,40,Gradient norm,actor/grad_norm,10.086200714111328
ONPOLICY-SFT-Qwen3-1P7B-COLDSTART-FRAC50-CODE-KODCODE-CTX8K-S1-BETA01-V1_1783444888,50%,50,beta=0.1,beta01,40,Train score mean,critic/score/mean,-0.31640625
ONPOLICY-SFT-Qwen3-1P7B-COLDSTART-FRAC50-CODE-KODCODE-CTX8K-S1-BETA01-V1_1783444888,50%,50,beta=0.1,beta01,40,Response length mean,response_length/mean,162.677734375
ONPOLICY-SFT-Qwen3-1P7B-COLDSTART-FRAC50-CODE-KODCODE-CTX8K-S1-BETA01-V1_1783444888,50%,50,beta=0.1,beta01,40,Time per step,perf/time_per_step,45.45442468393594
ONPOLICY-SFT-Qwen3-1P7B-COLDSTART-FRAC50-CODE-KODCODE-CTX8K-S1-BETA01-V1_1783444888,50%,50,beta=0.1,beta01,41,Rollout correct ratio,wdl_sft/correct_ratio,0.337890625
ONPOLICY-SFT-Qwen3-1P7B-COLDSTART-FRAC50-CODE-KODCODE-CTX8K-S1-BETA01-V1_1783444888,50%,50,beta=0.1,beta01,41,Gradient norm,actor/grad_norm,11.85141658782959
ONPOLICY-SFT-Qwen3-1P7B-COLDSTART-FRAC50-CODE-KODCODE-CTX8K-S1-BETA01-V1_1783444888,50%,50,beta=0.1,beta01,41,Train score mean,critic/score/mean,-0.32421875
ONPOLICY-SFT-Qwen3-1P7B-COLDSTART-FRAC50-CODE-KODCODE-CTX8K-S1-BETA01-V1_1783444888,50%,50,beta=0.1,beta01,41,Response length mean,response_length/mean,168.607421875
ONPOLICY-SFT-Qwen3-1P7B-COLDSTART-FRAC50-CODE-KODCODE-CTX8K-S1-BETA01-V1_1783444888,50%,50,beta=0.1,beta01,41,Time per step,perf/time_per_step,43.368739378638566
ONPOLICY-SFT-Qwen3-1P7B-COLDSTART-FRAC50-CODE-KODCODE-CTX8K-S1-BETA01-V1_1783444888,50%,50,beta=0.1,beta01,42,Rollout correct ratio,wdl_sft/correct_ratio,0.375
ONPOLICY-SFT-Qwen3-1P7B-COLDSTART-FRAC50-CODE-KODCODE-CTX8K-S1-BETA01-V1_1783444888,50%,50,beta=0.1,beta01,42,Gradient norm,actor/grad_norm,9.64780330657959
ONPOLICY-SFT-Qwen3-1P7B-COLDSTART-FRAC50-CODE-KODCODE-CTX8K-S1-BETA01-V1_1783444888,50%,50,beta=0.1,beta01,42,Train score mean,critic/score/mean,-0.25
ONPOLICY-SFT-Qwen3-1P7B-COLDSTART-FRAC50-CODE-KODCODE-CTX8K-S1-BETA01-V1_1783444888,50%,50,beta=0.1,beta01,42,Response length mean,response_length/mean,162.69921875
ONPOLICY-SFT-Qwen3-1P7B-COLDSTART-FRAC50-CODE-KODCODE-CTX8K-S1-BETA01-V1_1783444888,50%,50,beta=0.1,beta01,42,Time per step,perf/time_per_step,41.87515624240041
ONPOLICY-SFT-Qwen3-1P7B-COLDSTART-FRAC50-CODE-KODCODE-CTX8K-S1-BETA01-V1_1783444888,50%,50,beta=0.1,beta01,43,Rollout correct ratio,wdl_sft/correct_ratio,0.30078125
ONPOLICY-SFT-Qwen3-1P7B-COLDSTART-FRAC50-CODE-KODCODE-CTX8K-S1-BETA01-V1_1783444888,50%,50,beta=0.1,beta01,43,Gradient norm,actor/grad_norm,11.023648262023926
ONPOLICY-SFT-Qwen3-1P7B-COLDSTART-FRAC50-CODE-KODCODE-CTX8K-S1-BETA01-V1_1783444888,50%,50,beta=0.1,beta01,43,Train score mean,critic/score/mean,-0.3984375
ONPOLICY-SFT-Qwen3-1P7B-COLDSTART-FRAC50-CODE-KODCODE-CTX8K-S1-BETA01-V1_1783444888,50%,50,beta=0.1,beta01,43,Response length mean,response_length/mean,171.318359375
ONPOLICY-SFT-Qwen3-1P7B-COLDSTART-FRAC50-CODE-KODCODE-CTX8K-S1-BETA01-V1_1783444888,50%,50,beta=0.1,beta01,43,Time per step,perf/time_per_step,15.599628308787942
ONPOLICY-SFT-Qwen3-1P7B-COLDSTART-FRAC50-CODE-KODCODE-CTX8K-S1-BETA01-V1_1783444888,50%,50,beta=0.1,beta01,44,Rollout correct ratio,wdl_sft/correct_ratio,0.419921875
ONPOLICY-SFT-Qwen3-1P7B-COLDSTART-FRAC50-CODE-KODCODE-CTX8K-S1-BETA01-V1_1783444888,50%,50,beta=0.1,beta01,44,Gradient norm,actor/grad_norm,8.914922714233398
ONPOLICY-SFT-Qwen3-1P7B-COLDSTART-FRAC50-CODE-KODCODE-CTX8K-S1-BETA01-V1_1783444888,50%,50,beta=0.1,beta01,44,Train score mean,critic/score/mean,-0.16015625
ONPOLICY-SFT-Qwen3-1P7B-COLDSTART-FRAC50-CODE-KODCODE-CTX8K-S1-BETA01-V1_1783444888,50%,50,beta=0.1,beta01,44,Response length mean,response_length/mean,158.82421875
ONPOLICY-SFT-Qwen3-1P7B-COLDSTART-FRAC50-CODE-KODCODE-CTX8K-S1-BETA01-V1_1783444888,50%,50,beta=0.1,beta01,44,Time per step,perf/time_per_step,43.01863031741232
ONPOLICY-SFT-Qwen3-1P7B-COLDSTART-FRAC50-CODE-KODCODE-CTX8K-S1-BETA01-V1_1783444888,50%,50,beta=0.1,beta01,45,HumanEval+ pass@1,val-core/HumanEval+/acc/pass@1,0.4695121951219512
ONPOLICY-SFT-Qwen3-1P7B-COLDSTART-FRAC50-CODE-KODCODE-CTX8K-S1-BETA01-V1_1783444888,50%,50,beta=0.1,beta01,45,MBPP+ pass@1,val-core/MBPP+/acc/pass@1,0.5396825396825397
ONPOLICY-SFT-Qwen3-1P7B-COLDSTART-FRAC50-CODE-KODCODE-CTX8K-S1-BETA01-V1_1783444888,50%,50,beta=0.1,beta01,45,LiveCodeBench pass@1,val-core/LiveCodeBench/acc/pass@1,0.2109375
ONPOLICY-SFT-Qwen3-1P7B-COLDSTART-FRAC50-CODE-KODCODE-CTX8K-S1-BETA01-V1_1783444888,50%,50,beta=0.1,beta01,45,HumanEval+ extract fail,val-aux/HumanEval+/code_reward_extraction_fail/mean@1,0.0
ONPOLICY-SFT-Qwen3-1P7B-COLDSTART-FRAC50-CODE-KODCODE-CTX8K-S1-BETA01-V1_1783444888,50%,50,beta=0.1,beta01,45,MBPP+ extract fail,val-aux/MBPP+/code_reward_extraction_fail/mean@1,0.0026455026455026454
ONPOLICY-SFT-Qwen3-1P7B-COLDSTART-FRAC50-CODE-KODCODE-CTX8K-S1-BETA01-V1_1783444888,50%,50,beta=0.1,beta01,45,LiveCodeBench extract fail,val-aux/LiveCodeBench/code_reward_extraction_fail/mean@1,0.0
ONPOLICY-SFT-Qwen3-1P7B-COLDSTART-FRAC50-CODE-KODCODE-CTX8K-S1-BETA01-V1_1783444888,50%,50,beta=0.1,beta01,45,Rollout correct ratio,wdl_sft/correct_ratio,0.375
ONPOLICY-SFT-Qwen3-1P7B-COLDSTART-FRAC50-CODE-KODCODE-CTX8K-S1-BETA01-V1_1783444888,50%,50,beta=0.1,beta01,45,Gradient norm,actor/grad_norm,9.273975372314453
ONPOLICY-SFT-Qwen3-1P7B-COLDSTART-FRAC50-CODE-KODCODE-CTX8K-S1-BETA01-V1_1783444888,50%,50,beta=0.1,beta01,45,Train score mean,critic/score/mean,-0.25
ONPOLICY-SFT-Qwen3-1P7B-COLDSTART-FRAC50-CODE-KODCODE-CTX8K-S1-BETA01-V1_1783444888,50%,50,beta=0.1,beta01,45,Response length mean,response_length/mean,149.7734375
ONPOLICY-SFT-Qwen3-1P7B-COLDSTART-FRAC50-CODE-KODCODE-CTX8K-S1-BETA01-V1_1783444888,50%,50,beta=0.1,beta01,45,Time per step,perf/time_per_step,45.6650737086311
ONPOLICY-SFT-Qwen3-1P7B-COLDSTART-FRAC50-CODE-KODCODE-CTX8K-S1-BETA01-V1_1783444888,50%,50,beta=0.1,beta01,46,Rollout correct ratio,wdl_sft/correct_ratio,0.423828125
ONPOLICY-SFT-Qwen3-1P7B-COLDSTART-FRAC50-CODE-KODCODE-CTX8K-S1-BETA01-V1_1783444888,50%,50,beta=0.1,beta01,46,Gradient norm,actor/grad_norm,9.627820014953613
ONPOLICY-SFT-Qwen3-1P7B-COLDSTART-FRAC50-CODE-KODCODE-CTX8K-S1-BETA01-V1_1783444888,50%,50,beta=0.1,beta01,46,Train score mean,critic/score/mean,-0.15234375
ONPOLICY-SFT-Qwen3-1P7B-COLDSTART-FRAC50-CODE-KODCODE-CTX8K-S1-BETA01-V1_1783444888,50%,50,beta=0.1,beta01,46,Response length mean,response_length/mean,163.78515625
ONPOLICY-SFT-Qwen3-1P7B-COLDSTART-FRAC50-CODE-KODCODE-CTX8K-S1-BETA01-V1_1783444888,50%,50,beta=0.1,beta01,46,Time per step,perf/time_per_step,43.16966581624001
ONPOLICY-SFT-Qwen3-1P7B-COLDSTART-FRAC50-CODE-KODCODE-CTX8K-S1-BETA01-V1_1783444888,50%,50,beta=0.1,beta01,47,Rollout correct ratio,wdl_sft/correct_ratio,0.453125
ONPOLICY-SFT-Qwen3-1P7B-COLDSTART-FRAC50-CODE-KODCODE-CTX8K-S1-BETA01-V1_1783444888,50%,50,beta=0.1,beta01,47,Gradient norm,actor/grad_norm,8.247933387756348
ONPOLICY-SFT-Qwen3-1P7B-COLDSTART-FRAC50-CODE-KODCODE-CTX8K-S1-BETA01-V1_1783444888,50%,50,beta=0.1,beta01,47,Train score mean,critic/score/mean,-0.09375
ONPOLICY-SFT-Qwen3-1P7B-COLDSTART-FRAC50-CODE-KODCODE-CTX8K-S1-BETA01-V1_1783444888,50%,50,beta=0.1,beta01,47,Response length mean,response_length/mean,146.45703125
ONPOLICY-SFT-Qwen3-1P7B-COLDSTART-FRAC50-CODE-KODCODE-CTX8K-S1-BETA01-V1_1783444888,50%,50,beta=0.1,beta01,47,Time per step,perf/time_per_step,41.38656578399241
ONPOLICY-SFT-Qwen3-1P7B-COLDSTART-FRAC50-CODE-KODCODE-CTX8K-S1-BETA01-V1_1783444888,50%,50,beta=0.1,beta01,48,Rollout correct ratio,wdl_sft/correct_ratio,0.404296875
ONPOLICY-SFT-Qwen3-1P7B-COLDSTART-FRAC50-CODE-KODCODE-CTX8K-S1-BETA01-V1_1783444888,50%,50,beta=0.1,beta01,48,Gradient norm,actor/grad_norm,9.889388084411621
ONPOLICY-SFT-Qwen3-1P7B-COLDSTART-FRAC50-CODE-KODCODE-CTX8K-S1-BETA01-V1_1783444888,50%,50,beta=0.1,beta01,48,Train score mean,critic/score/mean,-0.19140625
ONPOLICY-SFT-Qwen3-1P7B-COLDSTART-FRAC50-CODE-KODCODE-CTX8K-S1-BETA01-V1_1783444888,50%,50,beta=0.1,beta01,48,Response length mean,response_length/mean,162.091796875
ONPOLICY-SFT-Qwen3-1P7B-COLDSTART-FRAC50-CODE-KODCODE-CTX8K-S1-BETA01-V1_1783444888,50%,50,beta=0.1,beta01,48,Time per step,perf/time_per_step,43.716627578251064
ONPOLICY-SFT-Qwen3-1P7B-COLDSTART-FRAC50-CODE-KODCODE-CTX8K-S1-BETA01-V1_1783444888,50%,50,beta=0.1,beta01,49,Rollout correct ratio,wdl_sft/correct_ratio,0.451171875
ONPOLICY-SFT-Qwen3-1P7B-COLDSTART-FRAC50-CODE-KODCODE-CTX8K-S1-BETA01-V1_1783444888,50%,50,beta=0.1,beta01,49,Gradient norm,actor/grad_norm,8.503929138183594
ONPOLICY-SFT-Qwen3-1P7B-COLDSTART-FRAC50-CODE-KODCODE-CTX8K-S1-BETA01-V1_1783444888,50%,50,beta=0.1,beta01,49,Train score mean,critic/score/mean,-0.09765625
ONPOLICY-SFT-Qwen3-1P7B-COLDSTART-FRAC50-CODE-KODCODE-CTX8K-S1-BETA01-V1_1783444888,50%,50,beta=0.1,beta01,49,Response length mean,response_length/mean,148.056640625
ONPOLICY-SFT-Qwen3-1P7B-COLDSTART-FRAC50-CODE-KODCODE-CTX8K-S1-BETA01-V1_1783444888,50%,50,beta=0.1,beta01,49,Time per step,perf/time_per_step,43.5439944723621
ONPOLICY-SFT-Qwen3-1P7B-COLDSTART-FRAC50-CODE-KODCODE-CTX8K-S1-BETA01-V1_1783444888,50%,50,beta=0.1,beta01,50,HumanEval+ pass@1,val-core/HumanEval+/acc/pass@1,0.4817073170731707
ONPOLICY-SFT-Qwen3-1P7B-COLDSTART-FRAC50-CODE-KODCODE-CTX8K-S1-BETA01-V1_1783444888,50%,50,beta=0.1,beta01,50,MBPP+ pass@1,val-core/MBPP+/acc/pass@1,0.5396825396825397
ONPOLICY-SFT-Qwen3-1P7B-COLDSTART-FRAC50-CODE-KODCODE-CTX8K-S1-BETA01-V1_1783444888,50%,50,beta=0.1,beta01,50,LiveCodeBench pass@1,val-core/LiveCodeBench/acc/pass@1,0.1796875
ONPOLICY-SFT-Qwen3-1P7B-COLDSTART-FRAC50-CODE-KODCODE-CTX8K-S1-BETA01-V1_1783444888,50%,50,beta=0.1,beta01,50,HumanEval+ extract fail,val-aux/HumanEval+/code_reward_extraction_fail/mean@1,0.018292682926829267
ONPOLICY-SFT-Qwen3-1P7B-COLDSTART-FRAC50-CODE-KODCODE-CTX8K-S1-BETA01-V1_1783444888,50%,50,beta=0.1,beta01,50,MBPP+ extract fail,val-aux/MBPP+/code_reward_extraction_fail/mean@1,0.007936507936507936
ONPOLICY-SFT-Qwen3-1P7B-COLDSTART-FRAC50-CODE-KODCODE-CTX8K-S1-BETA01-V1_1783444888,50%,50,beta=0.1,beta01,50,LiveCodeBench extract fail,val-aux/LiveCodeBench/code_reward_extraction_fail/mean@1,0.015625
ONPOLICY-SFT-Qwen3-1P7B-COLDSTART-FRAC50-CODE-KODCODE-CTX8K-S1-BETA01-V1_1783444888,50%,50,beta=0.1,beta01,50,Rollout correct ratio,wdl_sft/correct_ratio,0.40234375
ONPOLICY-SFT-Qwen3-1P7B-COLDSTART-FRAC50-CODE-KODCODE-CTX8K-S1-BETA01-V1_1783444888,50%,50,beta=0.1,beta01,50,Gradient norm,actor/grad_norm,10.274918556213379
ONPOLICY-SFT-Qwen3-1P7B-COLDSTART-FRAC50-CODE-KODCODE-CTX8K-S1-BETA01-V1_1783444888,50%,50,beta=0.1,beta01,50,Train score mean,critic/score/mean,-0.1953125
ONPOLICY-SFT-Qwen3-1P7B-COLDSTART-FRAC50-CODE-KODCODE-CTX8K-S1-BETA01-V1_1783444888,50%,50,beta=0.1,beta01,50,Response length mean,response_length/mean,166.419921875
ONPOLICY-SFT-Qwen3-1P7B-COLDSTART-FRAC50-CODE-KODCODE-CTX8K-S1-BETA01-V1_1783444888,50%,50,beta=0.1,beta01,50,Time per step,perf/time_per_step,49.48401093762368
ONPOLICY-SFT-Qwen3-1P7B-COLDSTART-FRAC50-CODE-KODCODE-CTX8K-S1-BETA01-V1_1783444888,50%,50,beta=0.1,beta01,51,Rollout correct ratio,wdl_sft/correct_ratio,0.423828125
ONPOLICY-SFT-Qwen3-1P7B-COLDSTART-FRAC50-CODE-KODCODE-CTX8K-S1-BETA01-V1_1783444888,50%,50,beta=0.1,beta01,51,Gradient norm,actor/grad_norm,9.329177856445312
ONPOLICY-SFT-Qwen3-1P7B-COLDSTART-FRAC50-CODE-KODCODE-CTX8K-S1-BETA01-V1_1783444888,50%,50,beta=0.1,beta01,51,Train score mean,critic/score/mean,-0.15234375
ONPOLICY-SFT-Qwen3-1P7B-COLDSTART-FRAC50-CODE-KODCODE-CTX8K-S1-BETA01-V1_1783444888,50%,50,beta=0.1,beta01,51,Response length mean,response_length/mean,156.291015625
ONPOLICY-SFT-Qwen3-1P7B-COLDSTART-FRAC50-CODE-KODCODE-CTX8K-S1-BETA01-V1_1783444888,50%,50,beta=0.1,beta01,51,Time per step,perf/time_per_step,40.61263509467244
ONPOLICY-SFT-Qwen3-1P7B-COLDSTART-FRAC50-CODE-KODCODE-CTX8K-S1-BETA01-V1_1783444888,50%,50,beta=0.1,beta01,52,Rollout correct ratio,wdl_sft/correct_ratio,0.37890625
ONPOLICY-SFT-Qwen3-1P7B-COLDSTART-FRAC50-CODE-KODCODE-CTX8K-S1-BETA01-V1_1783444888,50%,50,beta=0.1,beta01,52,Gradient norm,actor/grad_norm,9.36870002746582
ONPOLICY-SFT-Qwen3-1P7B-COLDSTART-FRAC50-CODE-KODCODE-CTX8K-S1-BETA01-V1_1783444888,50%,50,beta=0.1,beta01,52,Train score mean,critic/score/mean,-0.2421875
ONPOLICY-SFT-Qwen3-1P7B-COLDSTART-FRAC50-CODE-KODCODE-CTX8K-S1-BETA01-V1_1783444888,50%,50,beta=0.1,beta01,52,Response length mean,response_length/mean,154.173828125
ONPOLICY-SFT-Qwen3-1P7B-COLDSTART-FRAC50-CODE-KODCODE-CTX8K-S1-BETA01-V1_1783444888,50%,50,beta=0.1,beta01,52,Time per step,perf/time_per_step,16.473243822343647
ONPOLICY-SFT-Qwen3-1P7B-COLDSTART-FRAC50-CODE-KODCODE-CTX8K-S1-BETA01-V1_1783444888,50%,50,beta=0.1,beta01,53,Rollout correct ratio,wdl_sft/correct_ratio,0.3828125
ONPOLICY-SFT-Qwen3-1P7B-COLDSTART-FRAC50-CODE-KODCODE-CTX8K-S1-BETA01-V1_1783444888,50%,50,beta=0.1,beta01,53,Gradient norm,actor/grad_norm,9.832557678222656
ONPOLICY-SFT-Qwen3-1P7B-COLDSTART-FRAC50-CODE-KODCODE-CTX8K-S1-BETA01-V1_1783444888,50%,50,beta=0.1,beta01,53,Train score mean,critic/score/mean,-0.234375
ONPOLICY-SFT-Qwen3-1P7B-COLDSTART-FRAC50-CODE-KODCODE-CTX8K-S1-BETA01-V1_1783444888,50%,50,beta=0.1,beta01,53,Response length mean,response_length/mean,155.341796875
ONPOLICY-SFT-Qwen3-1P7B-COLDSTART-FRAC50-CODE-KODCODE-CTX8K-S1-BETA01-V1_1783444888,50%,50,beta=0.1,beta01,53,Time per step,perf/time_per_step,42.826895363628864
ONPOLICY-SFT-Qwen3-1P7B-COLDSTART-FRAC50-CODE-KODCODE-CTX8K-S1-BETA01-V1_1783444888,50%,50,beta=0.1,beta01,54,Rollout correct ratio,wdl_sft/correct_ratio,0.400390625
ONPOLICY-SFT-Qwen3-1P7B-COLDSTART-FRAC50-CODE-KODCODE-CTX8K-S1-BETA01-V1_1783444888,50%,50,beta=0.1,beta01,54,Gradient norm,actor/grad_norm,9.093291282653809
ONPOLICY-SFT-Qwen3-1P7B-COLDSTART-FRAC50-CODE-KODCODE-CTX8K-S1-BETA01-V1_1783444888,50%,50,beta=0.1,beta01,54,Train score mean,critic/score/mean,-0.19921875
ONPOLICY-SFT-Qwen3-1P7B-COLDSTART-FRAC50-CODE-KODCODE-CTX8K-S1-BETA01-V1_1783444888,50%,50,beta=0.1,beta01,54,Response length mean,response_length/mean,161.302734375
ONPOLICY-SFT-Qwen3-1P7B-COLDSTART-FRAC50-CODE-KODCODE-CTX8K-S1-BETA01-V1_1783444888,50%,50,beta=0.1,beta01,54,Time per step,perf/time_per_step,40.89609699975699
ONPOLICY-SFT-Qwen3-1P7B-COLDSTART-FRAC50-CODE-KODCODE-CTX8K-S1-BETA01-V1_1783444888,50%,50,beta=0.1,beta01,55,HumanEval+ pass@1,val-core/HumanEval+/acc/pass@1,0.4878048780487805
ONPOLICY-SFT-Qwen3-1P7B-COLDSTART-FRAC50-CODE-KODCODE-CTX8K-S1-BETA01-V1_1783444888,50%,50,beta=0.1,beta01,55,MBPP+ pass@1,val-core/MBPP+/acc/pass@1,0.5555555555555556
ONPOLICY-SFT-Qwen3-1P7B-COLDSTART-FRAC50-CODE-KODCODE-CTX8K-S1-BETA01-V1_1783444888,50%,50,beta=0.1,beta01,55,LiveCodeBench pass@1,val-core/LiveCodeBench/acc/pass@1,0.1875
ONPOLICY-SFT-Qwen3-1P7B-COLDSTART-FRAC50-CODE-KODCODE-CTX8K-S1-BETA01-V1_1783444888,50%,50,beta=0.1,beta01,55,HumanEval+ extract fail,val-aux/HumanEval+/code_reward_extraction_fail/mean@1,0.006097560975609756
ONPOLICY-SFT-Qwen3-1P7B-COLDSTART-FRAC50-CODE-KODCODE-CTX8K-S1-BETA01-V1_1783444888,50%,50,beta=0.1,beta01,55,MBPP+ extract fail,val-aux/MBPP+/code_reward_extraction_fail/mean@1,0.005291005291005291
ONPOLICY-SFT-Qwen3-1P7B-COLDSTART-FRAC50-CODE-KODCODE-CTX8K-S1-BETA01-V1_1783444888,50%,50,beta=0.1,beta01,55,LiveCodeBench extract fail,val-aux/LiveCodeBench/code_reward_extraction_fail/mean@1,0.0234375
ONPOLICY-SFT-Qwen3-1P7B-COLDSTART-FRAC50-CODE-KODCODE-CTX8K-S1-BETA01-V1_1783444888,50%,50,beta=0.1,beta01,55,Rollout correct ratio,wdl_sft/correct_ratio,0.361328125
ONPOLICY-SFT-Qwen3-1P7B-COLDSTART-FRAC50-CODE-KODCODE-CTX8K-S1-BETA01-V1_1783444888,50%,50,beta=0.1,beta01,55,Gradient norm,actor/grad_norm,8.509126663208008
ONPOLICY-SFT-Qwen3-1P7B-COLDSTART-FRAC50-CODE-KODCODE-CTX8K-S1-BETA01-V1_1783444888,50%,50,beta=0.1,beta01,55,Train score mean,critic/score/mean,-0.27734375
ONPOLICY-SFT-Qwen3-1P7B-COLDSTART-FRAC50-CODE-KODCODE-CTX8K-S1-BETA01-V1_1783444888,50%,50,beta=0.1,beta01,55,Response length mean,response_length/mean,157.578125
ONPOLICY-SFT-Qwen3-1P7B-COLDSTART-FRAC50-CODE-KODCODE-CTX8K-S1-BETA01-V1_1783444888,50%,50,beta=0.1,beta01,55,Time per step,perf/time_per_step,50.958380717784166
ONPOLICY-SFT-Qwen3-1P7B-COLDSTART-FRAC50-CODE-KODCODE-CTX8K-S1-BETA01-V1_1783444888,50%,50,beta=0.1,beta01,56,Rollout correct ratio,wdl_sft/correct_ratio,0.345703125
ONPOLICY-SFT-Qwen3-1P7B-COLDSTART-FRAC50-CODE-KODCODE-CTX8K-S1-BETA01-V1_1783444888,50%,50,beta=0.1,beta01,56,Gradient norm,actor/grad_norm,10.202136993408203
ONPOLICY-SFT-Qwen3-1P7B-COLDSTART-FRAC50-CODE-KODCODE-CTX8K-S1-BETA01-V1_1783444888,50%,50,beta=0.1,beta01,56,Train score mean,critic/score/mean,-0.30859375
ONPOLICY-SFT-Qwen3-1P7B-COLDSTART-FRAC50-CODE-KODCODE-CTX8K-S1-BETA01-V1_1783444888,50%,50,beta=0.1,beta01,56,Response length mean,response_length/mean,149.48828125
ONPOLICY-SFT-Qwen3-1P7B-COLDSTART-FRAC50-CODE-KODCODE-CTX8K-S1-BETA01-V1_1783444888,50%,50,beta=0.1,beta01,56,Time per step,perf/time_per_step,40.33323791716248
ONPOLICY-SFT-Qwen3-1P7B-COLDSTART-FRAC50-CODE-KODCODE-CTX8K-S1-BETA01-V1_1783444888,50%,50,beta=0.1,beta01,57,Rollout correct ratio,wdl_sft/correct_ratio,0.400390625
ONPOLICY-SFT-Qwen3-1P7B-COLDSTART-FRAC50-CODE-KODCODE-CTX8K-S1-BETA01-V1_1783444888,50%,50,beta=0.1,beta01,57,Gradient norm,actor/grad_norm,9.804052352905273
ONPOLICY-SFT-Qwen3-1P7B-COLDSTART-FRAC50-CODE-KODCODE-CTX8K-S1-BETA01-V1_1783444888,50%,50,beta=0.1,beta01,57,Train score mean,critic/score/mean,-0.19921875
ONPOLICY-SFT-Qwen3-1P7B-COLDSTART-FRAC50-CODE-KODCODE-CTX8K-S1-BETA01-V1_1783444888,50%,50,beta=0.1,beta01,57,Response length mean,response_length/mean,165.00390625
ONPOLICY-SFT-Qwen3-1P7B-COLDSTART-FRAC50-CODE-KODCODE-CTX8K-S1-BETA01-V1_1783444888,50%,50,beta=0.1,beta01,57,Time per step,perf/time_per_step,41.7952695498243
ONPOLICY-SFT-Qwen3-1P7B-COLDSTART-FRAC50-CODE-KODCODE-CTX8K-S1-BETA01-V1_1783444888,50%,50,beta=0.1,beta01,58,Rollout correct ratio,wdl_sft/correct_ratio,0.37890625
ONPOLICY-SFT-Qwen3-1P7B-COLDSTART-FRAC50-CODE-KODCODE-CTX8K-S1-BETA01-V1_1783444888,50%,50,beta=0.1,beta01,58,Gradient norm,actor/grad_norm,11.77572250366211
ONPOLICY-SFT-Qwen3-1P7B-COLDSTART-FRAC50-CODE-KODCODE-CTX8K-S1-BETA01-V1_1783444888,50%,50,beta=0.1,beta01,58,Train score mean,critic/score/mean,-0.2421875
ONPOLICY-SFT-Qwen3-1P7B-COLDSTART-FRAC50-CODE-KODCODE-CTX8K-S1-BETA01-V1_1783444888,50%,50,beta=0.1,beta01,58,Response length mean,response_length/mean,172.755859375
ONPOLICY-SFT-Qwen3-1P7B-COLDSTART-FRAC50-CODE-KODCODE-CTX8K-S1-BETA01-V1_1783444888,50%,50,beta=0.1,beta01,58,Time per step,perf/time_per_step,40.833745608106256
ONPOLICY-SFT-Qwen3-1P7B-COLDSTART-FRAC50-CODE-KODCODE-CTX8K-S1-BETA01-V1_1783444888,50%,50,beta=0.1,beta01,59,Rollout correct ratio,wdl_sft/correct_ratio,0.390625
ONPOLICY-SFT-Qwen3-1P7B-COLDSTART-FRAC50-CODE-KODCODE-CTX8K-S1-BETA01-V1_1783444888,50%,50,beta=0.1,beta01,59,Gradient norm,actor/grad_norm,10.172533988952637
ONPOLICY-SFT-Qwen3-1P7B-COLDSTART-FRAC50-CODE-KODCODE-CTX8K-S1-BETA01-V1_1783444888,50%,50,beta=0.1,beta01,59,Train score mean,critic/score/mean,-0.21875
ONPOLICY-SFT-Qwen3-1P7B-COLDSTART-FRAC50-CODE-KODCODE-CTX8K-S1-BETA01-V1_1783444888,50%,50,beta=0.1,beta01,59,Response length mean,response_length/mean,158.8671875
ONPOLICY-SFT-Qwen3-1P7B-COLDSTART-FRAC50-CODE-KODCODE-CTX8K-S1-BETA01-V1_1783444888,50%,50,beta=0.1,beta01,59,Time per step,perf/time_per_step,42.00576220545918
ONPOLICY-SFT-Qwen3-1P7B-COLDSTART-FRAC50-CODE-KODCODE-CTX8K-S1-BETA01-V1_1783444888,50%,50,beta=0.1,beta01,60,HumanEval+ pass@1,val-core/HumanEval+/acc/pass@1,0.47560975609756095
ONPOLICY-SFT-Qwen3-1P7B-COLDSTART-FRAC50-CODE-KODCODE-CTX8K-S1-BETA01-V1_1783444888,50%,50,beta=0.1,beta01,60,MBPP+ pass@1,val-core/MBPP+/acc/pass@1,0.5529100529100529
ONPOLICY-SFT-Qwen3-1P7B-COLDSTART-FRAC50-CODE-KODCODE-CTX8K-S1-BETA01-V1_1783444888,50%,50,beta=0.1,beta01,60,LiveCodeBench pass@1,val-core/LiveCodeBench/acc/pass@1,0.203125
ONPOLICY-SFT-Qwen3-1P7B-COLDSTART-FRAC50-CODE-KODCODE-CTX8K-S1-BETA01-V1_1783444888,50%,50,beta=0.1,beta01,60,HumanEval+ extract fail,val-aux/HumanEval+/code_reward_extraction_fail/mean@1,0.0
ONPOLICY-SFT-Qwen3-1P7B-COLDSTART-FRAC50-CODE-KODCODE-CTX8K-S1-BETA01-V1_1783444888,50%,50,beta=0.1,beta01,60,MBPP+ extract fail,val-aux/MBPP+/code_reward_extraction_fail/mean@1,0.010582010582010581
ONPOLICY-SFT-Qwen3-1P7B-COLDSTART-FRAC50-CODE-KODCODE-CTX8K-S1-BETA01-V1_1783444888,50%,50,beta=0.1,beta01,60,LiveCodeBench extract fail,val-aux/LiveCodeBench/code_reward_extraction_fail/mean@1,0.015625
ONPOLICY-SFT-Qwen3-1P7B-COLDSTART-FRAC50-CODE-KODCODE-CTX8K-S1-BETA01-V1_1783444888,50%,50,beta=0.1,beta01,60,Rollout correct ratio,wdl_sft/correct_ratio,0.38671875
ONPOLICY-SFT-Qwen3-1P7B-COLDSTART-FRAC50-CODE-KODCODE-CTX8K-S1-BETA01-V1_1783444888,50%,50,beta=0.1,beta01,60,Gradient norm,actor/grad_norm,9.714545249938965
ONPOLICY-SFT-Qwen3-1P7B-COLDSTART-FRAC50-CODE-KODCODE-CTX8K-S1-BETA01-V1_1783444888,50%,50,beta=0.1,beta01,60,Train score mean,critic/score/mean,-0.2265625
ONPOLICY-SFT-Qwen3-1P7B-COLDSTART-FRAC50-CODE-KODCODE-CTX8K-S1-BETA01-V1_1783444888,50%,50,beta=0.1,beta01,60,Response length mean,response_length/mean,141.49609375
ONPOLICY-SFT-Qwen3-1P7B-COLDSTART-FRAC50-CODE-KODCODE-CTX8K-S1-BETA01-V1_1783444888,50%,50,beta=0.1,beta01,60,Time per step,perf/time_per_step,45.44974921271205
ONPOLICY-SFT-Qwen3-1P7B-COLDSTART-FRAC50-CODE-KODCODE-CTX8K-S1-BETA01-V1_1783444888,50%,50,beta=0.1,beta01,61,Rollout correct ratio,wdl_sft/correct_ratio,0.423828125
ONPOLICY-SFT-Qwen3-1P7B-COLDSTART-FRAC50-CODE-KODCODE-CTX8K-S1-BETA01-V1_1783444888,50%,50,beta=0.1,beta01,61,Gradient norm,actor/grad_norm,8.428730010986328
ONPOLICY-SFT-Qwen3-1P7B-COLDSTART-FRAC50-CODE-KODCODE-CTX8K-S1-BETA01-V1_1783444888,50%,50,beta=0.1,beta01,61,Train score mean,critic/score/mean,-0.15234375
ONPOLICY-SFT-Qwen3-1P7B-COLDSTART-FRAC50-CODE-KODCODE-CTX8K-S1-BETA01-V1_1783444888,50%,50,beta=0.1,beta01,61,Response length mean,response_length/mean,147.095703125
ONPOLICY-SFT-Qwen3-1P7B-COLDSTART-FRAC50-CODE-KODCODE-CTX8K-S1-BETA01-V1_1783444888,50%,50,beta=0.1,beta01,61,Time per step,perf/time_per_step,42.1574601335451
ONPOLICY-SFT-Qwen3-1P7B-COLDSTART-FRAC50-CODE-KODCODE-CTX8K-S1-BETA01-V1_1783444888,50%,50,beta=0.1,beta01,62,Rollout correct ratio,wdl_sft/correct_ratio,0.392578125
ONPOLICY-SFT-Qwen3-1P7B-COLDSTART-FRAC50-CODE-KODCODE-CTX8K-S1-BETA01-V1_1783444888,50%,50,beta=0.1,beta01,62,Gradient norm,actor/grad_norm,9.559016227722168
ONPOLICY-SFT-Qwen3-1P7B-COLDSTART-FRAC50-CODE-KODCODE-CTX8K-S1-BETA01-V1_1783444888,50%,50,beta=0.1,beta01,62,Train score mean,critic/score/mean,-0.21484375
ONPOLICY-SFT-Qwen3-1P7B-COLDSTART-FRAC50-CODE-KODCODE-CTX8K-S1-BETA01-V1_1783444888,50%,50,beta=0.1,beta01,62,Response length mean,response_length/mean,160.21484375
ONPOLICY-SFT-Qwen3-1P7B-COLDSTART-FRAC50-CODE-KODCODE-CTX8K-S1-BETA01-V1_1783444888,50%,50,beta=0.1,beta01,62,Time per step,perf/time_per_step,43.60261651407927
ONPOLICY-SFT-Qwen3-1P7B-COLDSTART-FRAC50-CODE-KODCODE-CTX8K-S1-BETA01-V1_1783444888,50%,50,beta=0.1,beta01,63,Rollout correct ratio,wdl_sft/correct_ratio,0.421875
ONPOLICY-SFT-Qwen3-1P7B-COLDSTART-FRAC50-CODE-KODCODE-CTX8K-S1-BETA01-V1_1783444888,50%,50,beta=0.1,beta01,63,Gradient norm,actor/grad_norm,9.230549812316895
ONPOLICY-SFT-Qwen3-1P7B-COLDSTART-FRAC50-CODE-KODCODE-CTX8K-S1-BETA01-V1_1783444888,50%,50,beta=0.1,beta01,63,Train score mean,critic/score/mean,-0.15625
ONPOLICY-SFT-Qwen3-1P7B-COLDSTART-FRAC50-CODE-KODCODE-CTX8K-S1-BETA01-V1_1783444888,50%,50,beta=0.1,beta01,63,Response length mean,response_length/mean,153.533203125
ONPOLICY-SFT-Qwen3-1P7B-COLDSTART-FRAC50-CODE-KODCODE-CTX8K-S1-BETA01-V1_1783444888,50%,50,beta=0.1,beta01,63,Time per step,perf/time_per_step,40.69464460480958
ONPOLICY-SFT-Qwen3-1P7B-COLDSTART-FRAC50-CODE-KODCODE-CTX8K-S1-BETA01-V1_1783444888,50%,50,beta=0.1,beta01,64,Rollout correct ratio,wdl_sft/correct_ratio,0.318359375
ONPOLICY-SFT-Qwen3-1P7B-COLDSTART-FRAC50-CODE-KODCODE-CTX8K-S1-BETA01-V1_1783444888,50%,50,beta=0.1,beta01,64,Gradient norm,actor/grad_norm,10.206140518188477
ONPOLICY-SFT-Qwen3-1P7B-COLDSTART-FRAC50-CODE-KODCODE-CTX8K-S1-BETA01-V1_1783444888,50%,50,beta=0.1,beta01,64,Train score mean,critic/score/mean,-0.36328125
ONPOLICY-SFT-Qwen3-1P7B-COLDSTART-FRAC50-CODE-KODCODE-CTX8K-S1-BETA01-V1_1783444888,50%,50,beta=0.1,beta01,64,Response length mean,response_length/mean,159.578125
ONPOLICY-SFT-Qwen3-1P7B-COLDSTART-FRAC50-CODE-KODCODE-CTX8K-S1-BETA01-V1_1783444888,50%,50,beta=0.1,beta01,64,Time per step,perf/time_per_step,43.83181344345212
ONPOLICY-SFT-Qwen3-1P7B-COLDSTART-FRAC50-CODE-KODCODE-CTX8K-S1-BETA01-V1_1783444888,50%,50,beta=0.1,beta01,65,HumanEval+ pass@1,val-core/HumanEval+/acc/pass@1,0.4695121951219512
ONPOLICY-SFT-Qwen3-1P7B-COLDSTART-FRAC50-CODE-KODCODE-CTX8K-S1-BETA01-V1_1783444888,50%,50,beta=0.1,beta01,65,MBPP+ pass@1,val-core/MBPP+/acc/pass@1,0.5211640211640212
ONPOLICY-SFT-Qwen3-1P7B-COLDSTART-FRAC50-CODE-KODCODE-CTX8K-S1-BETA01-V1_1783444888,50%,50,beta=0.1,beta01,65,LiveCodeBench pass@1,val-core/LiveCodeBench/acc/pass@1,0.1953125
ONPOLICY-SFT-Qwen3-1P7B-COLDSTART-FRAC50-CODE-KODCODE-CTX8K-S1-BETA01-V1_1783444888,50%,50,beta=0.1,beta01,65,HumanEval+ extract fail,val-aux/HumanEval+/code_reward_extraction_fail/mean@1,0.006097560975609756
ONPOLICY-SFT-Qwen3-1P7B-COLDSTART-FRAC50-CODE-KODCODE-CTX8K-S1-BETA01-V1_1783444888,50%,50,beta=0.1,beta01,65,MBPP+ extract fail,val-aux/MBPP+/code_reward_extraction_fail/mean@1,0.005291005291005291
ONPOLICY-SFT-Qwen3-1P7B-COLDSTART-FRAC50-CODE-KODCODE-CTX8K-S1-BETA01-V1_1783444888,50%,50,beta=0.1,beta01,65,LiveCodeBench extract fail,val-aux/LiveCodeBench/code_reward_extraction_fail/mean@1,0.0234375
ONPOLICY-SFT-Qwen3-1P7B-COLDSTART-FRAC50-CODE-KODCODE-CTX8K-S1-BETA01-V1_1783444888,50%,50,beta=0.1,beta01,65,Rollout correct ratio,wdl_sft/correct_ratio,0.41015625
ONPOLICY-SFT-Qwen3-1P7B-COLDSTART-FRAC50-CODE-KODCODE-CTX8K-S1-BETA01-V1_1783444888,50%,50,beta=0.1,beta01,65,Gradient norm,actor/grad_norm,9.363114356994629
ONPOLICY-SFT-Qwen3-1P7B-COLDSTART-FRAC50-CODE-KODCODE-CTX8K-S1-BETA01-V1_1783444888,50%,50,beta=0.1,beta01,65,Train score mean,critic/score/mean,-0.1796875
ONPOLICY-SFT-Qwen3-1P7B-COLDSTART-FRAC50-CODE-KODCODE-CTX8K-S1-BETA01-V1_1783444888,50%,50,beta=0.1,beta01,65,Response length mean,response_length/mean,165.125
ONPOLICY-SFT-Qwen3-1P7B-COLDSTART-FRAC50-CODE-KODCODE-CTX8K-S1-BETA01-V1_1783444888,50%,50,beta=0.1,beta01,65,Time per step,perf/time_per_step,47.38299228809774
ONPOLICY-SFT-Qwen3-1P7B-COLDSTART-FRAC50-CODE-KODCODE-CTX8K-S1-BETA01-V1_1783444888,50%,50,beta=0.1,beta01,66,Rollout correct ratio,wdl_sft/correct_ratio,0.466796875
ONPOLICY-SFT-Qwen3-1P7B-COLDSTART-FRAC50-CODE-KODCODE-CTX8K-S1-BETA01-V1_1783444888,50%,50,beta=0.1,beta01,66,Gradient norm,actor/grad_norm,7.355926513671875
ONPOLICY-SFT-Qwen3-1P7B-COLDSTART-FRAC50-CODE-KODCODE-CTX8K-S1-BETA01-V1_1783444888,50%,50,beta=0.1,beta01,66,Train score mean,critic/score/mean,-0.06640625
ONPOLICY-SFT-Qwen3-1P7B-COLDSTART-FRAC50-CODE-KODCODE-CTX8K-S1-BETA01-V1_1783444888,50%,50,beta=0.1,beta01,66,Response length mean,response_length/mean,142.197265625
ONPOLICY-SFT-Qwen3-1P7B-COLDSTART-FRAC50-CODE-KODCODE-CTX8K-S1-BETA01-V1_1783444888,50%,50,beta=0.1,beta01,66,Time per step,perf/time_per_step,40.22204072121531
ONPOLICY-SFT-Qwen3-1P7B-COLDSTART-FRAC50-CODE-KODCODE-CTX8K-S1-BETA01-V1_1783444888,50%,50,beta=0.1,beta01,67,Rollout correct ratio,wdl_sft/correct_ratio,0.373046875
ONPOLICY-SFT-Qwen3-1P7B-COLDSTART-FRAC50-CODE-KODCODE-CTX8K-S1-BETA01-V1_1783444888,50%,50,beta=0.1,beta01,67,Gradient norm,actor/grad_norm,8.9667329788208
ONPOLICY-SFT-Qwen3-1P7B-COLDSTART-FRAC50-CODE-KODCODE-CTX8K-S1-BETA01-V1_1783444888,50%,50,beta=0.1,beta01,67,Train score mean,critic/score/mean,-0.25390625
ONPOLICY-SFT-Qwen3-1P7B-COLDSTART-FRAC50-CODE-KODCODE-CTX8K-S1-BETA01-V1_1783444888,50%,50,beta=0.1,beta01,67,Response length mean,response_length/mean,157.208984375
ONPOLICY-SFT-Qwen3-1P7B-COLDSTART-FRAC50-CODE-KODCODE-CTX8K-S1-BETA01-V1_1783444888,50%,50,beta=0.1,beta01,67,Time per step,perf/time_per_step,42.19224707596004
ONPOLICY-SFT-Qwen3-1P7B-COLDSTART-FRAC50-CODE-KODCODE-CTX8K-S1-BETA01-V1_1783444888,50%,50,beta=0.1,beta01,68,Rollout correct ratio,wdl_sft/correct_ratio,0.33203125
ONPOLICY-SFT-Qwen3-1P7B-COLDSTART-FRAC50-CODE-KODCODE-CTX8K-S1-BETA01-V1_1783444888,50%,50,beta=0.1,beta01,68,Gradient norm,actor/grad_norm,11.23754596710205
ONPOLICY-SFT-Qwen3-1P7B-COLDSTART-FRAC50-CODE-KODCODE-CTX8K-S1-BETA01-V1_1783444888,50%,50,beta=0.1,beta01,68,Train score mean,critic/score/mean,-0.3359375
ONPOLICY-SFT-Qwen3-1P7B-COLDSTART-FRAC50-CODE-KODCODE-CTX8K-S1-BETA01-V1_1783444888,50%,50,beta=0.1,beta01,68,Response length mean,response_length/mean,164.755859375
ONPOLICY-SFT-Qwen3-1P7B-COLDSTART-FRAC50-CODE-KODCODE-CTX8K-S1-BETA01-V1_1783444888,50%,50,beta=0.1,beta01,68,Time per step,perf/time_per_step,45.30299748200923
ONPOLICY-SFT-Qwen3-1P7B-COLDSTART-FRAC50-CODE-KODCODE-CTX8K-S1-BETA01-V1_1783444888,50%,50,beta=0.1,beta01,69,Rollout correct ratio,wdl_sft/correct_ratio,0.4375
ONPOLICY-SFT-Qwen3-1P7B-COLDSTART-FRAC50-CODE-KODCODE-CTX8K-S1-BETA01-V1_1783444888,50%,50,beta=0.1,beta01,69,Gradient norm,actor/grad_norm,9.398040771484375
ONPOLICY-SFT-Qwen3-1P7B-COLDSTART-FRAC50-CODE-KODCODE-CTX8K-S1-BETA01-V1_1783444888,50%,50,beta=0.1,beta01,69,Train score mean,critic/score/mean,-0.125
ONPOLICY-SFT-Qwen3-1P7B-COLDSTART-FRAC50-CODE-KODCODE-CTX8K-S1-BETA01-V1_1783444888,50%,50,beta=0.1,beta01,69,Response length mean,response_length/mean,159.7734375
ONPOLICY-SFT-Qwen3-1P7B-COLDSTART-FRAC50-CODE-KODCODE-CTX8K-S1-BETA01-V1_1783444888,50%,50,beta=0.1,beta01,69,Time per step,perf/time_per_step,43.35392736457288
ONPOLICY-SFT-Qwen3-1P7B-COLDSTART-FRAC50-CODE-KODCODE-CTX8K-S1-BETA01-V1_1783444888,50%,50,beta=0.1,beta01,70,HumanEval+ pass@1,val-core/HumanEval+/acc/pass@1,0.5
ONPOLICY-SFT-Qwen3-1P7B-COLDSTART-FRAC50-CODE-KODCODE-CTX8K-S1-BETA01-V1_1783444888,50%,50,beta=0.1,beta01,70,MBPP+ pass@1,val-core/MBPP+/acc/pass@1,0.5396825396825397
ONPOLICY-SFT-Qwen3-1P7B-COLDSTART-FRAC50-CODE-KODCODE-CTX8K-S1-BETA01-V1_1783444888,50%,50,beta=0.1,beta01,70,LiveCodeBench pass@1,val-core/LiveCodeBench/acc/pass@1,0.1796875
ONPOLICY-SFT-Qwen3-1P7B-COLDSTART-FRAC50-CODE-KODCODE-CTX8K-S1-BETA01-V1_1783444888,50%,50,beta=0.1,beta01,70,HumanEval+ extract fail,val-aux/HumanEval+/code_reward_extraction_fail/mean@1,0.0
ONPOLICY-SFT-Qwen3-1P7B-COLDSTART-FRAC50-CODE-KODCODE-CTX8K-S1-BETA01-V1_1783444888,50%,50,beta=0.1,beta01,70,MBPP+ extract fail,val-aux/MBPP+/code_reward_extraction_fail/mean@1,0.010582010582010581
ONPOLICY-SFT-Qwen3-1P7B-COLDSTART-FRAC50-CODE-KODCODE-CTX8K-S1-BETA01-V1_1783444888,50%,50,beta=0.1,beta01,70,LiveCodeBench extract fail,val-aux/LiveCodeBench/code_reward_extraction_fail/mean@1,0.03125
ONPOLICY-SFT-Qwen3-1P7B-COLDSTART-FRAC50-CODE-KODCODE-CTX8K-S1-BETA01-V1_1783444888,50%,50,beta=0.1,beta01,70,Rollout correct ratio,wdl_sft/correct_ratio,0.365234375
ONPOLICY-SFT-Qwen3-1P7B-COLDSTART-FRAC50-CODE-KODCODE-CTX8K-S1-BETA01-V1_1783444888,50%,50,beta=0.1,beta01,70,Gradient norm,actor/grad_norm,9.402560234069824
ONPOLICY-SFT-Qwen3-1P7B-COLDSTART-FRAC50-CODE-KODCODE-CTX8K-S1-BETA01-V1_1783444888,50%,50,beta=0.1,beta01,70,Train score mean,critic/score/mean,-0.26953125
ONPOLICY-SFT-Qwen3-1P7B-COLDSTART-FRAC50-CODE-KODCODE-CTX8K-S1-BETA01-V1_1783444888,50%,50,beta=0.1,beta01,70,Response length mean,response_length/mean,166.9296875
ONPOLICY-SFT-Qwen3-1P7B-COLDSTART-FRAC50-CODE-KODCODE-CTX8K-S1-BETA01-V1_1783444888,50%,50,beta=0.1,beta01,70,Time per step,perf/time_per_step,47.75070226099342
ONPOLICY-SFT-Qwen3-1P7B-COLDSTART-FRAC50-CODE-KODCODE-CTX8K-S1-BETA01-V1_1783444888,50%,50,beta=0.1,beta01,71,Rollout correct ratio,wdl_sft/correct_ratio,0.41015625
ONPOLICY-SFT-Qwen3-1P7B-COLDSTART-FRAC50-CODE-KODCODE-CTX8K-S1-BETA01-V1_1783444888,50%,50,beta=0.1,beta01,71,Gradient norm,actor/grad_norm,9.23342227935791
ONPOLICY-SFT-Qwen3-1P7B-COLDSTART-FRAC50-CODE-KODCODE-CTX8K-S1-BETA01-V1_1783444888,50%,50,beta=0.1,beta01,71,Train score mean,critic/score/mean,-0.1796875
ONPOLICY-SFT-Qwen3-1P7B-COLDSTART-FRAC50-CODE-KODCODE-CTX8K-S1-BETA01-V1_1783444888,50%,50,beta=0.1,beta01,71,Response length mean,response_length/mean,186.40234375
ONPOLICY-SFT-Qwen3-1P7B-COLDSTART-FRAC50-CODE-KODCODE-CTX8K-S1-BETA01-V1_1783444888,50%,50,beta=0.1,beta01,71,Time per step,perf/time_per_step,41.50819168239832
ONPOLICY-SFT-Qwen3-1P7B-COLDSTART-FRAC50-CODE-KODCODE-CTX8K-S1-BETA01-V1_1783444888,50%,50,beta=0.1,beta01,72,Rollout correct ratio,wdl_sft/correct_ratio,0.3359375
ONPOLICY-SFT-Qwen3-1P7B-COLDSTART-FRAC50-CODE-KODCODE-CTX8K-S1-BETA01-V1_1783444888,50%,50,beta=0.1,beta01,72,Gradient norm,actor/grad_norm,10.343135833740234
ONPOLICY-SFT-Qwen3-1P7B-COLDSTART-FRAC50-CODE-KODCODE-CTX8K-S1-BETA01-V1_1783444888,50%,50,beta=0.1,beta01,72,Train score mean,critic/score/mean,-0.328125
ONPOLICY-SFT-Qwen3-1P7B-COLDSTART-FRAC50-CODE-KODCODE-CTX8K-S1-BETA01-V1_1783444888,50%,50,beta=0.1,beta01,72,Response length mean,response_length/mean,143.126953125
ONPOLICY-SFT-Qwen3-1P7B-COLDSTART-FRAC50-CODE-KODCODE-CTX8K-S1-BETA01-V1_1783444888,50%,50,beta=0.1,beta01,72,Time per step,perf/time_per_step,41.1915147183463
ONPOLICY-SFT-Qwen3-1P7B-COLDSTART-FRAC50-CODE-KODCODE-CTX8K-S1-BETA01-V1_1783444888,50%,50,beta=0.1,beta01,73,Rollout correct ratio,wdl_sft/correct_ratio,0.4296875
ONPOLICY-SFT-Qwen3-1P7B-COLDSTART-FRAC50-CODE-KODCODE-CTX8K-S1-BETA01-V1_1783444888,50%,50,beta=0.1,beta01,73,Gradient norm,actor/grad_norm,8.528278350830078
ONPOLICY-SFT-Qwen3-1P7B-COLDSTART-FRAC50-CODE-KODCODE-CTX8K-S1-BETA01-V1_1783444888,50%,50,beta=0.1,beta01,73,Train score mean,critic/score/mean,-0.140625
ONPOLICY-SFT-Qwen3-1P7B-COLDSTART-FRAC50-CODE-KODCODE-CTX8K-S1-BETA01-V1_1783444888,50%,50,beta=0.1,beta01,73,Response length mean,response_length/mean,165.26953125
ONPOLICY-SFT-Qwen3-1P7B-COLDSTART-FRAC50-CODE-KODCODE-CTX8K-S1-BETA01-V1_1783444888,50%,50,beta=0.1,beta01,73,Time per step,perf/time_per_step,41.28155778627843
ONPOLICY-SFT-Qwen3-1P7B-COLDSTART-FRAC50-CODE-KODCODE-CTX8K-S1-BETA01-V1_1783444888,50%,50,beta=0.1,beta01,74,Rollout correct ratio,wdl_sft/correct_ratio,0.330078125
ONPOLICY-SFT-Qwen3-1P7B-COLDSTART-FRAC50-CODE-KODCODE-CTX8K-S1-BETA01-V1_1783444888,50%,50,beta=0.1,beta01,74,Gradient norm,actor/grad_norm,9.970189094543457
ONPOLICY-SFT-Qwen3-1P7B-COLDSTART-FRAC50-CODE-KODCODE-CTX8K-S1-BETA01-V1_1783444888,50%,50,beta=0.1,beta01,74,Train score mean,critic/score/mean,-0.33984375
ONPOLICY-SFT-Qwen3-1P7B-COLDSTART-FRAC50-CODE-KODCODE-CTX8K-S1-BETA01-V1_1783444888,50%,50,beta=0.1,beta01,74,Response length mean,response_length/mean,156.1953125
ONPOLICY-SFT-Qwen3-1P7B-COLDSTART-FRAC50-CODE-KODCODE-CTX8K-S1-BETA01-V1_1783444888,50%,50,beta=0.1,beta01,74,Time per step,perf/time_per_step,41.01410205382854
ONPOLICY-SFT-Qwen3-1P7B-COLDSTART-FRAC50-CODE-KODCODE-CTX8K-S1-BETA01-V1_1783444888,50%,50,beta=0.1,beta01,75,HumanEval+ pass@1,val-core/HumanEval+/acc/pass@1,0.5121951219512195
ONPOLICY-SFT-Qwen3-1P7B-COLDSTART-FRAC50-CODE-KODCODE-CTX8K-S1-BETA01-V1_1783444888,50%,50,beta=0.1,beta01,75,MBPP+ pass@1,val-core/MBPP+/acc/pass@1,0.5423280423280423
ONPOLICY-SFT-Qwen3-1P7B-COLDSTART-FRAC50-CODE-KODCODE-CTX8K-S1-BETA01-V1_1783444888,50%,50,beta=0.1,beta01,75,LiveCodeBench pass@1,val-core/LiveCodeBench/acc/pass@1,0.1953125
ONPOLICY-SFT-Qwen3-1P7B-COLDSTART-FRAC50-CODE-KODCODE-CTX8K-S1-BETA01-V1_1783444888,50%,50,beta=0.1,beta01,75,HumanEval+ extract fail,val-aux/HumanEval+/code_reward_extraction_fail/mean@1,0.018292682926829267
ONPOLICY-SFT-Qwen3-1P7B-COLDSTART-FRAC50-CODE-KODCODE-CTX8K-S1-BETA01-V1_1783444888,50%,50,beta=0.1,beta01,75,MBPP+ extract fail,val-aux/MBPP+/code_reward_extraction_fail/mean@1,0.0026455026455026454
ONPOLICY-SFT-Qwen3-1P7B-COLDSTART-FRAC50-CODE-KODCODE-CTX8K-S1-BETA01-V1_1783444888,50%,50,beta=0.1,beta01,75,LiveCodeBench extract fail,val-aux/LiveCodeBench/code_reward_extraction_fail/mean@1,0.0
ONPOLICY-SFT-Qwen3-1P7B-COLDSTART-FRAC50-CODE-KODCODE-CTX8K-S1-BETA01-V1_1783444888,50%,50,beta=0.1,beta01,75,Rollout correct ratio,wdl_sft/correct_ratio,0.451171875
ONPOLICY-SFT-Qwen3-1P7B-COLDSTART-FRAC50-CODE-KODCODE-CTX8K-S1-BETA01-V1_1783444888,50%,50,beta=0.1,beta01,75,Gradient norm,actor/grad_norm,8.50331974029541
ONPOLICY-SFT-Qwen3-1P7B-COLDSTART-FRAC50-CODE-KODCODE-CTX8K-S1-BETA01-V1_1783444888,50%,50,beta=0.1,beta01,75,Train score mean,critic/score/mean,-0.09765625
ONPOLICY-SFT-Qwen3-1P7B-COLDSTART-FRAC50-CODE-KODCODE-CTX8K-S1-BETA01-V1_1783444888,50%,50,beta=0.1,beta01,75,Response length mean,response_length/mean,160.40625
ONPOLICY-SFT-Qwen3-1P7B-COLDSTART-FRAC50-CODE-KODCODE-CTX8K-S1-BETA01-V1_1783444888,50%,50,beta=0.1,beta01,75,Time per step,perf/time_per_step,49.00621383357793
ONPOLICY-SFT-Qwen3-1P7B-COLDSTART-FRAC50-CODE-KODCODE-CTX8K-S1-BETA01-V1_1783444888,50%,50,beta=0.1,beta01,76,Rollout correct ratio,wdl_sft/correct_ratio,0.515625
ONPOLICY-SFT-Qwen3-1P7B-COLDSTART-FRAC50-CODE-KODCODE-CTX8K-S1-BETA01-V1_1783444888,50%,50,beta=0.1,beta01,76,Gradient norm,actor/grad_norm,8.162091255187988
ONPOLICY-SFT-Qwen3-1P7B-COLDSTART-FRAC50-CODE-KODCODE-CTX8K-S1-BETA01-V1_1783444888,50%,50,beta=0.1,beta01,76,Train score mean,critic/score/mean,0.03125
ONPOLICY-SFT-Qwen3-1P7B-COLDSTART-FRAC50-CODE-KODCODE-CTX8K-S1-BETA01-V1_1783444888,50%,50,beta=0.1,beta01,76,Response length mean,response_length/mean,157.3671875
ONPOLICY-SFT-Qwen3-1P7B-COLDSTART-FRAC50-CODE-KODCODE-CTX8K-S1-BETA01-V1_1783444888,50%,50,beta=0.1,beta01,76,Time per step,perf/time_per_step,41.78315563779324
ONPOLICY-SFT-Qwen3-1P7B-COLDSTART-FRAC50-CODE-KODCODE-CTX8K-S1-BETA01-V1_1783444888,50%,50,beta=0.1,beta01,77,Rollout correct ratio,wdl_sft/correct_ratio,0.48046875
ONPOLICY-SFT-Qwen3-1P7B-COLDSTART-FRAC50-CODE-KODCODE-CTX8K-S1-BETA01-V1_1783444888,50%,50,beta=0.1,beta01,77,Gradient norm,actor/grad_norm,8.099477767944336
ONPOLICY-SFT-Qwen3-1P7B-COLDSTART-FRAC50-CODE-KODCODE-CTX8K-S1-BETA01-V1_1783444888,50%,50,beta=0.1,beta01,77,Train score mean,critic/score/mean,-0.0390625
ONPOLICY-SFT-Qwen3-1P7B-COLDSTART-FRAC50-CODE-KODCODE-CTX8K-S1-BETA01-V1_1783444888,50%,50,beta=0.1,beta01,77,Response length mean,response_length/mean,152.513671875
ONPOLICY-SFT-Qwen3-1P7B-COLDSTART-FRAC50-CODE-KODCODE-CTX8K-S1-BETA01-V1_1783444888,50%,50,beta=0.1,beta01,77,Time per step,perf/time_per_step,42.62230553943664
ONPOLICY-SFT-Qwen3-1P7B-COLDSTART-FRAC50-CODE-KODCODE-CTX8K-S1-BETA01-V1_1783444888,50%,50,beta=0.1,beta01,78,Rollout correct ratio,wdl_sft/correct_ratio,0.390625
ONPOLICY-SFT-Qwen3-1P7B-COLDSTART-FRAC50-CODE-KODCODE-CTX8K-S1-BETA01-V1_1783444888,50%,50,beta=0.1,beta01,78,Gradient norm,actor/grad_norm,9.543313980102539
ONPOLICY-SFT-Qwen3-1P7B-COLDSTART-FRAC50-CODE-KODCODE-CTX8K-S1-BETA01-V1_1783444888,50%,50,beta=0.1,beta01,78,Train score mean,critic/score/mean,-0.21875
ONPOLICY-SFT-Qwen3-1P7B-COLDSTART-FRAC50-CODE-KODCODE-CTX8K-S1-BETA01-V1_1783444888,50%,50,beta=0.1,beta01,78,Response length mean,response_length/mean,163.4375
ONPOLICY-SFT-Qwen3-1P7B-COLDSTART-FRAC50-CODE-KODCODE-CTX8K-S1-BETA01-V1_1783444888,50%,50,beta=0.1,beta01,78,Time per step,perf/time_per_step,41.77499912772328
ONPOLICY-SFT-Qwen3-1P7B-COLDSTART-FRAC50-CODE-KODCODE-CTX8K-S1-BETA01-V1_1783444888,50%,50,beta=0.1,beta01,79,Rollout correct ratio,wdl_sft/correct_ratio,0.435546875
ONPOLICY-SFT-Qwen3-1P7B-COLDSTART-FRAC50-CODE-KODCODE-CTX8K-S1-BETA01-V1_1783444888,50%,50,beta=0.1,beta01,79,Gradient norm,actor/grad_norm,9.005928039550781
ONPOLICY-SFT-Qwen3-1P7B-COLDSTART-FRAC50-CODE-KODCODE-CTX8K-S1-BETA01-V1_1783444888,50%,50,beta=0.1,beta01,79,Train score mean,critic/score/mean,-0.12890625
ONPOLICY-SFT-Qwen3-1P7B-COLDSTART-FRAC50-CODE-KODCODE-CTX8K-S1-BETA01-V1_1783444888,50%,50,beta=0.1,beta01,79,Response length mean,response_length/mean,153.20703125
ONPOLICY-SFT-Qwen3-1P7B-COLDSTART-FRAC50-CODE-KODCODE-CTX8K-S1-BETA01-V1_1783444888,50%,50,beta=0.1,beta01,79,Time per step,perf/time_per_step,42.641795000992715
ONPOLICY-SFT-Qwen3-1P7B-COLDSTART-FRAC50-CODE-KODCODE-CTX8K-S1-BETA01-V1_1783444888,50%,50,beta=0.1,beta01,80,HumanEval+ pass@1,val-core/HumanEval+/acc/pass@1,0.4878048780487805
ONPOLICY-SFT-Qwen3-1P7B-COLDSTART-FRAC50-CODE-KODCODE-CTX8K-S1-BETA01-V1_1783444888,50%,50,beta=0.1,beta01,80,MBPP+ pass@1,val-core/MBPP+/acc/pass@1,0.5343915343915344
ONPOLICY-SFT-Qwen3-1P7B-COLDSTART-FRAC50-CODE-KODCODE-CTX8K-S1-BETA01-V1_1783444888,50%,50,beta=0.1,beta01,80,LiveCodeBench pass@1,val-core/LiveCodeBench/acc/pass@1,0.203125
ONPOLICY-SFT-Qwen3-1P7B-COLDSTART-FRAC50-CODE-KODCODE-CTX8K-S1-BETA01-V1_1783444888,50%,50,beta=0.1,beta01,80,HumanEval+ extract fail,val-aux/HumanEval+/code_reward_extraction_fail/mean@1,0.012195121951219513
ONPOLICY-SFT-Qwen3-1P7B-COLDSTART-FRAC50-CODE-KODCODE-CTX8K-S1-BETA01-V1_1783444888,50%,50,beta=0.1,beta01,80,MBPP+ extract fail,val-aux/MBPP+/code_reward_extraction_fail/mean@1,0.007936507936507936
ONPOLICY-SFT-Qwen3-1P7B-COLDSTART-FRAC50-CODE-KODCODE-CTX8K-S1-BETA01-V1_1783444888,50%,50,beta=0.1,beta01,80,LiveCodeBench extract fail,val-aux/LiveCodeBench/code_reward_extraction_fail/mean@1,0.03125
ONPOLICY-SFT-Qwen3-1P7B-COLDSTART-FRAC50-CODE-KODCODE-CTX8K-S1-BETA01-V1_1783444888,50%,50,beta=0.1,beta01,80,Rollout correct ratio,wdl_sft/correct_ratio,0.4921875
ONPOLICY-SFT-Qwen3-1P7B-COLDSTART-FRAC50-CODE-KODCODE-CTX8K-S1-BETA01-V1_1783444888,50%,50,beta=0.1,beta01,80,Gradient norm,actor/grad_norm,8.648448944091797
ONPOLICY-SFT-Qwen3-1P7B-COLDSTART-FRAC50-CODE-KODCODE-CTX8K-S1-BETA01-V1_1783444888,50%,50,beta=0.1,beta01,80,Train score mean,critic/score/mean,-0.015625
ONPOLICY-SFT-Qwen3-1P7B-COLDSTART-FRAC50-CODE-KODCODE-CTX8K-S1-BETA01-V1_1783444888,50%,50,beta=0.1,beta01,80,Response length mean,response_length/mean,164.056640625
ONPOLICY-SFT-Qwen3-1P7B-COLDSTART-FRAC50-CODE-KODCODE-CTX8K-S1-BETA01-V1_1783444888,50%,50,beta=0.1,beta01,80,Time per step,perf/time_per_step,47.99817797727883
ONPOLICY-SFT-Qwen3-1P7B-COLDSTART-FRAC50-CODE-KODCODE-CTX8K-S1-BETA01-V1_1783444888,50%,50,beta=0.1,beta01,81,Rollout correct ratio,wdl_sft/correct_ratio,0.353515625
ONPOLICY-SFT-Qwen3-1P7B-COLDSTART-FRAC50-CODE-KODCODE-CTX8K-S1-BETA01-V1_1783444888,50%,50,beta=0.1,beta01,81,Gradient norm,actor/grad_norm,9.769495964050293
ONPOLICY-SFT-Qwen3-1P7B-COLDSTART-FRAC50-CODE-KODCODE-CTX8K-S1-BETA01-V1_1783444888,50%,50,beta=0.1,beta01,81,Train score mean,critic/score/mean,-0.29296875
ONPOLICY-SFT-Qwen3-1P7B-COLDSTART-FRAC50-CODE-KODCODE-CTX8K-S1-BETA01-V1_1783444888,50%,50,beta=0.1,beta01,81,Response length mean,response_length/mean,152.1484375
ONPOLICY-SFT-Qwen3-1P7B-COLDSTART-FRAC50-CODE-KODCODE-CTX8K-S1-BETA01-V1_1783444888,50%,50,beta=0.1,beta01,81,Time per step,perf/time_per_step,41.14174049999565
ONPOLICY-SFT-Qwen3-1P7B-COLDSTART-FRAC50-CODE-KODCODE-CTX8K-S1-BETA01-V1_1783444888,50%,50,beta=0.1,beta01,82,Rollout correct ratio,wdl_sft/correct_ratio,0.349609375
ONPOLICY-SFT-Qwen3-1P7B-COLDSTART-FRAC50-CODE-KODCODE-CTX8K-S1-BETA01-V1_1783444888,50%,50,beta=0.1,beta01,82,Gradient norm,actor/grad_norm,10.116800308227539
ONPOLICY-SFT-Qwen3-1P7B-COLDSTART-FRAC50-CODE-KODCODE-CTX8K-S1-BETA01-V1_1783444888,50%,50,beta=0.1,beta01,82,Train score mean,critic/score/mean,-0.30078125
ONPOLICY-SFT-Qwen3-1P7B-COLDSTART-FRAC50-CODE-KODCODE-CTX8K-S1-BETA01-V1_1783444888,50%,50,beta=0.1,beta01,82,Response length mean,response_length/mean,165.662109375
ONPOLICY-SFT-Qwen3-1P7B-COLDSTART-FRAC50-CODE-KODCODE-CTX8K-S1-BETA01-V1_1783444888,50%,50,beta=0.1,beta01,82,Time per step,perf/time_per_step,40.86071016360074
ONPOLICY-SFT-Qwen3-1P7B-COLDSTART-FRAC50-CODE-KODCODE-CTX8K-S1-BETA01-V1_1783444888,50%,50,beta=0.1,beta01,83,Rollout correct ratio,wdl_sft/correct_ratio,0.359375
ONPOLICY-SFT-Qwen3-1P7B-COLDSTART-FRAC50-CODE-KODCODE-CTX8K-S1-BETA01-V1_1783444888,50%,50,beta=0.1,beta01,83,Gradient norm,actor/grad_norm,10.033596992492676
ONPOLICY-SFT-Qwen3-1P7B-COLDSTART-FRAC50-CODE-KODCODE-CTX8K-S1-BETA01-V1_1783444888,50%,50,beta=0.1,beta01,83,Train score mean,critic/score/mean,-0.28125
ONPOLICY-SFT-Qwen3-1P7B-COLDSTART-FRAC50-CODE-KODCODE-CTX8K-S1-BETA01-V1_1783444888,50%,50,beta=0.1,beta01,83,Response length mean,response_length/mean,170.63671875
ONPOLICY-SFT-Qwen3-1P7B-COLDSTART-FRAC50-CODE-KODCODE-CTX8K-S1-BETA01-V1_1783444888,50%,50,beta=0.1,beta01,83,Time per step,perf/time_per_step,42.23556797672063
ONPOLICY-SFT-Qwen3-1P7B-COLDSTART-FRAC50-CODE-KODCODE-CTX8K-S1-BETA01-V1_1783444888,50%,50,beta=0.1,beta01,84,Rollout correct ratio,wdl_sft/correct_ratio,0.416015625
ONPOLICY-SFT-Qwen3-1P7B-COLDSTART-FRAC50-CODE-KODCODE-CTX8K-S1-BETA01-V1_1783444888,50%,50,beta=0.1,beta01,84,Gradient norm,actor/grad_norm,9.773107528686523
ONPOLICY-SFT-Qwen3-1P7B-COLDSTART-FRAC50-CODE-KODCODE-CTX8K-S1-BETA01-V1_1783444888,50%,50,beta=0.1,beta01,84,Train score mean,critic/score/mean,-0.16796875
ONPOLICY-SFT-Qwen3-1P7B-COLDSTART-FRAC50-CODE-KODCODE-CTX8K-S1-BETA01-V1_1783444888,50%,50,beta=0.1,beta01,84,Response length mean,response_length/mean,167.41796875
ONPOLICY-SFT-Qwen3-1P7B-COLDSTART-FRAC50-CODE-KODCODE-CTX8K-S1-BETA01-V1_1783444888,50%,50,beta=0.1,beta01,84,Time per step,perf/time_per_step,40.372785358689725
ONPOLICY-SFT-Qwen3-1P7B-COLDSTART-FRAC50-CODE-KODCODE-CTX8K-S1-BETA01-V1_1783444888,50%,50,beta=0.1,beta01,85,HumanEval+ pass@1,val-core/HumanEval+/acc/pass@1,0.4817073170731707
ONPOLICY-SFT-Qwen3-1P7B-COLDSTART-FRAC50-CODE-KODCODE-CTX8K-S1-BETA01-V1_1783444888,50%,50,beta=0.1,beta01,85,MBPP+ pass@1,val-core/MBPP+/acc/pass@1,0.5264550264550265
ONPOLICY-SFT-Qwen3-1P7B-COLDSTART-FRAC50-CODE-KODCODE-CTX8K-S1-BETA01-V1_1783444888,50%,50,beta=0.1,beta01,85,LiveCodeBench pass@1,val-core/LiveCodeBench/acc/pass@1,0.2109375
ONPOLICY-SFT-Qwen3-1P7B-COLDSTART-FRAC50-CODE-KODCODE-CTX8K-S1-BETA01-V1_1783444888,50%,50,beta=0.1,beta01,85,HumanEval+ extract fail,val-aux/HumanEval+/code_reward_extraction_fail/mean@1,0.018292682926829267
ONPOLICY-SFT-Qwen3-1P7B-COLDSTART-FRAC50-CODE-KODCODE-CTX8K-S1-BETA01-V1_1783444888,50%,50,beta=0.1,beta01,85,MBPP+ extract fail,val-aux/MBPP+/code_reward_extraction_fail/mean@1,0.005291005291005291
ONPOLICY-SFT-Qwen3-1P7B-COLDSTART-FRAC50-CODE-KODCODE-CTX8K-S1-BETA01-V1_1783444888,50%,50,beta=0.1,beta01,85,LiveCodeBench extract fail,val-aux/LiveCodeBench/code_reward_extraction_fail/mean@1,0.0078125
ONPOLICY-SFT-Qwen3-1P7B-COLDSTART-FRAC50-CODE-KODCODE-CTX8K-S1-BETA01-V1_1783444888,50%,50,beta=0.1,beta01,85,Rollout correct ratio,wdl_sft/correct_ratio,0.443359375
ONPOLICY-SFT-Qwen3-1P7B-COLDSTART-FRAC50-CODE-KODCODE-CTX8K-S1-BETA01-V1_1783444888,50%,50,beta=0.1,beta01,85,Gradient norm,actor/grad_norm,8.938491821289062
ONPOLICY-SFT-Qwen3-1P7B-COLDSTART-FRAC50-CODE-KODCODE-CTX8K-S1-BETA01-V1_1783444888,50%,50,beta=0.1,beta01,85,Train score mean,critic/score/mean,-0.11328125
ONPOLICY-SFT-Qwen3-1P7B-COLDSTART-FRAC50-CODE-KODCODE-CTX8K-S1-BETA01-V1_1783444888,50%,50,beta=0.1,beta01,85,Response length mean,response_length/mean,161.642578125
ONPOLICY-SFT-Qwen3-1P7B-COLDSTART-FRAC50-CODE-KODCODE-CTX8K-S1-BETA01-V1_1783444888,50%,50,beta=0.1,beta01,85,Time per step,perf/time_per_step,46.46700976137072
ONPOLICY-SFT-Qwen3-1P7B-COLDSTART-FRAC50-CODE-KODCODE-CTX8K-S1-BETA01-V1_1783444888,50%,50,beta=0.1,beta01,86,Rollout correct ratio,wdl_sft/correct_ratio,0.359375
ONPOLICY-SFT-Qwen3-1P7B-COLDSTART-FRAC50-CODE-KODCODE-CTX8K-S1-BETA01-V1_1783444888,50%,50,beta=0.1,beta01,86,Gradient norm,actor/grad_norm,10.070874214172363
ONPOLICY-SFT-Qwen3-1P7B-COLDSTART-FRAC50-CODE-KODCODE-CTX8K-S1-BETA01-V1_1783444888,50%,50,beta=0.1,beta01,86,Train score mean,critic/score/mean,-0.28125
ONPOLICY-SFT-Qwen3-1P7B-COLDSTART-FRAC50-CODE-KODCODE-CTX8K-S1-BETA01-V1_1783444888,50%,50,beta=0.1,beta01,86,Response length mean,response_length/mean,161.365234375
ONPOLICY-SFT-Qwen3-1P7B-COLDSTART-FRAC50-CODE-KODCODE-CTX8K-S1-BETA01-V1_1783444888,50%,50,beta=0.1,beta01,86,Time per step,perf/time_per_step,41.83670466020703
ONPOLICY-SFT-Qwen3-1P7B-COLDSTART-FRAC50-CODE-KODCODE-CTX8K-S1-BETA01-V1_1783444888,50%,50,beta=0.1,beta01,87,Rollout correct ratio,wdl_sft/correct_ratio,0.369140625
ONPOLICY-SFT-Qwen3-1P7B-COLDSTART-FRAC50-CODE-KODCODE-CTX8K-S1-BETA01-V1_1783444888,50%,50,beta=0.1,beta01,87,Gradient norm,actor/grad_norm,10.126713752746582
ONPOLICY-SFT-Qwen3-1P7B-COLDSTART-FRAC50-CODE-KODCODE-CTX8K-S1-BETA01-V1_1783444888,50%,50,beta=0.1,beta01,87,Train score mean,critic/score/mean,-0.26171875
ONPOLICY-SFT-Qwen3-1P7B-COLDSTART-FRAC50-CODE-KODCODE-CTX8K-S1-BETA01-V1_1783444888,50%,50,beta=0.1,beta01,87,Response length mean,response_length/mean,150.16796875
ONPOLICY-SFT-Qwen3-1P7B-COLDSTART-FRAC50-CODE-KODCODE-CTX8K-S1-BETA01-V1_1783444888,50%,50,beta=0.1,beta01,87,Time per step,perf/time_per_step,43.294005796313286
ONPOLICY-SFT-Qwen3-1P7B-COLDSTART-FRAC50-CODE-KODCODE-CTX8K-S1-BETA01-V1_1783444888,50%,50,beta=0.1,beta01,88,Rollout correct ratio,wdl_sft/correct_ratio,0.30859375
ONPOLICY-SFT-Qwen3-1P7B-COLDSTART-FRAC50-CODE-KODCODE-CTX8K-S1-BETA01-V1_1783444888,50%,50,beta=0.1,beta01,88,Gradient norm,actor/grad_norm,11.824726104736328
ONPOLICY-SFT-Qwen3-1P7B-COLDSTART-FRAC50-CODE-KODCODE-CTX8K-S1-BETA01-V1_1783444888,50%,50,beta=0.1,beta01,88,Train score mean,critic/score/mean,-0.3828125
ONPOLICY-SFT-Qwen3-1P7B-COLDSTART-FRAC50-CODE-KODCODE-CTX8K-S1-BETA01-V1_1783444888,50%,50,beta=0.1,beta01,88,Response length mean,response_length/mean,161.814453125
ONPOLICY-SFT-Qwen3-1P7B-COLDSTART-FRAC50-CODE-KODCODE-CTX8K-S1-BETA01-V1_1783444888,50%,50,beta=0.1,beta01,88,Time per step,perf/time_per_step,43.70827027969062
ONPOLICY-SFT-Qwen3-1P7B-COLDSTART-FRAC50-CODE-KODCODE-CTX8K-S1-BETA01-V1_1783444888,50%,50,beta=0.1,beta01,89,Rollout correct ratio,wdl_sft/correct_ratio,0.544921875
ONPOLICY-SFT-Qwen3-1P7B-COLDSTART-FRAC50-CODE-KODCODE-CTX8K-S1-BETA01-V1_1783444888,50%,50,beta=0.1,beta01,89,Gradient norm,actor/grad_norm,7.27652645111084
ONPOLICY-SFT-Qwen3-1P7B-COLDSTART-FRAC50-CODE-KODCODE-CTX8K-S1-BETA01-V1_1783444888,50%,50,beta=0.1,beta01,89,Train score mean,critic/score/mean,0.08984375
ONPOLICY-SFT-Qwen3-1P7B-COLDSTART-FRAC50-CODE-KODCODE-CTX8K-S1-BETA01-V1_1783444888,50%,50,beta=0.1,beta01,89,Response length mean,response_length/mean,146.095703125
ONPOLICY-SFT-Qwen3-1P7B-COLDSTART-FRAC50-CODE-KODCODE-CTX8K-S1-BETA01-V1_1783444888,50%,50,beta=0.1,beta01,89,Time per step,perf/time_per_step,42.17136567272246
ONPOLICY-SFT-Qwen3-1P7B-COLDSTART-FRAC50-CODE-KODCODE-CTX8K-S1-BETA01-V1_1783444888,50%,50,beta=0.1,beta01,90,HumanEval+ pass@1,val-core/HumanEval+/acc/pass@1,0.524390243902439
ONPOLICY-SFT-Qwen3-1P7B-COLDSTART-FRAC50-CODE-KODCODE-CTX8K-S1-BETA01-V1_1783444888,50%,50,beta=0.1,beta01,90,MBPP+ pass@1,val-core/MBPP+/acc/pass@1,0.5661375661375662
ONPOLICY-SFT-Qwen3-1P7B-COLDSTART-FRAC50-CODE-KODCODE-CTX8K-S1-BETA01-V1_1783444888,50%,50,beta=0.1,beta01,90,LiveCodeBench pass@1,val-core/LiveCodeBench/acc/pass@1,0.1953125
ONPOLICY-SFT-Qwen3-1P7B-COLDSTART-FRAC50-CODE-KODCODE-CTX8K-S1-BETA01-V1_1783444888,50%,50,beta=0.1,beta01,90,HumanEval+ extract fail,val-aux/HumanEval+/code_reward_extraction_fail/mean@1,0.0
ONPOLICY-SFT-Qwen3-1P7B-COLDSTART-FRAC50-CODE-KODCODE-CTX8K-S1-BETA01-V1_1783444888,50%,50,beta=0.1,beta01,90,MBPP+ extract fail,val-aux/MBPP+/code_reward_extraction_fail/mean@1,0.007936507936507936
ONPOLICY-SFT-Qwen3-1P7B-COLDSTART-FRAC50-CODE-KODCODE-CTX8K-S1-BETA01-V1_1783444888,50%,50,beta=0.1,beta01,90,LiveCodeBench extract fail,val-aux/LiveCodeBench/code_reward_extraction_fail/mean@1,0.0234375
ONPOLICY-SFT-Qwen3-1P7B-COLDSTART-FRAC50-CODE-KODCODE-CTX8K-S1-BETA01-V1_1783444888,50%,50,beta=0.1,beta01,90,Rollout correct ratio,wdl_sft/correct_ratio,0.296875
ONPOLICY-SFT-Qwen3-1P7B-COLDSTART-FRAC50-CODE-KODCODE-CTX8K-S1-BETA01-V1_1783444888,50%,50,beta=0.1,beta01,90,Gradient norm,actor/grad_norm,11.756016731262207
ONPOLICY-SFT-Qwen3-1P7B-COLDSTART-FRAC50-CODE-KODCODE-CTX8K-S1-BETA01-V1_1783444888,50%,50,beta=0.1,beta01,90,Train score mean,critic/score/mean,-0.40625
ONPOLICY-SFT-Qwen3-1P7B-COLDSTART-FRAC50-CODE-KODCODE-CTX8K-S1-BETA01-V1_1783444888,50%,50,beta=0.1,beta01,90,Response length mean,response_length/mean,166.958984375
ONPOLICY-SFT-Qwen3-1P7B-COLDSTART-FRAC50-CODE-KODCODE-CTX8K-S1-BETA01-V1_1783444888,50%,50,beta=0.1,beta01,90,Time per step,perf/time_per_step,48.21598658710718
ONPOLICY-SFT-Qwen3-1P7B-COLDSTART-FRAC50-CODE-KODCODE-CTX8K-S1-BETA01-V1_1783444888,50%,50,beta=0.1,beta01,91,Rollout correct ratio,wdl_sft/correct_ratio,0.52734375
ONPOLICY-SFT-Qwen3-1P7B-COLDSTART-FRAC50-CODE-KODCODE-CTX8K-S1-BETA01-V1_1783444888,50%,50,beta=0.1,beta01,91,Gradient norm,actor/grad_norm,7.200486660003662
ONPOLICY-SFT-Qwen3-1P7B-COLDSTART-FRAC50-CODE-KODCODE-CTX8K-S1-BETA01-V1_1783444888,50%,50,beta=0.1,beta01,91,Train score mean,critic/score/mean,0.0546875
ONPOLICY-SFT-Qwen3-1P7B-COLDSTART-FRAC50-CODE-KODCODE-CTX8K-S1-BETA01-V1_1783444888,50%,50,beta=0.1,beta01,91,Response length mean,response_length/mean,131.443359375
ONPOLICY-SFT-Qwen3-1P7B-COLDSTART-FRAC50-CODE-KODCODE-CTX8K-S1-BETA01-V1_1783444888,50%,50,beta=0.1,beta01,91,Time per step,perf/time_per_step,41.115326133556664
ONPOLICY-SFT-Qwen3-1P7B-COLDSTART-FRAC50-CODE-KODCODE-CTX8K-S1-BETA01-V1_1783444888,50%,50,beta=0.1,beta01,92,Rollout correct ratio,wdl_sft/correct_ratio,0.47265625
ONPOLICY-SFT-Qwen3-1P7B-COLDSTART-FRAC50-CODE-KODCODE-CTX8K-S1-BETA01-V1_1783444888,50%,50,beta=0.1,beta01,92,Gradient norm,actor/grad_norm,8.592317581176758
ONPOLICY-SFT-Qwen3-1P7B-COLDSTART-FRAC50-CODE-KODCODE-CTX8K-S1-BETA01-V1_1783444888,50%,50,beta=0.1,beta01,92,Train score mean,critic/score/mean,-0.0546875
ONPOLICY-SFT-Qwen3-1P7B-COLDSTART-FRAC50-CODE-KODCODE-CTX8K-S1-BETA01-V1_1783444888,50%,50,beta=0.1,beta01,92,Response length mean,response_length/mean,157.927734375
ONPOLICY-SFT-Qwen3-1P7B-COLDSTART-FRAC50-CODE-KODCODE-CTX8K-S1-BETA01-V1_1783444888,50%,50,beta=0.1,beta01,92,Time per step,perf/time_per_step,40.867199826054275
ONPOLICY-SFT-Qwen3-1P7B-COLDSTART-FRAC50-CODE-KODCODE-CTX8K-S1-BETA01-V1_1783444888,50%,50,beta=0.1,beta01,93,Rollout correct ratio,wdl_sft/correct_ratio,0.38671875
ONPOLICY-SFT-Qwen3-1P7B-COLDSTART-FRAC50-CODE-KODCODE-CTX8K-S1-BETA01-V1_1783444888,50%,50,beta=0.1,beta01,93,Gradient norm,actor/grad_norm,10.173758506774902
ONPOLICY-SFT-Qwen3-1P7B-COLDSTART-FRAC50-CODE-KODCODE-CTX8K-S1-BETA01-V1_1783444888,50%,50,beta=0.1,beta01,93,Train score mean,critic/score/mean,-0.2265625
ONPOLICY-SFT-Qwen3-1P7B-COLDSTART-FRAC50-CODE-KODCODE-CTX8K-S1-BETA01-V1_1783444888,50%,50,beta=0.1,beta01,93,Response length mean,response_length/mean,161.220703125
ONPOLICY-SFT-Qwen3-1P7B-COLDSTART-FRAC50-CODE-KODCODE-CTX8K-S1-BETA01-V1_1783444888,50%,50,beta=0.1,beta01,93,Time per step,perf/time_per_step,42.45380041562021
ONPOLICY-SFT-Qwen3-1P7B-COLDSTART-FRAC50-CODE-KODCODE-CTX8K-S1-BETA01-V1_1783444888,50%,50,beta=0.1,beta01,94,Rollout correct ratio,wdl_sft/correct_ratio,0.35546875
ONPOLICY-SFT-Qwen3-1P7B-COLDSTART-FRAC50-CODE-KODCODE-CTX8K-S1-BETA01-V1_1783444888,50%,50,beta=0.1,beta01,94,Gradient norm,actor/grad_norm,9.344371795654297
ONPOLICY-SFT-Qwen3-1P7B-COLDSTART-FRAC50-CODE-KODCODE-CTX8K-S1-BETA01-V1_1783444888,50%,50,beta=0.1,beta01,94,Train score mean,critic/score/mean,-0.2890625
ONPOLICY-SFT-Qwen3-1P7B-COLDSTART-FRAC50-CODE-KODCODE-CTX8K-S1-BETA01-V1_1783444888,50%,50,beta=0.1,beta01,94,Response length mean,response_length/mean,170.755859375
ONPOLICY-SFT-Qwen3-1P7B-COLDSTART-FRAC50-CODE-KODCODE-CTX8K-S1-BETA01-V1_1783444888,50%,50,beta=0.1,beta01,94,Time per step,perf/time_per_step,42.346240473911166
ONPOLICY-SFT-Qwen3-1P7B-COLDSTART-FRAC50-CODE-KODCODE-CTX8K-S1-BETA01-V1_1783444888,50%,50,beta=0.1,beta01,95,HumanEval+ pass@1,val-core/HumanEval+/acc/pass@1,0.5060975609756098
ONPOLICY-SFT-Qwen3-1P7B-COLDSTART-FRAC50-CODE-KODCODE-CTX8K-S1-BETA01-V1_1783444888,50%,50,beta=0.1,beta01,95,MBPP+ pass@1,val-core/MBPP+/acc/pass@1,0.5502645502645502
ONPOLICY-SFT-Qwen3-1P7B-COLDSTART-FRAC50-CODE-KODCODE-CTX8K-S1-BETA01-V1_1783444888,50%,50,beta=0.1,beta01,95,LiveCodeBench pass@1,val-core/LiveCodeBench/acc/pass@1,0.1953125
ONPOLICY-SFT-Qwen3-1P7B-COLDSTART-FRAC50-CODE-KODCODE-CTX8K-S1-BETA01-V1_1783444888,50%,50,beta=0.1,beta01,95,HumanEval+ extract fail,val-aux/HumanEval+/code_reward_extraction_fail/mean@1,0.012195121951219513
ONPOLICY-SFT-Qwen3-1P7B-COLDSTART-FRAC50-CODE-KODCODE-CTX8K-S1-BETA01-V1_1783444888,50%,50,beta=0.1,beta01,95,MBPP+ extract fail,val-aux/MBPP+/code_reward_extraction_fail/mean@1,0.007936507936507936
ONPOLICY-SFT-Qwen3-1P7B-COLDSTART-FRAC50-CODE-KODCODE-CTX8K-S1-BETA01-V1_1783444888,50%,50,beta=0.1,beta01,95,LiveCodeBench extract fail,val-aux/LiveCodeBench/code_reward_extraction_fail/mean@1,0.0234375
ONPOLICY-SFT-Qwen3-1P7B-COLDSTART-FRAC50-CODE-KODCODE-CTX8K-S1-BETA01-V1_1783444888,50%,50,beta=0.1,beta01,95,Rollout correct ratio,wdl_sft/correct_ratio,0.443359375
ONPOLICY-SFT-Qwen3-1P7B-COLDSTART-FRAC50-CODE-KODCODE-CTX8K-S1-BETA01-V1_1783444888,50%,50,beta=0.1,beta01,95,Gradient norm,actor/grad_norm,8.662635803222656
ONPOLICY-SFT-Qwen3-1P7B-COLDSTART-FRAC50-CODE-KODCODE-CTX8K-S1-BETA01-V1_1783444888,50%,50,beta=0.1,beta01,95,Train score mean,critic/score/mean,-0.11328125
ONPOLICY-SFT-Qwen3-1P7B-COLDSTART-FRAC50-CODE-KODCODE-CTX8K-S1-BETA01-V1_1783444888,50%,50,beta=0.1,beta01,95,Response length mean,response_length/mean,158.734375
ONPOLICY-SFT-Qwen3-1P7B-COLDSTART-FRAC50-CODE-KODCODE-CTX8K-S1-BETA01-V1_1783444888,50%,50,beta=0.1,beta01,95,Time per step,perf/time_per_step,45.98499398306012
ONPOLICY-SFT-Qwen3-1P7B-COLDSTART-FRAC50-CODE-KODCODE-CTX8K-S1-BETA01-V1_1783444888,50%,50,beta=0.1,beta01,96,Rollout correct ratio,wdl_sft/correct_ratio,0.33984375
ONPOLICY-SFT-Qwen3-1P7B-COLDSTART-FRAC50-CODE-KODCODE-CTX8K-S1-BETA01-V1_1783444888,50%,50,beta=0.1,beta01,96,Gradient norm,actor/grad_norm,10.615363121032715
ONPOLICY-SFT-Qwen3-1P7B-COLDSTART-FRAC50-CODE-KODCODE-CTX8K-S1-BETA01-V1_1783444888,50%,50,beta=0.1,beta01,96,Train score mean,critic/score/mean,-0.3203125
ONPOLICY-SFT-Qwen3-1P7B-COLDSTART-FRAC50-CODE-KODCODE-CTX8K-S1-BETA01-V1_1783444888,50%,50,beta=0.1,beta01,96,Response length mean,response_length/mean,170.669921875
ONPOLICY-SFT-Qwen3-1P7B-COLDSTART-FRAC50-CODE-KODCODE-CTX8K-S1-BETA01-V1_1783444888,50%,50,beta=0.1,beta01,96,Time per step,perf/time_per_step,41.651345196180046
ONPOLICY-SFT-Qwen3-1P7B-COLDSTART-FRAC50-CODE-KODCODE-CTX8K-S1-BETA01-V1_1783444888,50%,50,beta=0.1,beta01,97,Rollout correct ratio,wdl_sft/correct_ratio,0.45703125
ONPOLICY-SFT-Qwen3-1P7B-COLDSTART-FRAC50-CODE-KODCODE-CTX8K-S1-BETA01-V1_1783444888,50%,50,beta=0.1,beta01,97,Gradient norm,actor/grad_norm,8.745630264282227
ONPOLICY-SFT-Qwen3-1P7B-COLDSTART-FRAC50-CODE-KODCODE-CTX8K-S1-BETA01-V1_1783444888,50%,50,beta=0.1,beta01,97,Train score mean,critic/score/mean,-0.0859375
ONPOLICY-SFT-Qwen3-1P7B-COLDSTART-FRAC50-CODE-KODCODE-CTX8K-S1-BETA01-V1_1783444888,50%,50,beta=0.1,beta01,97,Response length mean,response_length/mean,156.619140625
ONPOLICY-SFT-Qwen3-1P7B-COLDSTART-FRAC50-CODE-KODCODE-CTX8K-S1-BETA01-V1_1783444888,50%,50,beta=0.1,beta01,97,Time per step,perf/time_per_step,43.99009358976036
ONPOLICY-SFT-Qwen3-1P7B-COLDSTART-FRAC50-CODE-KODCODE-CTX8K-S1-BETA01-V1_1783444888,50%,50,beta=0.1,beta01,98,Rollout correct ratio,wdl_sft/correct_ratio,0.30859375
ONPOLICY-SFT-Qwen3-1P7B-COLDSTART-FRAC50-CODE-KODCODE-CTX8K-S1-BETA01-V1_1783444888,50%,50,beta=0.1,beta01,98,Gradient norm,actor/grad_norm,12.027426719665527
ONPOLICY-SFT-Qwen3-1P7B-COLDSTART-FRAC50-CODE-KODCODE-CTX8K-S1-BETA01-V1_1783444888,50%,50,beta=0.1,beta01,98,Train score mean,critic/score/mean,-0.3828125
ONPOLICY-SFT-Qwen3-1P7B-COLDSTART-FRAC50-CODE-KODCODE-CTX8K-S1-BETA01-V1_1783444888,50%,50,beta=0.1,beta01,98,Response length mean,response_length/mean,173.064453125
ONPOLICY-SFT-Qwen3-1P7B-COLDSTART-FRAC50-CODE-KODCODE-CTX8K-S1-BETA01-V1_1783444888,50%,50,beta=0.1,beta01,98,Time per step,perf/time_per_step,44.624537628144026
ONPOLICY-SFT-Qwen3-1P7B-COLDSTART-FRAC50-CODE-KODCODE-CTX8K-S1-BETA01-V1_1783444888,50%,50,beta=0.1,beta01,99,Rollout correct ratio,wdl_sft/correct_ratio,0.3828125
ONPOLICY-SFT-Qwen3-1P7B-COLDSTART-FRAC50-CODE-KODCODE-CTX8K-S1-BETA01-V1_1783444888,50%,50,beta=0.1,beta01,99,Gradient norm,actor/grad_norm,10.357545852661133
ONPOLICY-SFT-Qwen3-1P7B-COLDSTART-FRAC50-CODE-KODCODE-CTX8K-S1-BETA01-V1_1783444888,50%,50,beta=0.1,beta01,99,Train score mean,critic/score/mean,-0.234375
ONPOLICY-SFT-Qwen3-1P7B-COLDSTART-FRAC50-CODE-KODCODE-CTX8K-S1-BETA01-V1_1783444888,50%,50,beta=0.1,beta01,99,Response length mean,response_length/mean,175.583984375
ONPOLICY-SFT-Qwen3-1P7B-COLDSTART-FRAC50-CODE-KODCODE-CTX8K-S1-BETA01-V1_1783444888,50%,50,beta=0.1,beta01,99,Time per step,perf/time_per_step,60.024335336871445
ONPOLICY-SFT-Qwen3-1P7B-COLDSTART-FRAC50-CODE-KODCODE-CTX8K-S1-BETA01-V1_1783444888,50%,50,beta=0.1,beta01,100,HumanEval+ pass@1,val-core/HumanEval+/acc/pass@1,0.5
ONPOLICY-SFT-Qwen3-1P7B-COLDSTART-FRAC50-CODE-KODCODE-CTX8K-S1-BETA01-V1_1783444888,50%,50,beta=0.1,beta01,100,MBPP+ pass@1,val-core/MBPP+/acc/pass@1,0.544973544973545
ONPOLICY-SFT-Qwen3-1P7B-COLDSTART-FRAC50-CODE-KODCODE-CTX8K-S1-BETA01-V1_1783444888,50%,50,beta=0.1,beta01,100,LiveCodeBench pass@1,val-core/LiveCodeBench/acc/pass@1,0.1875
ONPOLICY-SFT-Qwen3-1P7B-COLDSTART-FRAC50-CODE-KODCODE-CTX8K-S1-BETA01-V1_1783444888,50%,50,beta=0.1,beta01,100,HumanEval+ extract fail,val-aux/HumanEval+/code_reward_extraction_fail/mean@1,0.012195121951219513
ONPOLICY-SFT-Qwen3-1P7B-COLDSTART-FRAC50-CODE-KODCODE-CTX8K-S1-BETA01-V1_1783444888,50%,50,beta=0.1,beta01,100,MBPP+ extract fail,val-aux/MBPP+/code_reward_extraction_fail/mean@1,0.005291005291005291
ONPOLICY-SFT-Qwen3-1P7B-COLDSTART-FRAC50-CODE-KODCODE-CTX8K-S1-BETA01-V1_1783444888,50%,50,beta=0.1,beta01,100,LiveCodeBench extract fail,val-aux/LiveCodeBench/code_reward_extraction_fail/mean@1,0.015625
ONPOLICY-SFT-Qwen3-1P7B-COLDSTART-FRAC50-CODE-KODCODE-CTX8K-S1-BETA01-V1_1783444888,50%,50,beta=0.1,beta01,100,Rollout correct ratio,wdl_sft/correct_ratio,0.419921875
ONPOLICY-SFT-Qwen3-1P7B-COLDSTART-FRAC50-CODE-KODCODE-CTX8K-S1-BETA01-V1_1783444888,50%,50,beta=0.1,beta01,100,Gradient norm,actor/grad_norm,9.057409286499023
ONPOLICY-SFT-Qwen3-1P7B-COLDSTART-FRAC50-CODE-KODCODE-CTX8K-S1-BETA01-V1_1783444888,50%,50,beta=0.1,beta01,100,Train score mean,critic/score/mean,-0.16015625
ONPOLICY-SFT-Qwen3-1P7B-COLDSTART-FRAC50-CODE-KODCODE-CTX8K-S1-BETA01-V1_1783444888,50%,50,beta=0.1,beta01,100,Response length mean,response_length/mean,157.474609375
ONPOLICY-SFT-Qwen3-1P7B-COLDSTART-FRAC50-CODE-KODCODE-CTX8K-S1-BETA01-V1_1783444888,50%,50,beta=0.1,beta01,100,Time per step,perf/time_per_step,46.61295027844608
ONPOLICY-SFT-Qwen3-1P7B-COLDSTART-FRAC50-CODE-KODCODE-CTX8K-S1-BETA01-V1_1783444888,50%,50,beta=0.1,beta01,101,Rollout correct ratio,wdl_sft/correct_ratio,0.439453125
ONPOLICY-SFT-Qwen3-1P7B-COLDSTART-FRAC50-CODE-KODCODE-CTX8K-S1-BETA01-V1_1783444888,50%,50,beta=0.1,beta01,101,Gradient norm,actor/grad_norm,9.114752769470215
ONPOLICY-SFT-Qwen3-1P7B-COLDSTART-FRAC50-CODE-KODCODE-CTX8K-S1-BETA01-V1_1783444888,50%,50,beta=0.1,beta01,101,Train score mean,critic/score/mean,-0.12109375
ONPOLICY-SFT-Qwen3-1P7B-COLDSTART-FRAC50-CODE-KODCODE-CTX8K-S1-BETA01-V1_1783444888,50%,50,beta=0.1,beta01,101,Response length mean,response_length/mean,155.318359375
ONPOLICY-SFT-Qwen3-1P7B-COLDSTART-FRAC50-CODE-KODCODE-CTX8K-S1-BETA01-V1_1783444888,50%,50,beta=0.1,beta01,101,Time per step,perf/time_per_step,41.825141943991184
ONPOLICY-SFT-Qwen3-1P7B-COLDSTART-FRAC50-CODE-KODCODE-CTX8K-S1-BETA01-V1_1783444888,50%,50,beta=0.1,beta01,102,Rollout correct ratio,wdl_sft/correct_ratio,0.40625
ONPOLICY-SFT-Qwen3-1P7B-COLDSTART-FRAC50-CODE-KODCODE-CTX8K-S1-BETA01-V1_1783444888,50%,50,beta=0.1,beta01,102,Gradient norm,actor/grad_norm,8.63390064239502
ONPOLICY-SFT-Qwen3-1P7B-COLDSTART-FRAC50-CODE-KODCODE-CTX8K-S1-BETA01-V1_1783444888,50%,50,beta=0.1,beta01,102,Train score mean,critic/score/mean,-0.1875
ONPOLICY-SFT-Qwen3-1P7B-COLDSTART-FRAC50-CODE-KODCODE-CTX8K-S1-BETA01-V1_1783444888,50%,50,beta=0.1,beta01,102,Response length mean,response_length/mean,167.529296875
ONPOLICY-SFT-Qwen3-1P7B-COLDSTART-FRAC50-CODE-KODCODE-CTX8K-S1-BETA01-V1_1783444888,50%,50,beta=0.1,beta01,102,Time per step,perf/time_per_step,40.64785077329725
ONPOLICY-SFT-Qwen3-1P7B-COLDSTART-FRAC50-CODE-KODCODE-CTX8K-S1-BETA01-V1_1783444888,50%,50,beta=0.1,beta01,103,Rollout correct ratio,wdl_sft/correct_ratio,0.375
ONPOLICY-SFT-Qwen3-1P7B-COLDSTART-FRAC50-CODE-KODCODE-CTX8K-S1-BETA01-V1_1783444888,50%,50,beta=0.1,beta01,103,Gradient norm,actor/grad_norm,10.078031539916992
ONPOLICY-SFT-Qwen3-1P7B-COLDSTART-FRAC50-CODE-KODCODE-CTX8K-S1-BETA01-V1_1783444888,50%,50,beta=0.1,beta01,103,Train score mean,critic/score/mean,-0.25
ONPOLICY-SFT-Qwen3-1P7B-COLDSTART-FRAC50-CODE-KODCODE-CTX8K-S1-BETA01-V1_1783444888,50%,50,beta=0.1,beta01,103,Response length mean,response_length/mean,168.6953125
ONPOLICY-SFT-Qwen3-1P7B-COLDSTART-FRAC50-CODE-KODCODE-CTX8K-S1-BETA01-V1_1783444888,50%,50,beta=0.1,beta01,103,Time per step,perf/time_per_step,41.17720243148506
ONPOLICY-SFT-Qwen3-1P7B-COLDSTART-FRAC50-CODE-KODCODE-CTX8K-S1-BETA01-V1_1783444888,50%,50,beta=0.1,beta01,104,Rollout correct ratio,wdl_sft/correct_ratio,0.396484375
ONPOLICY-SFT-Qwen3-1P7B-COLDSTART-FRAC50-CODE-KODCODE-CTX8K-S1-BETA01-V1_1783444888,50%,50,beta=0.1,beta01,104,Gradient norm,actor/grad_norm,9.431329727172852
ONPOLICY-SFT-Qwen3-1P7B-COLDSTART-FRAC50-CODE-KODCODE-CTX8K-S1-BETA01-V1_1783444888,50%,50,beta=0.1,beta01,104,Train score mean,critic/score/mean,-0.20703125
ONPOLICY-SFT-Qwen3-1P7B-COLDSTART-FRAC50-CODE-KODCODE-CTX8K-S1-BETA01-V1_1783444888,50%,50,beta=0.1,beta01,104,Response length mean,response_length/mean,144.662109375
ONPOLICY-SFT-Qwen3-1P7B-COLDSTART-FRAC50-CODE-KODCODE-CTX8K-S1-BETA01-V1_1783444888,50%,50,beta=0.1,beta01,104,Time per step,perf/time_per_step,40.833607454784214
ONPOLICY-SFT-Qwen3-1P7B-COLDSTART-FRAC50-CODE-KODCODE-CTX8K-S1-BETA01-V1_1783444888,50%,50,beta=0.1,beta01,105,HumanEval+ pass@1,val-core/HumanEval+/acc/pass@1,0.5121951219512195
ONPOLICY-SFT-Qwen3-1P7B-COLDSTART-FRAC50-CODE-KODCODE-CTX8K-S1-BETA01-V1_1783444888,50%,50,beta=0.1,beta01,105,MBPP+ pass@1,val-core/MBPP+/acc/pass@1,0.5423280423280423
ONPOLICY-SFT-Qwen3-1P7B-COLDSTART-FRAC50-CODE-KODCODE-CTX8K-S1-BETA01-V1_1783444888,50%,50,beta=0.1,beta01,105,LiveCodeBench pass@1,val-core/LiveCodeBench/acc/pass@1,0.1953125
ONPOLICY-SFT-Qwen3-1P7B-COLDSTART-FRAC50-CODE-KODCODE-CTX8K-S1-BETA01-V1_1783444888,50%,50,beta=0.1,beta01,105,HumanEval+ extract fail,val-aux/HumanEval+/code_reward_extraction_fail/mean@1,0.0
ONPOLICY-SFT-Qwen3-1P7B-COLDSTART-FRAC50-CODE-KODCODE-CTX8K-S1-BETA01-V1_1783444888,50%,50,beta=0.1,beta01,105,MBPP+ extract fail,val-aux/MBPP+/code_reward_extraction_fail/mean@1,0.0026455026455026454
ONPOLICY-SFT-Qwen3-1P7B-COLDSTART-FRAC50-CODE-KODCODE-CTX8K-S1-BETA01-V1_1783444888,50%,50,beta=0.1,beta01,105,LiveCodeBench extract fail,val-aux/LiveCodeBench/code_reward_extraction_fail/mean@1,0.015625
ONPOLICY-SFT-Qwen3-1P7B-COLDSTART-FRAC50-CODE-KODCODE-CTX8K-S1-BETA01-V1_1783444888,50%,50,beta=0.1,beta01,105,Rollout correct ratio,wdl_sft/correct_ratio,0.3828125
ONPOLICY-SFT-Qwen3-1P7B-COLDSTART-FRAC50-CODE-KODCODE-CTX8K-S1-BETA01-V1_1783444888,50%,50,beta=0.1,beta01,105,Gradient norm,actor/grad_norm,9.20088005065918
ONPOLICY-SFT-Qwen3-1P7B-COLDSTART-FRAC50-CODE-KODCODE-CTX8K-S1-BETA01-V1_1783444888,50%,50,beta=0.1,beta01,105,Train score mean,critic/score/mean,-0.234375
ONPOLICY-SFT-Qwen3-1P7B-COLDSTART-FRAC50-CODE-KODCODE-CTX8K-S1-BETA01-V1_1783444888,50%,50,beta=0.1,beta01,105,Response length mean,response_length/mean,157.59765625
ONPOLICY-SFT-Qwen3-1P7B-COLDSTART-FRAC50-CODE-KODCODE-CTX8K-S1-BETA01-V1_1783444888,50%,50,beta=0.1,beta01,105,Time per step,perf/time_per_step,46.26189105864614
ONPOLICY-SFT-Qwen3-1P7B-COLDSTART-FRAC50-CODE-KODCODE-CTX8K-S1-BETA01-V1_1783444888,50%,50,beta=0.1,beta01,106,Rollout correct ratio,wdl_sft/correct_ratio,0.40625
ONPOLICY-SFT-Qwen3-1P7B-COLDSTART-FRAC50-CODE-KODCODE-CTX8K-S1-BETA01-V1_1783444888,50%,50,beta=0.1,beta01,106,Gradient norm,actor/grad_norm,8.3096923828125
ONPOLICY-SFT-Qwen3-1P7B-COLDSTART-FRAC50-CODE-KODCODE-CTX8K-S1-BETA01-V1_1783444888,50%,50,beta=0.1,beta01,106,Train score mean,critic/score/mean,-0.1875
ONPOLICY-SFT-Qwen3-1P7B-COLDSTART-FRAC50-CODE-KODCODE-CTX8K-S1-BETA01-V1_1783444888,50%,50,beta=0.1,beta01,106,Response length mean,response_length/mean,143.37109375
ONPOLICY-SFT-Qwen3-1P7B-COLDSTART-FRAC50-CODE-KODCODE-CTX8K-S1-BETA01-V1_1783444888,50%,50,beta=0.1,beta01,106,Time per step,perf/time_per_step,40.107272897847
ONPOLICY-SFT-Qwen3-1P7B-COLDSTART-FRAC50-CODE-KODCODE-CTX8K-S1-BETA01-V1_1783444888,50%,50,beta=0.1,beta01,107,Rollout correct ratio,wdl_sft/correct_ratio,0.388671875
ONPOLICY-SFT-Qwen3-1P7B-COLDSTART-FRAC50-CODE-KODCODE-CTX8K-S1-BETA01-V1_1783444888,50%,50,beta=0.1,beta01,107,Gradient norm,actor/grad_norm,9.328994750976562
ONPOLICY-SFT-Qwen3-1P7B-COLDSTART-FRAC50-CODE-KODCODE-CTX8K-S1-BETA01-V1_1783444888,50%,50,beta=0.1,beta01,107,Train score mean,critic/score/mean,-0.22265625
ONPOLICY-SFT-Qwen3-1P7B-COLDSTART-FRAC50-CODE-KODCODE-CTX8K-S1-BETA01-V1_1783444888,50%,50,beta=0.1,beta01,107,Response length mean,response_length/mean,162.44140625
ONPOLICY-SFT-Qwen3-1P7B-COLDSTART-FRAC50-CODE-KODCODE-CTX8K-S1-BETA01-V1_1783444888,50%,50,beta=0.1,beta01,107,Time per step,perf/time_per_step,41.59659128636122
ONPOLICY-SFT-Qwen3-1P7B-COLDSTART-FRAC50-CODE-KODCODE-CTX8K-S1-BETA01-V1_1783444888,50%,50,beta=0.1,beta01,108,Rollout correct ratio,wdl_sft/correct_ratio,0.361328125
ONPOLICY-SFT-Qwen3-1P7B-COLDSTART-FRAC50-CODE-KODCODE-CTX8K-S1-BETA01-V1_1783444888,50%,50,beta=0.1,beta01,108,Gradient norm,actor/grad_norm,9.72339916229248
ONPOLICY-SFT-Qwen3-1P7B-COLDSTART-FRAC50-CODE-KODCODE-CTX8K-S1-BETA01-V1_1783444888,50%,50,beta=0.1,beta01,108,Train score mean,critic/score/mean,-0.27734375
ONPOLICY-SFT-Qwen3-1P7B-COLDSTART-FRAC50-CODE-KODCODE-CTX8K-S1-BETA01-V1_1783444888,50%,50,beta=0.1,beta01,108,Response length mean,response_length/mean,145.181640625
ONPOLICY-SFT-Qwen3-1P7B-COLDSTART-FRAC50-CODE-KODCODE-CTX8K-S1-BETA01-V1_1783444888,50%,50,beta=0.1,beta01,108,Time per step,perf/time_per_step,42.22113204561174
ONPOLICY-SFT-Qwen3-1P7B-COLDSTART-FRAC50-CODE-KODCODE-CTX8K-S1-BETA01-V1_1783444888,50%,50,beta=0.1,beta01,109,Rollout correct ratio,wdl_sft/correct_ratio,0.34375
ONPOLICY-SFT-Qwen3-1P7B-COLDSTART-FRAC50-CODE-KODCODE-CTX8K-S1-BETA01-V1_1783444888,50%,50,beta=0.1,beta01,109,Gradient norm,actor/grad_norm,10.322105407714844
ONPOLICY-SFT-Qwen3-1P7B-COLDSTART-FRAC50-CODE-KODCODE-CTX8K-S1-BETA01-V1_1783444888,50%,50,beta=0.1,beta01,109,Train score mean,critic/score/mean,-0.3125
ONPOLICY-SFT-Qwen3-1P7B-COLDSTART-FRAC50-CODE-KODCODE-CTX8K-S1-BETA01-V1_1783444888,50%,50,beta=0.1,beta01,109,Response length mean,response_length/mean,164.083984375
ONPOLICY-SFT-Qwen3-1P7B-COLDSTART-FRAC50-CODE-KODCODE-CTX8K-S1-BETA01-V1_1783444888,50%,50,beta=0.1,beta01,109,Time per step,perf/time_per_step,42.57214173860848
ONPOLICY-SFT-Qwen3-1P7B-COLDSTART-FRAC50-CODE-KODCODE-CTX8K-S1-BETA01-V1_1783444888,50%,50,beta=0.1,beta01,110,HumanEval+ pass@1,val-core/HumanEval+/acc/pass@1,0.49390243902439024
ONPOLICY-SFT-Qwen3-1P7B-COLDSTART-FRAC50-CODE-KODCODE-CTX8K-S1-BETA01-V1_1783444888,50%,50,beta=0.1,beta01,110,MBPP+ pass@1,val-core/MBPP+/acc/pass@1,0.5238095238095238
ONPOLICY-SFT-Qwen3-1P7B-COLDSTART-FRAC50-CODE-KODCODE-CTX8K-S1-BETA01-V1_1783444888,50%,50,beta=0.1,beta01,110,LiveCodeBench pass@1,val-core/LiveCodeBench/acc/pass@1,0.2109375
ONPOLICY-SFT-Qwen3-1P7B-COLDSTART-FRAC50-CODE-KODCODE-CTX8K-S1-BETA01-V1_1783444888,50%,50,beta=0.1,beta01,110,HumanEval+ extract fail,val-aux/HumanEval+/code_reward_extraction_fail/mean@1,0.0
ONPOLICY-SFT-Qwen3-1P7B-COLDSTART-FRAC50-CODE-KODCODE-CTX8K-S1-BETA01-V1_1783444888,50%,50,beta=0.1,beta01,110,MBPP+ extract fail,val-aux/MBPP+/code_reward_extraction_fail/mean@1,0.0026455026455026454
ONPOLICY-SFT-Qwen3-1P7B-COLDSTART-FRAC50-CODE-KODCODE-CTX8K-S1-BETA01-V1_1783444888,50%,50,beta=0.1,beta01,110,LiveCodeBench extract fail,val-aux/LiveCodeBench/code_reward_extraction_fail/mean@1,0.03125
ONPOLICY-SFT-Qwen3-1P7B-COLDSTART-FRAC50-CODE-KODCODE-CTX8K-S1-BETA01-V1_1783444888,50%,50,beta=0.1,beta01,110,Rollout correct ratio,wdl_sft/correct_ratio,0.42578125
ONPOLICY-SFT-Qwen3-1P7B-COLDSTART-FRAC50-CODE-KODCODE-CTX8K-S1-BETA01-V1_1783444888,50%,50,beta=0.1,beta01,110,Gradient norm,actor/grad_norm,9.29466438293457
ONPOLICY-SFT-Qwen3-1P7B-COLDSTART-FRAC50-CODE-KODCODE-CTX8K-S1-BETA01-V1_1783444888,50%,50,beta=0.1,beta01,110,Train score mean,critic/score/mean,-0.1484375
ONPOLICY-SFT-Qwen3-1P7B-COLDSTART-FRAC50-CODE-KODCODE-CTX8K-S1-BETA01-V1_1783444888,50%,50,beta=0.1,beta01,110,Response length mean,response_length/mean,164.005859375
ONPOLICY-SFT-Qwen3-1P7B-COLDSTART-FRAC50-CODE-KODCODE-CTX8K-S1-BETA01-V1_1783444888,50%,50,beta=0.1,beta01,110,Time per step,perf/time_per_step,48.00608597230166
ONPOLICY-SFT-Qwen3-1P7B-COLDSTART-FRAC50-CODE-KODCODE-CTX8K-S1-BETA01-V1_1783444888,50%,50,beta=0.1,beta01,111,Rollout correct ratio,wdl_sft/correct_ratio,0.41796875
ONPOLICY-SFT-Qwen3-1P7B-COLDSTART-FRAC50-CODE-KODCODE-CTX8K-S1-BETA01-V1_1783444888,50%,50,beta=0.1,beta01,111,Gradient norm,actor/grad_norm,8.570775985717773
ONPOLICY-SFT-Qwen3-1P7B-COLDSTART-FRAC50-CODE-KODCODE-CTX8K-S1-BETA01-V1_1783444888,50%,50,beta=0.1,beta01,111,Train score mean,critic/score/mean,-0.1640625
ONPOLICY-SFT-Qwen3-1P7B-COLDSTART-FRAC50-CODE-KODCODE-CTX8K-S1-BETA01-V1_1783444888,50%,50,beta=0.1,beta01,111,Response length mean,response_length/mean,151.322265625
ONPOLICY-SFT-Qwen3-1P7B-COLDSTART-FRAC50-CODE-KODCODE-CTX8K-S1-BETA01-V1_1783444888,50%,50,beta=0.1,beta01,111,Time per step,perf/time_per_step,42.65217486117035
ONPOLICY-SFT-Qwen3-1P7B-COLDSTART-FRAC50-CODE-KODCODE-CTX8K-S1-BETA01-V1_1783444888,50%,50,beta=0.1,beta01,112,Rollout correct ratio,wdl_sft/correct_ratio,0.4375
ONPOLICY-SFT-Qwen3-1P7B-COLDSTART-FRAC50-CODE-KODCODE-CTX8K-S1-BETA01-V1_1783444888,50%,50,beta=0.1,beta01,112,Gradient norm,actor/grad_norm,8.672067642211914
ONPOLICY-SFT-Qwen3-1P7B-COLDSTART-FRAC50-CODE-KODCODE-CTX8K-S1-BETA01-V1_1783444888,50%,50,beta=0.1,beta01,112,Train score mean,critic/score/mean,-0.125
ONPOLICY-SFT-Qwen3-1P7B-COLDSTART-FRAC50-CODE-KODCODE-CTX8K-S1-BETA01-V1_1783444888,50%,50,beta=0.1,beta01,112,Response length mean,response_length/mean,162.033203125
ONPOLICY-SFT-Qwen3-1P7B-COLDSTART-FRAC50-CODE-KODCODE-CTX8K-S1-BETA01-V1_1783444888,50%,50,beta=0.1,beta01,112,Time per step,perf/time_per_step,41.32608253695071
ONPOLICY-SFT-Qwen3-1P7B-COLDSTART-FRAC50-CODE-KODCODE-CTX8K-S1-BETA01-V1_1783444888,50%,50,beta=0.1,beta01,113,Rollout correct ratio,wdl_sft/correct_ratio,0.349609375
ONPOLICY-SFT-Qwen3-1P7B-COLDSTART-FRAC50-CODE-KODCODE-CTX8K-S1-BETA01-V1_1783444888,50%,50,beta=0.1,beta01,113,Gradient norm,actor/grad_norm,11.378218650817871
ONPOLICY-SFT-Qwen3-1P7B-COLDSTART-FRAC50-CODE-KODCODE-CTX8K-S1-BETA01-V1_1783444888,50%,50,beta=0.1,beta01,113,Train score mean,critic/score/mean,-0.30078125
ONPOLICY-SFT-Qwen3-1P7B-COLDSTART-FRAC50-CODE-KODCODE-CTX8K-S1-BETA01-V1_1783444888,50%,50,beta=0.1,beta01,113,Response length mean,response_length/mean,152.6328125
ONPOLICY-SFT-Qwen3-1P7B-COLDSTART-FRAC50-CODE-KODCODE-CTX8K-S1-BETA01-V1_1783444888,50%,50,beta=0.1,beta01,113,Time per step,perf/time_per_step,39.68666179664433
ONPOLICY-SFT-Qwen3-1P7B-COLDSTART-FRAC50-CODE-KODCODE-CTX8K-S1-BETA01-V1_1783444888,50%,50,beta=0.1,beta01,114,Rollout correct ratio,wdl_sft/correct_ratio,0.43359375
ONPOLICY-SFT-Qwen3-1P7B-COLDSTART-FRAC50-CODE-KODCODE-CTX8K-S1-BETA01-V1_1783444888,50%,50,beta=0.1,beta01,114,Gradient norm,actor/grad_norm,9.284444808959961
ONPOLICY-SFT-Qwen3-1P7B-COLDSTART-FRAC50-CODE-KODCODE-CTX8K-S1-BETA01-V1_1783444888,50%,50,beta=0.1,beta01,114,Train score mean,critic/score/mean,-0.1328125
ONPOLICY-SFT-Qwen3-1P7B-COLDSTART-FRAC50-CODE-KODCODE-CTX8K-S1-BETA01-V1_1783444888,50%,50,beta=0.1,beta01,114,Response length mean,response_length/mean,160.775390625
ONPOLICY-SFT-Qwen3-1P7B-COLDSTART-FRAC50-CODE-KODCODE-CTX8K-S1-BETA01-V1_1783444888,50%,50,beta=0.1,beta01,114,Time per step,perf/time_per_step,42.91374424658716
ONPOLICY-SFT-Qwen3-1P7B-COLDSTART-FRAC50-CODE-KODCODE-CTX8K-S1-BETA01-V1_1783444888,50%,50,beta=0.1,beta01,115,HumanEval+ pass@1,val-core/HumanEval+/acc/pass@1,0.5060975609756098
ONPOLICY-SFT-Qwen3-1P7B-COLDSTART-FRAC50-CODE-KODCODE-CTX8K-S1-BETA01-V1_1783444888,50%,50,beta=0.1,beta01,115,MBPP+ pass@1,val-core/MBPP+/acc/pass@1,0.5370370370370371
ONPOLICY-SFT-Qwen3-1P7B-COLDSTART-FRAC50-CODE-KODCODE-CTX8K-S1-BETA01-V1_1783444888,50%,50,beta=0.1,beta01,115,LiveCodeBench pass@1,val-core/LiveCodeBench/acc/pass@1,0.1953125
ONPOLICY-SFT-Qwen3-1P7B-COLDSTART-FRAC50-CODE-KODCODE-CTX8K-S1-BETA01-V1_1783444888,50%,50,beta=0.1,beta01,115,HumanEval+ extract fail,val-aux/HumanEval+/code_reward_extraction_fail/mean@1,0.006097560975609756
ONPOLICY-SFT-Qwen3-1P7B-COLDSTART-FRAC50-CODE-KODCODE-CTX8K-S1-BETA01-V1_1783444888,50%,50,beta=0.1,beta01,115,MBPP+ extract fail,val-aux/MBPP+/code_reward_extraction_fail/mean@1,0.007936507936507936
ONPOLICY-SFT-Qwen3-1P7B-COLDSTART-FRAC50-CODE-KODCODE-CTX8K-S1-BETA01-V1_1783444888,50%,50,beta=0.1,beta01,115,LiveCodeBench extract fail,val-aux/LiveCodeBench/code_reward_extraction_fail/mean@1,0.0078125
ONPOLICY-SFT-Qwen3-1P7B-COLDSTART-FRAC50-CODE-KODCODE-CTX8K-S1-BETA01-V1_1783444888,50%,50,beta=0.1,beta01,115,Rollout correct ratio,wdl_sft/correct_ratio,0.328125
ONPOLICY-SFT-Qwen3-1P7B-COLDSTART-FRAC50-CODE-KODCODE-CTX8K-S1-BETA01-V1_1783444888,50%,50,beta=0.1,beta01,115,Gradient norm,actor/grad_norm,10.24271297454834
ONPOLICY-SFT-Qwen3-1P7B-COLDSTART-FRAC50-CODE-KODCODE-CTX8K-S1-BETA01-V1_1783444888,50%,50,beta=0.1,beta01,115,Train score mean,critic/score/mean,-0.34375
ONPOLICY-SFT-Qwen3-1P7B-COLDSTART-FRAC50-CODE-KODCODE-CTX8K-S1-BETA01-V1_1783444888,50%,50,beta=0.1,beta01,115,Response length mean,response_length/mean,169.646484375
ONPOLICY-SFT-Qwen3-1P7B-COLDSTART-FRAC50-CODE-KODCODE-CTX8K-S1-BETA01-V1_1783444888,50%,50,beta=0.1,beta01,115,Time per step,perf/time_per_step,47.48808937519789
ONPOLICY-SFT-Qwen3-1P7B-COLDSTART-FRAC50-CODE-KODCODE-CTX8K-S1-BETA01-V1_1783444888,50%,50,beta=0.1,beta01,116,Rollout correct ratio,wdl_sft/correct_ratio,0.29296875
ONPOLICY-SFT-Qwen3-1P7B-COLDSTART-FRAC50-CODE-KODCODE-CTX8K-S1-BETA01-V1_1783444888,50%,50,beta=0.1,beta01,116,Gradient norm,actor/grad_norm,13.760906219482422
ONPOLICY-SFT-Qwen3-1P7B-COLDSTART-FRAC50-CODE-KODCODE-CTX8K-S1-BETA01-V1_1783444888,50%,50,beta=0.1,beta01,116,Train score mean,critic/score/mean,-0.4140625
ONPOLICY-SFT-Qwen3-1P7B-COLDSTART-FRAC50-CODE-KODCODE-CTX8K-S1-BETA01-V1_1783444888,50%,50,beta=0.1,beta01,116,Response length mean,response_length/mean,167.412109375
ONPOLICY-SFT-Qwen3-1P7B-COLDSTART-FRAC50-CODE-KODCODE-CTX8K-S1-BETA01-V1_1783444888,50%,50,beta=0.1,beta01,116,Time per step,perf/time_per_step,42.096826002933085
ONPOLICY-SFT-Qwen3-1P7B-COLDSTART-FRAC50-CODE-KODCODE-CTX8K-S1-BETA01-V1_1783444888,50%,50,beta=0.1,beta01,117,Rollout correct ratio,wdl_sft/correct_ratio,0.384765625
ONPOLICY-SFT-Qwen3-1P7B-COLDSTART-FRAC50-CODE-KODCODE-CTX8K-S1-BETA01-V1_1783444888,50%,50,beta=0.1,beta01,117,Gradient norm,actor/grad_norm,9.615961074829102
ONPOLICY-SFT-Qwen3-1P7B-COLDSTART-FRAC50-CODE-KODCODE-CTX8K-S1-BETA01-V1_1783444888,50%,50,beta=0.1,beta01,117,Train score mean,critic/score/mean,-0.23046875
ONPOLICY-SFT-Qwen3-1P7B-COLDSTART-FRAC50-CODE-KODCODE-CTX8K-S1-BETA01-V1_1783444888,50%,50,beta=0.1,beta01,117,Response length mean,response_length/mean,145.236328125
ONPOLICY-SFT-Qwen3-1P7B-COLDSTART-FRAC50-CODE-KODCODE-CTX8K-S1-BETA01-V1_1783444888,50%,50,beta=0.1,beta01,117,Time per step,perf/time_per_step,40.5919607821852
ONPOLICY-SFT-Qwen3-1P7B-COLDSTART-FRAC50-CODE-KODCODE-CTX8K-S1-BETA01-V1_1783444888,50%,50,beta=0.1,beta01,118,Rollout correct ratio,wdl_sft/correct_ratio,0.42578125
ONPOLICY-SFT-Qwen3-1P7B-COLDSTART-FRAC50-CODE-KODCODE-CTX8K-S1-BETA01-V1_1783444888,50%,50,beta=0.1,beta01,118,Gradient norm,actor/grad_norm,9.545284271240234
ONPOLICY-SFT-Qwen3-1P7B-COLDSTART-FRAC50-CODE-KODCODE-CTX8K-S1-BETA01-V1_1783444888,50%,50,beta=0.1,beta01,118,Train score mean,critic/score/mean,-0.1484375
ONPOLICY-SFT-Qwen3-1P7B-COLDSTART-FRAC50-CODE-KODCODE-CTX8K-S1-BETA01-V1_1783444888,50%,50,beta=0.1,beta01,118,Response length mean,response_length/mean,153.236328125
ONPOLICY-SFT-Qwen3-1P7B-COLDSTART-FRAC50-CODE-KODCODE-CTX8K-S1-BETA01-V1_1783444888,50%,50,beta=0.1,beta01,118,Time per step,perf/time_per_step,41.804020651616156
ONPOLICY-SFT-Qwen3-1P7B-COLDSTART-FRAC50-CODE-KODCODE-CTX8K-S1-BETA01-V1_1783444888,50%,50,beta=0.1,beta01,119,Rollout correct ratio,wdl_sft/correct_ratio,0.37109375
ONPOLICY-SFT-Qwen3-1P7B-COLDSTART-FRAC50-CODE-KODCODE-CTX8K-S1-BETA01-V1_1783444888,50%,50,beta=0.1,beta01,119,Gradient norm,actor/grad_norm,9.317667007446289
ONPOLICY-SFT-Qwen3-1P7B-COLDSTART-FRAC50-CODE-KODCODE-CTX8K-S1-BETA01-V1_1783444888,50%,50,beta=0.1,beta01,119,Train score mean,critic/score/mean,-0.2578125
ONPOLICY-SFT-Qwen3-1P7B-COLDSTART-FRAC50-CODE-KODCODE-CTX8K-S1-BETA01-V1_1783444888,50%,50,beta=0.1,beta01,119,Response length mean,response_length/mean,147.720703125
ONPOLICY-SFT-Qwen3-1P7B-COLDSTART-FRAC50-CODE-KODCODE-CTX8K-S1-BETA01-V1_1783444888,50%,50,beta=0.1,beta01,119,Time per step,perf/time_per_step,43.412561709061265
ONPOLICY-SFT-Qwen3-1P7B-COLDSTART-FRAC50-CODE-KODCODE-CTX8K-S1-BETA01-V1_1783444888,50%,50,beta=0.1,beta01,120,HumanEval+ pass@1,val-core/HumanEval+/acc/pass@1,0.5060975609756098
ONPOLICY-SFT-Qwen3-1P7B-COLDSTART-FRAC50-CODE-KODCODE-CTX8K-S1-BETA01-V1_1783444888,50%,50,beta=0.1,beta01,120,MBPP+ pass@1,val-core/MBPP+/acc/pass@1,0.5423280423280423
ONPOLICY-SFT-Qwen3-1P7B-COLDSTART-FRAC50-CODE-KODCODE-CTX8K-S1-BETA01-V1_1783444888,50%,50,beta=0.1,beta01,120,LiveCodeBench pass@1,val-core/LiveCodeBench/acc/pass@1,0.1875
ONPOLICY-SFT-Qwen3-1P7B-COLDSTART-FRAC50-CODE-KODCODE-CTX8K-S1-BETA01-V1_1783444888,50%,50,beta=0.1,beta01,120,HumanEval+ extract fail,val-aux/HumanEval+/code_reward_extraction_fail/mean@1,0.0
ONPOLICY-SFT-Qwen3-1P7B-COLDSTART-FRAC50-CODE-KODCODE-CTX8K-S1-BETA01-V1_1783444888,50%,50,beta=0.1,beta01,120,MBPP+ extract fail,val-aux/MBPP+/code_reward_extraction_fail/mean@1,0.0026455026455026454
ONPOLICY-SFT-Qwen3-1P7B-COLDSTART-FRAC50-CODE-KODCODE-CTX8K-S1-BETA01-V1_1783444888,50%,50,beta=0.1,beta01,120,LiveCodeBench extract fail,val-aux/LiveCodeBench/code_reward_extraction_fail/mean@1,0.0078125
ONPOLICY-SFT-Qwen3-1P7B-COLDSTART-FRAC50-CODE-KODCODE-CTX8K-S1-BETA01-V1_1783444888,50%,50,beta=0.1,beta01,120,Rollout correct ratio,wdl_sft/correct_ratio,0.427734375
ONPOLICY-SFT-Qwen3-1P7B-COLDSTART-FRAC50-CODE-KODCODE-CTX8K-S1-BETA01-V1_1783444888,50%,50,beta=0.1,beta01,120,Gradient norm,actor/grad_norm,8.437393188476562
ONPOLICY-SFT-Qwen3-1P7B-COLDSTART-FRAC50-CODE-KODCODE-CTX8K-S1-BETA01-V1_1783444888,50%,50,beta=0.1,beta01,120,Train score mean,critic/score/mean,-0.14453125
ONPOLICY-SFT-Qwen3-1P7B-COLDSTART-FRAC50-CODE-KODCODE-CTX8K-S1-BETA01-V1_1783444888,50%,50,beta=0.1,beta01,120,Response length mean,response_length/mean,160.970703125
ONPOLICY-SFT-Qwen3-1P7B-COLDSTART-FRAC50-CODE-KODCODE-CTX8K-S1-BETA01-V1_1783444888,50%,50,beta=0.1,beta01,120,Time per step,perf/time_per_step,45.89311281684786
ONPOLICY-SFT-Qwen3-1P7B-COLDSTART-FRAC50-CODE-KODCODE-CTX8K-S1-BETA01-V1_1783444888,50%,50,beta=0.1,beta01,121,Rollout correct ratio,wdl_sft/correct_ratio,0.322265625
ONPOLICY-SFT-Qwen3-1P7B-COLDSTART-FRAC50-CODE-KODCODE-CTX8K-S1-BETA01-V1_1783444888,50%,50,beta=0.1,beta01,121,Gradient norm,actor/grad_norm,11.457919120788574
ONPOLICY-SFT-Qwen3-1P7B-COLDSTART-FRAC50-CODE-KODCODE-CTX8K-S1-BETA01-V1_1783444888,50%,50,beta=0.1,beta01,121,Train score mean,critic/score/mean,-0.35546875
ONPOLICY-SFT-Qwen3-1P7B-COLDSTART-FRAC50-CODE-KODCODE-CTX8K-S1-BETA01-V1_1783444888,50%,50,beta=0.1,beta01,121,Response length mean,response_length/mean,182.52734375
ONPOLICY-SFT-Qwen3-1P7B-COLDSTART-FRAC50-CODE-KODCODE-CTX8K-S1-BETA01-V1_1783444888,50%,50,beta=0.1,beta01,121,Time per step,perf/time_per_step,43.64997224230319
ONPOLICY-SFT-Qwen3-1P7B-COLDSTART-FRAC50-CODE-KODCODE-CTX8K-S1-BETA01-V1_1783444888,50%,50,beta=0.1,beta01,122,Rollout correct ratio,wdl_sft/correct_ratio,0.423828125
ONPOLICY-SFT-Qwen3-1P7B-COLDSTART-FRAC50-CODE-KODCODE-CTX8K-S1-BETA01-V1_1783444888,50%,50,beta=0.1,beta01,122,Gradient norm,actor/grad_norm,8.541434288024902
ONPOLICY-SFT-Qwen3-1P7B-COLDSTART-FRAC50-CODE-KODCODE-CTX8K-S1-BETA01-V1_1783444888,50%,50,beta=0.1,beta01,122,Train score mean,critic/score/mean,-0.15234375
ONPOLICY-SFT-Qwen3-1P7B-COLDSTART-FRAC50-CODE-KODCODE-CTX8K-S1-BETA01-V1_1783444888,50%,50,beta=0.1,beta01,122,Response length mean,response_length/mean,158.8828125
ONPOLICY-SFT-Qwen3-1P7B-COLDSTART-FRAC50-CODE-KODCODE-CTX8K-S1-BETA01-V1_1783444888,50%,50,beta=0.1,beta01,122,Time per step,perf/time_per_step,41.85275185108185
ONPOLICY-SFT-Qwen3-1P7B-COLDSTART-FRAC50-CODE-KODCODE-CTX8K-S1-BETA01-V1_1783444888,50%,50,beta=0.1,beta01,123,Rollout correct ratio,wdl_sft/correct_ratio,0.400390625
ONPOLICY-SFT-Qwen3-1P7B-COLDSTART-FRAC50-CODE-KODCODE-CTX8K-S1-BETA01-V1_1783444888,50%,50,beta=0.1,beta01,123,Gradient norm,actor/grad_norm,9.365218162536621
ONPOLICY-SFT-Qwen3-1P7B-COLDSTART-FRAC50-CODE-KODCODE-CTX8K-S1-BETA01-V1_1783444888,50%,50,beta=0.1,beta01,123,Train score mean,critic/score/mean,-0.19921875
ONPOLICY-SFT-Qwen3-1P7B-COLDSTART-FRAC50-CODE-KODCODE-CTX8K-S1-BETA01-V1_1783444888,50%,50,beta=0.1,beta01,123,Response length mean,response_length/mean,164.919921875
ONPOLICY-SFT-Qwen3-1P7B-COLDSTART-FRAC50-CODE-KODCODE-CTX8K-S1-BETA01-V1_1783444888,50%,50,beta=0.1,beta01,123,Time per step,perf/time_per_step,42.5419557839632
ONPOLICY-SFT-Qwen3-1P7B-COLDSTART-FRAC50-CODE-KODCODE-CTX8K-S1-BETA01-V1_1783444888,50%,50,beta=0.1,beta01,124,Rollout correct ratio,wdl_sft/correct_ratio,0.32421875
ONPOLICY-SFT-Qwen3-1P7B-COLDSTART-FRAC50-CODE-KODCODE-CTX8K-S1-BETA01-V1_1783444888,50%,50,beta=0.1,beta01,124,Gradient norm,actor/grad_norm,9.76994514465332
ONPOLICY-SFT-Qwen3-1P7B-COLDSTART-FRAC50-CODE-KODCODE-CTX8K-S1-BETA01-V1_1783444888,50%,50,beta=0.1,beta01,124,Train score mean,critic/score/mean,-0.3515625
ONPOLICY-SFT-Qwen3-1P7B-COLDSTART-FRAC50-CODE-KODCODE-CTX8K-S1-BETA01-V1_1783444888,50%,50,beta=0.1,beta01,124,Response length mean,response_length/mean,162.76171875
ONPOLICY-SFT-Qwen3-1P7B-COLDSTART-FRAC50-CODE-KODCODE-CTX8K-S1-BETA01-V1_1783444888,50%,50,beta=0.1,beta01,124,Time per step,perf/time_per_step,42.792068555019796
ONPOLICY-SFT-Qwen3-1P7B-COLDSTART-FRAC50-CODE-KODCODE-CTX8K-S1-BETA01-V1_1783444888,50%,50,beta=0.1,beta01,125,HumanEval+ pass@1,val-core/HumanEval+/acc/pass@1,0.4817073170731707
ONPOLICY-SFT-Qwen3-1P7B-COLDSTART-FRAC50-CODE-KODCODE-CTX8K-S1-BETA01-V1_1783444888,50%,50,beta=0.1,beta01,125,MBPP+ pass@1,val-core/MBPP+/acc/pass@1,0.5476190476190477
ONPOLICY-SFT-Qwen3-1P7B-COLDSTART-FRAC50-CODE-KODCODE-CTX8K-S1-BETA01-V1_1783444888,50%,50,beta=0.1,beta01,125,LiveCodeBench pass@1,val-core/LiveCodeBench/acc/pass@1,0.1796875
ONPOLICY-SFT-Qwen3-1P7B-COLDSTART-FRAC50-CODE-KODCODE-CTX8K-S1-BETA01-V1_1783444888,50%,50,beta=0.1,beta01,125,HumanEval+ extract fail,val-aux/HumanEval+/code_reward_extraction_fail/mean@1,0.006097560975609756
ONPOLICY-SFT-Qwen3-1P7B-COLDSTART-FRAC50-CODE-KODCODE-CTX8K-S1-BETA01-V1_1783444888,50%,50,beta=0.1,beta01,125,MBPP+ extract fail,val-aux/MBPP+/code_reward_extraction_fail/mean@1,0.007936507936507936
ONPOLICY-SFT-Qwen3-1P7B-COLDSTART-FRAC50-CODE-KODCODE-CTX8K-S1-BETA01-V1_1783444888,50%,50,beta=0.1,beta01,125,LiveCodeBench extract fail,val-aux/LiveCodeBench/code_reward_extraction_fail/mean@1,0.03125
ONPOLICY-SFT-Qwen3-1P7B-COLDSTART-FRAC50-CODE-KODCODE-CTX8K-S1-BETA01-V1_1783444888,50%,50,beta=0.1,beta01,125,Rollout correct ratio,wdl_sft/correct_ratio,0.4296875
ONPOLICY-SFT-Qwen3-1P7B-COLDSTART-FRAC50-CODE-KODCODE-CTX8K-S1-BETA01-V1_1783444888,50%,50,beta=0.1,beta01,125,Gradient norm,actor/grad_norm,9.661224365234375
ONPOLICY-SFT-Qwen3-1P7B-COLDSTART-FRAC50-CODE-KODCODE-CTX8K-S1-BETA01-V1_1783444888,50%,50,beta=0.1,beta01,125,Train score mean,critic/score/mean,-0.140625
ONPOLICY-SFT-Qwen3-1P7B-COLDSTART-FRAC50-CODE-KODCODE-CTX8K-S1-BETA01-V1_1783444888,50%,50,beta=0.1,beta01,125,Response length mean,response_length/mean,158.923828125
ONPOLICY-SFT-Qwen3-1P7B-COLDSTART-FRAC50-CODE-KODCODE-CTX8K-S1-BETA01-V1_1783444888,50%,50,beta=0.1,beta01,125,Time per step,perf/time_per_step,46.57933944929391
ONPOLICY-SFT-Qwen3-1P7B-COLDSTART-FRAC50-CODE-KODCODE-CTX8K-S1-BETA01-V1_1783444888,50%,50,beta=0.1,beta01,126,Rollout correct ratio,wdl_sft/correct_ratio,0.4140625
ONPOLICY-SFT-Qwen3-1P7B-COLDSTART-FRAC50-CODE-KODCODE-CTX8K-S1-BETA01-V1_1783444888,50%,50,beta=0.1,beta01,126,Gradient norm,actor/grad_norm,9.000669479370117
ONPOLICY-SFT-Qwen3-1P7B-COLDSTART-FRAC50-CODE-KODCODE-CTX8K-S1-BETA01-V1_1783444888,50%,50,beta=0.1,beta01,126,Train score mean,critic/score/mean,-0.171875
ONPOLICY-SFT-Qwen3-1P7B-COLDSTART-FRAC50-CODE-KODCODE-CTX8K-S1-BETA01-V1_1783444888,50%,50,beta=0.1,beta01,126,Response length mean,response_length/mean,151.052734375
ONPOLICY-SFT-Qwen3-1P7B-COLDSTART-FRAC50-CODE-KODCODE-CTX8K-S1-BETA01-V1_1783444888,50%,50,beta=0.1,beta01,126,Time per step,perf/time_per_step,41.38689730223268
ONPOLICY-SFT-Qwen3-1P7B-COLDSTART-FRAC50-CODE-KODCODE-CTX8K-S1-BETA01-V1_1783444888,50%,50,beta=0.1,beta01,127,Rollout correct ratio,wdl_sft/correct_ratio,0.412109375
ONPOLICY-SFT-Qwen3-1P7B-COLDSTART-FRAC50-CODE-KODCODE-CTX8K-S1-BETA01-V1_1783444888,50%,50,beta=0.1,beta01,127,Gradient norm,actor/grad_norm,8.75738525390625
ONPOLICY-SFT-Qwen3-1P7B-COLDSTART-FRAC50-CODE-KODCODE-CTX8K-S1-BETA01-V1_1783444888,50%,50,beta=0.1,beta01,127,Train score mean,critic/score/mean,-0.17578125
ONPOLICY-SFT-Qwen3-1P7B-COLDSTART-FRAC50-CODE-KODCODE-CTX8K-S1-BETA01-V1_1783444888,50%,50,beta=0.1,beta01,127,Response length mean,response_length/mean,150.755859375
ONPOLICY-SFT-Qwen3-1P7B-COLDSTART-FRAC50-CODE-KODCODE-CTX8K-S1-BETA01-V1_1783444888,50%,50,beta=0.1,beta01,127,Time per step,perf/time_per_step,39.962535889819264
ONPOLICY-SFT-Qwen3-1P7B-COLDSTART-FRAC50-CODE-KODCODE-CTX8K-S1-BETA01-V1_1783444888,50%,50,beta=0.1,beta01,128,Rollout correct ratio,wdl_sft/correct_ratio,0.384765625
ONPOLICY-SFT-Qwen3-1P7B-COLDSTART-FRAC50-CODE-KODCODE-CTX8K-S1-BETA01-V1_1783444888,50%,50,beta=0.1,beta01,128,Gradient norm,actor/grad_norm,10.253077507019043
ONPOLICY-SFT-Qwen3-1P7B-COLDSTART-FRAC50-CODE-KODCODE-CTX8K-S1-BETA01-V1_1783444888,50%,50,beta=0.1,beta01,128,Train score mean,critic/score/mean,-0.23046875
ONPOLICY-SFT-Qwen3-1P7B-COLDSTART-FRAC50-CODE-KODCODE-CTX8K-S1-BETA01-V1_1783444888,50%,50,beta=0.1,beta01,128,Response length mean,response_length/mean,161.3359375
ONPOLICY-SFT-Qwen3-1P7B-COLDSTART-FRAC50-CODE-KODCODE-CTX8K-S1-BETA01-V1_1783444888,50%,50,beta=0.1,beta01,128,Time per step,perf/time_per_step,42.03664181474596
ONPOLICY-SFT-Qwen3-1P7B-COLDSTART-FRAC50-CODE-KODCODE-CTX8K-S1-BETA01-V1_1783444888,50%,50,beta=0.1,beta01,129,Rollout correct ratio,wdl_sft/correct_ratio,0.396484375
ONPOLICY-SFT-Qwen3-1P7B-COLDSTART-FRAC50-CODE-KODCODE-CTX8K-S1-BETA01-V1_1783444888,50%,50,beta=0.1,beta01,129,Gradient norm,actor/grad_norm,9.106204986572266
ONPOLICY-SFT-Qwen3-1P7B-COLDSTART-FRAC50-CODE-KODCODE-CTX8K-S1-BETA01-V1_1783444888,50%,50,beta=0.1,beta01,129,Train score mean,critic/score/mean,-0.20703125
ONPOLICY-SFT-Qwen3-1P7B-COLDSTART-FRAC50-CODE-KODCODE-CTX8K-S1-BETA01-V1_1783444888,50%,50,beta=0.1,beta01,129,Response length mean,response_length/mean,167.845703125
ONPOLICY-SFT-Qwen3-1P7B-COLDSTART-FRAC50-CODE-KODCODE-CTX8K-S1-BETA01-V1_1783444888,50%,50,beta=0.1,beta01,129,Time per step,perf/time_per_step,48.6684513958171
ONPOLICY-SFT-Qwen3-1P7B-COLDSTART-FRAC50-CODE-KODCODE-CTX8K-S1-BETA01-V1_1783444888,50%,50,beta=0.1,beta01,130,HumanEval+ pass@1,val-core/HumanEval+/acc/pass@1,0.5060975609756098
ONPOLICY-SFT-Qwen3-1P7B-COLDSTART-FRAC50-CODE-KODCODE-CTX8K-S1-BETA01-V1_1783444888,50%,50,beta=0.1,beta01,130,MBPP+ pass@1,val-core/MBPP+/acc/pass@1,0.5529100529100529
ONPOLICY-SFT-Qwen3-1P7B-COLDSTART-FRAC50-CODE-KODCODE-CTX8K-S1-BETA01-V1_1783444888,50%,50,beta=0.1,beta01,130,LiveCodeBench pass@1,val-core/LiveCodeBench/acc/pass@1,0.1875
ONPOLICY-SFT-Qwen3-1P7B-COLDSTART-FRAC50-CODE-KODCODE-CTX8K-S1-BETA01-V1_1783444888,50%,50,beta=0.1,beta01,130,HumanEval+ extract fail,val-aux/HumanEval+/code_reward_extraction_fail/mean@1,0.006097560975609756
ONPOLICY-SFT-Qwen3-1P7B-COLDSTART-FRAC50-CODE-KODCODE-CTX8K-S1-BETA01-V1_1783444888,50%,50,beta=0.1,beta01,130,MBPP+ extract fail,val-aux/MBPP+/code_reward_extraction_fail/mean@1,0.0026455026455026454
ONPOLICY-SFT-Qwen3-1P7B-COLDSTART-FRAC50-CODE-KODCODE-CTX8K-S1-BETA01-V1_1783444888,50%,50,beta=0.1,beta01,130,LiveCodeBench extract fail,val-aux/LiveCodeBench/code_reward_extraction_fail/mean@1,0.03125
ONPOLICY-SFT-Qwen3-1P7B-COLDSTART-FRAC50-CODE-KODCODE-CTX8K-S1-BETA01-V1_1783444888,50%,50,beta=0.1,beta01,130,Rollout correct ratio,wdl_sft/correct_ratio,0.447265625
ONPOLICY-SFT-Qwen3-1P7B-COLDSTART-FRAC50-CODE-KODCODE-CTX8K-S1-BETA01-V1_1783444888,50%,50,beta=0.1,beta01,130,Gradient norm,actor/grad_norm,8.4325532913208
ONPOLICY-SFT-Qwen3-1P7B-COLDSTART-FRAC50-CODE-KODCODE-CTX8K-S1-BETA01-V1_1783444888,50%,50,beta=0.1,beta01,130,Train score mean,critic/score/mean,-0.10546875
ONPOLICY-SFT-Qwen3-1P7B-COLDSTART-FRAC50-CODE-KODCODE-CTX8K-S1-BETA01-V1_1783444888,50%,50,beta=0.1,beta01,130,Response length mean,response_length/mean,143.21484375
ONPOLICY-SFT-Qwen3-1P7B-COLDSTART-FRAC50-CODE-KODCODE-CTX8K-S1-BETA01-V1_1783444888,50%,50,beta=0.1,beta01,130,Time per step,perf/time_per_step,46.98207122646272
ONPOLICY-SFT-Qwen3-1P7B-COLDSTART-FRAC50-CODE-KODCODE-CTX8K-S1-BETA01-V1_1783444888,50%,50,beta=0.1,beta01,131,Rollout correct ratio,wdl_sft/correct_ratio,0.439453125
ONPOLICY-SFT-Qwen3-1P7B-COLDSTART-FRAC50-CODE-KODCODE-CTX8K-S1-BETA01-V1_1783444888,50%,50,beta=0.1,beta01,131,Gradient norm,actor/grad_norm,8.018844604492188
ONPOLICY-SFT-Qwen3-1P7B-COLDSTART-FRAC50-CODE-KODCODE-CTX8K-S1-BETA01-V1_1783444888,50%,50,beta=0.1,beta01,131,Train score mean,critic/score/mean,-0.12109375
ONPOLICY-SFT-Qwen3-1P7B-COLDSTART-FRAC50-CODE-KODCODE-CTX8K-S1-BETA01-V1_1783444888,50%,50,beta=0.1,beta01,131,Response length mean,response_length/mean,156.19921875
ONPOLICY-SFT-Qwen3-1P7B-COLDSTART-FRAC50-CODE-KODCODE-CTX8K-S1-BETA01-V1_1783444888,50%,50,beta=0.1,beta01,131,Time per step,perf/time_per_step,42.17075627204031
ONPOLICY-SFT-Qwen3-1P7B-COLDSTART-FRAC50-CODE-KODCODE-CTX8K-S1-BETA01-V1_1783444888,50%,50,beta=0.1,beta01,132,Rollout correct ratio,wdl_sft/correct_ratio,0.419921875
ONPOLICY-SFT-Qwen3-1P7B-COLDSTART-FRAC50-CODE-KODCODE-CTX8K-S1-BETA01-V1_1783444888,50%,50,beta=0.1,beta01,132,Gradient norm,actor/grad_norm,9.583388328552246
ONPOLICY-SFT-Qwen3-1P7B-COLDSTART-FRAC50-CODE-KODCODE-CTX8K-S1-BETA01-V1_1783444888,50%,50,beta=0.1,beta01,132,Train score mean,critic/score/mean,-0.16015625
ONPOLICY-SFT-Qwen3-1P7B-COLDSTART-FRAC50-CODE-KODCODE-CTX8K-S1-BETA01-V1_1783444888,50%,50,beta=0.1,beta01,132,Response length mean,response_length/mean,158.447265625
ONPOLICY-SFT-Qwen3-1P7B-COLDSTART-FRAC50-CODE-KODCODE-CTX8K-S1-BETA01-V1_1783444888,50%,50,beta=0.1,beta01,132,Time per step,perf/time_per_step,41.516734167933464
ONPOLICY-SFT-Qwen3-1P7B-COLDSTART-FRAC50-CODE-KODCODE-CTX8K-S1-BETA01-V1_1783444888,50%,50,beta=0.1,beta01,133,Rollout correct ratio,wdl_sft/correct_ratio,0.375
ONPOLICY-SFT-Qwen3-1P7B-COLDSTART-FRAC50-CODE-KODCODE-CTX8K-S1-BETA01-V1_1783444888,50%,50,beta=0.1,beta01,133,Gradient norm,actor/grad_norm,9.778428077697754
ONPOLICY-SFT-Qwen3-1P7B-COLDSTART-FRAC50-CODE-KODCODE-CTX8K-S1-BETA01-V1_1783444888,50%,50,beta=0.1,beta01,133,Train score mean,critic/score/mean,-0.25
ONPOLICY-SFT-Qwen3-1P7B-COLDSTART-FRAC50-CODE-KODCODE-CTX8K-S1-BETA01-V1_1783444888,50%,50,beta=0.1,beta01,133,Response length mean,response_length/mean,164.30078125
ONPOLICY-SFT-Qwen3-1P7B-COLDSTART-FRAC50-CODE-KODCODE-CTX8K-S1-BETA01-V1_1783444888,50%,50,beta=0.1,beta01,133,Time per step,perf/time_per_step,43.093658302910626
ONPOLICY-SFT-Qwen3-1P7B-COLDSTART-FRAC50-CODE-KODCODE-CTX8K-S1-BETA01-V1_1783444888,50%,50,beta=0.1,beta01,134,Rollout correct ratio,wdl_sft/correct_ratio,0.43359375
ONPOLICY-SFT-Qwen3-1P7B-COLDSTART-FRAC50-CODE-KODCODE-CTX8K-S1-BETA01-V1_1783444888,50%,50,beta=0.1,beta01,134,Gradient norm,actor/grad_norm,7.9001359939575195
ONPOLICY-SFT-Qwen3-1P7B-COLDSTART-FRAC50-CODE-KODCODE-CTX8K-S1-BETA01-V1_1783444888,50%,50,beta=0.1,beta01,134,Train score mean,critic/score/mean,-0.1328125
ONPOLICY-SFT-Qwen3-1P7B-COLDSTART-FRAC50-CODE-KODCODE-CTX8K-S1-BETA01-V1_1783444888,50%,50,beta=0.1,beta01,134,Response length mean,response_length/mean,140.775390625
ONPOLICY-SFT-Qwen3-1P7B-COLDSTART-FRAC50-CODE-KODCODE-CTX8K-S1-BETA01-V1_1783444888,50%,50,beta=0.1,beta01,134,Time per step,perf/time_per_step,40.37429932504892
ONPOLICY-SFT-Qwen3-1P7B-COLDSTART-FRAC50-CODE-KODCODE-CTX8K-S1-BETA01-V1_1783444888,50%,50,beta=0.1,beta01,135,HumanEval+ pass@1,val-core/HumanEval+/acc/pass@1,0.5060975609756098
ONPOLICY-SFT-Qwen3-1P7B-COLDSTART-FRAC50-CODE-KODCODE-CTX8K-S1-BETA01-V1_1783444888,50%,50,beta=0.1,beta01,135,MBPP+ pass@1,val-core/MBPP+/acc/pass@1,0.5555555555555556
ONPOLICY-SFT-Qwen3-1P7B-COLDSTART-FRAC50-CODE-KODCODE-CTX8K-S1-BETA01-V1_1783444888,50%,50,beta=0.1,beta01,135,LiveCodeBench pass@1,val-core/LiveCodeBench/acc/pass@1,0.203125
ONPOLICY-SFT-Qwen3-1P7B-COLDSTART-FRAC50-CODE-KODCODE-CTX8K-S1-BETA01-V1_1783444888,50%,50,beta=0.1,beta01,135,HumanEval+ extract fail,val-aux/HumanEval+/code_reward_extraction_fail/mean@1,0.0
ONPOLICY-SFT-Qwen3-1P7B-COLDSTART-FRAC50-CODE-KODCODE-CTX8K-S1-BETA01-V1_1783444888,50%,50,beta=0.1,beta01,135,MBPP+ extract fail,val-aux/MBPP+/code_reward_extraction_fail/mean@1,0.005291005291005291
ONPOLICY-SFT-Qwen3-1P7B-COLDSTART-FRAC50-CODE-KODCODE-CTX8K-S1-BETA01-V1_1783444888,50%,50,beta=0.1,beta01,135,LiveCodeBench extract fail,val-aux/LiveCodeBench/code_reward_extraction_fail/mean@1,0.0234375
ONPOLICY-SFT-Qwen3-1P7B-COLDSTART-FRAC50-CODE-KODCODE-CTX8K-S1-BETA01-V1_1783444888,50%,50,beta=0.1,beta01,135,Rollout correct ratio,wdl_sft/correct_ratio,0.318359375
ONPOLICY-SFT-Qwen3-1P7B-COLDSTART-FRAC50-CODE-KODCODE-CTX8K-S1-BETA01-V1_1783444888,50%,50,beta=0.1,beta01,135,Gradient norm,actor/grad_norm,10.483077049255371
ONPOLICY-SFT-Qwen3-1P7B-COLDSTART-FRAC50-CODE-KODCODE-CTX8K-S1-BETA01-V1_1783444888,50%,50,beta=0.1,beta01,135,Train score mean,critic/score/mean,-0.36328125
ONPOLICY-SFT-Qwen3-1P7B-COLDSTART-FRAC50-CODE-KODCODE-CTX8K-S1-BETA01-V1_1783444888,50%,50,beta=0.1,beta01,135,Response length mean,response_length/mean,169.224609375
ONPOLICY-SFT-Qwen3-1P7B-COLDSTART-FRAC50-CODE-KODCODE-CTX8K-S1-BETA01-V1_1783444888,50%,50,beta=0.1,beta01,135,Time per step,perf/time_per_step,46.330913711339235
ONPOLICY-SFT-Qwen3-1P7B-COLDSTART-FRAC50-CODE-KODCODE-CTX8K-S1-BETA01-V1_1783444888,50%,50,beta=0.1,beta01,136,Rollout correct ratio,wdl_sft/correct_ratio,0.400390625
ONPOLICY-SFT-Qwen3-1P7B-COLDSTART-FRAC50-CODE-KODCODE-CTX8K-S1-BETA01-V1_1783444888,50%,50,beta=0.1,beta01,136,Gradient norm,actor/grad_norm,9.497110366821289
ONPOLICY-SFT-Qwen3-1P7B-COLDSTART-FRAC50-CODE-KODCODE-CTX8K-S1-BETA01-V1_1783444888,50%,50,beta=0.1,beta01,136,Train score mean,critic/score/mean,-0.19921875
ONPOLICY-SFT-Qwen3-1P7B-COLDSTART-FRAC50-CODE-KODCODE-CTX8K-S1-BETA01-V1_1783444888,50%,50,beta=0.1,beta01,136,Response length mean,response_length/mean,155.84375
ONPOLICY-SFT-Qwen3-1P7B-COLDSTART-FRAC50-CODE-KODCODE-CTX8K-S1-BETA01-V1_1783444888,50%,50,beta=0.1,beta01,136,Time per step,perf/time_per_step,41.04733844008297
ONPOLICY-SFT-Qwen3-1P7B-COLDSTART-FRAC50-CODE-KODCODE-CTX8K-S1-BETA01-V1_1783444888,50%,50,beta=0.1,beta01,137,Rollout correct ratio,wdl_sft/correct_ratio,0.419921875
ONPOLICY-SFT-Qwen3-1P7B-COLDSTART-FRAC50-CODE-KODCODE-CTX8K-S1-BETA01-V1_1783444888,50%,50,beta=0.1,beta01,137,Gradient norm,actor/grad_norm,8.438265800476074
ONPOLICY-SFT-Qwen3-1P7B-COLDSTART-FRAC50-CODE-KODCODE-CTX8K-S1-BETA01-V1_1783444888,50%,50,beta=0.1,beta01,137,Train score mean,critic/score/mean,-0.16015625
ONPOLICY-SFT-Qwen3-1P7B-COLDSTART-FRAC50-CODE-KODCODE-CTX8K-S1-BETA01-V1_1783444888,50%,50,beta=0.1,beta01,137,Response length mean,response_length/mean,148.4375
ONPOLICY-SFT-Qwen3-1P7B-COLDSTART-FRAC50-CODE-KODCODE-CTX8K-S1-BETA01-V1_1783444888,50%,50,beta=0.1,beta01,137,Time per step,perf/time_per_step,40.72116884496063
ONPOLICY-SFT-Qwen3-1P7B-COLDSTART-FRAC50-CODE-KODCODE-CTX8K-S1-BETA01-V1_1783444888,50%,50,beta=0.1,beta01,138,Rollout correct ratio,wdl_sft/correct_ratio,0.439453125
ONPOLICY-SFT-Qwen3-1P7B-COLDSTART-FRAC50-CODE-KODCODE-CTX8K-S1-BETA01-V1_1783444888,50%,50,beta=0.1,beta01,138,Gradient norm,actor/grad_norm,8.50232982635498
ONPOLICY-SFT-Qwen3-1P7B-COLDSTART-FRAC50-CODE-KODCODE-CTX8K-S1-BETA01-V1_1783444888,50%,50,beta=0.1,beta01,138,Train score mean,critic/score/mean,-0.12109375
ONPOLICY-SFT-Qwen3-1P7B-COLDSTART-FRAC50-CODE-KODCODE-CTX8K-S1-BETA01-V1_1783444888,50%,50,beta=0.1,beta01,138,Response length mean,response_length/mean,161.318359375
ONPOLICY-SFT-Qwen3-1P7B-COLDSTART-FRAC50-CODE-KODCODE-CTX8K-S1-BETA01-V1_1783444888,50%,50,beta=0.1,beta01,138,Time per step,perf/time_per_step,19.47570977639407
ONPOLICY-SFT-Qwen3-1P7B-COLDSTART-FRAC50-CODE-KODCODE-CTX8K-S1-BETA01-V1_1783444888,50%,50,beta=0.1,beta01,139,Rollout correct ratio,wdl_sft/correct_ratio,0.4296875
ONPOLICY-SFT-Qwen3-1P7B-COLDSTART-FRAC50-CODE-KODCODE-CTX8K-S1-BETA01-V1_1783444888,50%,50,beta=0.1,beta01,139,Gradient norm,actor/grad_norm,8.871753692626953
ONPOLICY-SFT-Qwen3-1P7B-COLDSTART-FRAC50-CODE-KODCODE-CTX8K-S1-BETA01-V1_1783444888,50%,50,beta=0.1,beta01,139,Train score mean,critic/score/mean,-0.140625
ONPOLICY-SFT-Qwen3-1P7B-COLDSTART-FRAC50-CODE-KODCODE-CTX8K-S1-BETA01-V1_1783444888,50%,50,beta=0.1,beta01,139,Response length mean,response_length/mean,168.740234375
ONPOLICY-SFT-Qwen3-1P7B-COLDSTART-FRAC50-CODE-KODCODE-CTX8K-S1-BETA01-V1_1783444888,50%,50,beta=0.1,beta01,139,Time per step,perf/time_per_step,39.88572772871703
ONPOLICY-SFT-Qwen3-1P7B-COLDSTART-FRAC50-CODE-KODCODE-CTX8K-S1-BETA01-V1_1783444888,50%,50,beta=0.1,beta01,140,HumanEval+ pass@1,val-core/HumanEval+/acc/pass@1,0.4695121951219512
ONPOLICY-SFT-Qwen3-1P7B-COLDSTART-FRAC50-CODE-KODCODE-CTX8K-S1-BETA01-V1_1783444888,50%,50,beta=0.1,beta01,140,MBPP+ pass@1,val-core/MBPP+/acc/pass@1,0.5423280423280423
ONPOLICY-SFT-Qwen3-1P7B-COLDSTART-FRAC50-CODE-KODCODE-CTX8K-S1-BETA01-V1_1783444888,50%,50,beta=0.1,beta01,140,LiveCodeBench pass@1,val-core/LiveCodeBench/acc/pass@1,0.1953125
ONPOLICY-SFT-Qwen3-1P7B-COLDSTART-FRAC50-CODE-KODCODE-CTX8K-S1-BETA01-V1_1783444888,50%,50,beta=0.1,beta01,140,HumanEval+ extract fail,val-aux/HumanEval+/code_reward_extraction_fail/mean@1,0.006097560975609756
ONPOLICY-SFT-Qwen3-1P7B-COLDSTART-FRAC50-CODE-KODCODE-CTX8K-S1-BETA01-V1_1783444888,50%,50,beta=0.1,beta01,140,MBPP+ extract fail,val-aux/MBPP+/code_reward_extraction_fail/mean@1,0.0
ONPOLICY-SFT-Qwen3-1P7B-COLDSTART-FRAC50-CODE-KODCODE-CTX8K-S1-BETA01-V1_1783444888,50%,50,beta=0.1,beta01,140,LiveCodeBench extract fail,val-aux/LiveCodeBench/code_reward_extraction_fail/mean@1,0.015625
ONPOLICY-SFT-Qwen3-1P7B-COLDSTART-FRAC50-CODE-KODCODE-CTX8K-S1-BETA01-V1_1783444888,50%,50,beta=0.1,beta01,140,Rollout correct ratio,wdl_sft/correct_ratio,0.4453125
ONPOLICY-SFT-Qwen3-1P7B-COLDSTART-FRAC50-CODE-KODCODE-CTX8K-S1-BETA01-V1_1783444888,50%,50,beta=0.1,beta01,140,Gradient norm,actor/grad_norm,8.88788890838623
ONPOLICY-SFT-Qwen3-1P7B-COLDSTART-FRAC50-CODE-KODCODE-CTX8K-S1-BETA01-V1_1783444888,50%,50,beta=0.1,beta01,140,Train score mean,critic/score/mean,-0.109375
ONPOLICY-SFT-Qwen3-1P7B-COLDSTART-FRAC50-CODE-KODCODE-CTX8K-S1-BETA01-V1_1783444888,50%,50,beta=0.1,beta01,140,Response length mean,response_length/mean,141.48828125
ONPOLICY-SFT-Qwen3-1P7B-COLDSTART-FRAC50-CODE-KODCODE-CTX8K-S1-BETA01-V1_1783444888,50%,50,beta=0.1,beta01,140,Time per step,perf/time_per_step,47.065703514032066
ONPOLICY-SFT-Qwen3-1P7B-COLDSTART-FRAC50-CODE-KODCODE-CTX8K-S1-BETA01-V1_1783444888,50%,50,beta=0.1,beta01,141,Rollout correct ratio,wdl_sft/correct_ratio,0.46484375
ONPOLICY-SFT-Qwen3-1P7B-COLDSTART-FRAC50-CODE-KODCODE-CTX8K-S1-BETA01-V1_1783444888,50%,50,beta=0.1,beta01,141,Gradient norm,actor/grad_norm,7.993996620178223
ONPOLICY-SFT-Qwen3-1P7B-COLDSTART-FRAC50-CODE-KODCODE-CTX8K-S1-BETA01-V1_1783444888,50%,50,beta=0.1,beta01,141,Train score mean,critic/score/mean,-0.0703125
ONPOLICY-SFT-Qwen3-1P7B-COLDSTART-FRAC50-CODE-KODCODE-CTX8K-S1-BETA01-V1_1783444888,50%,50,beta=0.1,beta01,141,Response length mean,response_length/mean,152.29296875
ONPOLICY-SFT-Qwen3-1P7B-COLDSTART-FRAC50-CODE-KODCODE-CTX8K-S1-BETA01-V1_1783444888,50%,50,beta=0.1,beta01,141,Time per step,perf/time_per_step,42.17247401829809
ONPOLICY-SFT-Qwen3-1P7B-COLDSTART-FRAC50-CODE-KODCODE-CTX8K-S1-BETA01-V1_1783444888,50%,50,beta=0.1,beta01,142,Rollout correct ratio,wdl_sft/correct_ratio,0.435546875
ONPOLICY-SFT-Qwen3-1P7B-COLDSTART-FRAC50-CODE-KODCODE-CTX8K-S1-BETA01-V1_1783444888,50%,50,beta=0.1,beta01,142,Gradient norm,actor/grad_norm,9.224119186401367
ONPOLICY-SFT-Qwen3-1P7B-COLDSTART-FRAC50-CODE-KODCODE-CTX8K-S1-BETA01-V1_1783444888,50%,50,beta=0.1,beta01,142,Train score mean,critic/score/mean,-0.12890625
ONPOLICY-SFT-Qwen3-1P7B-COLDSTART-FRAC50-CODE-KODCODE-CTX8K-S1-BETA01-V1_1783444888,50%,50,beta=0.1,beta01,142,Response length mean,response_length/mean,165.72265625
ONPOLICY-SFT-Qwen3-1P7B-COLDSTART-FRAC50-CODE-KODCODE-CTX8K-S1-BETA01-V1_1783444888,50%,50,beta=0.1,beta01,142,Time per step,perf/time_per_step,39.81886156089604
ONPOLICY-SFT-Qwen3-1P7B-COLDSTART-FRAC50-CODE-KODCODE-CTX8K-S1-BETA01-V1_1783444888,50%,50,beta=0.1,beta01,143,Rollout correct ratio,wdl_sft/correct_ratio,0.412109375
ONPOLICY-SFT-Qwen3-1P7B-COLDSTART-FRAC50-CODE-KODCODE-CTX8K-S1-BETA01-V1_1783444888,50%,50,beta=0.1,beta01,143,Gradient norm,actor/grad_norm,8.824033737182617
ONPOLICY-SFT-Qwen3-1P7B-COLDSTART-FRAC50-CODE-KODCODE-CTX8K-S1-BETA01-V1_1783444888,50%,50,beta=0.1,beta01,143,Train score mean,critic/score/mean,-0.17578125
ONPOLICY-SFT-Qwen3-1P7B-COLDSTART-FRAC50-CODE-KODCODE-CTX8K-S1-BETA01-V1_1783444888,50%,50,beta=0.1,beta01,143,Response length mean,response_length/mean,148.166015625
ONPOLICY-SFT-Qwen3-1P7B-COLDSTART-FRAC50-CODE-KODCODE-CTX8K-S1-BETA01-V1_1783444888,50%,50,beta=0.1,beta01,143,Time per step,perf/time_per_step,42.6944487625733
ONPOLICY-SFT-Qwen3-1P7B-COLDSTART-FRAC50-CODE-KODCODE-CTX8K-S1-BETA01-V1_1783444888,50%,50,beta=0.1,beta01,144,Rollout correct ratio,wdl_sft/correct_ratio,0.412109375
ONPOLICY-SFT-Qwen3-1P7B-COLDSTART-FRAC50-CODE-KODCODE-CTX8K-S1-BETA01-V1_1783444888,50%,50,beta=0.1,beta01,144,Gradient norm,actor/grad_norm,9.209982872009277
ONPOLICY-SFT-Qwen3-1P7B-COLDSTART-FRAC50-CODE-KODCODE-CTX8K-S1-BETA01-V1_1783444888,50%,50,beta=0.1,beta01,144,Train score mean,critic/score/mean,-0.17578125
ONPOLICY-SFT-Qwen3-1P7B-COLDSTART-FRAC50-CODE-KODCODE-CTX8K-S1-BETA01-V1_1783444888,50%,50,beta=0.1,beta01,144,Response length mean,response_length/mean,158.728515625
ONPOLICY-SFT-Qwen3-1P7B-COLDSTART-FRAC50-CODE-KODCODE-CTX8K-S1-BETA01-V1_1783444888,50%,50,beta=0.1,beta01,144,Time per step,perf/time_per_step,41.35577205102891
ONPOLICY-SFT-Qwen3-1P7B-COLDSTART-FRAC50-CODE-KODCODE-CTX8K-S1-BETA01-V1_1783444888,50%,50,beta=0.1,beta01,145,HumanEval+ pass@1,val-core/HumanEval+/acc/pass@1,0.47560975609756095
ONPOLICY-SFT-Qwen3-1P7B-COLDSTART-FRAC50-CODE-KODCODE-CTX8K-S1-BETA01-V1_1783444888,50%,50,beta=0.1,beta01,145,MBPP+ pass@1,val-core/MBPP+/acc/pass@1,0.5502645502645502
ONPOLICY-SFT-Qwen3-1P7B-COLDSTART-FRAC50-CODE-KODCODE-CTX8K-S1-BETA01-V1_1783444888,50%,50,beta=0.1,beta01,145,LiveCodeBench pass@1,val-core/LiveCodeBench/acc/pass@1,0.203125
ONPOLICY-SFT-Qwen3-1P7B-COLDSTART-FRAC50-CODE-KODCODE-CTX8K-S1-BETA01-V1_1783444888,50%,50,beta=0.1,beta01,145,HumanEval+ extract fail,val-aux/HumanEval+/code_reward_extraction_fail/mean@1,0.0
ONPOLICY-SFT-Qwen3-1P7B-COLDSTART-FRAC50-CODE-KODCODE-CTX8K-S1-BETA01-V1_1783444888,50%,50,beta=0.1,beta01,145,MBPP+ extract fail,val-aux/MBPP+/code_reward_extraction_fail/mean@1,0.005291005291005291
ONPOLICY-SFT-Qwen3-1P7B-COLDSTART-FRAC50-CODE-KODCODE-CTX8K-S1-BETA01-V1_1783444888,50%,50,beta=0.1,beta01,145,LiveCodeBench extract fail,val-aux/LiveCodeBench/code_reward_extraction_fail/mean@1,0.0078125
ONPOLICY-SFT-Qwen3-1P7B-COLDSTART-FRAC50-CODE-KODCODE-CTX8K-S1-BETA01-V1_1783444888,50%,50,beta=0.1,beta01,145,Rollout correct ratio,wdl_sft/correct_ratio,0.37109375
ONPOLICY-SFT-Qwen3-1P7B-COLDSTART-FRAC50-CODE-KODCODE-CTX8K-S1-BETA01-V1_1783444888,50%,50,beta=0.1,beta01,145,Gradient norm,actor/grad_norm,10.031773567199707
ONPOLICY-SFT-Qwen3-1P7B-COLDSTART-FRAC50-CODE-KODCODE-CTX8K-S1-BETA01-V1_1783444888,50%,50,beta=0.1,beta01,145,Train score mean,critic/score/mean,-0.2578125
ONPOLICY-SFT-Qwen3-1P7B-COLDSTART-FRAC50-CODE-KODCODE-CTX8K-S1-BETA01-V1_1783444888,50%,50,beta=0.1,beta01,145,Response length mean,response_length/mean,166.234375
ONPOLICY-SFT-Qwen3-1P7B-COLDSTART-FRAC50-CODE-KODCODE-CTX8K-S1-BETA01-V1_1783444888,50%,50,beta=0.1,beta01,145,Time per step,perf/time_per_step,48.046889590099454
ONPOLICY-SFT-Qwen3-1P7B-COLDSTART-FRAC50-CODE-KODCODE-CTX8K-S1-BETA01-V1_1783444888,50%,50,beta=0.1,beta01,146,Rollout correct ratio,wdl_sft/correct_ratio,0.361328125
ONPOLICY-SFT-Qwen3-1P7B-COLDSTART-FRAC50-CODE-KODCODE-CTX8K-S1-BETA01-V1_1783444888,50%,50,beta=0.1,beta01,146,Gradient norm,actor/grad_norm,10.738859176635742
ONPOLICY-SFT-Qwen3-1P7B-COLDSTART-FRAC50-CODE-KODCODE-CTX8K-S1-BETA01-V1_1783444888,50%,50,beta=0.1,beta01,146,Train score mean,critic/score/mean,-0.27734375
ONPOLICY-SFT-Qwen3-1P7B-COLDSTART-FRAC50-CODE-KODCODE-CTX8K-S1-BETA01-V1_1783444888,50%,50,beta=0.1,beta01,146,Response length mean,response_length/mean,169.708984375
ONPOLICY-SFT-Qwen3-1P7B-COLDSTART-FRAC50-CODE-KODCODE-CTX8K-S1-BETA01-V1_1783444888,50%,50,beta=0.1,beta01,146,Time per step,perf/time_per_step,42.45022611320019
ONPOLICY-SFT-Qwen3-1P7B-COLDSTART-FRAC50-CODE-KODCODE-CTX8K-S1-BETA01-V1_1783444888,50%,50,beta=0.1,beta01,147,Rollout correct ratio,wdl_sft/correct_ratio,0.451171875
ONPOLICY-SFT-Qwen3-1P7B-COLDSTART-FRAC50-CODE-KODCODE-CTX8K-S1-BETA01-V1_1783444888,50%,50,beta=0.1,beta01,147,Gradient norm,actor/grad_norm,8.828824043273926
ONPOLICY-SFT-Qwen3-1P7B-COLDSTART-FRAC50-CODE-KODCODE-CTX8K-S1-BETA01-V1_1783444888,50%,50,beta=0.1,beta01,147,Train score mean,critic/score/mean,-0.09765625
ONPOLICY-SFT-Qwen3-1P7B-COLDSTART-FRAC50-CODE-KODCODE-CTX8K-S1-BETA01-V1_1783444888,50%,50,beta=0.1,beta01,147,Response length mean,response_length/mean,167.52734375
ONPOLICY-SFT-Qwen3-1P7B-COLDSTART-FRAC50-CODE-KODCODE-CTX8K-S1-BETA01-V1_1783444888,50%,50,beta=0.1,beta01,147,Time per step,perf/time_per_step,41.96876781620085
ONPOLICY-SFT-Qwen3-1P7B-COLDSTART-FRAC50-CODE-KODCODE-CTX8K-S1-BETA01-V1_1783444888,50%,50,beta=0.1,beta01,148,Rollout correct ratio,wdl_sft/correct_ratio,0.453125
ONPOLICY-SFT-Qwen3-1P7B-COLDSTART-FRAC50-CODE-KODCODE-CTX8K-S1-BETA01-V1_1783444888,50%,50,beta=0.1,beta01,148,Gradient norm,actor/grad_norm,8.758872032165527
ONPOLICY-SFT-Qwen3-1P7B-COLDSTART-FRAC50-CODE-KODCODE-CTX8K-S1-BETA01-V1_1783444888,50%,50,beta=0.1,beta01,148,Train score mean,critic/score/mean,-0.09375
ONPOLICY-SFT-Qwen3-1P7B-COLDSTART-FRAC50-CODE-KODCODE-CTX8K-S1-BETA01-V1_1783444888,50%,50,beta=0.1,beta01,148,Response length mean,response_length/mean,170.03125
ONPOLICY-SFT-Qwen3-1P7B-COLDSTART-FRAC50-CODE-KODCODE-CTX8K-S1-BETA01-V1_1783444888,50%,50,beta=0.1,beta01,148,Time per step,perf/time_per_step,17.234078937210143
ONPOLICY-SFT-Qwen3-1P7B-COLDSTART-FRAC50-CODE-KODCODE-CTX8K-S1-BETA01-V1_1783444888,50%,50,beta=0.1,beta01,149,Rollout correct ratio,wdl_sft/correct_ratio,0.35546875
ONPOLICY-SFT-Qwen3-1P7B-COLDSTART-FRAC50-CODE-KODCODE-CTX8K-S1-BETA01-V1_1783444888,50%,50,beta=0.1,beta01,149,Gradient norm,actor/grad_norm,10.330004692077637
ONPOLICY-SFT-Qwen3-1P7B-COLDSTART-FRAC50-CODE-KODCODE-CTX8K-S1-BETA01-V1_1783444888,50%,50,beta=0.1,beta01,149,Train score mean,critic/score/mean,-0.2890625
ONPOLICY-SFT-Qwen3-1P7B-COLDSTART-FRAC50-CODE-KODCODE-CTX8K-S1-BETA01-V1_1783444888,50%,50,beta=0.1,beta01,149,Response length mean,response_length/mean,170.15625
ONPOLICY-SFT-Qwen3-1P7B-COLDSTART-FRAC50-CODE-KODCODE-CTX8K-S1-BETA01-V1_1783444888,50%,50,beta=0.1,beta01,149,Time per step,perf/time_per_step,42.6765410695225
ONPOLICY-SFT-Qwen3-1P7B-COLDSTART-FRAC50-CODE-KODCODE-CTX8K-S1-BETA01-V1_1783444888,50%,50,beta=0.1,beta01,150,HumanEval+ pass@1,val-core/HumanEval+/acc/pass@1,0.5121951219512195
ONPOLICY-SFT-Qwen3-1P7B-COLDSTART-FRAC50-CODE-KODCODE-CTX8K-S1-BETA01-V1_1783444888,50%,50,beta=0.1,beta01,150,MBPP+ pass@1,val-core/MBPP+/acc/pass@1,0.5317460317460317
ONPOLICY-SFT-Qwen3-1P7B-COLDSTART-FRAC50-CODE-KODCODE-CTX8K-S1-BETA01-V1_1783444888,50%,50,beta=0.1,beta01,150,LiveCodeBench pass@1,val-core/LiveCodeBench/acc/pass@1,0.1796875
ONPOLICY-SFT-Qwen3-1P7B-COLDSTART-FRAC50-CODE-KODCODE-CTX8K-S1-BETA01-V1_1783444888,50%,50,beta=0.1,beta01,150,HumanEval+ extract fail,val-aux/HumanEval+/code_reward_extraction_fail/mean@1,0.0
ONPOLICY-SFT-Qwen3-1P7B-COLDSTART-FRAC50-CODE-KODCODE-CTX8K-S1-BETA01-V1_1783444888,50%,50,beta=0.1,beta01,150,MBPP+ extract fail,val-aux/MBPP+/code_reward_extraction_fail/mean@1,0.0026455026455026454
ONPOLICY-SFT-Qwen3-1P7B-COLDSTART-FRAC50-CODE-KODCODE-CTX8K-S1-BETA01-V1_1783444888,50%,50,beta=0.1,beta01,150,LiveCodeBench extract fail,val-aux/LiveCodeBench/code_reward_extraction_fail/mean@1,0.0078125
ONPOLICY-SFT-Qwen3-1P7B-COLDSTART-FRAC50-CODE-KODCODE-CTX8K-S1-BETA01-V1_1783444888,50%,50,beta=0.1,beta01,150,Rollout correct ratio,wdl_sft/correct_ratio,0.349609375
ONPOLICY-SFT-Qwen3-1P7B-COLDSTART-FRAC50-CODE-KODCODE-CTX8K-S1-BETA01-V1_1783444888,50%,50,beta=0.1,beta01,150,Gradient norm,actor/grad_norm,11.243844985961914
ONPOLICY-SFT-Qwen3-1P7B-COLDSTART-FRAC50-CODE-KODCODE-CTX8K-S1-BETA01-V1_1783444888,50%,50,beta=0.1,beta01,150,Train score mean,critic/score/mean,-0.30078125
ONPOLICY-SFT-Qwen3-1P7B-COLDSTART-FRAC50-CODE-KODCODE-CTX8K-S1-BETA01-V1_1783444888,50%,50,beta=0.1,beta01,150,Response length mean,response_length/mean,175.70703125
ONPOLICY-SFT-Qwen3-1P7B-COLDSTART-FRAC50-CODE-KODCODE-CTX8K-S1-BETA01-V1_1783444888,50%,50,beta=0.1,beta01,150,Time per step,perf/time_per_step,45.994895393028855
ONPOLICY-SFT-Qwen3-1P7B-COLDSTART-CODE-KODCODE-CTX8K-S1-BETA0-V1_1783319854,100%,100,beta=0.0,beta0,0,HumanEval+ pass@1,val-core/HumanEval+/acc/pass@1,0.5
ONPOLICY-SFT-Qwen3-1P7B-COLDSTART-CODE-KODCODE-CTX8K-S1-BETA0-V1_1783319854,100%,100,beta=0.0,beta0,0,MBPP+ pass@1,val-core/MBPP+/acc/pass@1,0.5264550264550265
ONPOLICY-SFT-Qwen3-1P7B-COLDSTART-CODE-KODCODE-CTX8K-S1-BETA0-V1_1783319854,100%,100,beta=0.0,beta0,0,LiveCodeBench pass@1,val-core/LiveCodeBench/acc/pass@1,0.171875
ONPOLICY-SFT-Qwen3-1P7B-COLDSTART-CODE-KODCODE-CTX8K-S1-BETA0-V1_1783319854,100%,100,beta=0.0,beta0,0,HumanEval+ extract fail,val-aux/HumanEval+/code_reward_extraction_fail/mean@1,0.0
ONPOLICY-SFT-Qwen3-1P7B-COLDSTART-CODE-KODCODE-CTX8K-S1-BETA0-V1_1783319854,100%,100,beta=0.0,beta0,0,MBPP+ extract fail,val-aux/MBPP+/code_reward_extraction_fail/mean@1,0.005291005291005291
ONPOLICY-SFT-Qwen3-1P7B-COLDSTART-CODE-KODCODE-CTX8K-S1-BETA0-V1_1783319854,100%,100,beta=0.0,beta0,0,LiveCodeBench extract fail,val-aux/LiveCodeBench/code_reward_extraction_fail/mean@1,0.0234375
ONPOLICY-SFT-Qwen3-1P7B-COLDSTART-CODE-KODCODE-CTX8K-S1-BETA0-V1_1783319854,100%,100,beta=0.0,beta0,1,Rollout correct ratio,wdl_sft/correct_ratio,0.435546875
ONPOLICY-SFT-Qwen3-1P7B-COLDSTART-CODE-KODCODE-CTX8K-S1-BETA0-V1_1783319854,100%,100,beta=0.0,beta0,1,Gradient norm,actor/grad_norm,7.5032124519348145
ONPOLICY-SFT-Qwen3-1P7B-COLDSTART-CODE-KODCODE-CTX8K-S1-BETA0-V1_1783319854,100%,100,beta=0.0,beta0,1,Train score mean,critic/score/mean,-0.12890625
ONPOLICY-SFT-Qwen3-1P7B-COLDSTART-CODE-KODCODE-CTX8K-S1-BETA0-V1_1783319854,100%,100,beta=0.0,beta0,1,Response length mean,response_length/mean,148.205078125
ONPOLICY-SFT-Qwen3-1P7B-COLDSTART-CODE-KODCODE-CTX8K-S1-BETA0-V1_1783319854,100%,100,beta=0.0,beta0,1,Time per step,perf/time_per_step,16.485468148253858
ONPOLICY-SFT-Qwen3-1P7B-COLDSTART-CODE-KODCODE-CTX8K-S1-BETA0-V1_1783319854,100%,100,beta=0.0,beta0,2,Rollout correct ratio,wdl_sft/correct_ratio,0.45703125
ONPOLICY-SFT-Qwen3-1P7B-COLDSTART-CODE-KODCODE-CTX8K-S1-BETA0-V1_1783319854,100%,100,beta=0.0,beta0,2,Gradient norm,actor/grad_norm,7.083032131195068
ONPOLICY-SFT-Qwen3-1P7B-COLDSTART-CODE-KODCODE-CTX8K-S1-BETA0-V1_1783319854,100%,100,beta=0.0,beta0,2,Train score mean,critic/score/mean,-0.0859375
ONPOLICY-SFT-Qwen3-1P7B-COLDSTART-CODE-KODCODE-CTX8K-S1-BETA0-V1_1783319854,100%,100,beta=0.0,beta0,2,Response length mean,response_length/mean,145.3828125
ONPOLICY-SFT-Qwen3-1P7B-COLDSTART-CODE-KODCODE-CTX8K-S1-BETA0-V1_1783319854,100%,100,beta=0.0,beta0,2,Time per step,perf/time_per_step,41.75942775886506
ONPOLICY-SFT-Qwen3-1P7B-COLDSTART-CODE-KODCODE-CTX8K-S1-BETA0-V1_1783319854,100%,100,beta=0.0,beta0,3,Rollout correct ratio,wdl_sft/correct_ratio,0.466796875
ONPOLICY-SFT-Qwen3-1P7B-COLDSTART-CODE-KODCODE-CTX8K-S1-BETA0-V1_1783319854,100%,100,beta=0.0,beta0,3,Gradient norm,actor/grad_norm,7.2145280838012695
ONPOLICY-SFT-Qwen3-1P7B-COLDSTART-CODE-KODCODE-CTX8K-S1-BETA0-V1_1783319854,100%,100,beta=0.0,beta0,3,Train score mean,critic/score/mean,-0.06640625
ONPOLICY-SFT-Qwen3-1P7B-COLDSTART-CODE-KODCODE-CTX8K-S1-BETA0-V1_1783319854,100%,100,beta=0.0,beta0,3,Response length mean,response_length/mean,161.525390625
ONPOLICY-SFT-Qwen3-1P7B-COLDSTART-CODE-KODCODE-CTX8K-S1-BETA0-V1_1783319854,100%,100,beta=0.0,beta0,3,Time per step,perf/time_per_step,42.764817549847066
ONPOLICY-SFT-Qwen3-1P7B-COLDSTART-CODE-KODCODE-CTX8K-S1-BETA0-V1_1783319854,100%,100,beta=0.0,beta0,4,Rollout correct ratio,wdl_sft/correct_ratio,0.396484375
ONPOLICY-SFT-Qwen3-1P7B-COLDSTART-CODE-KODCODE-CTX8K-S1-BETA0-V1_1783319854,100%,100,beta=0.0,beta0,4,Gradient norm,actor/grad_norm,7.940150737762451
ONPOLICY-SFT-Qwen3-1P7B-COLDSTART-CODE-KODCODE-CTX8K-S1-BETA0-V1_1783319854,100%,100,beta=0.0,beta0,4,Train score mean,critic/score/mean,-0.20703125
ONPOLICY-SFT-Qwen3-1P7B-COLDSTART-CODE-KODCODE-CTX8K-S1-BETA0-V1_1783319854,100%,100,beta=0.0,beta0,4,Response length mean,response_length/mean,149.841796875
ONPOLICY-SFT-Qwen3-1P7B-COLDSTART-CODE-KODCODE-CTX8K-S1-BETA0-V1_1783319854,100%,100,beta=0.0,beta0,4,Time per step,perf/time_per_step,14.70851187594235
ONPOLICY-SFT-Qwen3-1P7B-COLDSTART-CODE-KODCODE-CTX8K-S1-BETA0-V1_1783319854,100%,100,beta=0.0,beta0,5,HumanEval+ pass@1,val-core/HumanEval+/acc/pass@1,0.5060975609756098
ONPOLICY-SFT-Qwen3-1P7B-COLDSTART-CODE-KODCODE-CTX8K-S1-BETA0-V1_1783319854,100%,100,beta=0.0,beta0,5,MBPP+ pass@1,val-core/MBPP+/acc/pass@1,0.48677248677248675
ONPOLICY-SFT-Qwen3-1P7B-COLDSTART-CODE-KODCODE-CTX8K-S1-BETA0-V1_1783319854,100%,100,beta=0.0,beta0,5,LiveCodeBench pass@1,val-core/LiveCodeBench/acc/pass@1,0.1484375
ONPOLICY-SFT-Qwen3-1P7B-COLDSTART-CODE-KODCODE-CTX8K-S1-BETA0-V1_1783319854,100%,100,beta=0.0,beta0,5,HumanEval+ extract fail,val-aux/HumanEval+/code_reward_extraction_fail/mean@1,0.0
ONPOLICY-SFT-Qwen3-1P7B-COLDSTART-CODE-KODCODE-CTX8K-S1-BETA0-V1_1783319854,100%,100,beta=0.0,beta0,5,MBPP+ extract fail,val-aux/MBPP+/code_reward_extraction_fail/mean@1,0.010582010582010581
ONPOLICY-SFT-Qwen3-1P7B-COLDSTART-CODE-KODCODE-CTX8K-S1-BETA0-V1_1783319854,100%,100,beta=0.0,beta0,5,LiveCodeBench extract fail,val-aux/LiveCodeBench/code_reward_extraction_fail/mean@1,0.0078125
ONPOLICY-SFT-Qwen3-1P7B-COLDSTART-CODE-KODCODE-CTX8K-S1-BETA0-V1_1783319854,100%,100,beta=0.0,beta0,5,Rollout correct ratio,wdl_sft/correct_ratio,0.43359375
ONPOLICY-SFT-Qwen3-1P7B-COLDSTART-CODE-KODCODE-CTX8K-S1-BETA0-V1_1783319854,100%,100,beta=0.0,beta0,5,Gradient norm,actor/grad_norm,7.476863384246826
ONPOLICY-SFT-Qwen3-1P7B-COLDSTART-CODE-KODCODE-CTX8K-S1-BETA0-V1_1783319854,100%,100,beta=0.0,beta0,5,Train score mean,critic/score/mean,-0.1328125
ONPOLICY-SFT-Qwen3-1P7B-COLDSTART-CODE-KODCODE-CTX8K-S1-BETA0-V1_1783319854,100%,100,beta=0.0,beta0,5,Response length mean,response_length/mean,145.517578125
ONPOLICY-SFT-Qwen3-1P7B-COLDSTART-CODE-KODCODE-CTX8K-S1-BETA0-V1_1783319854,100%,100,beta=0.0,beta0,5,Time per step,perf/time_per_step,45.33129352889955
ONPOLICY-SFT-Qwen3-1P7B-COLDSTART-CODE-KODCODE-CTX8K-S1-BETA0-V1_1783319854,100%,100,beta=0.0,beta0,6,Rollout correct ratio,wdl_sft/correct_ratio,0.400390625
ONPOLICY-SFT-Qwen3-1P7B-COLDSTART-CODE-KODCODE-CTX8K-S1-BETA0-V1_1783319854,100%,100,beta=0.0,beta0,6,Gradient norm,actor/grad_norm,9.046965599060059
ONPOLICY-SFT-Qwen3-1P7B-COLDSTART-CODE-KODCODE-CTX8K-S1-BETA0-V1_1783319854,100%,100,beta=0.0,beta0,6,Train score mean,critic/score/mean,-0.19921875
ONPOLICY-SFT-Qwen3-1P7B-COLDSTART-CODE-KODCODE-CTX8K-S1-BETA0-V1_1783319854,100%,100,beta=0.0,beta0,6,Response length mean,response_length/mean,150.99609375
ONPOLICY-SFT-Qwen3-1P7B-COLDSTART-CODE-KODCODE-CTX8K-S1-BETA0-V1_1783319854,100%,100,beta=0.0,beta0,6,Time per step,perf/time_per_step,14.216450105421245
ONPOLICY-SFT-Qwen3-1P7B-COLDSTART-CODE-KODCODE-CTX8K-S1-BETA0-V1_1783319854,100%,100,beta=0.0,beta0,7,Rollout correct ratio,wdl_sft/correct_ratio,0.33203125
ONPOLICY-SFT-Qwen3-1P7B-COLDSTART-CODE-KODCODE-CTX8K-S1-BETA0-V1_1783319854,100%,100,beta=0.0,beta0,7,Gradient norm,actor/grad_norm,9.422863006591797
ONPOLICY-SFT-Qwen3-1P7B-COLDSTART-CODE-KODCODE-CTX8K-S1-BETA0-V1_1783319854,100%,100,beta=0.0,beta0,7,Train score mean,critic/score/mean,-0.3359375
ONPOLICY-SFT-Qwen3-1P7B-COLDSTART-CODE-KODCODE-CTX8K-S1-BETA0-V1_1783319854,100%,100,beta=0.0,beta0,7,Response length mean,response_length/mean,148.65234375
ONPOLICY-SFT-Qwen3-1P7B-COLDSTART-CODE-KODCODE-CTX8K-S1-BETA0-V1_1783319854,100%,100,beta=0.0,beta0,7,Time per step,perf/time_per_step,44.6722765089944
ONPOLICY-SFT-Qwen3-1P7B-COLDSTART-CODE-KODCODE-CTX8K-S1-BETA0-V1_1783319854,100%,100,beta=0.0,beta0,8,Rollout correct ratio,wdl_sft/correct_ratio,0.4453125
ONPOLICY-SFT-Qwen3-1P7B-COLDSTART-CODE-KODCODE-CTX8K-S1-BETA0-V1_1783319854,100%,100,beta=0.0,beta0,8,Gradient norm,actor/grad_norm,7.745241641998291
ONPOLICY-SFT-Qwen3-1P7B-COLDSTART-CODE-KODCODE-CTX8K-S1-BETA0-V1_1783319854,100%,100,beta=0.0,beta0,8,Train score mean,critic/score/mean,-0.109375
ONPOLICY-SFT-Qwen3-1P7B-COLDSTART-CODE-KODCODE-CTX8K-S1-BETA0-V1_1783319854,100%,100,beta=0.0,beta0,8,Response length mean,response_length/mean,170.021484375
ONPOLICY-SFT-Qwen3-1P7B-COLDSTART-CODE-KODCODE-CTX8K-S1-BETA0-V1_1783319854,100%,100,beta=0.0,beta0,8,Time per step,perf/time_per_step,16.00921398587525
ONPOLICY-SFT-Qwen3-1P7B-COLDSTART-CODE-KODCODE-CTX8K-S1-BETA0-V1_1783319854,100%,100,beta=0.0,beta0,9,Rollout correct ratio,wdl_sft/correct_ratio,0.37890625
ONPOLICY-SFT-Qwen3-1P7B-COLDSTART-CODE-KODCODE-CTX8K-S1-BETA0-V1_1783319854,100%,100,beta=0.0,beta0,9,Gradient norm,actor/grad_norm,9.815751075744629
ONPOLICY-SFT-Qwen3-1P7B-COLDSTART-CODE-KODCODE-CTX8K-S1-BETA0-V1_1783319854,100%,100,beta=0.0,beta0,9,Train score mean,critic/score/mean,-0.2421875
ONPOLICY-SFT-Qwen3-1P7B-COLDSTART-CODE-KODCODE-CTX8K-S1-BETA0-V1_1783319854,100%,100,beta=0.0,beta0,9,Response length mean,response_length/mean,154.65625
ONPOLICY-SFT-Qwen3-1P7B-COLDSTART-CODE-KODCODE-CTX8K-S1-BETA0-V1_1783319854,100%,100,beta=0.0,beta0,9,Time per step,perf/time_per_step,14.641105931252241
ONPOLICY-SFT-Qwen3-1P7B-COLDSTART-CODE-KODCODE-CTX8K-S1-BETA0-V1_1783319854,100%,100,beta=0.0,beta0,10,HumanEval+ pass@1,val-core/HumanEval+/acc/pass@1,0.47560975609756095
ONPOLICY-SFT-Qwen3-1P7B-COLDSTART-CODE-KODCODE-CTX8K-S1-BETA0-V1_1783319854,100%,100,beta=0.0,beta0,10,MBPP+ pass@1,val-core/MBPP+/acc/pass@1,0.4947089947089947
ONPOLICY-SFT-Qwen3-1P7B-COLDSTART-CODE-KODCODE-CTX8K-S1-BETA0-V1_1783319854,100%,100,beta=0.0,beta0,10,LiveCodeBench pass@1,val-core/LiveCodeBench/acc/pass@1,0.15625
ONPOLICY-SFT-Qwen3-1P7B-COLDSTART-CODE-KODCODE-CTX8K-S1-BETA0-V1_1783319854,100%,100,beta=0.0,beta0,10,HumanEval+ extract fail,val-aux/HumanEval+/code_reward_extraction_fail/mean@1,0.018292682926829267
ONPOLICY-SFT-Qwen3-1P7B-COLDSTART-CODE-KODCODE-CTX8K-S1-BETA0-V1_1783319854,100%,100,beta=0.0,beta0,10,MBPP+ extract fail,val-aux/MBPP+/code_reward_extraction_fail/mean@1,0.0026455026455026454
ONPOLICY-SFT-Qwen3-1P7B-COLDSTART-CODE-KODCODE-CTX8K-S1-BETA0-V1_1783319854,100%,100,beta=0.0,beta0,10,LiveCodeBench extract fail,val-aux/LiveCodeBench/code_reward_extraction_fail/mean@1,0.015625
ONPOLICY-SFT-Qwen3-1P7B-COLDSTART-CODE-KODCODE-CTX8K-S1-BETA0-V1_1783319854,100%,100,beta=0.0,beta0,10,Rollout correct ratio,wdl_sft/correct_ratio,0.490234375
ONPOLICY-SFT-Qwen3-1P7B-COLDSTART-CODE-KODCODE-CTX8K-S1-BETA0-V1_1783319854,100%,100,beta=0.0,beta0,10,Gradient norm,actor/grad_norm,7.190329074859619
ONPOLICY-SFT-Qwen3-1P7B-COLDSTART-CODE-KODCODE-CTX8K-S1-BETA0-V1_1783319854,100%,100,beta=0.0,beta0,10,Train score mean,critic/score/mean,-0.01953125
ONPOLICY-SFT-Qwen3-1P7B-COLDSTART-CODE-KODCODE-CTX8K-S1-BETA0-V1_1783319854,100%,100,beta=0.0,beta0,10,Response length mean,response_length/mean,144.9140625
ONPOLICY-SFT-Qwen3-1P7B-COLDSTART-CODE-KODCODE-CTX8K-S1-BETA0-V1_1783319854,100%,100,beta=0.0,beta0,10,Time per step,perf/time_per_step,25.955064308829606
ONPOLICY-SFT-Qwen3-1P7B-COLDSTART-CODE-KODCODE-CTX8K-S1-BETA0-V1_1783319854,100%,100,beta=0.0,beta0,11,Rollout correct ratio,wdl_sft/correct_ratio,0.341796875
ONPOLICY-SFT-Qwen3-1P7B-COLDSTART-CODE-KODCODE-CTX8K-S1-BETA0-V1_1783319854,100%,100,beta=0.0,beta0,11,Gradient norm,actor/grad_norm,10.021507263183594
ONPOLICY-SFT-Qwen3-1P7B-COLDSTART-CODE-KODCODE-CTX8K-S1-BETA0-V1_1783319854,100%,100,beta=0.0,beta0,11,Train score mean,critic/score/mean,-0.31640625
ONPOLICY-SFT-Qwen3-1P7B-COLDSTART-CODE-KODCODE-CTX8K-S1-BETA0-V1_1783319854,100%,100,beta=0.0,beta0,11,Response length mean,response_length/mean,164.294921875
ONPOLICY-SFT-Qwen3-1P7B-COLDSTART-CODE-KODCODE-CTX8K-S1-BETA0-V1_1783319854,100%,100,beta=0.0,beta0,11,Time per step,perf/time_per_step,42.065926040522754
ONPOLICY-SFT-Qwen3-1P7B-COLDSTART-CODE-KODCODE-CTX8K-S1-BETA0-V1_1783319854,100%,100,beta=0.0,beta0,12,Rollout correct ratio,wdl_sft/correct_ratio,0.36328125
ONPOLICY-SFT-Qwen3-1P7B-COLDSTART-CODE-KODCODE-CTX8K-S1-BETA0-V1_1783319854,100%,100,beta=0.0,beta0,12,Gradient norm,actor/grad_norm,8.226090431213379
ONPOLICY-SFT-Qwen3-1P7B-COLDSTART-CODE-KODCODE-CTX8K-S1-BETA0-V1_1783319854,100%,100,beta=0.0,beta0,12,Train score mean,critic/score/mean,-0.2734375
ONPOLICY-SFT-Qwen3-1P7B-COLDSTART-CODE-KODCODE-CTX8K-S1-BETA0-V1_1783319854,100%,100,beta=0.0,beta0,12,Response length mean,response_length/mean,145.75
ONPOLICY-SFT-Qwen3-1P7B-COLDSTART-CODE-KODCODE-CTX8K-S1-BETA0-V1_1783319854,100%,100,beta=0.0,beta0,12,Time per step,perf/time_per_step,41.55657751020044
ONPOLICY-SFT-Qwen3-1P7B-COLDSTART-CODE-KODCODE-CTX8K-S1-BETA0-V1_1783319854,100%,100,beta=0.0,beta0,13,Rollout correct ratio,wdl_sft/correct_ratio,0.375
ONPOLICY-SFT-Qwen3-1P7B-COLDSTART-CODE-KODCODE-CTX8K-S1-BETA0-V1_1783319854,100%,100,beta=0.0,beta0,13,Gradient norm,actor/grad_norm,10.18044376373291
ONPOLICY-SFT-Qwen3-1P7B-COLDSTART-CODE-KODCODE-CTX8K-S1-BETA0-V1_1783319854,100%,100,beta=0.0,beta0,13,Train score mean,critic/score/mean,-0.25
ONPOLICY-SFT-Qwen3-1P7B-COLDSTART-CODE-KODCODE-CTX8K-S1-BETA0-V1_1783319854,100%,100,beta=0.0,beta0,13,Response length mean,response_length/mean,161.630859375
ONPOLICY-SFT-Qwen3-1P7B-COLDSTART-CODE-KODCODE-CTX8K-S1-BETA0-V1_1783319854,100%,100,beta=0.0,beta0,13,Time per step,perf/time_per_step,42.77657264005393
ONPOLICY-SFT-Qwen3-1P7B-COLDSTART-CODE-KODCODE-CTX8K-S1-BETA0-V1_1783319854,100%,100,beta=0.0,beta0,14,Rollout correct ratio,wdl_sft/correct_ratio,0.462890625
ONPOLICY-SFT-Qwen3-1P7B-COLDSTART-CODE-KODCODE-CTX8K-S1-BETA0-V1_1783319854,100%,100,beta=0.0,beta0,14,Gradient norm,actor/grad_norm,8.868290901184082
ONPOLICY-SFT-Qwen3-1P7B-COLDSTART-CODE-KODCODE-CTX8K-S1-BETA0-V1_1783319854,100%,100,beta=0.0,beta0,14,Train score mean,critic/score/mean,-0.07421875
ONPOLICY-SFT-Qwen3-1P7B-COLDSTART-CODE-KODCODE-CTX8K-S1-BETA0-V1_1783319854,100%,100,beta=0.0,beta0,14,Response length mean,response_length/mean,165.044921875
ONPOLICY-SFT-Qwen3-1P7B-COLDSTART-CODE-KODCODE-CTX8K-S1-BETA0-V1_1783319854,100%,100,beta=0.0,beta0,14,Time per step,perf/time_per_step,43.70551471505314
ONPOLICY-SFT-Qwen3-1P7B-COLDSTART-CODE-KODCODE-CTX8K-S1-BETA0-V1_1783319854,100%,100,beta=0.0,beta0,15,HumanEval+ pass@1,val-core/HumanEval+/acc/pass@1,0.4817073170731707
ONPOLICY-SFT-Qwen3-1P7B-COLDSTART-CODE-KODCODE-CTX8K-S1-BETA0-V1_1783319854,100%,100,beta=0.0,beta0,15,MBPP+ pass@1,val-core/MBPP+/acc/pass@1,0.5052910052910053
ONPOLICY-SFT-Qwen3-1P7B-COLDSTART-CODE-KODCODE-CTX8K-S1-BETA0-V1_1783319854,100%,100,beta=0.0,beta0,15,LiveCodeBench pass@1,val-core/LiveCodeBench/acc/pass@1,0.140625
ONPOLICY-SFT-Qwen3-1P7B-COLDSTART-CODE-KODCODE-CTX8K-S1-BETA0-V1_1783319854,100%,100,beta=0.0,beta0,15,HumanEval+ extract fail,val-aux/HumanEval+/code_reward_extraction_fail/mean@1,0.012195121951219513
ONPOLICY-SFT-Qwen3-1P7B-COLDSTART-CODE-KODCODE-CTX8K-S1-BETA0-V1_1783319854,100%,100,beta=0.0,beta0,15,MBPP+ extract fail,val-aux/MBPP+/code_reward_extraction_fail/mean@1,0.013227513227513227
ONPOLICY-SFT-Qwen3-1P7B-COLDSTART-CODE-KODCODE-CTX8K-S1-BETA0-V1_1783319854,100%,100,beta=0.0,beta0,15,LiveCodeBench extract fail,val-aux/LiveCodeBench/code_reward_extraction_fail/mean@1,0.0234375
ONPOLICY-SFT-Qwen3-1P7B-COLDSTART-CODE-KODCODE-CTX8K-S1-BETA0-V1_1783319854,100%,100,beta=0.0,beta0,15,Rollout correct ratio,wdl_sft/correct_ratio,0.44921875
ONPOLICY-SFT-Qwen3-1P7B-COLDSTART-CODE-KODCODE-CTX8K-S1-BETA0-V1_1783319854,100%,100,beta=0.0,beta0,15,Gradient norm,actor/grad_norm,7.5871076583862305
ONPOLICY-SFT-Qwen3-1P7B-COLDSTART-CODE-KODCODE-CTX8K-S1-BETA0-V1_1783319854,100%,100,beta=0.0,beta0,15,Train score mean,critic/score/mean,-0.1015625
ONPOLICY-SFT-Qwen3-1P7B-COLDSTART-CODE-KODCODE-CTX8K-S1-BETA0-V1_1783319854,100%,100,beta=0.0,beta0,15,Response length mean,response_length/mean,159.724609375
ONPOLICY-SFT-Qwen3-1P7B-COLDSTART-CODE-KODCODE-CTX8K-S1-BETA0-V1_1783319854,100%,100,beta=0.0,beta0,15,Time per step,perf/time_per_step,49.03081612940878
ONPOLICY-SFT-Qwen3-1P7B-COLDSTART-CODE-KODCODE-CTX8K-S1-BETA0-V1_1783319854,100%,100,beta=0.0,beta0,16,Rollout correct ratio,wdl_sft/correct_ratio,0.44921875
ONPOLICY-SFT-Qwen3-1P7B-COLDSTART-CODE-KODCODE-CTX8K-S1-BETA0-V1_1783319854,100%,100,beta=0.0,beta0,16,Gradient norm,actor/grad_norm,9.170422554016113
ONPOLICY-SFT-Qwen3-1P7B-COLDSTART-CODE-KODCODE-CTX8K-S1-BETA0-V1_1783319854,100%,100,beta=0.0,beta0,16,Train score mean,critic/score/mean,-0.1015625
ONPOLICY-SFT-Qwen3-1P7B-COLDSTART-CODE-KODCODE-CTX8K-S1-BETA0-V1_1783319854,100%,100,beta=0.0,beta0,16,Response length mean,response_length/mean,164.462890625
ONPOLICY-SFT-Qwen3-1P7B-COLDSTART-CODE-KODCODE-CTX8K-S1-BETA0-V1_1783319854,100%,100,beta=0.0,beta0,16,Time per step,perf/time_per_step,41.94185610860586
ONPOLICY-SFT-Qwen3-1P7B-COLDSTART-CODE-KODCODE-CTX8K-S1-BETA0-V1_1783319854,100%,100,beta=0.0,beta0,17,Rollout correct ratio,wdl_sft/correct_ratio,0.45703125
ONPOLICY-SFT-Qwen3-1P7B-COLDSTART-CODE-KODCODE-CTX8K-S1-BETA0-V1_1783319854,100%,100,beta=0.0,beta0,17,Gradient norm,actor/grad_norm,8.128324508666992
ONPOLICY-SFT-Qwen3-1P7B-COLDSTART-CODE-KODCODE-CTX8K-S1-BETA0-V1_1783319854,100%,100,beta=0.0,beta0,17,Train score mean,critic/score/mean,-0.0859375
ONPOLICY-SFT-Qwen3-1P7B-COLDSTART-CODE-KODCODE-CTX8K-S1-BETA0-V1_1783319854,100%,100,beta=0.0,beta0,17,Response length mean,response_length/mean,156.146484375
ONPOLICY-SFT-Qwen3-1P7B-COLDSTART-CODE-KODCODE-CTX8K-S1-BETA0-V1_1783319854,100%,100,beta=0.0,beta0,17,Time per step,perf/time_per_step,40.683917401358485
ONPOLICY-SFT-Qwen3-1P7B-COLDSTART-CODE-KODCODE-CTX8K-S1-BETA0-V1_1783319854,100%,100,beta=0.0,beta0,18,Rollout correct ratio,wdl_sft/correct_ratio,0.359375
ONPOLICY-SFT-Qwen3-1P7B-COLDSTART-CODE-KODCODE-CTX8K-S1-BETA0-V1_1783319854,100%,100,beta=0.0,beta0,18,Gradient norm,actor/grad_norm,9.082027435302734
ONPOLICY-SFT-Qwen3-1P7B-COLDSTART-CODE-KODCODE-CTX8K-S1-BETA0-V1_1783319854,100%,100,beta=0.0,beta0,18,Train score mean,critic/score/mean,-0.28125
ONPOLICY-SFT-Qwen3-1P7B-COLDSTART-CODE-KODCODE-CTX8K-S1-BETA0-V1_1783319854,100%,100,beta=0.0,beta0,18,Response length mean,response_length/mean,151.328125
ONPOLICY-SFT-Qwen3-1P7B-COLDSTART-CODE-KODCODE-CTX8K-S1-BETA0-V1_1783319854,100%,100,beta=0.0,beta0,18,Time per step,perf/time_per_step,41.13857428077608
ONPOLICY-SFT-Qwen3-1P7B-COLDSTART-CODE-KODCODE-CTX8K-S1-BETA0-V1_1783319854,100%,100,beta=0.0,beta0,19,Rollout correct ratio,wdl_sft/correct_ratio,0.419921875
ONPOLICY-SFT-Qwen3-1P7B-COLDSTART-CODE-KODCODE-CTX8K-S1-BETA0-V1_1783319854,100%,100,beta=0.0,beta0,19,Gradient norm,actor/grad_norm,7.801157474517822
ONPOLICY-SFT-Qwen3-1P7B-COLDSTART-CODE-KODCODE-CTX8K-S1-BETA0-V1_1783319854,100%,100,beta=0.0,beta0,19,Train score mean,critic/score/mean,-0.16015625
ONPOLICY-SFT-Qwen3-1P7B-COLDSTART-CODE-KODCODE-CTX8K-S1-BETA0-V1_1783319854,100%,100,beta=0.0,beta0,19,Response length mean,response_length/mean,150.353515625
ONPOLICY-SFT-Qwen3-1P7B-COLDSTART-CODE-KODCODE-CTX8K-S1-BETA0-V1_1783319854,100%,100,beta=0.0,beta0,19,Time per step,perf/time_per_step,40.247574334964156
ONPOLICY-SFT-Qwen3-1P7B-COLDSTART-CODE-KODCODE-CTX8K-S1-BETA0-V1_1783319854,100%,100,beta=0.0,beta0,20,HumanEval+ pass@1,val-core/HumanEval+/acc/pass@1,0.5
ONPOLICY-SFT-Qwen3-1P7B-COLDSTART-CODE-KODCODE-CTX8K-S1-BETA0-V1_1783319854,100%,100,beta=0.0,beta0,20,MBPP+ pass@1,val-core/MBPP+/acc/pass@1,0.5185185185185185
ONPOLICY-SFT-Qwen3-1P7B-COLDSTART-CODE-KODCODE-CTX8K-S1-BETA0-V1_1783319854,100%,100,beta=0.0,beta0,20,LiveCodeBench pass@1,val-core/LiveCodeBench/acc/pass@1,0.1640625
ONPOLICY-SFT-Qwen3-1P7B-COLDSTART-CODE-KODCODE-CTX8K-S1-BETA0-V1_1783319854,100%,100,beta=0.0,beta0,20,HumanEval+ extract fail,val-aux/HumanEval+/code_reward_extraction_fail/mean@1,0.006097560975609756
ONPOLICY-SFT-Qwen3-1P7B-COLDSTART-CODE-KODCODE-CTX8K-S1-BETA0-V1_1783319854,100%,100,beta=0.0,beta0,20,MBPP+ extract fail,val-aux/MBPP+/code_reward_extraction_fail/mean@1,0.007936507936507936
ONPOLICY-SFT-Qwen3-1P7B-COLDSTART-CODE-KODCODE-CTX8K-S1-BETA0-V1_1783319854,100%,100,beta=0.0,beta0,20,LiveCodeBench extract fail,val-aux/LiveCodeBench/code_reward_extraction_fail/mean@1,0.0078125
ONPOLICY-SFT-Qwen3-1P7B-COLDSTART-CODE-KODCODE-CTX8K-S1-BETA0-V1_1783319854,100%,100,beta=0.0,beta0,20,Rollout correct ratio,wdl_sft/correct_ratio,0.416015625
ONPOLICY-SFT-Qwen3-1P7B-COLDSTART-CODE-KODCODE-CTX8K-S1-BETA0-V1_1783319854,100%,100,beta=0.0,beta0,20,Gradient norm,actor/grad_norm,7.624312400817871
ONPOLICY-SFT-Qwen3-1P7B-COLDSTART-CODE-KODCODE-CTX8K-S1-BETA0-V1_1783319854,100%,100,beta=0.0,beta0,20,Train score mean,critic/score/mean,-0.16796875
ONPOLICY-SFT-Qwen3-1P7B-COLDSTART-CODE-KODCODE-CTX8K-S1-BETA0-V1_1783319854,100%,100,beta=0.0,beta0,20,Response length mean,response_length/mean,140.08203125
ONPOLICY-SFT-Qwen3-1P7B-COLDSTART-CODE-KODCODE-CTX8K-S1-BETA0-V1_1783319854,100%,100,beta=0.0,beta0,20,Time per step,perf/time_per_step,45.71777261979878
ONPOLICY-SFT-Qwen3-1P7B-COLDSTART-CODE-KODCODE-CTX8K-S1-BETA0-V1_1783319854,100%,100,beta=0.0,beta0,21,Rollout correct ratio,wdl_sft/correct_ratio,0.345703125
ONPOLICY-SFT-Qwen3-1P7B-COLDSTART-CODE-KODCODE-CTX8K-S1-BETA0-V1_1783319854,100%,100,beta=0.0,beta0,21,Gradient norm,actor/grad_norm,10.431927680969238
ONPOLICY-SFT-Qwen3-1P7B-COLDSTART-CODE-KODCODE-CTX8K-S1-BETA0-V1_1783319854,100%,100,beta=0.0,beta0,21,Train score mean,critic/score/mean,-0.30859375
ONPOLICY-SFT-Qwen3-1P7B-COLDSTART-CODE-KODCODE-CTX8K-S1-BETA0-V1_1783319854,100%,100,beta=0.0,beta0,21,Response length mean,response_length/mean,167.25
ONPOLICY-SFT-Qwen3-1P7B-COLDSTART-CODE-KODCODE-CTX8K-S1-BETA0-V1_1783319854,100%,100,beta=0.0,beta0,21,Time per step,perf/time_per_step,42.4581253901124
ONPOLICY-SFT-Qwen3-1P7B-COLDSTART-CODE-KODCODE-CTX8K-S1-BETA0-V1_1783319854,100%,100,beta=0.0,beta0,22,Rollout correct ratio,wdl_sft/correct_ratio,0.416015625
ONPOLICY-SFT-Qwen3-1P7B-COLDSTART-CODE-KODCODE-CTX8K-S1-BETA0-V1_1783319854,100%,100,beta=0.0,beta0,22,Gradient norm,actor/grad_norm,8.316381454467773
ONPOLICY-SFT-Qwen3-1P7B-COLDSTART-CODE-KODCODE-CTX8K-S1-BETA0-V1_1783319854,100%,100,beta=0.0,beta0,22,Train score mean,critic/score/mean,-0.16796875
ONPOLICY-SFT-Qwen3-1P7B-COLDSTART-CODE-KODCODE-CTX8K-S1-BETA0-V1_1783319854,100%,100,beta=0.0,beta0,22,Response length mean,response_length/mean,146.7578125
ONPOLICY-SFT-Qwen3-1P7B-COLDSTART-CODE-KODCODE-CTX8K-S1-BETA0-V1_1783319854,100%,100,beta=0.0,beta0,22,Time per step,perf/time_per_step,41.732187391258776
ONPOLICY-SFT-Qwen3-1P7B-COLDSTART-CODE-KODCODE-CTX8K-S1-BETA0-V1_1783319854,100%,100,beta=0.0,beta0,23,Rollout correct ratio,wdl_sft/correct_ratio,0.40234375
ONPOLICY-SFT-Qwen3-1P7B-COLDSTART-CODE-KODCODE-CTX8K-S1-BETA0-V1_1783319854,100%,100,beta=0.0,beta0,23,Gradient norm,actor/grad_norm,10.10755443572998
ONPOLICY-SFT-Qwen3-1P7B-COLDSTART-CODE-KODCODE-CTX8K-S1-BETA0-V1_1783319854,100%,100,beta=0.0,beta0,23,Train score mean,critic/score/mean,-0.1953125
ONPOLICY-SFT-Qwen3-1P7B-COLDSTART-CODE-KODCODE-CTX8K-S1-BETA0-V1_1783319854,100%,100,beta=0.0,beta0,23,Response length mean,response_length/mean,159.228515625
ONPOLICY-SFT-Qwen3-1P7B-COLDSTART-CODE-KODCODE-CTX8K-S1-BETA0-V1_1783319854,100%,100,beta=0.0,beta0,23,Time per step,perf/time_per_step,42.764152438379824
ONPOLICY-SFT-Qwen3-1P7B-COLDSTART-CODE-KODCODE-CTX8K-S1-BETA0-V1_1783319854,100%,100,beta=0.0,beta0,24,Rollout correct ratio,wdl_sft/correct_ratio,0.41015625
ONPOLICY-SFT-Qwen3-1P7B-COLDSTART-CODE-KODCODE-CTX8K-S1-BETA0-V1_1783319854,100%,100,beta=0.0,beta0,24,Gradient norm,actor/grad_norm,8.10262680053711
ONPOLICY-SFT-Qwen3-1P7B-COLDSTART-CODE-KODCODE-CTX8K-S1-BETA0-V1_1783319854,100%,100,beta=0.0,beta0,24,Train score mean,critic/score/mean,-0.1796875
ONPOLICY-SFT-Qwen3-1P7B-COLDSTART-CODE-KODCODE-CTX8K-S1-BETA0-V1_1783319854,100%,100,beta=0.0,beta0,24,Response length mean,response_length/mean,166.728515625
ONPOLICY-SFT-Qwen3-1P7B-COLDSTART-CODE-KODCODE-CTX8K-S1-BETA0-V1_1783319854,100%,100,beta=0.0,beta0,24,Time per step,perf/time_per_step,41.3246722118929
ONPOLICY-SFT-Qwen3-1P7B-COLDSTART-CODE-KODCODE-CTX8K-S1-BETA0-V1_1783319854,100%,100,beta=0.0,beta0,25,HumanEval+ pass@1,val-core/HumanEval+/acc/pass@1,0.4878048780487805
ONPOLICY-SFT-Qwen3-1P7B-COLDSTART-CODE-KODCODE-CTX8K-S1-BETA0-V1_1783319854,100%,100,beta=0.0,beta0,25,MBPP+ pass@1,val-core/MBPP+/acc/pass@1,0.5158730158730159
ONPOLICY-SFT-Qwen3-1P7B-COLDSTART-CODE-KODCODE-CTX8K-S1-BETA0-V1_1783319854,100%,100,beta=0.0,beta0,25,LiveCodeBench pass@1,val-core/LiveCodeBench/acc/pass@1,0.171875
ONPOLICY-SFT-Qwen3-1P7B-COLDSTART-CODE-KODCODE-CTX8K-S1-BETA0-V1_1783319854,100%,100,beta=0.0,beta0,25,HumanEval+ extract fail,val-aux/HumanEval+/code_reward_extraction_fail/mean@1,0.006097560975609756
ONPOLICY-SFT-Qwen3-1P7B-COLDSTART-CODE-KODCODE-CTX8K-S1-BETA0-V1_1783319854,100%,100,beta=0.0,beta0,25,MBPP+ extract fail,val-aux/MBPP+/code_reward_extraction_fail/mean@1,0.007936507936507936
ONPOLICY-SFT-Qwen3-1P7B-COLDSTART-CODE-KODCODE-CTX8K-S1-BETA0-V1_1783319854,100%,100,beta=0.0,beta0,25,LiveCodeBench extract fail,val-aux/LiveCodeBench/code_reward_extraction_fail/mean@1,0.0234375
ONPOLICY-SFT-Qwen3-1P7B-COLDSTART-CODE-KODCODE-CTX8K-S1-BETA0-V1_1783319854,100%,100,beta=0.0,beta0,25,Rollout correct ratio,wdl_sft/correct_ratio,0.3046875
ONPOLICY-SFT-Qwen3-1P7B-COLDSTART-CODE-KODCODE-CTX8K-S1-BETA0-V1_1783319854,100%,100,beta=0.0,beta0,25,Gradient norm,actor/grad_norm,9.973134994506836
ONPOLICY-SFT-Qwen3-1P7B-COLDSTART-CODE-KODCODE-CTX8K-S1-BETA0-V1_1783319854,100%,100,beta=0.0,beta0,25,Train score mean,critic/score/mean,-0.390625
ONPOLICY-SFT-Qwen3-1P7B-COLDSTART-CODE-KODCODE-CTX8K-S1-BETA0-V1_1783319854,100%,100,beta=0.0,beta0,25,Response length mean,response_length/mean,159.9609375
ONPOLICY-SFT-Qwen3-1P7B-COLDSTART-CODE-KODCODE-CTX8K-S1-BETA0-V1_1783319854,100%,100,beta=0.0,beta0,25,Time per step,perf/time_per_step,48.11228291504085
ONPOLICY-SFT-Qwen3-1P7B-COLDSTART-CODE-KODCODE-CTX8K-S1-BETA0-V1_1783319854,100%,100,beta=0.0,beta0,26,Rollout correct ratio,wdl_sft/correct_ratio,0.443359375
ONPOLICY-SFT-Qwen3-1P7B-COLDSTART-CODE-KODCODE-CTX8K-S1-BETA0-V1_1783319854,100%,100,beta=0.0,beta0,26,Gradient norm,actor/grad_norm,8.67255973815918
ONPOLICY-SFT-Qwen3-1P7B-COLDSTART-CODE-KODCODE-CTX8K-S1-BETA0-V1_1783319854,100%,100,beta=0.0,beta0,26,Train score mean,critic/score/mean,-0.11328125
ONPOLICY-SFT-Qwen3-1P7B-COLDSTART-CODE-KODCODE-CTX8K-S1-BETA0-V1_1783319854,100%,100,beta=0.0,beta0,26,Response length mean,response_length/mean,164.171875
ONPOLICY-SFT-Qwen3-1P7B-COLDSTART-CODE-KODCODE-CTX8K-S1-BETA0-V1_1783319854,100%,100,beta=0.0,beta0,26,Time per step,perf/time_per_step,43.5030062738806
ONPOLICY-SFT-Qwen3-1P7B-COLDSTART-CODE-KODCODE-CTX8K-S1-BETA0-V1_1783319854,100%,100,beta=0.0,beta0,27,Rollout correct ratio,wdl_sft/correct_ratio,0.43359375
ONPOLICY-SFT-Qwen3-1P7B-COLDSTART-CODE-KODCODE-CTX8K-S1-BETA0-V1_1783319854,100%,100,beta=0.0,beta0,27,Gradient norm,actor/grad_norm,7.433328628540039
ONPOLICY-SFT-Qwen3-1P7B-COLDSTART-CODE-KODCODE-CTX8K-S1-BETA0-V1_1783319854,100%,100,beta=0.0,beta0,27,Train score mean,critic/score/mean,-0.1328125
ONPOLICY-SFT-Qwen3-1P7B-COLDSTART-CODE-KODCODE-CTX8K-S1-BETA0-V1_1783319854,100%,100,beta=0.0,beta0,27,Response length mean,response_length/mean,155.572265625
ONPOLICY-SFT-Qwen3-1P7B-COLDSTART-CODE-KODCODE-CTX8K-S1-BETA0-V1_1783319854,100%,100,beta=0.0,beta0,27,Time per step,perf/time_per_step,42.38446522690356
ONPOLICY-SFT-Qwen3-1P7B-COLDSTART-CODE-KODCODE-CTX8K-S1-BETA0-V1_1783319854,100%,100,beta=0.0,beta0,28,Rollout correct ratio,wdl_sft/correct_ratio,0.376953125
ONPOLICY-SFT-Qwen3-1P7B-COLDSTART-CODE-KODCODE-CTX8K-S1-BETA0-V1_1783319854,100%,100,beta=0.0,beta0,28,Gradient norm,actor/grad_norm,8.95300006866455
ONPOLICY-SFT-Qwen3-1P7B-COLDSTART-CODE-KODCODE-CTX8K-S1-BETA0-V1_1783319854,100%,100,beta=0.0,beta0,28,Train score mean,critic/score/mean,-0.24609375
ONPOLICY-SFT-Qwen3-1P7B-COLDSTART-CODE-KODCODE-CTX8K-S1-BETA0-V1_1783319854,100%,100,beta=0.0,beta0,28,Response length mean,response_length/mean,164.26171875
ONPOLICY-SFT-Qwen3-1P7B-COLDSTART-CODE-KODCODE-CTX8K-S1-BETA0-V1_1783319854,100%,100,beta=0.0,beta0,28,Time per step,perf/time_per_step,42.651859008707106
ONPOLICY-SFT-Qwen3-1P7B-COLDSTART-CODE-KODCODE-CTX8K-S1-BETA0-V1_1783319854,100%,100,beta=0.0,beta0,29,Rollout correct ratio,wdl_sft/correct_ratio,0.40234375
ONPOLICY-SFT-Qwen3-1P7B-COLDSTART-CODE-KODCODE-CTX8K-S1-BETA0-V1_1783319854,100%,100,beta=0.0,beta0,29,Gradient norm,actor/grad_norm,10.381596565246582
ONPOLICY-SFT-Qwen3-1P7B-COLDSTART-CODE-KODCODE-CTX8K-S1-BETA0-V1_1783319854,100%,100,beta=0.0,beta0,29,Train score mean,critic/score/mean,-0.1953125
ONPOLICY-SFT-Qwen3-1P7B-COLDSTART-CODE-KODCODE-CTX8K-S1-BETA0-V1_1783319854,100%,100,beta=0.0,beta0,29,Response length mean,response_length/mean,145.314453125
ONPOLICY-SFT-Qwen3-1P7B-COLDSTART-CODE-KODCODE-CTX8K-S1-BETA0-V1_1783319854,100%,100,beta=0.0,beta0,29,Time per step,perf/time_per_step,16.138176823966205
ONPOLICY-SFT-Qwen3-1P7B-COLDSTART-CODE-KODCODE-CTX8K-S1-BETA0-V1_1783319854,100%,100,beta=0.0,beta0,30,HumanEval+ pass@1,val-core/HumanEval+/acc/pass@1,0.45121951219512196
ONPOLICY-SFT-Qwen3-1P7B-COLDSTART-CODE-KODCODE-CTX8K-S1-BETA0-V1_1783319854,100%,100,beta=0.0,beta0,30,MBPP+ pass@1,val-core/MBPP+/acc/pass@1,0.49206349206349204
ONPOLICY-SFT-Qwen3-1P7B-COLDSTART-CODE-KODCODE-CTX8K-S1-BETA0-V1_1783319854,100%,100,beta=0.0,beta0,30,LiveCodeBench pass@1,val-core/LiveCodeBench/acc/pass@1,0.140625
ONPOLICY-SFT-Qwen3-1P7B-COLDSTART-CODE-KODCODE-CTX8K-S1-BETA0-V1_1783319854,100%,100,beta=0.0,beta0,30,HumanEval+ extract fail,val-aux/HumanEval+/code_reward_extraction_fail/mean@1,0.018292682926829267
ONPOLICY-SFT-Qwen3-1P7B-COLDSTART-CODE-KODCODE-CTX8K-S1-BETA0-V1_1783319854,100%,100,beta=0.0,beta0,30,MBPP+ extract fail,val-aux/MBPP+/code_reward_extraction_fail/mean@1,0.010582010582010581
ONPOLICY-SFT-Qwen3-1P7B-COLDSTART-CODE-KODCODE-CTX8K-S1-BETA0-V1_1783319854,100%,100,beta=0.0,beta0,30,LiveCodeBench extract fail,val-aux/LiveCodeBench/code_reward_extraction_fail/mean@1,0.0234375
ONPOLICY-SFT-Qwen3-1P7B-COLDSTART-CODE-KODCODE-CTX8K-S1-BETA0-V1_1783319854,100%,100,beta=0.0,beta0,30,Rollout correct ratio,wdl_sft/correct_ratio,0.376953125
ONPOLICY-SFT-Qwen3-1P7B-COLDSTART-CODE-KODCODE-CTX8K-S1-BETA0-V1_1783319854,100%,100,beta=0.0,beta0,30,Gradient norm,actor/grad_norm,9.640140533447266
ONPOLICY-SFT-Qwen3-1P7B-COLDSTART-CODE-KODCODE-CTX8K-S1-BETA0-V1_1783319854,100%,100,beta=0.0,beta0,30,Train score mean,critic/score/mean,-0.24609375
ONPOLICY-SFT-Qwen3-1P7B-COLDSTART-CODE-KODCODE-CTX8K-S1-BETA0-V1_1783319854,100%,100,beta=0.0,beta0,30,Response length mean,response_length/mean,168.173828125
ONPOLICY-SFT-Qwen3-1P7B-COLDSTART-CODE-KODCODE-CTX8K-S1-BETA0-V1_1783319854,100%,100,beta=0.0,beta0,30,Time per step,perf/time_per_step,47.46612554881722
ONPOLICY-SFT-Qwen3-1P7B-COLDSTART-CODE-KODCODE-CTX8K-S1-BETA0-V1_1783319854,100%,100,beta=0.0,beta0,31,Rollout correct ratio,wdl_sft/correct_ratio,0.421875
ONPOLICY-SFT-Qwen3-1P7B-COLDSTART-CODE-KODCODE-CTX8K-S1-BETA0-V1_1783319854,100%,100,beta=0.0,beta0,31,Gradient norm,actor/grad_norm,7.276387691497803
ONPOLICY-SFT-Qwen3-1P7B-COLDSTART-CODE-KODCODE-CTX8K-S1-BETA0-V1_1783319854,100%,100,beta=0.0,beta0,31,Train score mean,critic/score/mean,-0.15625
ONPOLICY-SFT-Qwen3-1P7B-COLDSTART-CODE-KODCODE-CTX8K-S1-BETA0-V1_1783319854,100%,100,beta=0.0,beta0,31,Response length mean,response_length/mean,143.611328125
ONPOLICY-SFT-Qwen3-1P7B-COLDSTART-CODE-KODCODE-CTX8K-S1-BETA0-V1_1783319854,100%,100,beta=0.0,beta0,31,Time per step,perf/time_per_step,42.50894525554031
ONPOLICY-SFT-Qwen3-1P7B-COLDSTART-CODE-KODCODE-CTX8K-S1-BETA0-V1_1783319854,100%,100,beta=0.0,beta0,32,Rollout correct ratio,wdl_sft/correct_ratio,0.43359375
ONPOLICY-SFT-Qwen3-1P7B-COLDSTART-CODE-KODCODE-CTX8K-S1-BETA0-V1_1783319854,100%,100,beta=0.0,beta0,32,Gradient norm,actor/grad_norm,8.102713584899902
ONPOLICY-SFT-Qwen3-1P7B-COLDSTART-CODE-KODCODE-CTX8K-S1-BETA0-V1_1783319854,100%,100,beta=0.0,beta0,32,Train score mean,critic/score/mean,-0.1328125
ONPOLICY-SFT-Qwen3-1P7B-COLDSTART-CODE-KODCODE-CTX8K-S1-BETA0-V1_1783319854,100%,100,beta=0.0,beta0,32,Response length mean,response_length/mean,149.828125
ONPOLICY-SFT-Qwen3-1P7B-COLDSTART-CODE-KODCODE-CTX8K-S1-BETA0-V1_1783319854,100%,100,beta=0.0,beta0,32,Time per step,perf/time_per_step,41.68507741205394
ONPOLICY-SFT-Qwen3-1P7B-COLDSTART-CODE-KODCODE-CTX8K-S1-BETA0-V1_1783319854,100%,100,beta=0.0,beta0,33,Rollout correct ratio,wdl_sft/correct_ratio,0.4375
ONPOLICY-SFT-Qwen3-1P7B-COLDSTART-CODE-KODCODE-CTX8K-S1-BETA0-V1_1783319854,100%,100,beta=0.0,beta0,33,Gradient norm,actor/grad_norm,8.145942687988281
ONPOLICY-SFT-Qwen3-1P7B-COLDSTART-CODE-KODCODE-CTX8K-S1-BETA0-V1_1783319854,100%,100,beta=0.0,beta0,33,Train score mean,critic/score/mean,-0.125
ONPOLICY-SFT-Qwen3-1P7B-COLDSTART-CODE-KODCODE-CTX8K-S1-BETA0-V1_1783319854,100%,100,beta=0.0,beta0,33,Response length mean,response_length/mean,152.787109375
ONPOLICY-SFT-Qwen3-1P7B-COLDSTART-CODE-KODCODE-CTX8K-S1-BETA0-V1_1783319854,100%,100,beta=0.0,beta0,33,Time per step,perf/time_per_step,41.71198799647391
ONPOLICY-SFT-Qwen3-1P7B-COLDSTART-CODE-KODCODE-CTX8K-S1-BETA0-V1_1783319854,100%,100,beta=0.0,beta0,34,Rollout correct ratio,wdl_sft/correct_ratio,0.427734375
ONPOLICY-SFT-Qwen3-1P7B-COLDSTART-CODE-KODCODE-CTX8K-S1-BETA0-V1_1783319854,100%,100,beta=0.0,beta0,34,Gradient norm,actor/grad_norm,8.623152732849121
ONPOLICY-SFT-Qwen3-1P7B-COLDSTART-CODE-KODCODE-CTX8K-S1-BETA0-V1_1783319854,100%,100,beta=0.0,beta0,34,Train score mean,critic/score/mean,-0.14453125
ONPOLICY-SFT-Qwen3-1P7B-COLDSTART-CODE-KODCODE-CTX8K-S1-BETA0-V1_1783319854,100%,100,beta=0.0,beta0,34,Response length mean,response_length/mean,150.09375
ONPOLICY-SFT-Qwen3-1P7B-COLDSTART-CODE-KODCODE-CTX8K-S1-BETA0-V1_1783319854,100%,100,beta=0.0,beta0,34,Time per step,perf/time_per_step,45.082819782197475
ONPOLICY-SFT-Qwen3-1P7B-COLDSTART-CODE-KODCODE-CTX8K-S1-BETA0-V1_1783319854,100%,100,beta=0.0,beta0,35,HumanEval+ pass@1,val-core/HumanEval+/acc/pass@1,0.47560975609756095
ONPOLICY-SFT-Qwen3-1P7B-COLDSTART-CODE-KODCODE-CTX8K-S1-BETA0-V1_1783319854,100%,100,beta=0.0,beta0,35,MBPP+ pass@1,val-core/MBPP+/acc/pass@1,0.4894179894179894
ONPOLICY-SFT-Qwen3-1P7B-COLDSTART-CODE-KODCODE-CTX8K-S1-BETA0-V1_1783319854,100%,100,beta=0.0,beta0,35,LiveCodeBench pass@1,val-core/LiveCodeBench/acc/pass@1,0.15625
ONPOLICY-SFT-Qwen3-1P7B-COLDSTART-CODE-KODCODE-CTX8K-S1-BETA0-V1_1783319854,100%,100,beta=0.0,beta0,35,HumanEval+ extract fail,val-aux/HumanEval+/code_reward_extraction_fail/mean@1,0.012195121951219513
ONPOLICY-SFT-Qwen3-1P7B-COLDSTART-CODE-KODCODE-CTX8K-S1-BETA0-V1_1783319854,100%,100,beta=0.0,beta0,35,MBPP+ extract fail,val-aux/MBPP+/code_reward_extraction_fail/mean@1,0.005291005291005291
ONPOLICY-SFT-Qwen3-1P7B-COLDSTART-CODE-KODCODE-CTX8K-S1-BETA0-V1_1783319854,100%,100,beta=0.0,beta0,35,LiveCodeBench extract fail,val-aux/LiveCodeBench/code_reward_extraction_fail/mean@1,0.015625
ONPOLICY-SFT-Qwen3-1P7B-COLDSTART-CODE-KODCODE-CTX8K-S1-BETA0-V1_1783319854,100%,100,beta=0.0,beta0,35,Rollout correct ratio,wdl_sft/correct_ratio,0.408203125
ONPOLICY-SFT-Qwen3-1P7B-COLDSTART-CODE-KODCODE-CTX8K-S1-BETA0-V1_1783319854,100%,100,beta=0.0,beta0,35,Gradient norm,actor/grad_norm,8.379478454589844
ONPOLICY-SFT-Qwen3-1P7B-COLDSTART-CODE-KODCODE-CTX8K-S1-BETA0-V1_1783319854,100%,100,beta=0.0,beta0,35,Train score mean,critic/score/mean,-0.18359375
ONPOLICY-SFT-Qwen3-1P7B-COLDSTART-CODE-KODCODE-CTX8K-S1-BETA0-V1_1783319854,100%,100,beta=0.0,beta0,35,Response length mean,response_length/mean,153.392578125
ONPOLICY-SFT-Qwen3-1P7B-COLDSTART-CODE-KODCODE-CTX8K-S1-BETA0-V1_1783319854,100%,100,beta=0.0,beta0,35,Time per step,perf/time_per_step,47.78600958362222
ONPOLICY-SFT-Qwen3-1P7B-COLDSTART-CODE-KODCODE-CTX8K-S1-BETA0-V1_1783319854,100%,100,beta=0.0,beta0,36,Rollout correct ratio,wdl_sft/correct_ratio,0.3984375
ONPOLICY-SFT-Qwen3-1P7B-COLDSTART-CODE-KODCODE-CTX8K-S1-BETA0-V1_1783319854,100%,100,beta=0.0,beta0,36,Gradient norm,actor/grad_norm,9.096214294433594
ONPOLICY-SFT-Qwen3-1P7B-COLDSTART-CODE-KODCODE-CTX8K-S1-BETA0-V1_1783319854,100%,100,beta=0.0,beta0,36,Train score mean,critic/score/mean,-0.203125
ONPOLICY-SFT-Qwen3-1P7B-COLDSTART-CODE-KODCODE-CTX8K-S1-BETA0-V1_1783319854,100%,100,beta=0.0,beta0,36,Response length mean,response_length/mean,172.60546875
ONPOLICY-SFT-Qwen3-1P7B-COLDSTART-CODE-KODCODE-CTX8K-S1-BETA0-V1_1783319854,100%,100,beta=0.0,beta0,36,Time per step,perf/time_per_step,42.17854378558695
ONPOLICY-SFT-Qwen3-1P7B-COLDSTART-CODE-KODCODE-CTX8K-S1-BETA0-V1_1783319854,100%,100,beta=0.0,beta0,37,Rollout correct ratio,wdl_sft/correct_ratio,0.51171875
ONPOLICY-SFT-Qwen3-1P7B-COLDSTART-CODE-KODCODE-CTX8K-S1-BETA0-V1_1783319854,100%,100,beta=0.0,beta0,37,Gradient norm,actor/grad_norm,7.533849716186523
ONPOLICY-SFT-Qwen3-1P7B-COLDSTART-CODE-KODCODE-CTX8K-S1-BETA0-V1_1783319854,100%,100,beta=0.0,beta0,37,Train score mean,critic/score/mean,0.0234375
ONPOLICY-SFT-Qwen3-1P7B-COLDSTART-CODE-KODCODE-CTX8K-S1-BETA0-V1_1783319854,100%,100,beta=0.0,beta0,37,Response length mean,response_length/mean,144.705078125
ONPOLICY-SFT-Qwen3-1P7B-COLDSTART-CODE-KODCODE-CTX8K-S1-BETA0-V1_1783319854,100%,100,beta=0.0,beta0,37,Time per step,perf/time_per_step,39.90426453296095
ONPOLICY-SFT-Qwen3-1P7B-COLDSTART-CODE-KODCODE-CTX8K-S1-BETA0-V1_1783319854,100%,100,beta=0.0,beta0,38,Rollout correct ratio,wdl_sft/correct_ratio,0.369140625
ONPOLICY-SFT-Qwen3-1P7B-COLDSTART-CODE-KODCODE-CTX8K-S1-BETA0-V1_1783319854,100%,100,beta=0.0,beta0,38,Gradient norm,actor/grad_norm,9.092803955078125
ONPOLICY-SFT-Qwen3-1P7B-COLDSTART-CODE-KODCODE-CTX8K-S1-BETA0-V1_1783319854,100%,100,beta=0.0,beta0,38,Train score mean,critic/score/mean,-0.26171875
ONPOLICY-SFT-Qwen3-1P7B-COLDSTART-CODE-KODCODE-CTX8K-S1-BETA0-V1_1783319854,100%,100,beta=0.0,beta0,38,Response length mean,response_length/mean,154.087890625
ONPOLICY-SFT-Qwen3-1P7B-COLDSTART-CODE-KODCODE-CTX8K-S1-BETA0-V1_1783319854,100%,100,beta=0.0,beta0,38,Time per step,perf/time_per_step,41.06631872616708
ONPOLICY-SFT-Qwen3-1P7B-COLDSTART-CODE-KODCODE-CTX8K-S1-BETA0-V1_1783319854,100%,100,beta=0.0,beta0,39,Rollout correct ratio,wdl_sft/correct_ratio,0.458984375
ONPOLICY-SFT-Qwen3-1P7B-COLDSTART-CODE-KODCODE-CTX8K-S1-BETA0-V1_1783319854,100%,100,beta=0.0,beta0,39,Gradient norm,actor/grad_norm,8.03221607208252
ONPOLICY-SFT-Qwen3-1P7B-COLDSTART-CODE-KODCODE-CTX8K-S1-BETA0-V1_1783319854,100%,100,beta=0.0,beta0,39,Train score mean,critic/score/mean,-0.08203125
ONPOLICY-SFT-Qwen3-1P7B-COLDSTART-CODE-KODCODE-CTX8K-S1-BETA0-V1_1783319854,100%,100,beta=0.0,beta0,39,Response length mean,response_length/mean,155.73046875
ONPOLICY-SFT-Qwen3-1P7B-COLDSTART-CODE-KODCODE-CTX8K-S1-BETA0-V1_1783319854,100%,100,beta=0.0,beta0,39,Time per step,perf/time_per_step,42.36546592973173
ONPOLICY-SFT-Qwen3-1P7B-COLDSTART-CODE-KODCODE-CTX8K-S1-BETA0-V1_1783319854,100%,100,beta=0.0,beta0,40,HumanEval+ pass@1,val-core/HumanEval+/acc/pass@1,0.5
ONPOLICY-SFT-Qwen3-1P7B-COLDSTART-CODE-KODCODE-CTX8K-S1-BETA0-V1_1783319854,100%,100,beta=0.0,beta0,40,MBPP+ pass@1,val-core/MBPP+/acc/pass@1,0.5
ONPOLICY-SFT-Qwen3-1P7B-COLDSTART-CODE-KODCODE-CTX8K-S1-BETA0-V1_1783319854,100%,100,beta=0.0,beta0,40,LiveCodeBench pass@1,val-core/LiveCodeBench/acc/pass@1,0.1484375
ONPOLICY-SFT-Qwen3-1P7B-COLDSTART-CODE-KODCODE-CTX8K-S1-BETA0-V1_1783319854,100%,100,beta=0.0,beta0,40,HumanEval+ extract fail,val-aux/HumanEval+/code_reward_extraction_fail/mean@1,0.006097560975609756
ONPOLICY-SFT-Qwen3-1P7B-COLDSTART-CODE-KODCODE-CTX8K-S1-BETA0-V1_1783319854,100%,100,beta=0.0,beta0,40,MBPP+ extract fail,val-aux/MBPP+/code_reward_extraction_fail/mean@1,0.005291005291005291
ONPOLICY-SFT-Qwen3-1P7B-COLDSTART-CODE-KODCODE-CTX8K-S1-BETA0-V1_1783319854,100%,100,beta=0.0,beta0,40,LiveCodeBench extract fail,val-aux/LiveCodeBench/code_reward_extraction_fail/mean@1,0.0
ONPOLICY-SFT-Qwen3-1P7B-COLDSTART-CODE-KODCODE-CTX8K-S1-BETA0-V1_1783319854,100%,100,beta=0.0,beta0,40,Rollout correct ratio,wdl_sft/correct_ratio,0.412109375
ONPOLICY-SFT-Qwen3-1P7B-COLDSTART-CODE-KODCODE-CTX8K-S1-BETA0-V1_1783319854,100%,100,beta=0.0,beta0,40,Gradient norm,actor/grad_norm,8.851851463317871
ONPOLICY-SFT-Qwen3-1P7B-COLDSTART-CODE-KODCODE-CTX8K-S1-BETA0-V1_1783319854,100%,100,beta=0.0,beta0,40,Train score mean,critic/score/mean,-0.17578125
ONPOLICY-SFT-Qwen3-1P7B-COLDSTART-CODE-KODCODE-CTX8K-S1-BETA0-V1_1783319854,100%,100,beta=0.0,beta0,40,Response length mean,response_length/mean,155.396484375
ONPOLICY-SFT-Qwen3-1P7B-COLDSTART-CODE-KODCODE-CTX8K-S1-BETA0-V1_1783319854,100%,100,beta=0.0,beta0,40,Time per step,perf/time_per_step,47.12386331614107
ONPOLICY-SFT-Qwen3-1P7B-COLDSTART-CODE-KODCODE-CTX8K-S1-BETA0-V1_1783319854,100%,100,beta=0.0,beta0,41,Rollout correct ratio,wdl_sft/correct_ratio,0.41796875
ONPOLICY-SFT-Qwen3-1P7B-COLDSTART-CODE-KODCODE-CTX8K-S1-BETA0-V1_1783319854,100%,100,beta=0.0,beta0,41,Gradient norm,actor/grad_norm,9.446784019470215
ONPOLICY-SFT-Qwen3-1P7B-COLDSTART-CODE-KODCODE-CTX8K-S1-BETA0-V1_1783319854,100%,100,beta=0.0,beta0,41,Train score mean,critic/score/mean,-0.1640625
ONPOLICY-SFT-Qwen3-1P7B-COLDSTART-CODE-KODCODE-CTX8K-S1-BETA0-V1_1783319854,100%,100,beta=0.0,beta0,41,Response length mean,response_length/mean,156.53125
ONPOLICY-SFT-Qwen3-1P7B-COLDSTART-CODE-KODCODE-CTX8K-S1-BETA0-V1_1783319854,100%,100,beta=0.0,beta0,41,Time per step,perf/time_per_step,42.89526323694736
ONPOLICY-SFT-Qwen3-1P7B-COLDSTART-CODE-KODCODE-CTX8K-S1-BETA0-V1_1783319854,100%,100,beta=0.0,beta0,42,Rollout correct ratio,wdl_sft/correct_ratio,0.431640625
ONPOLICY-SFT-Qwen3-1P7B-COLDSTART-CODE-KODCODE-CTX8K-S1-BETA0-V1_1783319854,100%,100,beta=0.0,beta0,42,Gradient norm,actor/grad_norm,8.57108211517334
ONPOLICY-SFT-Qwen3-1P7B-COLDSTART-CODE-KODCODE-CTX8K-S1-BETA0-V1_1783319854,100%,100,beta=0.0,beta0,42,Train score mean,critic/score/mean,-0.13671875
ONPOLICY-SFT-Qwen3-1P7B-COLDSTART-CODE-KODCODE-CTX8K-S1-BETA0-V1_1783319854,100%,100,beta=0.0,beta0,42,Response length mean,response_length/mean,162.15625
ONPOLICY-SFT-Qwen3-1P7B-COLDSTART-CODE-KODCODE-CTX8K-S1-BETA0-V1_1783319854,100%,100,beta=0.0,beta0,42,Time per step,perf/time_per_step,41.61612079851329
ONPOLICY-SFT-Qwen3-1P7B-COLDSTART-CODE-KODCODE-CTX8K-S1-BETA0-V1_1783319854,100%,100,beta=0.0,beta0,43,Rollout correct ratio,wdl_sft/correct_ratio,0.37890625
ONPOLICY-SFT-Qwen3-1P7B-COLDSTART-CODE-KODCODE-CTX8K-S1-BETA0-V1_1783319854,100%,100,beta=0.0,beta0,43,Gradient norm,actor/grad_norm,9.253618240356445
ONPOLICY-SFT-Qwen3-1P7B-COLDSTART-CODE-KODCODE-CTX8K-S1-BETA0-V1_1783319854,100%,100,beta=0.0,beta0,43,Train score mean,critic/score/mean,-0.2421875
ONPOLICY-SFT-Qwen3-1P7B-COLDSTART-CODE-KODCODE-CTX8K-S1-BETA0-V1_1783319854,100%,100,beta=0.0,beta0,43,Response length mean,response_length/mean,156.896484375
ONPOLICY-SFT-Qwen3-1P7B-COLDSTART-CODE-KODCODE-CTX8K-S1-BETA0-V1_1783319854,100%,100,beta=0.0,beta0,43,Time per step,perf/time_per_step,40.9054070264101
ONPOLICY-SFT-Qwen3-1P7B-COLDSTART-CODE-KODCODE-CTX8K-S1-BETA0-V1_1783319854,100%,100,beta=0.0,beta0,44,Rollout correct ratio,wdl_sft/correct_ratio,0.4609375
ONPOLICY-SFT-Qwen3-1P7B-COLDSTART-CODE-KODCODE-CTX8K-S1-BETA0-V1_1783319854,100%,100,beta=0.0,beta0,44,Gradient norm,actor/grad_norm,8.580636978149414
ONPOLICY-SFT-Qwen3-1P7B-COLDSTART-CODE-KODCODE-CTX8K-S1-BETA0-V1_1783319854,100%,100,beta=0.0,beta0,44,Train score mean,critic/score/mean,-0.078125
ONPOLICY-SFT-Qwen3-1P7B-COLDSTART-CODE-KODCODE-CTX8K-S1-BETA0-V1_1783319854,100%,100,beta=0.0,beta0,44,Response length mean,response_length/mean,155.86328125
ONPOLICY-SFT-Qwen3-1P7B-COLDSTART-CODE-KODCODE-CTX8K-S1-BETA0-V1_1783319854,100%,100,beta=0.0,beta0,44,Time per step,perf/time_per_step,41.83273998182267
ONPOLICY-SFT-Qwen3-1P7B-COLDSTART-CODE-KODCODE-CTX8K-S1-BETA0-V1_1783319854,100%,100,beta=0.0,beta0,45,HumanEval+ pass@1,val-core/HumanEval+/acc/pass@1,0.47560975609756095
ONPOLICY-SFT-Qwen3-1P7B-COLDSTART-CODE-KODCODE-CTX8K-S1-BETA0-V1_1783319854,100%,100,beta=0.0,beta0,45,MBPP+ pass@1,val-core/MBPP+/acc/pass@1,0.5158730158730159
ONPOLICY-SFT-Qwen3-1P7B-COLDSTART-CODE-KODCODE-CTX8K-S1-BETA0-V1_1783319854,100%,100,beta=0.0,beta0,45,LiveCodeBench pass@1,val-core/LiveCodeBench/acc/pass@1,0.1484375
ONPOLICY-SFT-Qwen3-1P7B-COLDSTART-CODE-KODCODE-CTX8K-S1-BETA0-V1_1783319854,100%,100,beta=0.0,beta0,45,HumanEval+ extract fail,val-aux/HumanEval+/code_reward_extraction_fail/mean@1,0.012195121951219513
ONPOLICY-SFT-Qwen3-1P7B-COLDSTART-CODE-KODCODE-CTX8K-S1-BETA0-V1_1783319854,100%,100,beta=0.0,beta0,45,MBPP+ extract fail,val-aux/MBPP+/code_reward_extraction_fail/mean@1,0.007936507936507936
ONPOLICY-SFT-Qwen3-1P7B-COLDSTART-CODE-KODCODE-CTX8K-S1-BETA0-V1_1783319854,100%,100,beta=0.0,beta0,45,LiveCodeBench extract fail,val-aux/LiveCodeBench/code_reward_extraction_fail/mean@1,0.015625
ONPOLICY-SFT-Qwen3-1P7B-COLDSTART-CODE-KODCODE-CTX8K-S1-BETA0-V1_1783319854,100%,100,beta=0.0,beta0,45,Rollout correct ratio,wdl_sft/correct_ratio,0.41015625
ONPOLICY-SFT-Qwen3-1P7B-COLDSTART-CODE-KODCODE-CTX8K-S1-BETA0-V1_1783319854,100%,100,beta=0.0,beta0,45,Gradient norm,actor/grad_norm,8.528867721557617
ONPOLICY-SFT-Qwen3-1P7B-COLDSTART-CODE-KODCODE-CTX8K-S1-BETA0-V1_1783319854,100%,100,beta=0.0,beta0,45,Train score mean,critic/score/mean,-0.1796875
ONPOLICY-SFT-Qwen3-1P7B-COLDSTART-CODE-KODCODE-CTX8K-S1-BETA0-V1_1783319854,100%,100,beta=0.0,beta0,45,Response length mean,response_length/mean,150.607421875
ONPOLICY-SFT-Qwen3-1P7B-COLDSTART-CODE-KODCODE-CTX8K-S1-BETA0-V1_1783319854,100%,100,beta=0.0,beta0,45,Time per step,perf/time_per_step,45.25166073162109
ONPOLICY-SFT-Qwen3-1P7B-COLDSTART-CODE-KODCODE-CTX8K-S1-BETA0-V1_1783319854,100%,100,beta=0.0,beta0,46,Rollout correct ratio,wdl_sft/correct_ratio,0.4765625
ONPOLICY-SFT-Qwen3-1P7B-COLDSTART-CODE-KODCODE-CTX8K-S1-BETA0-V1_1783319854,100%,100,beta=0.0,beta0,46,Gradient norm,actor/grad_norm,7.917435646057129
ONPOLICY-SFT-Qwen3-1P7B-COLDSTART-CODE-KODCODE-CTX8K-S1-BETA0-V1_1783319854,100%,100,beta=0.0,beta0,46,Train score mean,critic/score/mean,-0.046875
ONPOLICY-SFT-Qwen3-1P7B-COLDSTART-CODE-KODCODE-CTX8K-S1-BETA0-V1_1783319854,100%,100,beta=0.0,beta0,46,Response length mean,response_length/mean,158.521484375
ONPOLICY-SFT-Qwen3-1P7B-COLDSTART-CODE-KODCODE-CTX8K-S1-BETA0-V1_1783319854,100%,100,beta=0.0,beta0,46,Time per step,perf/time_per_step,42.51541160326451
ONPOLICY-SFT-Qwen3-1P7B-COLDSTART-CODE-KODCODE-CTX8K-S1-BETA0-V1_1783319854,100%,100,beta=0.0,beta0,47,Rollout correct ratio,wdl_sft/correct_ratio,0.53125
ONPOLICY-SFT-Qwen3-1P7B-COLDSTART-CODE-KODCODE-CTX8K-S1-BETA0-V1_1783319854,100%,100,beta=0.0,beta0,47,Gradient norm,actor/grad_norm,6.838563442230225
ONPOLICY-SFT-Qwen3-1P7B-COLDSTART-CODE-KODCODE-CTX8K-S1-BETA0-V1_1783319854,100%,100,beta=0.0,beta0,47,Train score mean,critic/score/mean,0.0625
ONPOLICY-SFT-Qwen3-1P7B-COLDSTART-CODE-KODCODE-CTX8K-S1-BETA0-V1_1783319854,100%,100,beta=0.0,beta0,47,Response length mean,response_length/mean,144.673828125
ONPOLICY-SFT-Qwen3-1P7B-COLDSTART-CODE-KODCODE-CTX8K-S1-BETA0-V1_1783319854,100%,100,beta=0.0,beta0,47,Time per step,perf/time_per_step,42.79731834214181
ONPOLICY-SFT-Qwen3-1P7B-COLDSTART-CODE-KODCODE-CTX8K-S1-BETA0-V1_1783319854,100%,100,beta=0.0,beta0,48,Rollout correct ratio,wdl_sft/correct_ratio,0.423828125
ONPOLICY-SFT-Qwen3-1P7B-COLDSTART-CODE-KODCODE-CTX8K-S1-BETA0-V1_1783319854,100%,100,beta=0.0,beta0,48,Gradient norm,actor/grad_norm,8.332080841064453
ONPOLICY-SFT-Qwen3-1P7B-COLDSTART-CODE-KODCODE-CTX8K-S1-BETA0-V1_1783319854,100%,100,beta=0.0,beta0,48,Train score mean,critic/score/mean,-0.15234375
ONPOLICY-SFT-Qwen3-1P7B-COLDSTART-CODE-KODCODE-CTX8K-S1-BETA0-V1_1783319854,100%,100,beta=0.0,beta0,48,Response length mean,response_length/mean,155.595703125
ONPOLICY-SFT-Qwen3-1P7B-COLDSTART-CODE-KODCODE-CTX8K-S1-BETA0-V1_1783319854,100%,100,beta=0.0,beta0,48,Time per step,perf/time_per_step,41.156411562114954
ONPOLICY-SFT-Qwen3-1P7B-COLDSTART-CODE-KODCODE-CTX8K-S1-BETA0-V1_1783319854,100%,100,beta=0.0,beta0,49,Rollout correct ratio,wdl_sft/correct_ratio,0.46484375
ONPOLICY-SFT-Qwen3-1P7B-COLDSTART-CODE-KODCODE-CTX8K-S1-BETA0-V1_1783319854,100%,100,beta=0.0,beta0,49,Gradient norm,actor/grad_norm,6.937053680419922
ONPOLICY-SFT-Qwen3-1P7B-COLDSTART-CODE-KODCODE-CTX8K-S1-BETA0-V1_1783319854,100%,100,beta=0.0,beta0,49,Train score mean,critic/score/mean,-0.0703125
ONPOLICY-SFT-Qwen3-1P7B-COLDSTART-CODE-KODCODE-CTX8K-S1-BETA0-V1_1783319854,100%,100,beta=0.0,beta0,49,Response length mean,response_length/mean,141.87109375
ONPOLICY-SFT-Qwen3-1P7B-COLDSTART-CODE-KODCODE-CTX8K-S1-BETA0-V1_1783319854,100%,100,beta=0.0,beta0,49,Time per step,perf/time_per_step,41.848339239135385
ONPOLICY-SFT-Qwen3-1P7B-COLDSTART-CODE-KODCODE-CTX8K-S1-BETA0-V1_1783319854,100%,100,beta=0.0,beta0,50,HumanEval+ pass@1,val-core/HumanEval+/acc/pass@1,0.5
ONPOLICY-SFT-Qwen3-1P7B-COLDSTART-CODE-KODCODE-CTX8K-S1-BETA0-V1_1783319854,100%,100,beta=0.0,beta0,50,MBPP+ pass@1,val-core/MBPP+/acc/pass@1,0.5026455026455027
ONPOLICY-SFT-Qwen3-1P7B-COLDSTART-CODE-KODCODE-CTX8K-S1-BETA0-V1_1783319854,100%,100,beta=0.0,beta0,50,LiveCodeBench pass@1,val-core/LiveCodeBench/acc/pass@1,0.1484375
ONPOLICY-SFT-Qwen3-1P7B-COLDSTART-CODE-KODCODE-CTX8K-S1-BETA0-V1_1783319854,100%,100,beta=0.0,beta0,50,HumanEval+ extract fail,val-aux/HumanEval+/code_reward_extraction_fail/mean@1,0.006097560975609756
ONPOLICY-SFT-Qwen3-1P7B-COLDSTART-CODE-KODCODE-CTX8K-S1-BETA0-V1_1783319854,100%,100,beta=0.0,beta0,50,MBPP+ extract fail,val-aux/MBPP+/code_reward_extraction_fail/mean@1,0.005291005291005291
ONPOLICY-SFT-Qwen3-1P7B-COLDSTART-CODE-KODCODE-CTX8K-S1-BETA0-V1_1783319854,100%,100,beta=0.0,beta0,50,LiveCodeBench extract fail,val-aux/LiveCodeBench/code_reward_extraction_fail/mean@1,0.0234375
ONPOLICY-SFT-Qwen3-1P7B-COLDSTART-CODE-KODCODE-CTX8K-S1-BETA0-V1_1783319854,100%,100,beta=0.0,beta0,50,Rollout correct ratio,wdl_sft/correct_ratio,0.505859375
ONPOLICY-SFT-Qwen3-1P7B-COLDSTART-CODE-KODCODE-CTX8K-S1-BETA0-V1_1783319854,100%,100,beta=0.0,beta0,50,Gradient norm,actor/grad_norm,8.437183380126953
ONPOLICY-SFT-Qwen3-1P7B-COLDSTART-CODE-KODCODE-CTX8K-S1-BETA0-V1_1783319854,100%,100,beta=0.0,beta0,50,Train score mean,critic/score/mean,0.01171875
ONPOLICY-SFT-Qwen3-1P7B-COLDSTART-CODE-KODCODE-CTX8K-S1-BETA0-V1_1783319854,100%,100,beta=0.0,beta0,50,Response length mean,response_length/mean,161.1015625
ONPOLICY-SFT-Qwen3-1P7B-COLDSTART-CODE-KODCODE-CTX8K-S1-BETA0-V1_1783319854,100%,100,beta=0.0,beta0,50,Time per step,perf/time_per_step,46.23447807598859
ONPOLICY-SFT-Qwen3-1P7B-COLDSTART-CODE-KODCODE-CTX8K-S1-BETA0-V1_1783319854,100%,100,beta=0.0,beta0,51,Rollout correct ratio,wdl_sft/correct_ratio,0.482421875
ONPOLICY-SFT-Qwen3-1P7B-COLDSTART-CODE-KODCODE-CTX8K-S1-BETA0-V1_1783319854,100%,100,beta=0.0,beta0,51,Gradient norm,actor/grad_norm,7.512362480163574
ONPOLICY-SFT-Qwen3-1P7B-COLDSTART-CODE-KODCODE-CTX8K-S1-BETA0-V1_1783319854,100%,100,beta=0.0,beta0,51,Train score mean,critic/score/mean,-0.03515625
ONPOLICY-SFT-Qwen3-1P7B-COLDSTART-CODE-KODCODE-CTX8K-S1-BETA0-V1_1783319854,100%,100,beta=0.0,beta0,51,Response length mean,response_length/mean,152.166015625
ONPOLICY-SFT-Qwen3-1P7B-COLDSTART-CODE-KODCODE-CTX8K-S1-BETA0-V1_1783319854,100%,100,beta=0.0,beta0,51,Time per step,perf/time_per_step,41.88028965238482
ONPOLICY-SFT-Qwen3-1P7B-COLDSTART-CODE-KODCODE-CTX8K-S1-BETA0-V1_1783319854,100%,100,beta=0.0,beta0,52,Rollout correct ratio,wdl_sft/correct_ratio,0.4453125
ONPOLICY-SFT-Qwen3-1P7B-COLDSTART-CODE-KODCODE-CTX8K-S1-BETA0-V1_1783319854,100%,100,beta=0.0,beta0,52,Gradient norm,actor/grad_norm,7.955750942230225
ONPOLICY-SFT-Qwen3-1P7B-COLDSTART-CODE-KODCODE-CTX8K-S1-BETA0-V1_1783319854,100%,100,beta=0.0,beta0,52,Train score mean,critic/score/mean,-0.109375
ONPOLICY-SFT-Qwen3-1P7B-COLDSTART-CODE-KODCODE-CTX8K-S1-BETA0-V1_1783319854,100%,100,beta=0.0,beta0,52,Response length mean,response_length/mean,141.970703125
ONPOLICY-SFT-Qwen3-1P7B-COLDSTART-CODE-KODCODE-CTX8K-S1-BETA0-V1_1783319854,100%,100,beta=0.0,beta0,52,Time per step,perf/time_per_step,41.02917598094791
ONPOLICY-SFT-Qwen3-1P7B-COLDSTART-CODE-KODCODE-CTX8K-S1-BETA0-V1_1783319854,100%,100,beta=0.0,beta0,53,Rollout correct ratio,wdl_sft/correct_ratio,0.478515625
ONPOLICY-SFT-Qwen3-1P7B-COLDSTART-CODE-KODCODE-CTX8K-S1-BETA0-V1_1783319854,100%,100,beta=0.0,beta0,53,Gradient norm,actor/grad_norm,7.9306254386901855
ONPOLICY-SFT-Qwen3-1P7B-COLDSTART-CODE-KODCODE-CTX8K-S1-BETA0-V1_1783319854,100%,100,beta=0.0,beta0,53,Train score mean,critic/score/mean,-0.04296875
ONPOLICY-SFT-Qwen3-1P7B-COLDSTART-CODE-KODCODE-CTX8K-S1-BETA0-V1_1783319854,100%,100,beta=0.0,beta0,53,Response length mean,response_length/mean,151.421875
ONPOLICY-SFT-Qwen3-1P7B-COLDSTART-CODE-KODCODE-CTX8K-S1-BETA0-V1_1783319854,100%,100,beta=0.0,beta0,53,Time per step,perf/time_per_step,41.21666168514639
ONPOLICY-SFT-Qwen3-1P7B-COLDSTART-CODE-KODCODE-CTX8K-S1-BETA0-V1_1783319854,100%,100,beta=0.0,beta0,54,Rollout correct ratio,wdl_sft/correct_ratio,0.416015625
ONPOLICY-SFT-Qwen3-1P7B-COLDSTART-CODE-KODCODE-CTX8K-S1-BETA0-V1_1783319854,100%,100,beta=0.0,beta0,54,Gradient norm,actor/grad_norm,8.953369140625
ONPOLICY-SFT-Qwen3-1P7B-COLDSTART-CODE-KODCODE-CTX8K-S1-BETA0-V1_1783319854,100%,100,beta=0.0,beta0,54,Train score mean,critic/score/mean,-0.16796875
ONPOLICY-SFT-Qwen3-1P7B-COLDSTART-CODE-KODCODE-CTX8K-S1-BETA0-V1_1783319854,100%,100,beta=0.0,beta0,54,Response length mean,response_length/mean,154.626953125
ONPOLICY-SFT-Qwen3-1P7B-COLDSTART-CODE-KODCODE-CTX8K-S1-BETA0-V1_1783319854,100%,100,beta=0.0,beta0,54,Time per step,perf/time_per_step,40.743372987024486
ONPOLICY-SFT-Qwen3-1P7B-COLDSTART-CODE-KODCODE-CTX8K-S1-BETA0-V1_1783319854,100%,100,beta=0.0,beta0,55,HumanEval+ pass@1,val-core/HumanEval+/acc/pass@1,0.4573170731707317
ONPOLICY-SFT-Qwen3-1P7B-COLDSTART-CODE-KODCODE-CTX8K-S1-BETA0-V1_1783319854,100%,100,beta=0.0,beta0,55,MBPP+ pass@1,val-core/MBPP+/acc/pass@1,0.5079365079365079
ONPOLICY-SFT-Qwen3-1P7B-COLDSTART-CODE-KODCODE-CTX8K-S1-BETA0-V1_1783319854,100%,100,beta=0.0,beta0,55,LiveCodeBench pass@1,val-core/LiveCodeBench/acc/pass@1,0.171875
ONPOLICY-SFT-Qwen3-1P7B-COLDSTART-CODE-KODCODE-CTX8K-S1-BETA0-V1_1783319854,100%,100,beta=0.0,beta0,55,HumanEval+ extract fail,val-aux/HumanEval+/code_reward_extraction_fail/mean@1,0.0
ONPOLICY-SFT-Qwen3-1P7B-COLDSTART-CODE-KODCODE-CTX8K-S1-BETA0-V1_1783319854,100%,100,beta=0.0,beta0,55,MBPP+ extract fail,val-aux/MBPP+/code_reward_extraction_fail/mean@1,0.007936507936507936
ONPOLICY-SFT-Qwen3-1P7B-COLDSTART-CODE-KODCODE-CTX8K-S1-BETA0-V1_1783319854,100%,100,beta=0.0,beta0,55,LiveCodeBench extract fail,val-aux/LiveCodeBench/code_reward_extraction_fail/mean@1,0.0234375
ONPOLICY-SFT-Qwen3-1P7B-COLDSTART-CODE-KODCODE-CTX8K-S1-BETA0-V1_1783319854,100%,100,beta=0.0,beta0,55,Rollout correct ratio,wdl_sft/correct_ratio,0.470703125
ONPOLICY-SFT-Qwen3-1P7B-COLDSTART-CODE-KODCODE-CTX8K-S1-BETA0-V1_1783319854,100%,100,beta=0.0,beta0,55,Gradient norm,actor/grad_norm,6.655730247497559
ONPOLICY-SFT-Qwen3-1P7B-COLDSTART-CODE-KODCODE-CTX8K-S1-BETA0-V1_1783319854,100%,100,beta=0.0,beta0,55,Train score mean,critic/score/mean,-0.05859375
ONPOLICY-SFT-Qwen3-1P7B-COLDSTART-CODE-KODCODE-CTX8K-S1-BETA0-V1_1783319854,100%,100,beta=0.0,beta0,55,Response length mean,response_length/mean,148.501953125
ONPOLICY-SFT-Qwen3-1P7B-COLDSTART-CODE-KODCODE-CTX8K-S1-BETA0-V1_1783319854,100%,100,beta=0.0,beta0,55,Time per step,perf/time_per_step,20.579798488877714
ONPOLICY-SFT-Qwen3-1P7B-COLDSTART-CODE-KODCODE-CTX8K-S1-BETA0-V1_1783319854,100%,100,beta=0.0,beta0,56,Rollout correct ratio,wdl_sft/correct_ratio,0.39453125
ONPOLICY-SFT-Qwen3-1P7B-COLDSTART-CODE-KODCODE-CTX8K-S1-BETA0-V1_1783319854,100%,100,beta=0.0,beta0,56,Gradient norm,actor/grad_norm,8.554680824279785
ONPOLICY-SFT-Qwen3-1P7B-COLDSTART-CODE-KODCODE-CTX8K-S1-BETA0-V1_1783319854,100%,100,beta=0.0,beta0,56,Train score mean,critic/score/mean,-0.2109375
ONPOLICY-SFT-Qwen3-1P7B-COLDSTART-CODE-KODCODE-CTX8K-S1-BETA0-V1_1783319854,100%,100,beta=0.0,beta0,56,Response length mean,response_length/mean,138.21484375
ONPOLICY-SFT-Qwen3-1P7B-COLDSTART-CODE-KODCODE-CTX8K-S1-BETA0-V1_1783319854,100%,100,beta=0.0,beta0,56,Time per step,perf/time_per_step,40.32126756198704
ONPOLICY-SFT-Qwen3-1P7B-COLDSTART-CODE-KODCODE-CTX8K-S1-BETA0-V1_1783319854,100%,100,beta=0.0,beta0,57,Rollout correct ratio,wdl_sft/correct_ratio,0.50390625
ONPOLICY-SFT-Qwen3-1P7B-COLDSTART-CODE-KODCODE-CTX8K-S1-BETA0-V1_1783319854,100%,100,beta=0.0,beta0,57,Gradient norm,actor/grad_norm,8.044209480285645
ONPOLICY-SFT-Qwen3-1P7B-COLDSTART-CODE-KODCODE-CTX8K-S1-BETA0-V1_1783319854,100%,100,beta=0.0,beta0,57,Train score mean,critic/score/mean,0.0078125
ONPOLICY-SFT-Qwen3-1P7B-COLDSTART-CODE-KODCODE-CTX8K-S1-BETA0-V1_1783319854,100%,100,beta=0.0,beta0,57,Response length mean,response_length/mean,162.470703125
ONPOLICY-SFT-Qwen3-1P7B-COLDSTART-CODE-KODCODE-CTX8K-S1-BETA0-V1_1783319854,100%,100,beta=0.0,beta0,57,Time per step,perf/time_per_step,41.44017453957349
ONPOLICY-SFT-Qwen3-1P7B-COLDSTART-CODE-KODCODE-CTX8K-S1-BETA0-V1_1783319854,100%,100,beta=0.0,beta0,58,Rollout correct ratio,wdl_sft/correct_ratio,0.41015625
ONPOLICY-SFT-Qwen3-1P7B-COLDSTART-CODE-KODCODE-CTX8K-S1-BETA0-V1_1783319854,100%,100,beta=0.0,beta0,58,Gradient norm,actor/grad_norm,9.401358604431152
ONPOLICY-SFT-Qwen3-1P7B-COLDSTART-CODE-KODCODE-CTX8K-S1-BETA0-V1_1783319854,100%,100,beta=0.0,beta0,58,Train score mean,critic/score/mean,-0.1796875
ONPOLICY-SFT-Qwen3-1P7B-COLDSTART-CODE-KODCODE-CTX8K-S1-BETA0-V1_1783319854,100%,100,beta=0.0,beta0,58,Response length mean,response_length/mean,159.0078125
ONPOLICY-SFT-Qwen3-1P7B-COLDSTART-CODE-KODCODE-CTX8K-S1-BETA0-V1_1783319854,100%,100,beta=0.0,beta0,58,Time per step,perf/time_per_step,40.72371746785939
ONPOLICY-SFT-Qwen3-1P7B-COLDSTART-CODE-KODCODE-CTX8K-S1-BETA0-V1_1783319854,100%,100,beta=0.0,beta0,59,Rollout correct ratio,wdl_sft/correct_ratio,0.48828125
ONPOLICY-SFT-Qwen3-1P7B-COLDSTART-CODE-KODCODE-CTX8K-S1-BETA0-V1_1783319854,100%,100,beta=0.0,beta0,59,Gradient norm,actor/grad_norm,7.094832897186279
ONPOLICY-SFT-Qwen3-1P7B-COLDSTART-CODE-KODCODE-CTX8K-S1-BETA0-V1_1783319854,100%,100,beta=0.0,beta0,59,Train score mean,critic/score/mean,-0.0234375
ONPOLICY-SFT-Qwen3-1P7B-COLDSTART-CODE-KODCODE-CTX8K-S1-BETA0-V1_1783319854,100%,100,beta=0.0,beta0,59,Response length mean,response_length/mean,153.697265625
ONPOLICY-SFT-Qwen3-1P7B-COLDSTART-CODE-KODCODE-CTX8K-S1-BETA0-V1_1783319854,100%,100,beta=0.0,beta0,59,Time per step,perf/time_per_step,41.99053462035954
ONPOLICY-SFT-Qwen3-1P7B-COLDSTART-CODE-KODCODE-CTX8K-S1-BETA0-V1_1783319854,100%,100,beta=0.0,beta0,60,HumanEval+ pass@1,val-core/HumanEval+/acc/pass@1,0.4817073170731707
ONPOLICY-SFT-Qwen3-1P7B-COLDSTART-CODE-KODCODE-CTX8K-S1-BETA0-V1_1783319854,100%,100,beta=0.0,beta0,60,MBPP+ pass@1,val-core/MBPP+/acc/pass@1,0.49206349206349204
ONPOLICY-SFT-Qwen3-1P7B-COLDSTART-CODE-KODCODE-CTX8K-S1-BETA0-V1_1783319854,100%,100,beta=0.0,beta0,60,LiveCodeBench pass@1,val-core/LiveCodeBench/acc/pass@1,0.1796875
ONPOLICY-SFT-Qwen3-1P7B-COLDSTART-CODE-KODCODE-CTX8K-S1-BETA0-V1_1783319854,100%,100,beta=0.0,beta0,60,HumanEval+ extract fail,val-aux/HumanEval+/code_reward_extraction_fail/mean@1,0.012195121951219513
ONPOLICY-SFT-Qwen3-1P7B-COLDSTART-CODE-KODCODE-CTX8K-S1-BETA0-V1_1783319854,100%,100,beta=0.0,beta0,60,MBPP+ extract fail,val-aux/MBPP+/code_reward_extraction_fail/mean@1,0.005291005291005291
ONPOLICY-SFT-Qwen3-1P7B-COLDSTART-CODE-KODCODE-CTX8K-S1-BETA0-V1_1783319854,100%,100,beta=0.0,beta0,60,LiveCodeBench extract fail,val-aux/LiveCodeBench/code_reward_extraction_fail/mean@1,0.015625
ONPOLICY-SFT-Qwen3-1P7B-COLDSTART-CODE-KODCODE-CTX8K-S1-BETA0-V1_1783319854,100%,100,beta=0.0,beta0,60,Rollout correct ratio,wdl_sft/correct_ratio,0.4140625
ONPOLICY-SFT-Qwen3-1P7B-COLDSTART-CODE-KODCODE-CTX8K-S1-BETA0-V1_1783319854,100%,100,beta=0.0,beta0,60,Gradient norm,actor/grad_norm,7.650933742523193
ONPOLICY-SFT-Qwen3-1P7B-COLDSTART-CODE-KODCODE-CTX8K-S1-BETA0-V1_1783319854,100%,100,beta=0.0,beta0,60,Train score mean,critic/score/mean,-0.171875
ONPOLICY-SFT-Qwen3-1P7B-COLDSTART-CODE-KODCODE-CTX8K-S1-BETA0-V1_1783319854,100%,100,beta=0.0,beta0,60,Response length mean,response_length/mean,129.517578125
ONPOLICY-SFT-Qwen3-1P7B-COLDSTART-CODE-KODCODE-CTX8K-S1-BETA0-V1_1783319854,100%,100,beta=0.0,beta0,60,Time per step,perf/time_per_step,46.65808822307736
ONPOLICY-SFT-Qwen3-1P7B-COLDSTART-CODE-KODCODE-CTX8K-S1-BETA0-V1_1783319854,100%,100,beta=0.0,beta0,61,Rollout correct ratio,wdl_sft/correct_ratio,0.4453125
ONPOLICY-SFT-Qwen3-1P7B-COLDSTART-CODE-KODCODE-CTX8K-S1-BETA0-V1_1783319854,100%,100,beta=0.0,beta0,61,Gradient norm,actor/grad_norm,7.411802768707275
ONPOLICY-SFT-Qwen3-1P7B-COLDSTART-CODE-KODCODE-CTX8K-S1-BETA0-V1_1783319854,100%,100,beta=0.0,beta0,61,Train score mean,critic/score/mean,-0.109375
ONPOLICY-SFT-Qwen3-1P7B-COLDSTART-CODE-KODCODE-CTX8K-S1-BETA0-V1_1783319854,100%,100,beta=0.0,beta0,61,Response length mean,response_length/mean,136.646484375
ONPOLICY-SFT-Qwen3-1P7B-COLDSTART-CODE-KODCODE-CTX8K-S1-BETA0-V1_1783319854,100%,100,beta=0.0,beta0,61,Time per step,perf/time_per_step,42.38536028563976
ONPOLICY-SFT-Qwen3-1P7B-COLDSTART-CODE-KODCODE-CTX8K-S1-BETA0-V1_1783319854,100%,100,beta=0.0,beta0,62,Rollout correct ratio,wdl_sft/correct_ratio,0.392578125
ONPOLICY-SFT-Qwen3-1P7B-COLDSTART-CODE-KODCODE-CTX8K-S1-BETA0-V1_1783319854,100%,100,beta=0.0,beta0,62,Gradient norm,actor/grad_norm,9.748636245727539
ONPOLICY-SFT-Qwen3-1P7B-COLDSTART-CODE-KODCODE-CTX8K-S1-BETA0-V1_1783319854,100%,100,beta=0.0,beta0,62,Train score mean,critic/score/mean,-0.21484375
ONPOLICY-SFT-Qwen3-1P7B-COLDSTART-CODE-KODCODE-CTX8K-S1-BETA0-V1_1783319854,100%,100,beta=0.0,beta0,62,Response length mean,response_length/mean,154.912109375
ONPOLICY-SFT-Qwen3-1P7B-COLDSTART-CODE-KODCODE-CTX8K-S1-BETA0-V1_1783319854,100%,100,beta=0.0,beta0,62,Time per step,perf/time_per_step,40.98150373715907
ONPOLICY-SFT-Qwen3-1P7B-COLDSTART-CODE-KODCODE-CTX8K-S1-BETA0-V1_1783319854,100%,100,beta=0.0,beta0,63,Rollout correct ratio,wdl_sft/correct_ratio,0.458984375
ONPOLICY-SFT-Qwen3-1P7B-COLDSTART-CODE-KODCODE-CTX8K-S1-BETA0-V1_1783319854,100%,100,beta=0.0,beta0,63,Gradient norm,actor/grad_norm,8.203560829162598
ONPOLICY-SFT-Qwen3-1P7B-COLDSTART-CODE-KODCODE-CTX8K-S1-BETA0-V1_1783319854,100%,100,beta=0.0,beta0,63,Train score mean,critic/score/mean,-0.08203125
ONPOLICY-SFT-Qwen3-1P7B-COLDSTART-CODE-KODCODE-CTX8K-S1-BETA0-V1_1783319854,100%,100,beta=0.0,beta0,63,Response length mean,response_length/mean,153.138671875
ONPOLICY-SFT-Qwen3-1P7B-COLDSTART-CODE-KODCODE-CTX8K-S1-BETA0-V1_1783319854,100%,100,beta=0.0,beta0,63,Time per step,perf/time_per_step,42.82102225814015
ONPOLICY-SFT-Qwen3-1P7B-COLDSTART-CODE-KODCODE-CTX8K-S1-BETA0-V1_1783319854,100%,100,beta=0.0,beta0,64,Rollout correct ratio,wdl_sft/correct_ratio,0.380859375
ONPOLICY-SFT-Qwen3-1P7B-COLDSTART-CODE-KODCODE-CTX8K-S1-BETA0-V1_1783319854,100%,100,beta=0.0,beta0,64,Gradient norm,actor/grad_norm,9.349596977233887
ONPOLICY-SFT-Qwen3-1P7B-COLDSTART-CODE-KODCODE-CTX8K-S1-BETA0-V1_1783319854,100%,100,beta=0.0,beta0,64,Train score mean,critic/score/mean,-0.23828125
ONPOLICY-SFT-Qwen3-1P7B-COLDSTART-CODE-KODCODE-CTX8K-S1-BETA0-V1_1783319854,100%,100,beta=0.0,beta0,64,Response length mean,response_length/mean,154.345703125
ONPOLICY-SFT-Qwen3-1P7B-COLDSTART-CODE-KODCODE-CTX8K-S1-BETA0-V1_1783319854,100%,100,beta=0.0,beta0,64,Time per step,perf/time_per_step,41.11601789481938
ONPOLICY-SFT-Qwen3-1P7B-COLDSTART-CODE-KODCODE-CTX8K-S1-BETA0-V1_1783319854,100%,100,beta=0.0,beta0,65,HumanEval+ pass@1,val-core/HumanEval+/acc/pass@1,0.4817073170731707
ONPOLICY-SFT-Qwen3-1P7B-COLDSTART-CODE-KODCODE-CTX8K-S1-BETA0-V1_1783319854,100%,100,beta=0.0,beta0,65,MBPP+ pass@1,val-core/MBPP+/acc/pass@1,0.5211640211640212
ONPOLICY-SFT-Qwen3-1P7B-COLDSTART-CODE-KODCODE-CTX8K-S1-BETA0-V1_1783319854,100%,100,beta=0.0,beta0,65,LiveCodeBench pass@1,val-core/LiveCodeBench/acc/pass@1,0.1484375
ONPOLICY-SFT-Qwen3-1P7B-COLDSTART-CODE-KODCODE-CTX8K-S1-BETA0-V1_1783319854,100%,100,beta=0.0,beta0,65,HumanEval+ extract fail,val-aux/HumanEval+/code_reward_extraction_fail/mean@1,0.0
ONPOLICY-SFT-Qwen3-1P7B-COLDSTART-CODE-KODCODE-CTX8K-S1-BETA0-V1_1783319854,100%,100,beta=0.0,beta0,65,MBPP+ extract fail,val-aux/MBPP+/code_reward_extraction_fail/mean@1,0.010582010582010581
ONPOLICY-SFT-Qwen3-1P7B-COLDSTART-CODE-KODCODE-CTX8K-S1-BETA0-V1_1783319854,100%,100,beta=0.0,beta0,65,LiveCodeBench extract fail,val-aux/LiveCodeBench/code_reward_extraction_fail/mean@1,0.0234375
ONPOLICY-SFT-Qwen3-1P7B-COLDSTART-CODE-KODCODE-CTX8K-S1-BETA0-V1_1783319854,100%,100,beta=0.0,beta0,65,Rollout correct ratio,wdl_sft/correct_ratio,0.4453125
ONPOLICY-SFT-Qwen3-1P7B-COLDSTART-CODE-KODCODE-CTX8K-S1-BETA0-V1_1783319854,100%,100,beta=0.0,beta0,65,Gradient norm,actor/grad_norm,7.691793441772461
ONPOLICY-SFT-Qwen3-1P7B-COLDSTART-CODE-KODCODE-CTX8K-S1-BETA0-V1_1783319854,100%,100,beta=0.0,beta0,65,Train score mean,critic/score/mean,-0.109375
ONPOLICY-SFT-Qwen3-1P7B-COLDSTART-CODE-KODCODE-CTX8K-S1-BETA0-V1_1783319854,100%,100,beta=0.0,beta0,65,Response length mean,response_length/mean,155.87890625
ONPOLICY-SFT-Qwen3-1P7B-COLDSTART-CODE-KODCODE-CTX8K-S1-BETA0-V1_1783319854,100%,100,beta=0.0,beta0,65,Time per step,perf/time_per_step,48.114019316621125
ONPOLICY-SFT-Qwen3-1P7B-COLDSTART-CODE-KODCODE-CTX8K-S1-BETA0-V1_1783319854,100%,100,beta=0.0,beta0,66,Rollout correct ratio,wdl_sft/correct_ratio,0.517578125
ONPOLICY-SFT-Qwen3-1P7B-COLDSTART-CODE-KODCODE-CTX8K-S1-BETA0-V1_1783319854,100%,100,beta=0.0,beta0,66,Gradient norm,actor/grad_norm,6.080209255218506
ONPOLICY-SFT-Qwen3-1P7B-COLDSTART-CODE-KODCODE-CTX8K-S1-BETA0-V1_1783319854,100%,100,beta=0.0,beta0,66,Train score mean,critic/score/mean,0.03515625
ONPOLICY-SFT-Qwen3-1P7B-COLDSTART-CODE-KODCODE-CTX8K-S1-BETA0-V1_1783319854,100%,100,beta=0.0,beta0,66,Response length mean,response_length/mean,138.08984375
ONPOLICY-SFT-Qwen3-1P7B-COLDSTART-CODE-KODCODE-CTX8K-S1-BETA0-V1_1783319854,100%,100,beta=0.0,beta0,66,Time per step,perf/time_per_step,42.61748174671084
ONPOLICY-SFT-Qwen3-1P7B-COLDSTART-CODE-KODCODE-CTX8K-S1-BETA0-V1_1783319854,100%,100,beta=0.0,beta0,67,Rollout correct ratio,wdl_sft/correct_ratio,0.5234375
ONPOLICY-SFT-Qwen3-1P7B-COLDSTART-CODE-KODCODE-CTX8K-S1-BETA0-V1_1783319854,100%,100,beta=0.0,beta0,67,Gradient norm,actor/grad_norm,7.836827278137207
ONPOLICY-SFT-Qwen3-1P7B-COLDSTART-CODE-KODCODE-CTX8K-S1-BETA0-V1_1783319854,100%,100,beta=0.0,beta0,67,Train score mean,critic/score/mean,0.046875
ONPOLICY-SFT-Qwen3-1P7B-COLDSTART-CODE-KODCODE-CTX8K-S1-BETA0-V1_1783319854,100%,100,beta=0.0,beta0,67,Response length mean,response_length/mean,150.640625
ONPOLICY-SFT-Qwen3-1P7B-COLDSTART-CODE-KODCODE-CTX8K-S1-BETA0-V1_1783319854,100%,100,beta=0.0,beta0,67,Time per step,perf/time_per_step,41.36713290121406
ONPOLICY-SFT-Qwen3-1P7B-COLDSTART-CODE-KODCODE-CTX8K-S1-BETA0-V1_1783319854,100%,100,beta=0.0,beta0,68,Rollout correct ratio,wdl_sft/correct_ratio,0.41015625
ONPOLICY-SFT-Qwen3-1P7B-COLDSTART-CODE-KODCODE-CTX8K-S1-BETA0-V1_1783319854,100%,100,beta=0.0,beta0,68,Gradient norm,actor/grad_norm,10.121855735778809
ONPOLICY-SFT-Qwen3-1P7B-COLDSTART-CODE-KODCODE-CTX8K-S1-BETA0-V1_1783319854,100%,100,beta=0.0,beta0,68,Train score mean,critic/score/mean,-0.1796875
ONPOLICY-SFT-Qwen3-1P7B-COLDSTART-CODE-KODCODE-CTX8K-S1-BETA0-V1_1783319854,100%,100,beta=0.0,beta0,68,Response length mean,response_length/mean,155.525390625
ONPOLICY-SFT-Qwen3-1P7B-COLDSTART-CODE-KODCODE-CTX8K-S1-BETA0-V1_1783319854,100%,100,beta=0.0,beta0,68,Time per step,perf/time_per_step,39.35005901195109
ONPOLICY-SFT-Qwen3-1P7B-COLDSTART-CODE-KODCODE-CTX8K-S1-BETA0-V1_1783319854,100%,100,beta=0.0,beta0,69,Rollout correct ratio,wdl_sft/correct_ratio,0.4609375
ONPOLICY-SFT-Qwen3-1P7B-COLDSTART-CODE-KODCODE-CTX8K-S1-BETA0-V1_1783319854,100%,100,beta=0.0,beta0,69,Gradient norm,actor/grad_norm,7.675869941711426
ONPOLICY-SFT-Qwen3-1P7B-COLDSTART-CODE-KODCODE-CTX8K-S1-BETA0-V1_1783319854,100%,100,beta=0.0,beta0,69,Train score mean,critic/score/mean,-0.078125
ONPOLICY-SFT-Qwen3-1P7B-COLDSTART-CODE-KODCODE-CTX8K-S1-BETA0-V1_1783319854,100%,100,beta=0.0,beta0,69,Response length mean,response_length/mean,151.70703125
ONPOLICY-SFT-Qwen3-1P7B-COLDSTART-CODE-KODCODE-CTX8K-S1-BETA0-V1_1783319854,100%,100,beta=0.0,beta0,69,Time per step,perf/time_per_step,43.166228950954974
ONPOLICY-SFT-Qwen3-1P7B-COLDSTART-CODE-KODCODE-CTX8K-S1-BETA0-V1_1783319854,100%,100,beta=0.0,beta0,70,HumanEval+ pass@1,val-core/HumanEval+/acc/pass@1,0.5060975609756098
ONPOLICY-SFT-Qwen3-1P7B-COLDSTART-CODE-KODCODE-CTX8K-S1-BETA0-V1_1783319854,100%,100,beta=0.0,beta0,70,MBPP+ pass@1,val-core/MBPP+/acc/pass@1,0.5079365079365079
ONPOLICY-SFT-Qwen3-1P7B-COLDSTART-CODE-KODCODE-CTX8K-S1-BETA0-V1_1783319854,100%,100,beta=0.0,beta0,70,LiveCodeBench pass@1,val-core/LiveCodeBench/acc/pass@1,0.1640625
ONPOLICY-SFT-Qwen3-1P7B-COLDSTART-CODE-KODCODE-CTX8K-S1-BETA0-V1_1783319854,100%,100,beta=0.0,beta0,70,HumanEval+ extract fail,val-aux/HumanEval+/code_reward_extraction_fail/mean@1,0.0
ONPOLICY-SFT-Qwen3-1P7B-COLDSTART-CODE-KODCODE-CTX8K-S1-BETA0-V1_1783319854,100%,100,beta=0.0,beta0,70,MBPP+ extract fail,val-aux/MBPP+/code_reward_extraction_fail/mean@1,0.0026455026455026454
ONPOLICY-SFT-Qwen3-1P7B-COLDSTART-CODE-KODCODE-CTX8K-S1-BETA0-V1_1783319854,100%,100,beta=0.0,beta0,70,LiveCodeBench extract fail,val-aux/LiveCodeBench/code_reward_extraction_fail/mean@1,0.0078125
ONPOLICY-SFT-Qwen3-1P7B-COLDSTART-CODE-KODCODE-CTX8K-S1-BETA0-V1_1783319854,100%,100,beta=0.0,beta0,70,Rollout correct ratio,wdl_sft/correct_ratio,0.43359375
ONPOLICY-SFT-Qwen3-1P7B-COLDSTART-CODE-KODCODE-CTX8K-S1-BETA0-V1_1783319854,100%,100,beta=0.0,beta0,70,Gradient norm,actor/grad_norm,8.437723159790039
ONPOLICY-SFT-Qwen3-1P7B-COLDSTART-CODE-KODCODE-CTX8K-S1-BETA0-V1_1783319854,100%,100,beta=0.0,beta0,70,Train score mean,critic/score/mean,-0.1328125
ONPOLICY-SFT-Qwen3-1P7B-COLDSTART-CODE-KODCODE-CTX8K-S1-BETA0-V1_1783319854,100%,100,beta=0.0,beta0,70,Response length mean,response_length/mean,162.9453125
ONPOLICY-SFT-Qwen3-1P7B-COLDSTART-CODE-KODCODE-CTX8K-S1-BETA0-V1_1783319854,100%,100,beta=0.0,beta0,70,Time per step,perf/time_per_step,47.714079787023365
ONPOLICY-SFT-Qwen3-1P7B-COLDSTART-CODE-KODCODE-CTX8K-S1-BETA0-V1_1783319854,100%,100,beta=0.0,beta0,71,Rollout correct ratio,wdl_sft/correct_ratio,0.39453125
ONPOLICY-SFT-Qwen3-1P7B-COLDSTART-CODE-KODCODE-CTX8K-S1-BETA0-V1_1783319854,100%,100,beta=0.0,beta0,71,Gradient norm,actor/grad_norm,9.014296531677246
ONPOLICY-SFT-Qwen3-1P7B-COLDSTART-CODE-KODCODE-CTX8K-S1-BETA0-V1_1783319854,100%,100,beta=0.0,beta0,71,Train score mean,critic/score/mean,-0.2109375
ONPOLICY-SFT-Qwen3-1P7B-COLDSTART-CODE-KODCODE-CTX8K-S1-BETA0-V1_1783319854,100%,100,beta=0.0,beta0,71,Response length mean,response_length/mean,174.197265625
ONPOLICY-SFT-Qwen3-1P7B-COLDSTART-CODE-KODCODE-CTX8K-S1-BETA0-V1_1783319854,100%,100,beta=0.0,beta0,71,Time per step,perf/time_per_step,43.83056643418968
ONPOLICY-SFT-Qwen3-1P7B-COLDSTART-CODE-KODCODE-CTX8K-S1-BETA0-V1_1783319854,100%,100,beta=0.0,beta0,72,Rollout correct ratio,wdl_sft/correct_ratio,0.41015625
ONPOLICY-SFT-Qwen3-1P7B-COLDSTART-CODE-KODCODE-CTX8K-S1-BETA0-V1_1783319854,100%,100,beta=0.0,beta0,72,Gradient norm,actor/grad_norm,7.8355817794799805
ONPOLICY-SFT-Qwen3-1P7B-COLDSTART-CODE-KODCODE-CTX8K-S1-BETA0-V1_1783319854,100%,100,beta=0.0,beta0,72,Train score mean,critic/score/mean,-0.1796875
ONPOLICY-SFT-Qwen3-1P7B-COLDSTART-CODE-KODCODE-CTX8K-S1-BETA0-V1_1783319854,100%,100,beta=0.0,beta0,72,Response length mean,response_length/mean,134.68359375
ONPOLICY-SFT-Qwen3-1P7B-COLDSTART-CODE-KODCODE-CTX8K-S1-BETA0-V1_1783319854,100%,100,beta=0.0,beta0,72,Time per step,perf/time_per_step,12.231352071277797
ONPOLICY-SFT-Qwen3-1P7B-COLDSTART-CODE-KODCODE-CTX8K-S1-BETA0-V1_1783319854,100%,100,beta=0.0,beta0,73,Rollout correct ratio,wdl_sft/correct_ratio,0.4765625
ONPOLICY-SFT-Qwen3-1P7B-COLDSTART-CODE-KODCODE-CTX8K-S1-BETA0-V1_1783319854,100%,100,beta=0.0,beta0,73,Gradient norm,actor/grad_norm,8.284707069396973
ONPOLICY-SFT-Qwen3-1P7B-COLDSTART-CODE-KODCODE-CTX8K-S1-BETA0-V1_1783319854,100%,100,beta=0.0,beta0,73,Train score mean,critic/score/mean,-0.046875
ONPOLICY-SFT-Qwen3-1P7B-COLDSTART-CODE-KODCODE-CTX8K-S1-BETA0-V1_1783319854,100%,100,beta=0.0,beta0,73,Response length mean,response_length/mean,158.5078125
ONPOLICY-SFT-Qwen3-1P7B-COLDSTART-CODE-KODCODE-CTX8K-S1-BETA0-V1_1783319854,100%,100,beta=0.0,beta0,73,Time per step,perf/time_per_step,42.47019929159433
ONPOLICY-SFT-Qwen3-1P7B-COLDSTART-CODE-KODCODE-CTX8K-S1-BETA0-V1_1783319854,100%,100,beta=0.0,beta0,74,Rollout correct ratio,wdl_sft/correct_ratio,0.375
ONPOLICY-SFT-Qwen3-1P7B-COLDSTART-CODE-KODCODE-CTX8K-S1-BETA0-V1_1783319854,100%,100,beta=0.0,beta0,74,Gradient norm,actor/grad_norm,9.168868064880371
ONPOLICY-SFT-Qwen3-1P7B-COLDSTART-CODE-KODCODE-CTX8K-S1-BETA0-V1_1783319854,100%,100,beta=0.0,beta0,74,Train score mean,critic/score/mean,-0.25
ONPOLICY-SFT-Qwen3-1P7B-COLDSTART-CODE-KODCODE-CTX8K-S1-BETA0-V1_1783319854,100%,100,beta=0.0,beta0,74,Response length mean,response_length/mean,160.9453125
ONPOLICY-SFT-Qwen3-1P7B-COLDSTART-CODE-KODCODE-CTX8K-S1-BETA0-V1_1783319854,100%,100,beta=0.0,beta0,74,Time per step,perf/time_per_step,43.04747008346021
ONPOLICY-SFT-Qwen3-1P7B-COLDSTART-CODE-KODCODE-CTX8K-S1-BETA0-V1_1783319854,100%,100,beta=0.0,beta0,75,HumanEval+ pass@1,val-core/HumanEval+/acc/pass@1,0.5060975609756098
ONPOLICY-SFT-Qwen3-1P7B-COLDSTART-CODE-KODCODE-CTX8K-S1-BETA0-V1_1783319854,100%,100,beta=0.0,beta0,75,MBPP+ pass@1,val-core/MBPP+/acc/pass@1,0.5185185185185185
ONPOLICY-SFT-Qwen3-1P7B-COLDSTART-CODE-KODCODE-CTX8K-S1-BETA0-V1_1783319854,100%,100,beta=0.0,beta0,75,LiveCodeBench pass@1,val-core/LiveCodeBench/acc/pass@1,0.171875
ONPOLICY-SFT-Qwen3-1P7B-COLDSTART-CODE-KODCODE-CTX8K-S1-BETA0-V1_1783319854,100%,100,beta=0.0,beta0,75,HumanEval+ extract fail,val-aux/HumanEval+/code_reward_extraction_fail/mean@1,0.006097560975609756
ONPOLICY-SFT-Qwen3-1P7B-COLDSTART-CODE-KODCODE-CTX8K-S1-BETA0-V1_1783319854,100%,100,beta=0.0,beta0,75,MBPP+ extract fail,val-aux/MBPP+/code_reward_extraction_fail/mean@1,0.005291005291005291
ONPOLICY-SFT-Qwen3-1P7B-COLDSTART-CODE-KODCODE-CTX8K-S1-BETA0-V1_1783319854,100%,100,beta=0.0,beta0,75,LiveCodeBench extract fail,val-aux/LiveCodeBench/code_reward_extraction_fail/mean@1,0.015625
ONPOLICY-SFT-Qwen3-1P7B-COLDSTART-CODE-KODCODE-CTX8K-S1-BETA0-V1_1783319854,100%,100,beta=0.0,beta0,75,Rollout correct ratio,wdl_sft/correct_ratio,0.50390625
ONPOLICY-SFT-Qwen3-1P7B-COLDSTART-CODE-KODCODE-CTX8K-S1-BETA0-V1_1783319854,100%,100,beta=0.0,beta0,75,Gradient norm,actor/grad_norm,6.915094375610352
ONPOLICY-SFT-Qwen3-1P7B-COLDSTART-CODE-KODCODE-CTX8K-S1-BETA0-V1_1783319854,100%,100,beta=0.0,beta0,75,Train score mean,critic/score/mean,0.0078125
ONPOLICY-SFT-Qwen3-1P7B-COLDSTART-CODE-KODCODE-CTX8K-S1-BETA0-V1_1783319854,100%,100,beta=0.0,beta0,75,Response length mean,response_length/mean,149.82421875
ONPOLICY-SFT-Qwen3-1P7B-COLDSTART-CODE-KODCODE-CTX8K-S1-BETA0-V1_1783319854,100%,100,beta=0.0,beta0,75,Time per step,perf/time_per_step,48.00858025532216
ONPOLICY-SFT-Qwen3-1P7B-COLDSTART-CODE-KODCODE-CTX8K-S1-BETA0-V1_1783319854,100%,100,beta=0.0,beta0,76,Rollout correct ratio,wdl_sft/correct_ratio,0.548828125
ONPOLICY-SFT-Qwen3-1P7B-COLDSTART-CODE-KODCODE-CTX8K-S1-BETA0-V1_1783319854,100%,100,beta=0.0,beta0,76,Gradient norm,actor/grad_norm,7.450881004333496
ONPOLICY-SFT-Qwen3-1P7B-COLDSTART-CODE-KODCODE-CTX8K-S1-BETA0-V1_1783319854,100%,100,beta=0.0,beta0,76,Train score mean,critic/score/mean,0.09765625
ONPOLICY-SFT-Qwen3-1P7B-COLDSTART-CODE-KODCODE-CTX8K-S1-BETA0-V1_1783319854,100%,100,beta=0.0,beta0,76,Response length mean,response_length/mean,153.62890625
ONPOLICY-SFT-Qwen3-1P7B-COLDSTART-CODE-KODCODE-CTX8K-S1-BETA0-V1_1783319854,100%,100,beta=0.0,beta0,76,Time per step,perf/time_per_step,42.39230448566377
ONPOLICY-SFT-Qwen3-1P7B-COLDSTART-CODE-KODCODE-CTX8K-S1-BETA0-V1_1783319854,100%,100,beta=0.0,beta0,77,Rollout correct ratio,wdl_sft/correct_ratio,0.517578125
ONPOLICY-SFT-Qwen3-1P7B-COLDSTART-CODE-KODCODE-CTX8K-S1-BETA0-V1_1783319854,100%,100,beta=0.0,beta0,77,Gradient norm,actor/grad_norm,7.214416027069092
ONPOLICY-SFT-Qwen3-1P7B-COLDSTART-CODE-KODCODE-CTX8K-S1-BETA0-V1_1783319854,100%,100,beta=0.0,beta0,77,Train score mean,critic/score/mean,0.03515625
ONPOLICY-SFT-Qwen3-1P7B-COLDSTART-CODE-KODCODE-CTX8K-S1-BETA0-V1_1783319854,100%,100,beta=0.0,beta0,77,Response length mean,response_length/mean,145.791015625
ONPOLICY-SFT-Qwen3-1P7B-COLDSTART-CODE-KODCODE-CTX8K-S1-BETA0-V1_1783319854,100%,100,beta=0.0,beta0,77,Time per step,perf/time_per_step,41.22603626176715
ONPOLICY-SFT-Qwen3-1P7B-COLDSTART-CODE-KODCODE-CTX8K-S1-BETA0-V1_1783319854,100%,100,beta=0.0,beta0,78,Rollout correct ratio,wdl_sft/correct_ratio,0.439453125
ONPOLICY-SFT-Qwen3-1P7B-COLDSTART-CODE-KODCODE-CTX8K-S1-BETA0-V1_1783319854,100%,100,beta=0.0,beta0,78,Gradient norm,actor/grad_norm,8.265876770019531
ONPOLICY-SFT-Qwen3-1P7B-COLDSTART-CODE-KODCODE-CTX8K-S1-BETA0-V1_1783319854,100%,100,beta=0.0,beta0,78,Train score mean,critic/score/mean,-0.12109375
ONPOLICY-SFT-Qwen3-1P7B-COLDSTART-CODE-KODCODE-CTX8K-S1-BETA0-V1_1783319854,100%,100,beta=0.0,beta0,78,Response length mean,response_length/mean,156.591796875
ONPOLICY-SFT-Qwen3-1P7B-COLDSTART-CODE-KODCODE-CTX8K-S1-BETA0-V1_1783319854,100%,100,beta=0.0,beta0,78,Time per step,perf/time_per_step,16.205989381298423
ONPOLICY-SFT-Qwen3-1P7B-COLDSTART-CODE-KODCODE-CTX8K-S1-BETA0-V1_1783319854,100%,100,beta=0.0,beta0,79,Rollout correct ratio,wdl_sft/correct_ratio,0.50390625
ONPOLICY-SFT-Qwen3-1P7B-COLDSTART-CODE-KODCODE-CTX8K-S1-BETA0-V1_1783319854,100%,100,beta=0.0,beta0,79,Gradient norm,actor/grad_norm,7.307372093200684
ONPOLICY-SFT-Qwen3-1P7B-COLDSTART-CODE-KODCODE-CTX8K-S1-BETA0-V1_1783319854,100%,100,beta=0.0,beta0,79,Train score mean,critic/score/mean,0.0078125
ONPOLICY-SFT-Qwen3-1P7B-COLDSTART-CODE-KODCODE-CTX8K-S1-BETA0-V1_1783319854,100%,100,beta=0.0,beta0,79,Response length mean,response_length/mean,148.390625
ONPOLICY-SFT-Qwen3-1P7B-COLDSTART-CODE-KODCODE-CTX8K-S1-BETA0-V1_1783319854,100%,100,beta=0.0,beta0,79,Time per step,perf/time_per_step,40.58818911202252
ONPOLICY-SFT-Qwen3-1P7B-COLDSTART-CODE-KODCODE-CTX8K-S1-BETA0-V1_1783319854,100%,100,beta=0.0,beta0,80,HumanEval+ pass@1,val-core/HumanEval+/acc/pass@1,0.5121951219512195
ONPOLICY-SFT-Qwen3-1P7B-COLDSTART-CODE-KODCODE-CTX8K-S1-BETA0-V1_1783319854,100%,100,beta=0.0,beta0,80,MBPP+ pass@1,val-core/MBPP+/acc/pass@1,0.5132275132275133
ONPOLICY-SFT-Qwen3-1P7B-COLDSTART-CODE-KODCODE-CTX8K-S1-BETA0-V1_1783319854,100%,100,beta=0.0,beta0,80,LiveCodeBench pass@1,val-core/LiveCodeBench/acc/pass@1,0.171875
ONPOLICY-SFT-Qwen3-1P7B-COLDSTART-CODE-KODCODE-CTX8K-S1-BETA0-V1_1783319854,100%,100,beta=0.0,beta0,80,HumanEval+ extract fail,val-aux/HumanEval+/code_reward_extraction_fail/mean@1,0.006097560975609756
ONPOLICY-SFT-Qwen3-1P7B-COLDSTART-CODE-KODCODE-CTX8K-S1-BETA0-V1_1783319854,100%,100,beta=0.0,beta0,80,MBPP+ extract fail,val-aux/MBPP+/code_reward_extraction_fail/mean@1,0.005291005291005291
ONPOLICY-SFT-Qwen3-1P7B-COLDSTART-CODE-KODCODE-CTX8K-S1-BETA0-V1_1783319854,100%,100,beta=0.0,beta0,80,LiveCodeBench extract fail,val-aux/LiveCodeBench/code_reward_extraction_fail/mean@1,0.03125
ONPOLICY-SFT-Qwen3-1P7B-COLDSTART-CODE-KODCODE-CTX8K-S1-BETA0-V1_1783319854,100%,100,beta=0.0,beta0,80,Rollout correct ratio,wdl_sft/correct_ratio,0.548828125
ONPOLICY-SFT-Qwen3-1P7B-COLDSTART-CODE-KODCODE-CTX8K-S1-BETA0-V1_1783319854,100%,100,beta=0.0,beta0,80,Gradient norm,actor/grad_norm,7.0837578773498535
ONPOLICY-SFT-Qwen3-1P7B-COLDSTART-CODE-KODCODE-CTX8K-S1-BETA0-V1_1783319854,100%,100,beta=0.0,beta0,80,Train score mean,critic/score/mean,0.09765625
ONPOLICY-SFT-Qwen3-1P7B-COLDSTART-CODE-KODCODE-CTX8K-S1-BETA0-V1_1783319854,100%,100,beta=0.0,beta0,80,Response length mean,response_length/mean,159.86328125
ONPOLICY-SFT-Qwen3-1P7B-COLDSTART-CODE-KODCODE-CTX8K-S1-BETA0-V1_1783319854,100%,100,beta=0.0,beta0,80,Time per step,perf/time_per_step,48.58117926120758
ONPOLICY-SFT-Qwen3-1P7B-COLDSTART-CODE-KODCODE-CTX8K-S1-BETA0-V1_1783319854,100%,100,beta=0.0,beta0,81,Rollout correct ratio,wdl_sft/correct_ratio,0.4140625
ONPOLICY-SFT-Qwen3-1P7B-COLDSTART-CODE-KODCODE-CTX8K-S1-BETA0-V1_1783319854,100%,100,beta=0.0,beta0,81,Gradient norm,actor/grad_norm,8.289493560791016
ONPOLICY-SFT-Qwen3-1P7B-COLDSTART-CODE-KODCODE-CTX8K-S1-BETA0-V1_1783319854,100%,100,beta=0.0,beta0,81,Train score mean,critic/score/mean,-0.171875
ONPOLICY-SFT-Qwen3-1P7B-COLDSTART-CODE-KODCODE-CTX8K-S1-BETA0-V1_1783319854,100%,100,beta=0.0,beta0,81,Response length mean,response_length/mean,145.09765625
ONPOLICY-SFT-Qwen3-1P7B-COLDSTART-CODE-KODCODE-CTX8K-S1-BETA0-V1_1783319854,100%,100,beta=0.0,beta0,81,Time per step,perf/time_per_step,40.92699268553406
ONPOLICY-SFT-Qwen3-1P7B-COLDSTART-CODE-KODCODE-CTX8K-S1-BETA0-V1_1783319854,100%,100,beta=0.0,beta0,82,Rollout correct ratio,wdl_sft/correct_ratio,0.41796875
ONPOLICY-SFT-Qwen3-1P7B-COLDSTART-CODE-KODCODE-CTX8K-S1-BETA0-V1_1783319854,100%,100,beta=0.0,beta0,82,Gradient norm,actor/grad_norm,9.295926094055176
ONPOLICY-SFT-Qwen3-1P7B-COLDSTART-CODE-KODCODE-CTX8K-S1-BETA0-V1_1783319854,100%,100,beta=0.0,beta0,82,Train score mean,critic/score/mean,-0.1640625
ONPOLICY-SFT-Qwen3-1P7B-COLDSTART-CODE-KODCODE-CTX8K-S1-BETA0-V1_1783319854,100%,100,beta=0.0,beta0,82,Response length mean,response_length/mean,165.513671875
ONPOLICY-SFT-Qwen3-1P7B-COLDSTART-CODE-KODCODE-CTX8K-S1-BETA0-V1_1783319854,100%,100,beta=0.0,beta0,82,Time per step,perf/time_per_step,296.68331277370453
ONPOLICY-SFT-Qwen3-1P7B-COLDSTART-CODE-KODCODE-CTX8K-S1-BETA0-V1_1783319854,100%,100,beta=0.0,beta0,83,Rollout correct ratio,wdl_sft/correct_ratio,0.4296875
ONPOLICY-SFT-Qwen3-1P7B-COLDSTART-CODE-KODCODE-CTX8K-S1-BETA0-V1_1783319854,100%,100,beta=0.0,beta0,83,Gradient norm,actor/grad_norm,8.20058536529541
ONPOLICY-SFT-Qwen3-1P7B-COLDSTART-CODE-KODCODE-CTX8K-S1-BETA0-V1_1783319854,100%,100,beta=0.0,beta0,83,Train score mean,critic/score/mean,-0.140625
ONPOLICY-SFT-Qwen3-1P7B-COLDSTART-CODE-KODCODE-CTX8K-S1-BETA0-V1_1783319854,100%,100,beta=0.0,beta0,83,Response length mean,response_length/mean,163.025390625
ONPOLICY-SFT-Qwen3-1P7B-COLDSTART-CODE-KODCODE-CTX8K-S1-BETA0-V1_1783319854,100%,100,beta=0.0,beta0,83,Time per step,perf/time_per_step,41.323836111463606
ONPOLICY-SFT-Qwen3-1P7B-COLDSTART-CODE-KODCODE-CTX8K-S1-BETA0-V1_1783319854,100%,100,beta=0.0,beta0,84,Rollout correct ratio,wdl_sft/correct_ratio,0.513671875
ONPOLICY-SFT-Qwen3-1P7B-COLDSTART-CODE-KODCODE-CTX8K-S1-BETA0-V1_1783319854,100%,100,beta=0.0,beta0,84,Gradient norm,actor/grad_norm,8.532231330871582
ONPOLICY-SFT-Qwen3-1P7B-COLDSTART-CODE-KODCODE-CTX8K-S1-BETA0-V1_1783319854,100%,100,beta=0.0,beta0,84,Train score mean,critic/score/mean,0.02734375
ONPOLICY-SFT-Qwen3-1P7B-COLDSTART-CODE-KODCODE-CTX8K-S1-BETA0-V1_1783319854,100%,100,beta=0.0,beta0,84,Response length mean,response_length/mean,163.673828125
ONPOLICY-SFT-Qwen3-1P7B-COLDSTART-CODE-KODCODE-CTX8K-S1-BETA0-V1_1783319854,100%,100,beta=0.0,beta0,84,Time per step,perf/time_per_step,42.04112034011632
ONPOLICY-SFT-Qwen3-1P7B-COLDSTART-CODE-KODCODE-CTX8K-S1-BETA0-V1_1783319854,100%,100,beta=0.0,beta0,85,HumanEval+ pass@1,val-core/HumanEval+/acc/pass@1,0.5060975609756098
ONPOLICY-SFT-Qwen3-1P7B-COLDSTART-CODE-KODCODE-CTX8K-S1-BETA0-V1_1783319854,100%,100,beta=0.0,beta0,85,MBPP+ pass@1,val-core/MBPP+/acc/pass@1,0.5185185185185185
ONPOLICY-SFT-Qwen3-1P7B-COLDSTART-CODE-KODCODE-CTX8K-S1-BETA0-V1_1783319854,100%,100,beta=0.0,beta0,85,LiveCodeBench pass@1,val-core/LiveCodeBench/acc/pass@1,0.140625
ONPOLICY-SFT-Qwen3-1P7B-COLDSTART-CODE-KODCODE-CTX8K-S1-BETA0-V1_1783319854,100%,100,beta=0.0,beta0,85,HumanEval+ extract fail,val-aux/HumanEval+/code_reward_extraction_fail/mean@1,0.006097560975609756
ONPOLICY-SFT-Qwen3-1P7B-COLDSTART-CODE-KODCODE-CTX8K-S1-BETA0-V1_1783319854,100%,100,beta=0.0,beta0,85,MBPP+ extract fail,val-aux/MBPP+/code_reward_extraction_fail/mean@1,0.0026455026455026454
ONPOLICY-SFT-Qwen3-1P7B-COLDSTART-CODE-KODCODE-CTX8K-S1-BETA0-V1_1783319854,100%,100,beta=0.0,beta0,85,LiveCodeBench extract fail,val-aux/LiveCodeBench/code_reward_extraction_fail/mean@1,0.0
ONPOLICY-SFT-Qwen3-1P7B-COLDSTART-CODE-KODCODE-CTX8K-S1-BETA0-V1_1783319854,100%,100,beta=0.0,beta0,85,Rollout correct ratio,wdl_sft/correct_ratio,0.525390625
ONPOLICY-SFT-Qwen3-1P7B-COLDSTART-CODE-KODCODE-CTX8K-S1-BETA0-V1_1783319854,100%,100,beta=0.0,beta0,85,Gradient norm,actor/grad_norm,8.067816734313965
ONPOLICY-SFT-Qwen3-1P7B-COLDSTART-CODE-KODCODE-CTX8K-S1-BETA0-V1_1783319854,100%,100,beta=0.0,beta0,85,Train score mean,critic/score/mean,0.05078125
ONPOLICY-SFT-Qwen3-1P7B-COLDSTART-CODE-KODCODE-CTX8K-S1-BETA0-V1_1783319854,100%,100,beta=0.0,beta0,85,Response length mean,response_length/mean,161.23828125
ONPOLICY-SFT-Qwen3-1P7B-COLDSTART-CODE-KODCODE-CTX8K-S1-BETA0-V1_1783319854,100%,100,beta=0.0,beta0,85,Time per step,perf/time_per_step,47.598603629507124
ONPOLICY-SFT-Qwen3-1P7B-COLDSTART-CODE-KODCODE-CTX8K-S1-BETA0-V1_1783319854,100%,100,beta=0.0,beta0,86,Rollout correct ratio,wdl_sft/correct_ratio,0.345703125
ONPOLICY-SFT-Qwen3-1P7B-COLDSTART-CODE-KODCODE-CTX8K-S1-BETA0-V1_1783319854,100%,100,beta=0.0,beta0,86,Gradient norm,actor/grad_norm,8.609606742858887
ONPOLICY-SFT-Qwen3-1P7B-COLDSTART-CODE-KODCODE-CTX8K-S1-BETA0-V1_1783319854,100%,100,beta=0.0,beta0,86,Train score mean,critic/score/mean,-0.30859375
ONPOLICY-SFT-Qwen3-1P7B-COLDSTART-CODE-KODCODE-CTX8K-S1-BETA0-V1_1783319854,100%,100,beta=0.0,beta0,86,Response length mean,response_length/mean,153.2421875
ONPOLICY-SFT-Qwen3-1P7B-COLDSTART-CODE-KODCODE-CTX8K-S1-BETA0-V1_1783319854,100%,100,beta=0.0,beta0,86,Time per step,perf/time_per_step,15.298960386775434
ONPOLICY-SFT-Qwen3-1P7B-COLDSTART-CODE-KODCODE-CTX8K-S1-BETA0-V1_1783319854,100%,100,beta=0.0,beta0,87,Rollout correct ratio,wdl_sft/correct_ratio,0.44140625
ONPOLICY-SFT-Qwen3-1P7B-COLDSTART-CODE-KODCODE-CTX8K-S1-BETA0-V1_1783319854,100%,100,beta=0.0,beta0,87,Gradient norm,actor/grad_norm,7.280032157897949
ONPOLICY-SFT-Qwen3-1P7B-COLDSTART-CODE-KODCODE-CTX8K-S1-BETA0-V1_1783319854,100%,100,beta=0.0,beta0,87,Train score mean,critic/score/mean,-0.1171875
ONPOLICY-SFT-Qwen3-1P7B-COLDSTART-CODE-KODCODE-CTX8K-S1-BETA0-V1_1783319854,100%,100,beta=0.0,beta0,87,Response length mean,response_length/mean,133.4453125
ONPOLICY-SFT-Qwen3-1P7B-COLDSTART-CODE-KODCODE-CTX8K-S1-BETA0-V1_1783319854,100%,100,beta=0.0,beta0,87,Time per step,perf/time_per_step,41.4003533096984
ONPOLICY-SFT-Qwen3-1P7B-COLDSTART-CODE-KODCODE-CTX8K-S1-BETA0-V1_1783319854,100%,100,beta=0.0,beta0,88,Rollout correct ratio,wdl_sft/correct_ratio,0.365234375
ONPOLICY-SFT-Qwen3-1P7B-COLDSTART-CODE-KODCODE-CTX8K-S1-BETA0-V1_1783319854,100%,100,beta=0.0,beta0,88,Gradient norm,actor/grad_norm,10.060148239135742
ONPOLICY-SFT-Qwen3-1P7B-COLDSTART-CODE-KODCODE-CTX8K-S1-BETA0-V1_1783319854,100%,100,beta=0.0,beta0,88,Train score mean,critic/score/mean,-0.26953125
ONPOLICY-SFT-Qwen3-1P7B-COLDSTART-CODE-KODCODE-CTX8K-S1-BETA0-V1_1783319854,100%,100,beta=0.0,beta0,88,Response length mean,response_length/mean,165.6015625
ONPOLICY-SFT-Qwen3-1P7B-COLDSTART-CODE-KODCODE-CTX8K-S1-BETA0-V1_1783319854,100%,100,beta=0.0,beta0,88,Time per step,perf/time_per_step,48.09434530604631
ONPOLICY-SFT-Qwen3-1P7B-COLDSTART-CODE-KODCODE-CTX8K-S1-BETA0-V1_1783319854,100%,100,beta=0.0,beta0,89,Rollout correct ratio,wdl_sft/correct_ratio,0.60546875
ONPOLICY-SFT-Qwen3-1P7B-COLDSTART-CODE-KODCODE-CTX8K-S1-BETA0-V1_1783319854,100%,100,beta=0.0,beta0,89,Gradient norm,actor/grad_norm,6.655431747436523
ONPOLICY-SFT-Qwen3-1P7B-COLDSTART-CODE-KODCODE-CTX8K-S1-BETA0-V1_1783319854,100%,100,beta=0.0,beta0,89,Train score mean,critic/score/mean,0.2109375
ONPOLICY-SFT-Qwen3-1P7B-COLDSTART-CODE-KODCODE-CTX8K-S1-BETA0-V1_1783319854,100%,100,beta=0.0,beta0,89,Response length mean,response_length/mean,146.81640625
ONPOLICY-SFT-Qwen3-1P7B-COLDSTART-CODE-KODCODE-CTX8K-S1-BETA0-V1_1783319854,100%,100,beta=0.0,beta0,89,Time per step,perf/time_per_step,42.42751285620034
ONPOLICY-SFT-Qwen3-1P7B-COLDSTART-CODE-KODCODE-CTX8K-S1-BETA0-V1_1783319854,100%,100,beta=0.0,beta0,90,HumanEval+ pass@1,val-core/HumanEval+/acc/pass@1,0.4634146341463415
ONPOLICY-SFT-Qwen3-1P7B-COLDSTART-CODE-KODCODE-CTX8K-S1-BETA0-V1_1783319854,100%,100,beta=0.0,beta0,90,MBPP+ pass@1,val-core/MBPP+/acc/pass@1,0.5026455026455027
ONPOLICY-SFT-Qwen3-1P7B-COLDSTART-CODE-KODCODE-CTX8K-S1-BETA0-V1_1783319854,100%,100,beta=0.0,beta0,90,LiveCodeBench pass@1,val-core/LiveCodeBench/acc/pass@1,0.171875
ONPOLICY-SFT-Qwen3-1P7B-COLDSTART-CODE-KODCODE-CTX8K-S1-BETA0-V1_1783319854,100%,100,beta=0.0,beta0,90,HumanEval+ extract fail,val-aux/HumanEval+/code_reward_extraction_fail/mean@1,0.006097560975609756
ONPOLICY-SFT-Qwen3-1P7B-COLDSTART-CODE-KODCODE-CTX8K-S1-BETA0-V1_1783319854,100%,100,beta=0.0,beta0,90,MBPP+ extract fail,val-aux/MBPP+/code_reward_extraction_fail/mean@1,0.013227513227513227
ONPOLICY-SFT-Qwen3-1P7B-COLDSTART-CODE-KODCODE-CTX8K-S1-BETA0-V1_1783319854,100%,100,beta=0.0,beta0,90,LiveCodeBench extract fail,val-aux/LiveCodeBench/code_reward_extraction_fail/mean@1,0.015625
ONPOLICY-SFT-Qwen3-1P7B-COLDSTART-CODE-KODCODE-CTX8K-S1-BETA0-V1_1783319854,100%,100,beta=0.0,beta0,90,Rollout correct ratio,wdl_sft/correct_ratio,0.41796875
ONPOLICY-SFT-Qwen3-1P7B-COLDSTART-CODE-KODCODE-CTX8K-S1-BETA0-V1_1783319854,100%,100,beta=0.0,beta0,90,Gradient norm,actor/grad_norm,9.504462242126465
ONPOLICY-SFT-Qwen3-1P7B-COLDSTART-CODE-KODCODE-CTX8K-S1-BETA0-V1_1783319854,100%,100,beta=0.0,beta0,90,Train score mean,critic/score/mean,-0.1640625
ONPOLICY-SFT-Qwen3-1P7B-COLDSTART-CODE-KODCODE-CTX8K-S1-BETA0-V1_1783319854,100%,100,beta=0.0,beta0,90,Response length mean,response_length/mean,163.40625
ONPOLICY-SFT-Qwen3-1P7B-COLDSTART-CODE-KODCODE-CTX8K-S1-BETA0-V1_1783319854,100%,100,beta=0.0,beta0,90,Time per step,perf/time_per_step,46.579391311854124
ONPOLICY-SFT-Qwen3-1P7B-COLDSTART-CODE-KODCODE-CTX8K-S1-BETA0-V1_1783319854,100%,100,beta=0.0,beta0,91,Rollout correct ratio,wdl_sft/correct_ratio,0.537109375
ONPOLICY-SFT-Qwen3-1P7B-COLDSTART-CODE-KODCODE-CTX8K-S1-BETA0-V1_1783319854,100%,100,beta=0.0,beta0,91,Gradient norm,actor/grad_norm,6.397139072418213
ONPOLICY-SFT-Qwen3-1P7B-COLDSTART-CODE-KODCODE-CTX8K-S1-BETA0-V1_1783319854,100%,100,beta=0.0,beta0,91,Train score mean,critic/score/mean,0.07421875
ONPOLICY-SFT-Qwen3-1P7B-COLDSTART-CODE-KODCODE-CTX8K-S1-BETA0-V1_1783319854,100%,100,beta=0.0,beta0,91,Response length mean,response_length/mean,127.041015625
ONPOLICY-SFT-Qwen3-1P7B-COLDSTART-CODE-KODCODE-CTX8K-S1-BETA0-V1_1783319854,100%,100,beta=0.0,beta0,91,Time per step,perf/time_per_step,41.71003269031644
ONPOLICY-SFT-Qwen3-1P7B-COLDSTART-CODE-KODCODE-CTX8K-S1-BETA0-V1_1783319854,100%,100,beta=0.0,beta0,92,Rollout correct ratio,wdl_sft/correct_ratio,0.462890625
ONPOLICY-SFT-Qwen3-1P7B-COLDSTART-CODE-KODCODE-CTX8K-S1-BETA0-V1_1783319854,100%,100,beta=0.0,beta0,92,Gradient norm,actor/grad_norm,8.182600975036621
ONPOLICY-SFT-Qwen3-1P7B-COLDSTART-CODE-KODCODE-CTX8K-S1-BETA0-V1_1783319854,100%,100,beta=0.0,beta0,92,Train score mean,critic/score/mean,-0.07421875
ONPOLICY-SFT-Qwen3-1P7B-COLDSTART-CODE-KODCODE-CTX8K-S1-BETA0-V1_1783319854,100%,100,beta=0.0,beta0,92,Response length mean,response_length/mean,149.05078125
ONPOLICY-SFT-Qwen3-1P7B-COLDSTART-CODE-KODCODE-CTX8K-S1-BETA0-V1_1783319854,100%,100,beta=0.0,beta0,92,Time per step,perf/time_per_step,39.78172861319035
ONPOLICY-SFT-Qwen3-1P7B-COLDSTART-CODE-KODCODE-CTX8K-S1-BETA0-V1_1783319854,100%,100,beta=0.0,beta0,93,Rollout correct ratio,wdl_sft/correct_ratio,0.44921875
ONPOLICY-SFT-Qwen3-1P7B-COLDSTART-CODE-KODCODE-CTX8K-S1-BETA0-V1_1783319854,100%,100,beta=0.0,beta0,93,Gradient norm,actor/grad_norm,8.816298484802246
ONPOLICY-SFT-Qwen3-1P7B-COLDSTART-CODE-KODCODE-CTX8K-S1-BETA0-V1_1783319854,100%,100,beta=0.0,beta0,93,Train score mean,critic/score/mean,-0.1015625
ONPOLICY-SFT-Qwen3-1P7B-COLDSTART-CODE-KODCODE-CTX8K-S1-BETA0-V1_1783319854,100%,100,beta=0.0,beta0,93,Response length mean,response_length/mean,158.30859375
ONPOLICY-SFT-Qwen3-1P7B-COLDSTART-CODE-KODCODE-CTX8K-S1-BETA0-V1_1783319854,100%,100,beta=0.0,beta0,93,Time per step,perf/time_per_step,43.26311278901994
ONPOLICY-SFT-Qwen3-1P7B-COLDSTART-CODE-KODCODE-CTX8K-S1-BETA0-V1_1783319854,100%,100,beta=0.0,beta0,94,Rollout correct ratio,wdl_sft/correct_ratio,0.466796875
ONPOLICY-SFT-Qwen3-1P7B-COLDSTART-CODE-KODCODE-CTX8K-S1-BETA0-V1_1783319854,100%,100,beta=0.0,beta0,94,Gradient norm,actor/grad_norm,7.9918131828308105
ONPOLICY-SFT-Qwen3-1P7B-COLDSTART-CODE-KODCODE-CTX8K-S1-BETA0-V1_1783319854,100%,100,beta=0.0,beta0,94,Train score mean,critic/score/mean,-0.06640625
ONPOLICY-SFT-Qwen3-1P7B-COLDSTART-CODE-KODCODE-CTX8K-S1-BETA0-V1_1783319854,100%,100,beta=0.0,beta0,94,Response length mean,response_length/mean,158.708984375
ONPOLICY-SFT-Qwen3-1P7B-COLDSTART-CODE-KODCODE-CTX8K-S1-BETA0-V1_1783319854,100%,100,beta=0.0,beta0,94,Time per step,perf/time_per_step,40.65978736523539
ONPOLICY-SFT-Qwen3-1P7B-COLDSTART-CODE-KODCODE-CTX8K-S1-BETA0-V1_1783319854,100%,100,beta=0.0,beta0,95,HumanEval+ pass@1,val-core/HumanEval+/acc/pass@1,0.4878048780487805
ONPOLICY-SFT-Qwen3-1P7B-COLDSTART-CODE-KODCODE-CTX8K-S1-BETA0-V1_1783319854,100%,100,beta=0.0,beta0,95,MBPP+ pass@1,val-core/MBPP+/acc/pass@1,0.5158730158730159
ONPOLICY-SFT-Qwen3-1P7B-COLDSTART-CODE-KODCODE-CTX8K-S1-BETA0-V1_1783319854,100%,100,beta=0.0,beta0,95,LiveCodeBench pass@1,val-core/LiveCodeBench/acc/pass@1,0.140625
ONPOLICY-SFT-Qwen3-1P7B-COLDSTART-CODE-KODCODE-CTX8K-S1-BETA0-V1_1783319854,100%,100,beta=0.0,beta0,95,HumanEval+ extract fail,val-aux/HumanEval+/code_reward_extraction_fail/mean@1,0.0
ONPOLICY-SFT-Qwen3-1P7B-COLDSTART-CODE-KODCODE-CTX8K-S1-BETA0-V1_1783319854,100%,100,beta=0.0,beta0,95,MBPP+ extract fail,val-aux/MBPP+/code_reward_extraction_fail/mean@1,0.0
ONPOLICY-SFT-Qwen3-1P7B-COLDSTART-CODE-KODCODE-CTX8K-S1-BETA0-V1_1783319854,100%,100,beta=0.0,beta0,95,LiveCodeBench extract fail,val-aux/LiveCodeBench/code_reward_extraction_fail/mean@1,0.015625
ONPOLICY-SFT-Qwen3-1P7B-COLDSTART-CODE-KODCODE-CTX8K-S1-BETA0-V1_1783319854,100%,100,beta=0.0,beta0,95,Rollout correct ratio,wdl_sft/correct_ratio,0.51953125
ONPOLICY-SFT-Qwen3-1P7B-COLDSTART-CODE-KODCODE-CTX8K-S1-BETA0-V1_1783319854,100%,100,beta=0.0,beta0,95,Gradient norm,actor/grad_norm,7.2273945808410645
ONPOLICY-SFT-Qwen3-1P7B-COLDSTART-CODE-KODCODE-CTX8K-S1-BETA0-V1_1783319854,100%,100,beta=0.0,beta0,95,Train score mean,critic/score/mean,0.0390625
ONPOLICY-SFT-Qwen3-1P7B-COLDSTART-CODE-KODCODE-CTX8K-S1-BETA0-V1_1783319854,100%,100,beta=0.0,beta0,95,Response length mean,response_length/mean,159.19921875
ONPOLICY-SFT-Qwen3-1P7B-COLDSTART-CODE-KODCODE-CTX8K-S1-BETA0-V1_1783319854,100%,100,beta=0.0,beta0,95,Time per step,perf/time_per_step,46.78012315835804
ONPOLICY-SFT-Qwen3-1P7B-COLDSTART-CODE-KODCODE-CTX8K-S1-BETA0-V1_1783319854,100%,100,beta=0.0,beta0,96,Rollout correct ratio,wdl_sft/correct_ratio,0.359375
ONPOLICY-SFT-Qwen3-1P7B-COLDSTART-CODE-KODCODE-CTX8K-S1-BETA0-V1_1783319854,100%,100,beta=0.0,beta0,96,Gradient norm,actor/grad_norm,8.991122245788574
ONPOLICY-SFT-Qwen3-1P7B-COLDSTART-CODE-KODCODE-CTX8K-S1-BETA0-V1_1783319854,100%,100,beta=0.0,beta0,96,Train score mean,critic/score/mean,-0.28125
ONPOLICY-SFT-Qwen3-1P7B-COLDSTART-CODE-KODCODE-CTX8K-S1-BETA0-V1_1783319854,100%,100,beta=0.0,beta0,96,Response length mean,response_length/mean,166.818359375
ONPOLICY-SFT-Qwen3-1P7B-COLDSTART-CODE-KODCODE-CTX8K-S1-BETA0-V1_1783319854,100%,100,beta=0.0,beta0,96,Time per step,perf/time_per_step,43.48994426522404
ONPOLICY-SFT-Qwen3-1P7B-COLDSTART-CODE-KODCODE-CTX8K-S1-BETA0-V1_1783319854,100%,100,beta=0.0,beta0,97,Rollout correct ratio,wdl_sft/correct_ratio,0.427734375
ONPOLICY-SFT-Qwen3-1P7B-COLDSTART-CODE-KODCODE-CTX8K-S1-BETA0-V1_1783319854,100%,100,beta=0.0,beta0,97,Gradient norm,actor/grad_norm,7.4519853591918945
ONPOLICY-SFT-Qwen3-1P7B-COLDSTART-CODE-KODCODE-CTX8K-S1-BETA0-V1_1783319854,100%,100,beta=0.0,beta0,97,Train score mean,critic/score/mean,-0.14453125
ONPOLICY-SFT-Qwen3-1P7B-COLDSTART-CODE-KODCODE-CTX8K-S1-BETA0-V1_1783319854,100%,100,beta=0.0,beta0,97,Response length mean,response_length/mean,151.669921875
ONPOLICY-SFT-Qwen3-1P7B-COLDSTART-CODE-KODCODE-CTX8K-S1-BETA0-V1_1783319854,100%,100,beta=0.0,beta0,97,Time per step,perf/time_per_step,46.153725928626955
ONPOLICY-SFT-Qwen3-1P7B-COLDSTART-CODE-KODCODE-CTX8K-S1-BETA0-V1_1783319854,100%,100,beta=0.0,beta0,98,Rollout correct ratio,wdl_sft/correct_ratio,0.3828125
ONPOLICY-SFT-Qwen3-1P7B-COLDSTART-CODE-KODCODE-CTX8K-S1-BETA0-V1_1783319854,100%,100,beta=0.0,beta0,98,Gradient norm,actor/grad_norm,10.400198936462402
ONPOLICY-SFT-Qwen3-1P7B-COLDSTART-CODE-KODCODE-CTX8K-S1-BETA0-V1_1783319854,100%,100,beta=0.0,beta0,98,Train score mean,critic/score/mean,-0.234375
ONPOLICY-SFT-Qwen3-1P7B-COLDSTART-CODE-KODCODE-CTX8K-S1-BETA0-V1_1783319854,100%,100,beta=0.0,beta0,98,Response length mean,response_length/mean,166.322265625
ONPOLICY-SFT-Qwen3-1P7B-COLDSTART-CODE-KODCODE-CTX8K-S1-BETA0-V1_1783319854,100%,100,beta=0.0,beta0,98,Time per step,perf/time_per_step,43.202873705886304
ONPOLICY-SFT-Qwen3-1P7B-COLDSTART-CODE-KODCODE-CTX8K-S1-BETA0-V1_1783319854,100%,100,beta=0.0,beta0,99,Rollout correct ratio,wdl_sft/correct_ratio,0.44140625
ONPOLICY-SFT-Qwen3-1P7B-COLDSTART-CODE-KODCODE-CTX8K-S1-BETA0-V1_1783319854,100%,100,beta=0.0,beta0,99,Gradient norm,actor/grad_norm,7.9036641120910645
ONPOLICY-SFT-Qwen3-1P7B-COLDSTART-CODE-KODCODE-CTX8K-S1-BETA0-V1_1783319854,100%,100,beta=0.0,beta0,99,Train score mean,critic/score/mean,-0.1171875
ONPOLICY-SFT-Qwen3-1P7B-COLDSTART-CODE-KODCODE-CTX8K-S1-BETA0-V1_1783319854,100%,100,beta=0.0,beta0,99,Response length mean,response_length/mean,169.443359375
ONPOLICY-SFT-Qwen3-1P7B-COLDSTART-CODE-KODCODE-CTX8K-S1-BETA0-V1_1783319854,100%,100,beta=0.0,beta0,99,Time per step,perf/time_per_step,42.48613724857569
ONPOLICY-SFT-Qwen3-1P7B-COLDSTART-CODE-KODCODE-CTX8K-S1-BETA0-V1_1783319854,100%,100,beta=0.0,beta0,100,HumanEval+ pass@1,val-core/HumanEval+/acc/pass@1,0.5182926829268293
ONPOLICY-SFT-Qwen3-1P7B-COLDSTART-CODE-KODCODE-CTX8K-S1-BETA0-V1_1783319854,100%,100,beta=0.0,beta0,100,MBPP+ pass@1,val-core/MBPP+/acc/pass@1,0.5158730158730159
ONPOLICY-SFT-Qwen3-1P7B-COLDSTART-CODE-KODCODE-CTX8K-S1-BETA0-V1_1783319854,100%,100,beta=0.0,beta0,100,LiveCodeBench pass@1,val-core/LiveCodeBench/acc/pass@1,0.1484375
ONPOLICY-SFT-Qwen3-1P7B-COLDSTART-CODE-KODCODE-CTX8K-S1-BETA0-V1_1783319854,100%,100,beta=0.0,beta0,100,HumanEval+ extract fail,val-aux/HumanEval+/code_reward_extraction_fail/mean@1,0.006097560975609756
ONPOLICY-SFT-Qwen3-1P7B-COLDSTART-CODE-KODCODE-CTX8K-S1-BETA0-V1_1783319854,100%,100,beta=0.0,beta0,100,MBPP+ extract fail,val-aux/MBPP+/code_reward_extraction_fail/mean@1,0.0026455026455026454
ONPOLICY-SFT-Qwen3-1P7B-COLDSTART-CODE-KODCODE-CTX8K-S1-BETA0-V1_1783319854,100%,100,beta=0.0,beta0,100,LiveCodeBench extract fail,val-aux/LiveCodeBench/code_reward_extraction_fail/mean@1,0.0234375
ONPOLICY-SFT-Qwen3-1P7B-COLDSTART-CODE-KODCODE-CTX8K-S1-BETA0-V1_1783319854,100%,100,beta=0.0,beta0,100,Rollout correct ratio,wdl_sft/correct_ratio,0.4765625
ONPOLICY-SFT-Qwen3-1P7B-COLDSTART-CODE-KODCODE-CTX8K-S1-BETA0-V1_1783319854,100%,100,beta=0.0,beta0,100,Gradient norm,actor/grad_norm,7.726709365844727
ONPOLICY-SFT-Qwen3-1P7B-COLDSTART-CODE-KODCODE-CTX8K-S1-BETA0-V1_1783319854,100%,100,beta=0.0,beta0,100,Train score mean,critic/score/mean,-0.046875
ONPOLICY-SFT-Qwen3-1P7B-COLDSTART-CODE-KODCODE-CTX8K-S1-BETA0-V1_1783319854,100%,100,beta=0.0,beta0,100,Response length mean,response_length/mean,156.6171875
ONPOLICY-SFT-Qwen3-1P7B-COLDSTART-CODE-KODCODE-CTX8K-S1-BETA0-V1_1783319854,100%,100,beta=0.0,beta0,100,Time per step,perf/time_per_step,48.52669809758663
ONPOLICY-SFT-Qwen3-1P7B-COLDSTART-CODE-KODCODE-CTX8K-S1-BETA0-V1_1783319854,100%,100,beta=0.0,beta0,101,Rollout correct ratio,wdl_sft/correct_ratio,0.470703125
ONPOLICY-SFT-Qwen3-1P7B-COLDSTART-CODE-KODCODE-CTX8K-S1-BETA0-V1_1783319854,100%,100,beta=0.0,beta0,101,Gradient norm,actor/grad_norm,7.836079120635986
ONPOLICY-SFT-Qwen3-1P7B-COLDSTART-CODE-KODCODE-CTX8K-S1-BETA0-V1_1783319854,100%,100,beta=0.0,beta0,101,Train score mean,critic/score/mean,-0.05859375
ONPOLICY-SFT-Qwen3-1P7B-COLDSTART-CODE-KODCODE-CTX8K-S1-BETA0-V1_1783319854,100%,100,beta=0.0,beta0,101,Response length mean,response_length/mean,152.515625
ONPOLICY-SFT-Qwen3-1P7B-COLDSTART-CODE-KODCODE-CTX8K-S1-BETA0-V1_1783319854,100%,100,beta=0.0,beta0,101,Time per step,perf/time_per_step,40.48094588238746
ONPOLICY-SFT-Qwen3-1P7B-COLDSTART-CODE-KODCODE-CTX8K-S1-BETA0-V1_1783319854,100%,100,beta=0.0,beta0,102,Rollout correct ratio,wdl_sft/correct_ratio,0.455078125
ONPOLICY-SFT-Qwen3-1P7B-COLDSTART-CODE-KODCODE-CTX8K-S1-BETA0-V1_1783319854,100%,100,beta=0.0,beta0,102,Gradient norm,actor/grad_norm,6.83029842376709
ONPOLICY-SFT-Qwen3-1P7B-COLDSTART-CODE-KODCODE-CTX8K-S1-BETA0-V1_1783319854,100%,100,beta=0.0,beta0,102,Train score mean,critic/score/mean,-0.08984375
ONPOLICY-SFT-Qwen3-1P7B-COLDSTART-CODE-KODCODE-CTX8K-S1-BETA0-V1_1783319854,100%,100,beta=0.0,beta0,102,Response length mean,response_length/mean,161.625
ONPOLICY-SFT-Qwen3-1P7B-COLDSTART-CODE-KODCODE-CTX8K-S1-BETA0-V1_1783319854,100%,100,beta=0.0,beta0,102,Time per step,perf/time_per_step,42.9733123248443
ONPOLICY-SFT-Qwen3-1P7B-COLDSTART-CODE-KODCODE-CTX8K-S1-BETA0-V1_1783319854,100%,100,beta=0.0,beta0,103,Rollout correct ratio,wdl_sft/correct_ratio,0.40625
ONPOLICY-SFT-Qwen3-1P7B-COLDSTART-CODE-KODCODE-CTX8K-S1-BETA0-V1_1783319854,100%,100,beta=0.0,beta0,103,Gradient norm,actor/grad_norm,8.893765449523926
ONPOLICY-SFT-Qwen3-1P7B-COLDSTART-CODE-KODCODE-CTX8K-S1-BETA0-V1_1783319854,100%,100,beta=0.0,beta0,103,Train score mean,critic/score/mean,-0.1875
ONPOLICY-SFT-Qwen3-1P7B-COLDSTART-CODE-KODCODE-CTX8K-S1-BETA0-V1_1783319854,100%,100,beta=0.0,beta0,103,Response length mean,response_length/mean,159.87109375
ONPOLICY-SFT-Qwen3-1P7B-COLDSTART-CODE-KODCODE-CTX8K-S1-BETA0-V1_1783319854,100%,100,beta=0.0,beta0,103,Time per step,perf/time_per_step,40.50671461224556
ONPOLICY-SFT-Qwen3-1P7B-COLDSTART-CODE-KODCODE-CTX8K-S1-BETA0-V1_1783319854,100%,100,beta=0.0,beta0,104,Rollout correct ratio,wdl_sft/correct_ratio,0.431640625
ONPOLICY-SFT-Qwen3-1P7B-COLDSTART-CODE-KODCODE-CTX8K-S1-BETA0-V1_1783319854,100%,100,beta=0.0,beta0,104,Gradient norm,actor/grad_norm,7.937641620635986
ONPOLICY-SFT-Qwen3-1P7B-COLDSTART-CODE-KODCODE-CTX8K-S1-BETA0-V1_1783319854,100%,100,beta=0.0,beta0,104,Train score mean,critic/score/mean,-0.13671875
ONPOLICY-SFT-Qwen3-1P7B-COLDSTART-CODE-KODCODE-CTX8K-S1-BETA0-V1_1783319854,100%,100,beta=0.0,beta0,104,Response length mean,response_length/mean,142.310546875
ONPOLICY-SFT-Qwen3-1P7B-COLDSTART-CODE-KODCODE-CTX8K-S1-BETA0-V1_1783319854,100%,100,beta=0.0,beta0,104,Time per step,perf/time_per_step,40.34964526910335
ONPOLICY-SFT-Qwen3-1P7B-COLDSTART-CODE-KODCODE-CTX8K-S1-BETA0-V1_1783319854,100%,100,beta=0.0,beta0,105,HumanEval+ pass@1,val-core/HumanEval+/acc/pass@1,0.4817073170731707
ONPOLICY-SFT-Qwen3-1P7B-COLDSTART-CODE-KODCODE-CTX8K-S1-BETA0-V1_1783319854,100%,100,beta=0.0,beta0,105,MBPP+ pass@1,val-core/MBPP+/acc/pass@1,0.5105820105820106
ONPOLICY-SFT-Qwen3-1P7B-COLDSTART-CODE-KODCODE-CTX8K-S1-BETA0-V1_1783319854,100%,100,beta=0.0,beta0,105,LiveCodeBench pass@1,val-core/LiveCodeBench/acc/pass@1,0.1640625
ONPOLICY-SFT-Qwen3-1P7B-COLDSTART-CODE-KODCODE-CTX8K-S1-BETA0-V1_1783319854,100%,100,beta=0.0,beta0,105,HumanEval+ extract fail,val-aux/HumanEval+/code_reward_extraction_fail/mean@1,0.006097560975609756
ONPOLICY-SFT-Qwen3-1P7B-COLDSTART-CODE-KODCODE-CTX8K-S1-BETA0-V1_1783319854,100%,100,beta=0.0,beta0,105,MBPP+ extract fail,val-aux/MBPP+/code_reward_extraction_fail/mean@1,0.0
ONPOLICY-SFT-Qwen3-1P7B-COLDSTART-CODE-KODCODE-CTX8K-S1-BETA0-V1_1783319854,100%,100,beta=0.0,beta0,105,LiveCodeBench extract fail,val-aux/LiveCodeBench/code_reward_extraction_fail/mean@1,0.0078125
ONPOLICY-SFT-Qwen3-1P7B-COLDSTART-CODE-KODCODE-CTX8K-S1-BETA0-V1_1783319854,100%,100,beta=0.0,beta0,105,Rollout correct ratio,wdl_sft/correct_ratio,0.431640625
ONPOLICY-SFT-Qwen3-1P7B-COLDSTART-CODE-KODCODE-CTX8K-S1-BETA0-V1_1783319854,100%,100,beta=0.0,beta0,105,Gradient norm,actor/grad_norm,9.299375534057617
ONPOLICY-SFT-Qwen3-1P7B-COLDSTART-CODE-KODCODE-CTX8K-S1-BETA0-V1_1783319854,100%,100,beta=0.0,beta0,105,Train score mean,critic/score/mean,-0.13671875
ONPOLICY-SFT-Qwen3-1P7B-COLDSTART-CODE-KODCODE-CTX8K-S1-BETA0-V1_1783319854,100%,100,beta=0.0,beta0,105,Response length mean,response_length/mean,152.396484375
ONPOLICY-SFT-Qwen3-1P7B-COLDSTART-CODE-KODCODE-CTX8K-S1-BETA0-V1_1783319854,100%,100,beta=0.0,beta0,105,Time per step,perf/time_per_step,46.50312055461109
ONPOLICY-SFT-Qwen3-1P7B-COLDSTART-CODE-KODCODE-CTX8K-S1-BETA0-V1_1783319854,100%,100,beta=0.0,beta0,106,Rollout correct ratio,wdl_sft/correct_ratio,0.455078125
ONPOLICY-SFT-Qwen3-1P7B-COLDSTART-CODE-KODCODE-CTX8K-S1-BETA0-V1_1783319854,100%,100,beta=0.0,beta0,106,Gradient norm,actor/grad_norm,7.629060745239258
ONPOLICY-SFT-Qwen3-1P7B-COLDSTART-CODE-KODCODE-CTX8K-S1-BETA0-V1_1783319854,100%,100,beta=0.0,beta0,106,Train score mean,critic/score/mean,-0.08984375
ONPOLICY-SFT-Qwen3-1P7B-COLDSTART-CODE-KODCODE-CTX8K-S1-BETA0-V1_1783319854,100%,100,beta=0.0,beta0,106,Response length mean,response_length/mean,136.814453125
ONPOLICY-SFT-Qwen3-1P7B-COLDSTART-CODE-KODCODE-CTX8K-S1-BETA0-V1_1783319854,100%,100,beta=0.0,beta0,106,Time per step,perf/time_per_step,42.665595163591206
ONPOLICY-SFT-Qwen3-1P7B-COLDSTART-CODE-KODCODE-CTX8K-S1-BETA0-V1_1783319854,100%,100,beta=0.0,beta0,107,Rollout correct ratio,wdl_sft/correct_ratio,0.431640625
ONPOLICY-SFT-Qwen3-1P7B-COLDSTART-CODE-KODCODE-CTX8K-S1-BETA0-V1_1783319854,100%,100,beta=0.0,beta0,107,Gradient norm,actor/grad_norm,7.721428871154785
ONPOLICY-SFT-Qwen3-1P7B-COLDSTART-CODE-KODCODE-CTX8K-S1-BETA0-V1_1783319854,100%,100,beta=0.0,beta0,107,Train score mean,critic/score/mean,-0.13671875
ONPOLICY-SFT-Qwen3-1P7B-COLDSTART-CODE-KODCODE-CTX8K-S1-BETA0-V1_1783319854,100%,100,beta=0.0,beta0,107,Response length mean,response_length/mean,156.4296875
ONPOLICY-SFT-Qwen3-1P7B-COLDSTART-CODE-KODCODE-CTX8K-S1-BETA0-V1_1783319854,100%,100,beta=0.0,beta0,107,Time per step,perf/time_per_step,17.120048279874027
ONPOLICY-SFT-Qwen3-1P7B-COLDSTART-CODE-KODCODE-CTX8K-S1-BETA0-V1_1783319854,100%,100,beta=0.0,beta0,108,Rollout correct ratio,wdl_sft/correct_ratio,0.4453125
ONPOLICY-SFT-Qwen3-1P7B-COLDSTART-CODE-KODCODE-CTX8K-S1-BETA0-V1_1783319854,100%,100,beta=0.0,beta0,108,Gradient norm,actor/grad_norm,7.210034370422363
ONPOLICY-SFT-Qwen3-1P7B-COLDSTART-CODE-KODCODE-CTX8K-S1-BETA0-V1_1783319854,100%,100,beta=0.0,beta0,108,Train score mean,critic/score/mean,-0.109375
ONPOLICY-SFT-Qwen3-1P7B-COLDSTART-CODE-KODCODE-CTX8K-S1-BETA0-V1_1783319854,100%,100,beta=0.0,beta0,108,Response length mean,response_length/mean,140.5703125
ONPOLICY-SFT-Qwen3-1P7B-COLDSTART-CODE-KODCODE-CTX8K-S1-BETA0-V1_1783319854,100%,100,beta=0.0,beta0,108,Time per step,perf/time_per_step,40.832658272236586
ONPOLICY-SFT-Qwen3-1P7B-COLDSTART-CODE-KODCODE-CTX8K-S1-BETA0-V1_1783319854,100%,100,beta=0.0,beta0,109,Rollout correct ratio,wdl_sft/correct_ratio,0.408203125
ONPOLICY-SFT-Qwen3-1P7B-COLDSTART-CODE-KODCODE-CTX8K-S1-BETA0-V1_1783319854,100%,100,beta=0.0,beta0,109,Gradient norm,actor/grad_norm,8.932854652404785
ONPOLICY-SFT-Qwen3-1P7B-COLDSTART-CODE-KODCODE-CTX8K-S1-BETA0-V1_1783319854,100%,100,beta=0.0,beta0,109,Train score mean,critic/score/mean,-0.18359375
ONPOLICY-SFT-Qwen3-1P7B-COLDSTART-CODE-KODCODE-CTX8K-S1-BETA0-V1_1783319854,100%,100,beta=0.0,beta0,109,Response length mean,response_length/mean,156.65625
ONPOLICY-SFT-Qwen3-1P7B-COLDSTART-CODE-KODCODE-CTX8K-S1-BETA0-V1_1783319854,100%,100,beta=0.0,beta0,109,Time per step,perf/time_per_step,42.17492081876844
ONPOLICY-SFT-Qwen3-1P7B-COLDSTART-CODE-KODCODE-CTX8K-S1-BETA0-V1_1783319854,100%,100,beta=0.0,beta0,110,HumanEval+ pass@1,val-core/HumanEval+/acc/pass@1,0.4695121951219512
ONPOLICY-SFT-Qwen3-1P7B-COLDSTART-CODE-KODCODE-CTX8K-S1-BETA0-V1_1783319854,100%,100,beta=0.0,beta0,110,MBPP+ pass@1,val-core/MBPP+/acc/pass@1,0.5185185185185185
ONPOLICY-SFT-Qwen3-1P7B-COLDSTART-CODE-KODCODE-CTX8K-S1-BETA0-V1_1783319854,100%,100,beta=0.0,beta0,110,LiveCodeBench pass@1,val-core/LiveCodeBench/acc/pass@1,0.1640625
ONPOLICY-SFT-Qwen3-1P7B-COLDSTART-CODE-KODCODE-CTX8K-S1-BETA0-V1_1783319854,100%,100,beta=0.0,beta0,110,HumanEval+ extract fail,val-aux/HumanEval+/code_reward_extraction_fail/mean@1,0.0
ONPOLICY-SFT-Qwen3-1P7B-COLDSTART-CODE-KODCODE-CTX8K-S1-BETA0-V1_1783319854,100%,100,beta=0.0,beta0,110,MBPP+ extract fail,val-aux/MBPP+/code_reward_extraction_fail/mean@1,0.007936507936507936
ONPOLICY-SFT-Qwen3-1P7B-COLDSTART-CODE-KODCODE-CTX8K-S1-BETA0-V1_1783319854,100%,100,beta=0.0,beta0,110,LiveCodeBench extract fail,val-aux/LiveCodeBench/code_reward_extraction_fail/mean@1,0.03125
ONPOLICY-SFT-Qwen3-1P7B-COLDSTART-CODE-KODCODE-CTX8K-S1-BETA0-V1_1783319854,100%,100,beta=0.0,beta0,110,Rollout correct ratio,wdl_sft/correct_ratio,0.466796875
ONPOLICY-SFT-Qwen3-1P7B-COLDSTART-CODE-KODCODE-CTX8K-S1-BETA0-V1_1783319854,100%,100,beta=0.0,beta0,110,Gradient norm,actor/grad_norm,7.761562824249268
ONPOLICY-SFT-Qwen3-1P7B-COLDSTART-CODE-KODCODE-CTX8K-S1-BETA0-V1_1783319854,100%,100,beta=0.0,beta0,110,Train score mean,critic/score/mean,-0.06640625
ONPOLICY-SFT-Qwen3-1P7B-COLDSTART-CODE-KODCODE-CTX8K-S1-BETA0-V1_1783319854,100%,100,beta=0.0,beta0,110,Response length mean,response_length/mean,161.103515625
ONPOLICY-SFT-Qwen3-1P7B-COLDSTART-CODE-KODCODE-CTX8K-S1-BETA0-V1_1783319854,100%,100,beta=0.0,beta0,110,Time per step,perf/time_per_step,48.69615228381008
ONPOLICY-SFT-Qwen3-1P7B-COLDSTART-CODE-KODCODE-CTX8K-S1-BETA0-V1_1783319854,100%,100,beta=0.0,beta0,111,Rollout correct ratio,wdl_sft/correct_ratio,0.4921875
ONPOLICY-SFT-Qwen3-1P7B-COLDSTART-CODE-KODCODE-CTX8K-S1-BETA0-V1_1783319854,100%,100,beta=0.0,beta0,111,Gradient norm,actor/grad_norm,7.135280609130859
ONPOLICY-SFT-Qwen3-1P7B-COLDSTART-CODE-KODCODE-CTX8K-S1-BETA0-V1_1783319854,100%,100,beta=0.0,beta0,111,Train score mean,critic/score/mean,-0.015625
ONPOLICY-SFT-Qwen3-1P7B-COLDSTART-CODE-KODCODE-CTX8K-S1-BETA0-V1_1783319854,100%,100,beta=0.0,beta0,111,Response length mean,response_length/mean,143.044921875
ONPOLICY-SFT-Qwen3-1P7B-COLDSTART-CODE-KODCODE-CTX8K-S1-BETA0-V1_1783319854,100%,100,beta=0.0,beta0,111,Time per step,perf/time_per_step,41.61070475913584
ONPOLICY-SFT-Qwen3-1P7B-COLDSTART-CODE-KODCODE-CTX8K-S1-BETA0-V1_1783319854,100%,100,beta=0.0,beta0,112,Rollout correct ratio,wdl_sft/correct_ratio,0.46484375
ONPOLICY-SFT-Qwen3-1P7B-COLDSTART-CODE-KODCODE-CTX8K-S1-BETA0-V1_1783319854,100%,100,beta=0.0,beta0,112,Gradient norm,actor/grad_norm,8.174057960510254
ONPOLICY-SFT-Qwen3-1P7B-COLDSTART-CODE-KODCODE-CTX8K-S1-BETA0-V1_1783319854,100%,100,beta=0.0,beta0,112,Train score mean,critic/score/mean,-0.0703125
ONPOLICY-SFT-Qwen3-1P7B-COLDSTART-CODE-KODCODE-CTX8K-S1-BETA0-V1_1783319854,100%,100,beta=0.0,beta0,112,Response length mean,response_length/mean,158.5234375
ONPOLICY-SFT-Qwen3-1P7B-COLDSTART-CODE-KODCODE-CTX8K-S1-BETA0-V1_1783319854,100%,100,beta=0.0,beta0,112,Time per step,perf/time_per_step,13.852332863025367
ONPOLICY-SFT-Qwen3-1P7B-COLDSTART-CODE-KODCODE-CTX8K-S1-BETA0-V1_1783319854,100%,100,beta=0.0,beta0,113,Rollout correct ratio,wdl_sft/correct_ratio,0.43359375
ONPOLICY-SFT-Qwen3-1P7B-COLDSTART-CODE-KODCODE-CTX8K-S1-BETA0-V1_1783319854,100%,100,beta=0.0,beta0,113,Gradient norm,actor/grad_norm,8.561038970947266
ONPOLICY-SFT-Qwen3-1P7B-COLDSTART-CODE-KODCODE-CTX8K-S1-BETA0-V1_1783319854,100%,100,beta=0.0,beta0,113,Train score mean,critic/score/mean,-0.1328125
ONPOLICY-SFT-Qwen3-1P7B-COLDSTART-CODE-KODCODE-CTX8K-S1-BETA0-V1_1783319854,100%,100,beta=0.0,beta0,113,Response length mean,response_length/mean,151.51953125
ONPOLICY-SFT-Qwen3-1P7B-COLDSTART-CODE-KODCODE-CTX8K-S1-BETA0-V1_1783319854,100%,100,beta=0.0,beta0,113,Time per step,perf/time_per_step,66.35054739005864
ONPOLICY-SFT-Qwen3-1P7B-COLDSTART-CODE-KODCODE-CTX8K-S1-BETA0-V1_1783319854,100%,100,beta=0.0,beta0,114,Rollout correct ratio,wdl_sft/correct_ratio,0.48046875
ONPOLICY-SFT-Qwen3-1P7B-COLDSTART-CODE-KODCODE-CTX8K-S1-BETA0-V1_1783319854,100%,100,beta=0.0,beta0,114,Gradient norm,actor/grad_norm,7.648531436920166
ONPOLICY-SFT-Qwen3-1P7B-COLDSTART-CODE-KODCODE-CTX8K-S1-BETA0-V1_1783319854,100%,100,beta=0.0,beta0,114,Train score mean,critic/score/mean,-0.0390625
ONPOLICY-SFT-Qwen3-1P7B-COLDSTART-CODE-KODCODE-CTX8K-S1-BETA0-V1_1783319854,100%,100,beta=0.0,beta0,114,Response length mean,response_length/mean,155.822265625
ONPOLICY-SFT-Qwen3-1P7B-COLDSTART-CODE-KODCODE-CTX8K-S1-BETA0-V1_1783319854,100%,100,beta=0.0,beta0,114,Time per step,perf/time_per_step,44.05292873643339
ONPOLICY-SFT-Qwen3-1P7B-COLDSTART-CODE-KODCODE-CTX8K-S1-BETA0-V1_1783319854,100%,100,beta=0.0,beta0,115,HumanEval+ pass@1,val-core/HumanEval+/acc/pass@1,0.5182926829268293
ONPOLICY-SFT-Qwen3-1P7B-COLDSTART-CODE-KODCODE-CTX8K-S1-BETA0-V1_1783319854,100%,100,beta=0.0,beta0,115,MBPP+ pass@1,val-core/MBPP+/acc/pass@1,0.5079365079365079
ONPOLICY-SFT-Qwen3-1P7B-COLDSTART-CODE-KODCODE-CTX8K-S1-BETA0-V1_1783319854,100%,100,beta=0.0,beta0,115,LiveCodeBench pass@1,val-core/LiveCodeBench/acc/pass@1,0.1484375
ONPOLICY-SFT-Qwen3-1P7B-COLDSTART-CODE-KODCODE-CTX8K-S1-BETA0-V1_1783319854,100%,100,beta=0.0,beta0,115,HumanEval+ extract fail,val-aux/HumanEval+/code_reward_extraction_fail/mean@1,0.006097560975609756
ONPOLICY-SFT-Qwen3-1P7B-COLDSTART-CODE-KODCODE-CTX8K-S1-BETA0-V1_1783319854,100%,100,beta=0.0,beta0,115,MBPP+ extract fail,val-aux/MBPP+/code_reward_extraction_fail/mean@1,0.005291005291005291
ONPOLICY-SFT-Qwen3-1P7B-COLDSTART-CODE-KODCODE-CTX8K-S1-BETA0-V1_1783319854,100%,100,beta=0.0,beta0,115,LiveCodeBench extract fail,val-aux/LiveCodeBench/code_reward_extraction_fail/mean@1,0.0
ONPOLICY-SFT-Qwen3-1P7B-COLDSTART-CODE-KODCODE-CTX8K-S1-BETA0-V1_1783319854,100%,100,beta=0.0,beta0,115,Rollout correct ratio,wdl_sft/correct_ratio,0.423828125
ONPOLICY-SFT-Qwen3-1P7B-COLDSTART-CODE-KODCODE-CTX8K-S1-BETA0-V1_1783319854,100%,100,beta=0.0,beta0,115,Gradient norm,actor/grad_norm,9.015524864196777
ONPOLICY-SFT-Qwen3-1P7B-COLDSTART-CODE-KODCODE-CTX8K-S1-BETA0-V1_1783319854,100%,100,beta=0.0,beta0,115,Train score mean,critic/score/mean,-0.15234375
ONPOLICY-SFT-Qwen3-1P7B-COLDSTART-CODE-KODCODE-CTX8K-S1-BETA0-V1_1783319854,100%,100,beta=0.0,beta0,115,Response length mean,response_length/mean,169.96484375
ONPOLICY-SFT-Qwen3-1P7B-COLDSTART-CODE-KODCODE-CTX8K-S1-BETA0-V1_1783319854,100%,100,beta=0.0,beta0,115,Time per step,perf/time_per_step,48.669454576447606
ONPOLICY-SFT-Qwen3-1P7B-COLDSTART-CODE-KODCODE-CTX8K-S1-BETA0-V1_1783319854,100%,100,beta=0.0,beta0,116,Rollout correct ratio,wdl_sft/correct_ratio,0.33203125
ONPOLICY-SFT-Qwen3-1P7B-COLDSTART-CODE-KODCODE-CTX8K-S1-BETA0-V1_1783319854,100%,100,beta=0.0,beta0,116,Gradient norm,actor/grad_norm,9.892571449279785
ONPOLICY-SFT-Qwen3-1P7B-COLDSTART-CODE-KODCODE-CTX8K-S1-BETA0-V1_1783319854,100%,100,beta=0.0,beta0,116,Train score mean,critic/score/mean,-0.3359375
ONPOLICY-SFT-Qwen3-1P7B-COLDSTART-CODE-KODCODE-CTX8K-S1-BETA0-V1_1783319854,100%,100,beta=0.0,beta0,116,Response length mean,response_length/mean,165.8359375
ONPOLICY-SFT-Qwen3-1P7B-COLDSTART-CODE-KODCODE-CTX8K-S1-BETA0-V1_1783319854,100%,100,beta=0.0,beta0,116,Time per step,perf/time_per_step,42.06900420319289
ONPOLICY-SFT-Qwen3-1P7B-COLDSTART-CODE-KODCODE-CTX8K-S1-BETA0-V1_1783319854,100%,100,beta=0.0,beta0,117,Rollout correct ratio,wdl_sft/correct_ratio,0.439453125
ONPOLICY-SFT-Qwen3-1P7B-COLDSTART-CODE-KODCODE-CTX8K-S1-BETA0-V1_1783319854,100%,100,beta=0.0,beta0,117,Gradient norm,actor/grad_norm,7.83143949508667
ONPOLICY-SFT-Qwen3-1P7B-COLDSTART-CODE-KODCODE-CTX8K-S1-BETA0-V1_1783319854,100%,100,beta=0.0,beta0,117,Train score mean,critic/score/mean,-0.12109375
ONPOLICY-SFT-Qwen3-1P7B-COLDSTART-CODE-KODCODE-CTX8K-S1-BETA0-V1_1783319854,100%,100,beta=0.0,beta0,117,Response length mean,response_length/mean,146.4453125
ONPOLICY-SFT-Qwen3-1P7B-COLDSTART-CODE-KODCODE-CTX8K-S1-BETA0-V1_1783319854,100%,100,beta=0.0,beta0,117,Time per step,perf/time_per_step,40.70207864511758
ONPOLICY-SFT-Qwen3-1P7B-COLDSTART-CODE-KODCODE-CTX8K-S1-BETA0-V1_1783319854,100%,100,beta=0.0,beta0,118,Rollout correct ratio,wdl_sft/correct_ratio,0.439453125
ONPOLICY-SFT-Qwen3-1P7B-COLDSTART-CODE-KODCODE-CTX8K-S1-BETA0-V1_1783319854,100%,100,beta=0.0,beta0,118,Gradient norm,actor/grad_norm,8.529825210571289
ONPOLICY-SFT-Qwen3-1P7B-COLDSTART-CODE-KODCODE-CTX8K-S1-BETA0-V1_1783319854,100%,100,beta=0.0,beta0,118,Train score mean,critic/score/mean,-0.12109375
ONPOLICY-SFT-Qwen3-1P7B-COLDSTART-CODE-KODCODE-CTX8K-S1-BETA0-V1_1783319854,100%,100,beta=0.0,beta0,118,Response length mean,response_length/mean,156.87109375
ONPOLICY-SFT-Qwen3-1P7B-COLDSTART-CODE-KODCODE-CTX8K-S1-BETA0-V1_1783319854,100%,100,beta=0.0,beta0,118,Time per step,perf/time_per_step,42.51746510528028
ONPOLICY-SFT-Qwen3-1P7B-COLDSTART-CODE-KODCODE-CTX8K-S1-BETA0-V1_1783319854,100%,100,beta=0.0,beta0,119,Rollout correct ratio,wdl_sft/correct_ratio,0.4609375
ONPOLICY-SFT-Qwen3-1P7B-COLDSTART-CODE-KODCODE-CTX8K-S1-BETA0-V1_1783319854,100%,100,beta=0.0,beta0,119,Gradient norm,actor/grad_norm,7.660367012023926
ONPOLICY-SFT-Qwen3-1P7B-COLDSTART-CODE-KODCODE-CTX8K-S1-BETA0-V1_1783319854,100%,100,beta=0.0,beta0,119,Train score mean,critic/score/mean,-0.078125
ONPOLICY-SFT-Qwen3-1P7B-COLDSTART-CODE-KODCODE-CTX8K-S1-BETA0-V1_1783319854,100%,100,beta=0.0,beta0,119,Response length mean,response_length/mean,144.49609375
ONPOLICY-SFT-Qwen3-1P7B-COLDSTART-CODE-KODCODE-CTX8K-S1-BETA0-V1_1783319854,100%,100,beta=0.0,beta0,119,Time per step,perf/time_per_step,16.121924036182463
ONPOLICY-SFT-Qwen3-1P7B-COLDSTART-CODE-KODCODE-CTX8K-S1-BETA0-V1_1783319854,100%,100,beta=0.0,beta0,120,HumanEval+ pass@1,val-core/HumanEval+/acc/pass@1,0.5182926829268293
ONPOLICY-SFT-Qwen3-1P7B-COLDSTART-CODE-KODCODE-CTX8K-S1-BETA0-V1_1783319854,100%,100,beta=0.0,beta0,120,MBPP+ pass@1,val-core/MBPP+/acc/pass@1,0.5026455026455027
ONPOLICY-SFT-Qwen3-1P7B-COLDSTART-CODE-KODCODE-CTX8K-S1-BETA0-V1_1783319854,100%,100,beta=0.0,beta0,120,LiveCodeBench pass@1,val-core/LiveCodeBench/acc/pass@1,0.171875
ONPOLICY-SFT-Qwen3-1P7B-COLDSTART-CODE-KODCODE-CTX8K-S1-BETA0-V1_1783319854,100%,100,beta=0.0,beta0,120,HumanEval+ extract fail,val-aux/HumanEval+/code_reward_extraction_fail/mean@1,0.0
ONPOLICY-SFT-Qwen3-1P7B-COLDSTART-CODE-KODCODE-CTX8K-S1-BETA0-V1_1783319854,100%,100,beta=0.0,beta0,120,MBPP+ extract fail,val-aux/MBPP+/code_reward_extraction_fail/mean@1,0.0026455026455026454
ONPOLICY-SFT-Qwen3-1P7B-COLDSTART-CODE-KODCODE-CTX8K-S1-BETA0-V1_1783319854,100%,100,beta=0.0,beta0,120,LiveCodeBench extract fail,val-aux/LiveCodeBench/code_reward_extraction_fail/mean@1,0.0234375
ONPOLICY-SFT-Qwen3-1P7B-COLDSTART-CODE-KODCODE-CTX8K-S1-BETA0-V1_1783319854,100%,100,beta=0.0,beta0,120,Rollout correct ratio,wdl_sft/correct_ratio,0.462890625
ONPOLICY-SFT-Qwen3-1P7B-COLDSTART-CODE-KODCODE-CTX8K-S1-BETA0-V1_1783319854,100%,100,beta=0.0,beta0,120,Gradient norm,actor/grad_norm,8.25560474395752
ONPOLICY-SFT-Qwen3-1P7B-COLDSTART-CODE-KODCODE-CTX8K-S1-BETA0-V1_1783319854,100%,100,beta=0.0,beta0,120,Train score mean,critic/score/mean,-0.07421875
ONPOLICY-SFT-Qwen3-1P7B-COLDSTART-CODE-KODCODE-CTX8K-S1-BETA0-V1_1783319854,100%,100,beta=0.0,beta0,120,Response length mean,response_length/mean,157.802734375
ONPOLICY-SFT-Qwen3-1P7B-COLDSTART-CODE-KODCODE-CTX8K-S1-BETA0-V1_1783319854,100%,100,beta=0.0,beta0,120,Time per step,perf/time_per_step,48.66790146101266
ONPOLICY-SFT-Qwen3-1P7B-COLDSTART-CODE-KODCODE-CTX8K-S1-BETA0-V1_1783319854,100%,100,beta=0.0,beta0,121,Rollout correct ratio,wdl_sft/correct_ratio,0.375
ONPOLICY-SFT-Qwen3-1P7B-COLDSTART-CODE-KODCODE-CTX8K-S1-BETA0-V1_1783319854,100%,100,beta=0.0,beta0,121,Gradient norm,actor/grad_norm,10.25242805480957
ONPOLICY-SFT-Qwen3-1P7B-COLDSTART-CODE-KODCODE-CTX8K-S1-BETA0-V1_1783319854,100%,100,beta=0.0,beta0,121,Train score mean,critic/score/mean,-0.25
ONPOLICY-SFT-Qwen3-1P7B-COLDSTART-CODE-KODCODE-CTX8K-S1-BETA0-V1_1783319854,100%,100,beta=0.0,beta0,121,Response length mean,response_length/mean,177.13671875
ONPOLICY-SFT-Qwen3-1P7B-COLDSTART-CODE-KODCODE-CTX8K-S1-BETA0-V1_1783319854,100%,100,beta=0.0,beta0,121,Time per step,perf/time_per_step,43.34656108636409
ONPOLICY-SFT-Qwen3-1P7B-COLDSTART-CODE-KODCODE-CTX8K-S1-BETA0-V1_1783319854,100%,100,beta=0.0,beta0,122,Rollout correct ratio,wdl_sft/correct_ratio,0.53125
ONPOLICY-SFT-Qwen3-1P7B-COLDSTART-CODE-KODCODE-CTX8K-S1-BETA0-V1_1783319854,100%,100,beta=0.0,beta0,122,Gradient norm,actor/grad_norm,7.644865989685059
ONPOLICY-SFT-Qwen3-1P7B-COLDSTART-CODE-KODCODE-CTX8K-S1-BETA0-V1_1783319854,100%,100,beta=0.0,beta0,122,Train score mean,critic/score/mean,0.0625
ONPOLICY-SFT-Qwen3-1P7B-COLDSTART-CODE-KODCODE-CTX8K-S1-BETA0-V1_1783319854,100%,100,beta=0.0,beta0,122,Response length mean,response_length/mean,157.697265625
ONPOLICY-SFT-Qwen3-1P7B-COLDSTART-CODE-KODCODE-CTX8K-S1-BETA0-V1_1783319854,100%,100,beta=0.0,beta0,122,Time per step,perf/time_per_step,43.977019069716334
ONPOLICY-SFT-Qwen3-1P7B-COLDSTART-CODE-KODCODE-CTX8K-S1-BETA0-V1_1783319854,100%,100,beta=0.0,beta0,123,Rollout correct ratio,wdl_sft/correct_ratio,0.466796875
ONPOLICY-SFT-Qwen3-1P7B-COLDSTART-CODE-KODCODE-CTX8K-S1-BETA0-V1_1783319854,100%,100,beta=0.0,beta0,123,Gradient norm,actor/grad_norm,7.670097351074219
ONPOLICY-SFT-Qwen3-1P7B-COLDSTART-CODE-KODCODE-CTX8K-S1-BETA0-V1_1783319854,100%,100,beta=0.0,beta0,123,Train score mean,critic/score/mean,-0.06640625
ONPOLICY-SFT-Qwen3-1P7B-COLDSTART-CODE-KODCODE-CTX8K-S1-BETA0-V1_1783319854,100%,100,beta=0.0,beta0,123,Response length mean,response_length/mean,160.619140625
ONPOLICY-SFT-Qwen3-1P7B-COLDSTART-CODE-KODCODE-CTX8K-S1-BETA0-V1_1783319854,100%,100,beta=0.0,beta0,123,Time per step,perf/time_per_step,42.778514557518065
ONPOLICY-SFT-Qwen3-1P7B-COLDSTART-CODE-KODCODE-CTX8K-S1-BETA0-V1_1783319854,100%,100,beta=0.0,beta0,124,Rollout correct ratio,wdl_sft/correct_ratio,0.419921875
ONPOLICY-SFT-Qwen3-1P7B-COLDSTART-CODE-KODCODE-CTX8K-S1-BETA0-V1_1783319854,100%,100,beta=0.0,beta0,124,Gradient norm,actor/grad_norm,8.173991203308105
ONPOLICY-SFT-Qwen3-1P7B-COLDSTART-CODE-KODCODE-CTX8K-S1-BETA0-V1_1783319854,100%,100,beta=0.0,beta0,124,Train score mean,critic/score/mean,-0.16015625
ONPOLICY-SFT-Qwen3-1P7B-COLDSTART-CODE-KODCODE-CTX8K-S1-BETA0-V1_1783319854,100%,100,beta=0.0,beta0,124,Response length mean,response_length/mean,159.46484375
ONPOLICY-SFT-Qwen3-1P7B-COLDSTART-CODE-KODCODE-CTX8K-S1-BETA0-V1_1783319854,100%,100,beta=0.0,beta0,124,Time per step,perf/time_per_step,43.24325503781438
ONPOLICY-SFT-Qwen3-1P7B-COLDSTART-CODE-KODCODE-CTX8K-S1-BETA0-V1_1783319854,100%,100,beta=0.0,beta0,125,HumanEval+ pass@1,val-core/HumanEval+/acc/pass@1,0.4878048780487805
ONPOLICY-SFT-Qwen3-1P7B-COLDSTART-CODE-KODCODE-CTX8K-S1-BETA0-V1_1783319854,100%,100,beta=0.0,beta0,125,MBPP+ pass@1,val-core/MBPP+/acc/pass@1,0.5132275132275133
ONPOLICY-SFT-Qwen3-1P7B-COLDSTART-CODE-KODCODE-CTX8K-S1-BETA0-V1_1783319854,100%,100,beta=0.0,beta0,125,LiveCodeBench pass@1,val-core/LiveCodeBench/acc/pass@1,0.171875
ONPOLICY-SFT-Qwen3-1P7B-COLDSTART-CODE-KODCODE-CTX8K-S1-BETA0-V1_1783319854,100%,100,beta=0.0,beta0,125,HumanEval+ extract fail,val-aux/HumanEval+/code_reward_extraction_fail/mean@1,0.006097560975609756
ONPOLICY-SFT-Qwen3-1P7B-COLDSTART-CODE-KODCODE-CTX8K-S1-BETA0-V1_1783319854,100%,100,beta=0.0,beta0,125,MBPP+ extract fail,val-aux/MBPP+/code_reward_extraction_fail/mean@1,0.0026455026455026454
ONPOLICY-SFT-Qwen3-1P7B-COLDSTART-CODE-KODCODE-CTX8K-S1-BETA0-V1_1783319854,100%,100,beta=0.0,beta0,125,LiveCodeBench extract fail,val-aux/LiveCodeBench/code_reward_extraction_fail/mean@1,0.0078125
ONPOLICY-SFT-Qwen3-1P7B-COLDSTART-CODE-KODCODE-CTX8K-S1-BETA0-V1_1783319854,100%,100,beta=0.0,beta0,125,Rollout correct ratio,wdl_sft/correct_ratio,0.490234375
ONPOLICY-SFT-Qwen3-1P7B-COLDSTART-CODE-KODCODE-CTX8K-S1-BETA0-V1_1783319854,100%,100,beta=0.0,beta0,125,Gradient norm,actor/grad_norm,7.948739528656006
ONPOLICY-SFT-Qwen3-1P7B-COLDSTART-CODE-KODCODE-CTX8K-S1-BETA0-V1_1783319854,100%,100,beta=0.0,beta0,125,Train score mean,critic/score/mean,-0.01953125
ONPOLICY-SFT-Qwen3-1P7B-COLDSTART-CODE-KODCODE-CTX8K-S1-BETA0-V1_1783319854,100%,100,beta=0.0,beta0,125,Response length mean,response_length/mean,149.86328125
ONPOLICY-SFT-Qwen3-1P7B-COLDSTART-CODE-KODCODE-CTX8K-S1-BETA0-V1_1783319854,100%,100,beta=0.0,beta0,125,Time per step,perf/time_per_step,49.39092832244933
ONPOLICY-SFT-Qwen3-1P7B-COLDSTART-CODE-KODCODE-CTX8K-S1-BETA0-V1_1783319854,100%,100,beta=0.0,beta0,126,Rollout correct ratio,wdl_sft/correct_ratio,0.439453125
ONPOLICY-SFT-Qwen3-1P7B-COLDSTART-CODE-KODCODE-CTX8K-S1-BETA0-V1_1783319854,100%,100,beta=0.0,beta0,126,Gradient norm,actor/grad_norm,7.762363433837891
ONPOLICY-SFT-Qwen3-1P7B-COLDSTART-CODE-KODCODE-CTX8K-S1-BETA0-V1_1783319854,100%,100,beta=0.0,beta0,126,Train score mean,critic/score/mean,-0.12109375
ONPOLICY-SFT-Qwen3-1P7B-COLDSTART-CODE-KODCODE-CTX8K-S1-BETA0-V1_1783319854,100%,100,beta=0.0,beta0,126,Response length mean,response_length/mean,148.333984375
ONPOLICY-SFT-Qwen3-1P7B-COLDSTART-CODE-KODCODE-CTX8K-S1-BETA0-V1_1783319854,100%,100,beta=0.0,beta0,126,Time per step,perf/time_per_step,42.44998926948756
ONPOLICY-SFT-Qwen3-1P7B-COLDSTART-CODE-KODCODE-CTX8K-S1-BETA0-V1_1783319854,100%,100,beta=0.0,beta0,127,Rollout correct ratio,wdl_sft/correct_ratio,0.458984375
ONPOLICY-SFT-Qwen3-1P7B-COLDSTART-CODE-KODCODE-CTX8K-S1-BETA0-V1_1783319854,100%,100,beta=0.0,beta0,127,Gradient norm,actor/grad_norm,7.52338981628418
ONPOLICY-SFT-Qwen3-1P7B-COLDSTART-CODE-KODCODE-CTX8K-S1-BETA0-V1_1783319854,100%,100,beta=0.0,beta0,127,Train score mean,critic/score/mean,-0.08203125
ONPOLICY-SFT-Qwen3-1P7B-COLDSTART-CODE-KODCODE-CTX8K-S1-BETA0-V1_1783319854,100%,100,beta=0.0,beta0,127,Response length mean,response_length/mean,141.140625
ONPOLICY-SFT-Qwen3-1P7B-COLDSTART-CODE-KODCODE-CTX8K-S1-BETA0-V1_1783319854,100%,100,beta=0.0,beta0,127,Time per step,perf/time_per_step,42.05982998479158
ONPOLICY-SFT-Qwen3-1P7B-COLDSTART-CODE-KODCODE-CTX8K-S1-BETA0-V1_1783319854,100%,100,beta=0.0,beta0,128,Rollout correct ratio,wdl_sft/correct_ratio,0.435546875
ONPOLICY-SFT-Qwen3-1P7B-COLDSTART-CODE-KODCODE-CTX8K-S1-BETA0-V1_1783319854,100%,100,beta=0.0,beta0,128,Gradient norm,actor/grad_norm,8.518309593200684
ONPOLICY-SFT-Qwen3-1P7B-COLDSTART-CODE-KODCODE-CTX8K-S1-BETA0-V1_1783319854,100%,100,beta=0.0,beta0,128,Train score mean,critic/score/mean,-0.12890625
ONPOLICY-SFT-Qwen3-1P7B-COLDSTART-CODE-KODCODE-CTX8K-S1-BETA0-V1_1783319854,100%,100,beta=0.0,beta0,128,Response length mean,response_length/mean,155.34375
ONPOLICY-SFT-Qwen3-1P7B-COLDSTART-CODE-KODCODE-CTX8K-S1-BETA0-V1_1783319854,100%,100,beta=0.0,beta0,128,Time per step,perf/time_per_step,41.14919585548341
ONPOLICY-SFT-Qwen3-1P7B-COLDSTART-CODE-KODCODE-CTX8K-S1-BETA0-V1_1783319854,100%,100,beta=0.0,beta0,129,Rollout correct ratio,wdl_sft/correct_ratio,0.4765625
ONPOLICY-SFT-Qwen3-1P7B-COLDSTART-CODE-KODCODE-CTX8K-S1-BETA0-V1_1783319854,100%,100,beta=0.0,beta0,129,Gradient norm,actor/grad_norm,8.654739379882812
ONPOLICY-SFT-Qwen3-1P7B-COLDSTART-CODE-KODCODE-CTX8K-S1-BETA0-V1_1783319854,100%,100,beta=0.0,beta0,129,Train score mean,critic/score/mean,-0.046875
ONPOLICY-SFT-Qwen3-1P7B-COLDSTART-CODE-KODCODE-CTX8K-S1-BETA0-V1_1783319854,100%,100,beta=0.0,beta0,129,Response length mean,response_length/mean,168.1640625
ONPOLICY-SFT-Qwen3-1P7B-COLDSTART-CODE-KODCODE-CTX8K-S1-BETA0-V1_1783319854,100%,100,beta=0.0,beta0,129,Time per step,perf/time_per_step,43.679959297180176
ONPOLICY-SFT-Qwen3-1P7B-COLDSTART-CODE-KODCODE-CTX8K-S1-BETA0-V1_1783319854,100%,100,beta=0.0,beta0,130,HumanEval+ pass@1,val-core/HumanEval+/acc/pass@1,0.5182926829268293
ONPOLICY-SFT-Qwen3-1P7B-COLDSTART-CODE-KODCODE-CTX8K-S1-BETA0-V1_1783319854,100%,100,beta=0.0,beta0,130,MBPP+ pass@1,val-core/MBPP+/acc/pass@1,0.5026455026455027
ONPOLICY-SFT-Qwen3-1P7B-COLDSTART-CODE-KODCODE-CTX8K-S1-BETA0-V1_1783319854,100%,100,beta=0.0,beta0,130,LiveCodeBench pass@1,val-core/LiveCodeBench/acc/pass@1,0.1640625
ONPOLICY-SFT-Qwen3-1P7B-COLDSTART-CODE-KODCODE-CTX8K-S1-BETA0-V1_1783319854,100%,100,beta=0.0,beta0,130,HumanEval+ extract fail,val-aux/HumanEval+/code_reward_extraction_fail/mean@1,0.006097560975609756
ONPOLICY-SFT-Qwen3-1P7B-COLDSTART-CODE-KODCODE-CTX8K-S1-BETA0-V1_1783319854,100%,100,beta=0.0,beta0,130,MBPP+ extract fail,val-aux/MBPP+/code_reward_extraction_fail/mean@1,0.005291005291005291
ONPOLICY-SFT-Qwen3-1P7B-COLDSTART-CODE-KODCODE-CTX8K-S1-BETA0-V1_1783319854,100%,100,beta=0.0,beta0,130,LiveCodeBench extract fail,val-aux/LiveCodeBench/code_reward_extraction_fail/mean@1,0.0078125
ONPOLICY-SFT-Qwen3-1P7B-COLDSTART-CODE-KODCODE-CTX8K-S1-BETA0-V1_1783319854,100%,100,beta=0.0,beta0,130,Rollout correct ratio,wdl_sft/correct_ratio,0.53125
ONPOLICY-SFT-Qwen3-1P7B-COLDSTART-CODE-KODCODE-CTX8K-S1-BETA0-V1_1783319854,100%,100,beta=0.0,beta0,130,Gradient norm,actor/grad_norm,7.15672492980957
ONPOLICY-SFT-Qwen3-1P7B-COLDSTART-CODE-KODCODE-CTX8K-S1-BETA0-V1_1783319854,100%,100,beta=0.0,beta0,130,Train score mean,critic/score/mean,0.0625
ONPOLICY-SFT-Qwen3-1P7B-COLDSTART-CODE-KODCODE-CTX8K-S1-BETA0-V1_1783319854,100%,100,beta=0.0,beta0,130,Response length mean,response_length/mean,140.427734375
ONPOLICY-SFT-Qwen3-1P7B-COLDSTART-CODE-KODCODE-CTX8K-S1-BETA0-V1_1783319854,100%,100,beta=0.0,beta0,130,Time per step,perf/time_per_step,46.48773970361799
ONPOLICY-SFT-Qwen3-1P7B-COLDSTART-CODE-KODCODE-CTX8K-S1-BETA0-V1_1783319854,100%,100,beta=0.0,beta0,131,Rollout correct ratio,wdl_sft/correct_ratio,0.49609375
ONPOLICY-SFT-Qwen3-1P7B-COLDSTART-CODE-KODCODE-CTX8K-S1-BETA0-V1_1783319854,100%,100,beta=0.0,beta0,131,Gradient norm,actor/grad_norm,7.3984551429748535
ONPOLICY-SFT-Qwen3-1P7B-COLDSTART-CODE-KODCODE-CTX8K-S1-BETA0-V1_1783319854,100%,100,beta=0.0,beta0,131,Train score mean,critic/score/mean,-0.0078125
ONPOLICY-SFT-Qwen3-1P7B-COLDSTART-CODE-KODCODE-CTX8K-S1-BETA0-V1_1783319854,100%,100,beta=0.0,beta0,131,Response length mean,response_length/mean,154.201171875
ONPOLICY-SFT-Qwen3-1P7B-COLDSTART-CODE-KODCODE-CTX8K-S1-BETA0-V1_1783319854,100%,100,beta=0.0,beta0,131,Time per step,perf/time_per_step,42.19709700345993
ONPOLICY-SFT-Qwen3-1P7B-COLDSTART-CODE-KODCODE-CTX8K-S1-BETA0-V1_1783319854,100%,100,beta=0.0,beta0,132,Rollout correct ratio,wdl_sft/correct_ratio,0.4765625
ONPOLICY-SFT-Qwen3-1P7B-COLDSTART-CODE-KODCODE-CTX8K-S1-BETA0-V1_1783319854,100%,100,beta=0.0,beta0,132,Gradient norm,actor/grad_norm,7.805371284484863
ONPOLICY-SFT-Qwen3-1P7B-COLDSTART-CODE-KODCODE-CTX8K-S1-BETA0-V1_1783319854,100%,100,beta=0.0,beta0,132,Train score mean,critic/score/mean,-0.046875
ONPOLICY-SFT-Qwen3-1P7B-COLDSTART-CODE-KODCODE-CTX8K-S1-BETA0-V1_1783319854,100%,100,beta=0.0,beta0,132,Response length mean,response_length/mean,147.37890625
ONPOLICY-SFT-Qwen3-1P7B-COLDSTART-CODE-KODCODE-CTX8K-S1-BETA0-V1_1783319854,100%,100,beta=0.0,beta0,132,Time per step,perf/time_per_step,41.49134589545429
ONPOLICY-SFT-Qwen3-1P7B-COLDSTART-CODE-KODCODE-CTX8K-S1-BETA0-V1_1783319854,100%,100,beta=0.0,beta0,133,Rollout correct ratio,wdl_sft/correct_ratio,0.423828125
ONPOLICY-SFT-Qwen3-1P7B-COLDSTART-CODE-KODCODE-CTX8K-S1-BETA0-V1_1783319854,100%,100,beta=0.0,beta0,133,Gradient norm,actor/grad_norm,7.890472412109375
ONPOLICY-SFT-Qwen3-1P7B-COLDSTART-CODE-KODCODE-CTX8K-S1-BETA0-V1_1783319854,100%,100,beta=0.0,beta0,133,Train score mean,critic/score/mean,-0.15234375
ONPOLICY-SFT-Qwen3-1P7B-COLDSTART-CODE-KODCODE-CTX8K-S1-BETA0-V1_1783319854,100%,100,beta=0.0,beta0,133,Response length mean,response_length/mean,160.091796875
ONPOLICY-SFT-Qwen3-1P7B-COLDSTART-CODE-KODCODE-CTX8K-S1-BETA0-V1_1783319854,100%,100,beta=0.0,beta0,133,Time per step,perf/time_per_step,41.32807844877243
ONPOLICY-SFT-Qwen3-1P7B-COLDSTART-CODE-KODCODE-CTX8K-S1-BETA0-V1_1783319854,100%,100,beta=0.0,beta0,134,Rollout correct ratio,wdl_sft/correct_ratio,0.486328125
ONPOLICY-SFT-Qwen3-1P7B-COLDSTART-CODE-KODCODE-CTX8K-S1-BETA0-V1_1783319854,100%,100,beta=0.0,beta0,134,Gradient norm,actor/grad_norm,7.39414644241333
ONPOLICY-SFT-Qwen3-1P7B-COLDSTART-CODE-KODCODE-CTX8K-S1-BETA0-V1_1783319854,100%,100,beta=0.0,beta0,134,Train score mean,critic/score/mean,-0.02734375
ONPOLICY-SFT-Qwen3-1P7B-COLDSTART-CODE-KODCODE-CTX8K-S1-BETA0-V1_1783319854,100%,100,beta=0.0,beta0,134,Response length mean,response_length/mean,130.19140625
ONPOLICY-SFT-Qwen3-1P7B-COLDSTART-CODE-KODCODE-CTX8K-S1-BETA0-V1_1783319854,100%,100,beta=0.0,beta0,134,Time per step,perf/time_per_step,39.89466115180403
ONPOLICY-SFT-Qwen3-1P7B-COLDSTART-CODE-KODCODE-CTX8K-S1-BETA0-V1_1783319854,100%,100,beta=0.0,beta0,135,HumanEval+ pass@1,val-core/HumanEval+/acc/pass@1,0.4817073170731707
ONPOLICY-SFT-Qwen3-1P7B-COLDSTART-CODE-KODCODE-CTX8K-S1-BETA0-V1_1783319854,100%,100,beta=0.0,beta0,135,MBPP+ pass@1,val-core/MBPP+/acc/pass@1,0.5158730158730159
ONPOLICY-SFT-Qwen3-1P7B-COLDSTART-CODE-KODCODE-CTX8K-S1-BETA0-V1_1783319854,100%,100,beta=0.0,beta0,135,LiveCodeBench pass@1,val-core/LiveCodeBench/acc/pass@1,0.15625
ONPOLICY-SFT-Qwen3-1P7B-COLDSTART-CODE-KODCODE-CTX8K-S1-BETA0-V1_1783319854,100%,100,beta=0.0,beta0,135,HumanEval+ extract fail,val-aux/HumanEval+/code_reward_extraction_fail/mean@1,0.012195121951219513
ONPOLICY-SFT-Qwen3-1P7B-COLDSTART-CODE-KODCODE-CTX8K-S1-BETA0-V1_1783319854,100%,100,beta=0.0,beta0,135,MBPP+ extract fail,val-aux/MBPP+/code_reward_extraction_fail/mean@1,0.0026455026455026454
ONPOLICY-SFT-Qwen3-1P7B-COLDSTART-CODE-KODCODE-CTX8K-S1-BETA0-V1_1783319854,100%,100,beta=0.0,beta0,135,LiveCodeBench extract fail,val-aux/LiveCodeBench/code_reward_extraction_fail/mean@1,0.0078125
ONPOLICY-SFT-Qwen3-1P7B-COLDSTART-CODE-KODCODE-CTX8K-S1-BETA0-V1_1783319854,100%,100,beta=0.0,beta0,135,Rollout correct ratio,wdl_sft/correct_ratio,0.333984375
ONPOLICY-SFT-Qwen3-1P7B-COLDSTART-CODE-KODCODE-CTX8K-S1-BETA0-V1_1783319854,100%,100,beta=0.0,beta0,135,Gradient norm,actor/grad_norm,9.23339557647705
ONPOLICY-SFT-Qwen3-1P7B-COLDSTART-CODE-KODCODE-CTX8K-S1-BETA0-V1_1783319854,100%,100,beta=0.0,beta0,135,Train score mean,critic/score/mean,-0.33203125
ONPOLICY-SFT-Qwen3-1P7B-COLDSTART-CODE-KODCODE-CTX8K-S1-BETA0-V1_1783319854,100%,100,beta=0.0,beta0,135,Response length mean,response_length/mean,166.01953125
ONPOLICY-SFT-Qwen3-1P7B-COLDSTART-CODE-KODCODE-CTX8K-S1-BETA0-V1_1783319854,100%,100,beta=0.0,beta0,135,Time per step,perf/time_per_step,46.42559944000095
ONPOLICY-SFT-Qwen3-1P7B-COLDSTART-CODE-KODCODE-CTX8K-S1-BETA0-V1_1783319854,100%,100,beta=0.0,beta0,136,Rollout correct ratio,wdl_sft/correct_ratio,0.490234375
ONPOLICY-SFT-Qwen3-1P7B-COLDSTART-CODE-KODCODE-CTX8K-S1-BETA0-V1_1783319854,100%,100,beta=0.0,beta0,136,Gradient norm,actor/grad_norm,7.517148494720459
ONPOLICY-SFT-Qwen3-1P7B-COLDSTART-CODE-KODCODE-CTX8K-S1-BETA0-V1_1783319854,100%,100,beta=0.0,beta0,136,Train score mean,critic/score/mean,-0.01953125
ONPOLICY-SFT-Qwen3-1P7B-COLDSTART-CODE-KODCODE-CTX8K-S1-BETA0-V1_1783319854,100%,100,beta=0.0,beta0,136,Response length mean,response_length/mean,149.47265625
ONPOLICY-SFT-Qwen3-1P7B-COLDSTART-CODE-KODCODE-CTX8K-S1-BETA0-V1_1783319854,100%,100,beta=0.0,beta0,136,Time per step,perf/time_per_step,43.01959742885083
ONPOLICY-SFT-Qwen3-1P7B-COLDSTART-CODE-KODCODE-CTX8K-S1-BETA0-V1_1783319854,100%,100,beta=0.0,beta0,137,Rollout correct ratio,wdl_sft/correct_ratio,0.408203125
ONPOLICY-SFT-Qwen3-1P7B-COLDSTART-CODE-KODCODE-CTX8K-S1-BETA0-V1_1783319854,100%,100,beta=0.0,beta0,137,Gradient norm,actor/grad_norm,8.671955108642578
ONPOLICY-SFT-Qwen3-1P7B-COLDSTART-CODE-KODCODE-CTX8K-S1-BETA0-V1_1783319854,100%,100,beta=0.0,beta0,137,Train score mean,critic/score/mean,-0.18359375
ONPOLICY-SFT-Qwen3-1P7B-COLDSTART-CODE-KODCODE-CTX8K-S1-BETA0-V1_1783319854,100%,100,beta=0.0,beta0,137,Response length mean,response_length/mean,144.349609375
ONPOLICY-SFT-Qwen3-1P7B-COLDSTART-CODE-KODCODE-CTX8K-S1-BETA0-V1_1783319854,100%,100,beta=0.0,beta0,137,Time per step,perf/time_per_step,41.13200606033206
ONPOLICY-SFT-Qwen3-1P7B-COLDSTART-CODE-KODCODE-CTX8K-S1-BETA0-V1_1783319854,100%,100,beta=0.0,beta0,138,Rollout correct ratio,wdl_sft/correct_ratio,0.53125
ONPOLICY-SFT-Qwen3-1P7B-COLDSTART-CODE-KODCODE-CTX8K-S1-BETA0-V1_1783319854,100%,100,beta=0.0,beta0,138,Gradient norm,actor/grad_norm,7.143791198730469
ONPOLICY-SFT-Qwen3-1P7B-COLDSTART-CODE-KODCODE-CTX8K-S1-BETA0-V1_1783319854,100%,100,beta=0.0,beta0,138,Train score mean,critic/score/mean,0.0625
ONPOLICY-SFT-Qwen3-1P7B-COLDSTART-CODE-KODCODE-CTX8K-S1-BETA0-V1_1783319854,100%,100,beta=0.0,beta0,138,Response length mean,response_length/mean,154.115234375
ONPOLICY-SFT-Qwen3-1P7B-COLDSTART-CODE-KODCODE-CTX8K-S1-BETA0-V1_1783319854,100%,100,beta=0.0,beta0,138,Time per step,perf/time_per_step,43.42457067128271
ONPOLICY-SFT-Qwen3-1P7B-COLDSTART-CODE-KODCODE-CTX8K-S1-BETA0-V1_1783319854,100%,100,beta=0.0,beta0,139,Rollout correct ratio,wdl_sft/correct_ratio,0.494140625
ONPOLICY-SFT-Qwen3-1P7B-COLDSTART-CODE-KODCODE-CTX8K-S1-BETA0-V1_1783319854,100%,100,beta=0.0,beta0,139,Gradient norm,actor/grad_norm,7.767313003540039
ONPOLICY-SFT-Qwen3-1P7B-COLDSTART-CODE-KODCODE-CTX8K-S1-BETA0-V1_1783319854,100%,100,beta=0.0,beta0,139,Train score mean,critic/score/mean,-0.01171875
ONPOLICY-SFT-Qwen3-1P7B-COLDSTART-CODE-KODCODE-CTX8K-S1-BETA0-V1_1783319854,100%,100,beta=0.0,beta0,139,Response length mean,response_length/mean,157.353515625
ONPOLICY-SFT-Qwen3-1P7B-COLDSTART-CODE-KODCODE-CTX8K-S1-BETA0-V1_1783319854,100%,100,beta=0.0,beta0,139,Time per step,perf/time_per_step,42.07791684847325
ONPOLICY-SFT-Qwen3-1P7B-COLDSTART-CODE-KODCODE-CTX8K-S1-BETA0-V1_1783319854,100%,100,beta=0.0,beta0,140,HumanEval+ pass@1,val-core/HumanEval+/acc/pass@1,0.49390243902439024
ONPOLICY-SFT-Qwen3-1P7B-COLDSTART-CODE-KODCODE-CTX8K-S1-BETA0-V1_1783319854,100%,100,beta=0.0,beta0,140,MBPP+ pass@1,val-core/MBPP+/acc/pass@1,0.5
ONPOLICY-SFT-Qwen3-1P7B-COLDSTART-CODE-KODCODE-CTX8K-S1-BETA0-V1_1783319854,100%,100,beta=0.0,beta0,140,LiveCodeBench pass@1,val-core/LiveCodeBench/acc/pass@1,0.1640625
ONPOLICY-SFT-Qwen3-1P7B-COLDSTART-CODE-KODCODE-CTX8K-S1-BETA0-V1_1783319854,100%,100,beta=0.0,beta0,140,HumanEval+ extract fail,val-aux/HumanEval+/code_reward_extraction_fail/mean@1,0.0
ONPOLICY-SFT-Qwen3-1P7B-COLDSTART-CODE-KODCODE-CTX8K-S1-BETA0-V1_1783319854,100%,100,beta=0.0,beta0,140,MBPP+ extract fail,val-aux/MBPP+/code_reward_extraction_fail/mean@1,0.0026455026455026454
ONPOLICY-SFT-Qwen3-1P7B-COLDSTART-CODE-KODCODE-CTX8K-S1-BETA0-V1_1783319854,100%,100,beta=0.0,beta0,140,LiveCodeBench extract fail,val-aux/LiveCodeBench/code_reward_extraction_fail/mean@1,0.0078125
ONPOLICY-SFT-Qwen3-1P7B-COLDSTART-CODE-KODCODE-CTX8K-S1-BETA0-V1_1783319854,100%,100,beta=0.0,beta0,140,Rollout correct ratio,wdl_sft/correct_ratio,0.47265625
ONPOLICY-SFT-Qwen3-1P7B-COLDSTART-CODE-KODCODE-CTX8K-S1-BETA0-V1_1783319854,100%,100,beta=0.0,beta0,140,Gradient norm,actor/grad_norm,7.972529411315918
ONPOLICY-SFT-Qwen3-1P7B-COLDSTART-CODE-KODCODE-CTX8K-S1-BETA0-V1_1783319854,100%,100,beta=0.0,beta0,140,Train score mean,critic/score/mean,-0.0546875
ONPOLICY-SFT-Qwen3-1P7B-COLDSTART-CODE-KODCODE-CTX8K-S1-BETA0-V1_1783319854,100%,100,beta=0.0,beta0,140,Response length mean,response_length/mean,132.9140625
ONPOLICY-SFT-Qwen3-1P7B-COLDSTART-CODE-KODCODE-CTX8K-S1-BETA0-V1_1783319854,100%,100,beta=0.0,beta0,140,Time per step,perf/time_per_step,45.66601477470249
ONPOLICY-SFT-Qwen3-1P7B-COLDSTART-CODE-KODCODE-CTX8K-S1-BETA0-V1_1783319854,100%,100,beta=0.0,beta0,141,Rollout correct ratio,wdl_sft/correct_ratio,0.548828125
ONPOLICY-SFT-Qwen3-1P7B-COLDSTART-CODE-KODCODE-CTX8K-S1-BETA0-V1_1783319854,100%,100,beta=0.0,beta0,141,Gradient norm,actor/grad_norm,6.791011333465576
ONPOLICY-SFT-Qwen3-1P7B-COLDSTART-CODE-KODCODE-CTX8K-S1-BETA0-V1_1783319854,100%,100,beta=0.0,beta0,141,Train score mean,critic/score/mean,0.09765625
ONPOLICY-SFT-Qwen3-1P7B-COLDSTART-CODE-KODCODE-CTX8K-S1-BETA0-V1_1783319854,100%,100,beta=0.0,beta0,141,Response length mean,response_length/mean,145.1640625
ONPOLICY-SFT-Qwen3-1P7B-COLDSTART-CODE-KODCODE-CTX8K-S1-BETA0-V1_1783319854,100%,100,beta=0.0,beta0,141,Time per step,perf/time_per_step,41.55328855570406
ONPOLICY-SFT-Qwen3-1P7B-COLDSTART-CODE-KODCODE-CTX8K-S1-BETA0-V1_1783319854,100%,100,beta=0.0,beta0,142,Rollout correct ratio,wdl_sft/correct_ratio,0.462890625
ONPOLICY-SFT-Qwen3-1P7B-COLDSTART-CODE-KODCODE-CTX8K-S1-BETA0-V1_1783319854,100%,100,beta=0.0,beta0,142,Gradient norm,actor/grad_norm,8.380982398986816
ONPOLICY-SFT-Qwen3-1P7B-COLDSTART-CODE-KODCODE-CTX8K-S1-BETA0-V1_1783319854,100%,100,beta=0.0,beta0,142,Train score mean,critic/score/mean,-0.07421875
ONPOLICY-SFT-Qwen3-1P7B-COLDSTART-CODE-KODCODE-CTX8K-S1-BETA0-V1_1783319854,100%,100,beta=0.0,beta0,142,Response length mean,response_length/mean,166.482421875
ONPOLICY-SFT-Qwen3-1P7B-COLDSTART-CODE-KODCODE-CTX8K-S1-BETA0-V1_1783319854,100%,100,beta=0.0,beta0,142,Time per step,perf/time_per_step,41.536418789066374
ONPOLICY-SFT-Qwen3-1P7B-COLDSTART-CODE-KODCODE-CTX8K-S1-BETA0-V1_1783319854,100%,100,beta=0.0,beta0,143,Rollout correct ratio,wdl_sft/correct_ratio,0.478515625
ONPOLICY-SFT-Qwen3-1P7B-COLDSTART-CODE-KODCODE-CTX8K-S1-BETA0-V1_1783319854,100%,100,beta=0.0,beta0,143,Gradient norm,actor/grad_norm,8.380202293395996
ONPOLICY-SFT-Qwen3-1P7B-COLDSTART-CODE-KODCODE-CTX8K-S1-BETA0-V1_1783319854,100%,100,beta=0.0,beta0,143,Train score mean,critic/score/mean,-0.04296875
ONPOLICY-SFT-Qwen3-1P7B-COLDSTART-CODE-KODCODE-CTX8K-S1-BETA0-V1_1783319854,100%,100,beta=0.0,beta0,143,Response length mean,response_length/mean,144.974609375
ONPOLICY-SFT-Qwen3-1P7B-COLDSTART-CODE-KODCODE-CTX8K-S1-BETA0-V1_1783319854,100%,100,beta=0.0,beta0,143,Time per step,perf/time_per_step,41.02242826577276
ONPOLICY-SFT-Qwen3-1P7B-COLDSTART-CODE-KODCODE-CTX8K-S1-BETA0-V1_1783319854,100%,100,beta=0.0,beta0,144,Rollout correct ratio,wdl_sft/correct_ratio,0.474609375
ONPOLICY-SFT-Qwen3-1P7B-COLDSTART-CODE-KODCODE-CTX8K-S1-BETA0-V1_1783319854,100%,100,beta=0.0,beta0,144,Gradient norm,actor/grad_norm,7.44184684753418
ONPOLICY-SFT-Qwen3-1P7B-COLDSTART-CODE-KODCODE-CTX8K-S1-BETA0-V1_1783319854,100%,100,beta=0.0,beta0,144,Train score mean,critic/score/mean,-0.05078125
ONPOLICY-SFT-Qwen3-1P7B-COLDSTART-CODE-KODCODE-CTX8K-S1-BETA0-V1_1783319854,100%,100,beta=0.0,beta0,144,Response length mean,response_length/mean,158.2578125
ONPOLICY-SFT-Qwen3-1P7B-COLDSTART-CODE-KODCODE-CTX8K-S1-BETA0-V1_1783319854,100%,100,beta=0.0,beta0,144,Time per step,perf/time_per_step,40.953847002238035
ONPOLICY-SFT-Qwen3-1P7B-COLDSTART-CODE-KODCODE-CTX8K-S1-BETA0-V1_1783319854,100%,100,beta=0.0,beta0,145,HumanEval+ pass@1,val-core/HumanEval+/acc/pass@1,0.47560975609756095
ONPOLICY-SFT-Qwen3-1P7B-COLDSTART-CODE-KODCODE-CTX8K-S1-BETA0-V1_1783319854,100%,100,beta=0.0,beta0,145,MBPP+ pass@1,val-core/MBPP+/acc/pass@1,0.5158730158730159
ONPOLICY-SFT-Qwen3-1P7B-COLDSTART-CODE-KODCODE-CTX8K-S1-BETA0-V1_1783319854,100%,100,beta=0.0,beta0,145,LiveCodeBench pass@1,val-core/LiveCodeBench/acc/pass@1,0.1875
ONPOLICY-SFT-Qwen3-1P7B-COLDSTART-CODE-KODCODE-CTX8K-S1-BETA0-V1_1783319854,100%,100,beta=0.0,beta0,145,HumanEval+ extract fail,val-aux/HumanEval+/code_reward_extraction_fail/mean@1,0.012195121951219513
ONPOLICY-SFT-Qwen3-1P7B-COLDSTART-CODE-KODCODE-CTX8K-S1-BETA0-V1_1783319854,100%,100,beta=0.0,beta0,145,MBPP+ extract fail,val-aux/MBPP+/code_reward_extraction_fail/mean@1,0.005291005291005291
ONPOLICY-SFT-Qwen3-1P7B-COLDSTART-CODE-KODCODE-CTX8K-S1-BETA0-V1_1783319854,100%,100,beta=0.0,beta0,145,LiveCodeBench extract fail,val-aux/LiveCodeBench/code_reward_extraction_fail/mean@1,0.0234375
ONPOLICY-SFT-Qwen3-1P7B-COLDSTART-CODE-KODCODE-CTX8K-S1-BETA0-V1_1783319854,100%,100,beta=0.0,beta0,145,Rollout correct ratio,wdl_sft/correct_ratio,0.419921875
ONPOLICY-SFT-Qwen3-1P7B-COLDSTART-CODE-KODCODE-CTX8K-S1-BETA0-V1_1783319854,100%,100,beta=0.0,beta0,145,Gradient norm,actor/grad_norm,9.617831230163574
ONPOLICY-SFT-Qwen3-1P7B-COLDSTART-CODE-KODCODE-CTX8K-S1-BETA0-V1_1783319854,100%,100,beta=0.0,beta0,145,Train score mean,critic/score/mean,-0.16015625
ONPOLICY-SFT-Qwen3-1P7B-COLDSTART-CODE-KODCODE-CTX8K-S1-BETA0-V1_1783319854,100%,100,beta=0.0,beta0,145,Response length mean,response_length/mean,162.76953125
ONPOLICY-SFT-Qwen3-1P7B-COLDSTART-CODE-KODCODE-CTX8K-S1-BETA0-V1_1783319854,100%,100,beta=0.0,beta0,145,Time per step,perf/time_per_step,47.68618239276111
ONPOLICY-SFT-Qwen3-1P7B-COLDSTART-CODE-KODCODE-CTX8K-S1-BETA0-V1_1783319854,100%,100,beta=0.0,beta0,146,Rollout correct ratio,wdl_sft/correct_ratio,0.42578125
ONPOLICY-SFT-Qwen3-1P7B-COLDSTART-CODE-KODCODE-CTX8K-S1-BETA0-V1_1783319854,100%,100,beta=0.0,beta0,146,Gradient norm,actor/grad_norm,9.291544914245605
ONPOLICY-SFT-Qwen3-1P7B-COLDSTART-CODE-KODCODE-CTX8K-S1-BETA0-V1_1783319854,100%,100,beta=0.0,beta0,146,Train score mean,critic/score/mean,-0.1484375
ONPOLICY-SFT-Qwen3-1P7B-COLDSTART-CODE-KODCODE-CTX8K-S1-BETA0-V1_1783319854,100%,100,beta=0.0,beta0,146,Response length mean,response_length/mean,165.716796875
ONPOLICY-SFT-Qwen3-1P7B-COLDSTART-CODE-KODCODE-CTX8K-S1-BETA0-V1_1783319854,100%,100,beta=0.0,beta0,146,Time per step,perf/time_per_step,43.259367554448545
ONPOLICY-SFT-Qwen3-1P7B-COLDSTART-CODE-KODCODE-CTX8K-S1-BETA0-V1_1783319854,100%,100,beta=0.0,beta0,147,Rollout correct ratio,wdl_sft/correct_ratio,0.513671875
ONPOLICY-SFT-Qwen3-1P7B-COLDSTART-CODE-KODCODE-CTX8K-S1-BETA0-V1_1783319854,100%,100,beta=0.0,beta0,147,Gradient norm,actor/grad_norm,8.693188667297363
ONPOLICY-SFT-Qwen3-1P7B-COLDSTART-CODE-KODCODE-CTX8K-S1-BETA0-V1_1783319854,100%,100,beta=0.0,beta0,147,Train score mean,critic/score/mean,0.02734375
ONPOLICY-SFT-Qwen3-1P7B-COLDSTART-CODE-KODCODE-CTX8K-S1-BETA0-V1_1783319854,100%,100,beta=0.0,beta0,147,Response length mean,response_length/mean,168.1171875
ONPOLICY-SFT-Qwen3-1P7B-COLDSTART-CODE-KODCODE-CTX8K-S1-BETA0-V1_1783319854,100%,100,beta=0.0,beta0,147,Time per step,perf/time_per_step,41.25960604380816
ONPOLICY-SFT-Qwen3-1P7B-COLDSTART-CODE-KODCODE-CTX8K-S1-BETA0-V1_1783319854,100%,100,beta=0.0,beta0,148,Rollout correct ratio,wdl_sft/correct_ratio,0.49609375
ONPOLICY-SFT-Qwen3-1P7B-COLDSTART-CODE-KODCODE-CTX8K-S1-BETA0-V1_1783319854,100%,100,beta=0.0,beta0,148,Gradient norm,actor/grad_norm,8.476991653442383
ONPOLICY-SFT-Qwen3-1P7B-COLDSTART-CODE-KODCODE-CTX8K-S1-BETA0-V1_1783319854,100%,100,beta=0.0,beta0,148,Train score mean,critic/score/mean,-0.0078125
ONPOLICY-SFT-Qwen3-1P7B-COLDSTART-CODE-KODCODE-CTX8K-S1-BETA0-V1_1783319854,100%,100,beta=0.0,beta0,148,Response length mean,response_length/mean,167.744140625
ONPOLICY-SFT-Qwen3-1P7B-COLDSTART-CODE-KODCODE-CTX8K-S1-BETA0-V1_1783319854,100%,100,beta=0.0,beta0,148,Time per step,perf/time_per_step,41.59799454919994
ONPOLICY-SFT-Qwen3-1P7B-COLDSTART-CODE-KODCODE-CTX8K-S1-BETA0-V1_1783319854,100%,100,beta=0.0,beta0,149,Rollout correct ratio,wdl_sft/correct_ratio,0.392578125
ONPOLICY-SFT-Qwen3-1P7B-COLDSTART-CODE-KODCODE-CTX8K-S1-BETA0-V1_1783319854,100%,100,beta=0.0,beta0,149,Gradient norm,actor/grad_norm,8.10954761505127
ONPOLICY-SFT-Qwen3-1P7B-COLDSTART-CODE-KODCODE-CTX8K-S1-BETA0-V1_1783319854,100%,100,beta=0.0,beta0,149,Train score mean,critic/score/mean,-0.21484375
ONPOLICY-SFT-Qwen3-1P7B-COLDSTART-CODE-KODCODE-CTX8K-S1-BETA0-V1_1783319854,100%,100,beta=0.0,beta0,149,Response length mean,response_length/mean,164.75390625
ONPOLICY-SFT-Qwen3-1P7B-COLDSTART-CODE-KODCODE-CTX8K-S1-BETA0-V1_1783319854,100%,100,beta=0.0,beta0,149,Time per step,perf/time_per_step,42.5746594555676
ONPOLICY-SFT-Qwen3-1P7B-COLDSTART-CODE-KODCODE-CTX8K-S1-BETA0-V1_1783319854,100%,100,beta=0.0,beta0,150,HumanEval+ pass@1,val-core/HumanEval+/acc/pass@1,0.5
ONPOLICY-SFT-Qwen3-1P7B-COLDSTART-CODE-KODCODE-CTX8K-S1-BETA0-V1_1783319854,100%,100,beta=0.0,beta0,150,MBPP+ pass@1,val-core/MBPP+/acc/pass@1,0.5158730158730159
ONPOLICY-SFT-Qwen3-1P7B-COLDSTART-CODE-KODCODE-CTX8K-S1-BETA0-V1_1783319854,100%,100,beta=0.0,beta0,150,LiveCodeBench pass@1,val-core/LiveCodeBench/acc/pass@1,0.1484375
ONPOLICY-SFT-Qwen3-1P7B-COLDSTART-CODE-KODCODE-CTX8K-S1-BETA0-V1_1783319854,100%,100,beta=0.0,beta0,150,HumanEval+ extract fail,val-aux/HumanEval+/code_reward_extraction_fail/mean@1,0.0
ONPOLICY-SFT-Qwen3-1P7B-COLDSTART-CODE-KODCODE-CTX8K-S1-BETA0-V1_1783319854,100%,100,beta=0.0,beta0,150,MBPP+ extract fail,val-aux/MBPP+/code_reward_extraction_fail/mean@1,0.005291005291005291
ONPOLICY-SFT-Qwen3-1P7B-COLDSTART-CODE-KODCODE-CTX8K-S1-BETA0-V1_1783319854,100%,100,beta=0.0,beta0,150,LiveCodeBench extract fail,val-aux/LiveCodeBench/code_reward_extraction_fail/mean@1,0.03125
ONPOLICY-SFT-Qwen3-1P7B-COLDSTART-CODE-KODCODE-CTX8K-S1-BETA0-V1_1783319854,100%,100,beta=0.0,beta0,150,Rollout correct ratio,wdl_sft/correct_ratio,0.380859375
ONPOLICY-SFT-Qwen3-1P7B-COLDSTART-CODE-KODCODE-CTX8K-S1-BETA0-V1_1783319854,100%,100,beta=0.0,beta0,150,Gradient norm,actor/grad_norm,9.42751693725586
ONPOLICY-SFT-Qwen3-1P7B-COLDSTART-CODE-KODCODE-CTX8K-S1-BETA0-V1_1783319854,100%,100,beta=0.0,beta0,150,Train score mean,critic/score/mean,-0.23828125
ONPOLICY-SFT-Qwen3-1P7B-COLDSTART-CODE-KODCODE-CTX8K-S1-BETA0-V1_1783319854,100%,100,beta=0.0,beta0,150,Response length mean,response_length/mean,164.830078125
ONPOLICY-SFT-Qwen3-1P7B-COLDSTART-CODE-KODCODE-CTX8K-S1-BETA0-V1_1783319854,100%,100,beta=0.0,beta0,150,Time per step,perf/time_per_step,46.590531500056386
ONPOLICY-SFT-Qwen3-1P7B-COLDSTART-CODE-KODCODE-CTX8K-S1-BETA01-V1_1783329189,100%,100,beta=0.1,beta01,0,HumanEval+ pass@1,val-core/HumanEval+/acc/pass@1,0.4634146341463415
ONPOLICY-SFT-Qwen3-1P7B-COLDSTART-CODE-KODCODE-CTX8K-S1-BETA01-V1_1783329189,100%,100,beta=0.1,beta01,0,MBPP+ pass@1,val-core/MBPP+/acc/pass@1,0.5132275132275133
ONPOLICY-SFT-Qwen3-1P7B-COLDSTART-CODE-KODCODE-CTX8K-S1-BETA01-V1_1783329189,100%,100,beta=0.1,beta01,0,LiveCodeBench pass@1,val-core/LiveCodeBench/acc/pass@1,0.1328125
ONPOLICY-SFT-Qwen3-1P7B-COLDSTART-CODE-KODCODE-CTX8K-S1-BETA01-V1_1783329189,100%,100,beta=0.1,beta01,0,HumanEval+ extract fail,val-aux/HumanEval+/code_reward_extraction_fail/mean@1,0.024390243902439025
ONPOLICY-SFT-Qwen3-1P7B-COLDSTART-CODE-KODCODE-CTX8K-S1-BETA01-V1_1783329189,100%,100,beta=0.1,beta01,0,MBPP+ extract fail,val-aux/MBPP+/code_reward_extraction_fail/mean@1,0.005291005291005291
ONPOLICY-SFT-Qwen3-1P7B-COLDSTART-CODE-KODCODE-CTX8K-S1-BETA01-V1_1783329189,100%,100,beta=0.1,beta01,0,LiveCodeBench extract fail,val-aux/LiveCodeBench/code_reward_extraction_fail/mean@1,0.015625
ONPOLICY-SFT-Qwen3-1P7B-COLDSTART-CODE-KODCODE-CTX8K-S1-BETA01-V1_1783329189,100%,100,beta=0.1,beta01,1,Rollout correct ratio,wdl_sft/correct_ratio,0.44140625
ONPOLICY-SFT-Qwen3-1P7B-COLDSTART-CODE-KODCODE-CTX8K-S1-BETA01-V1_1783329189,100%,100,beta=0.1,beta01,1,Gradient norm,actor/grad_norm,7.614803791046143
ONPOLICY-SFT-Qwen3-1P7B-COLDSTART-CODE-KODCODE-CTX8K-S1-BETA01-V1_1783329189,100%,100,beta=0.1,beta01,1,Train score mean,critic/score/mean,-0.1171875
ONPOLICY-SFT-Qwen3-1P7B-COLDSTART-CODE-KODCODE-CTX8K-S1-BETA01-V1_1783329189,100%,100,beta=0.1,beta01,1,Response length mean,response_length/mean,150.794921875
ONPOLICY-SFT-Qwen3-1P7B-COLDSTART-CODE-KODCODE-CTX8K-S1-BETA01-V1_1783329189,100%,100,beta=0.1,beta01,1,Time per step,perf/time_per_step,42.01117614004761
ONPOLICY-SFT-Qwen3-1P7B-COLDSTART-CODE-KODCODE-CTX8K-S1-BETA01-V1_1783329189,100%,100,beta=0.1,beta01,2,Rollout correct ratio,wdl_sft/correct_ratio,0.443359375
ONPOLICY-SFT-Qwen3-1P7B-COLDSTART-CODE-KODCODE-CTX8K-S1-BETA01-V1_1783329189,100%,100,beta=0.1,beta01,2,Gradient norm,actor/grad_norm,8.68860149383545
ONPOLICY-SFT-Qwen3-1P7B-COLDSTART-CODE-KODCODE-CTX8K-S1-BETA01-V1_1783329189,100%,100,beta=0.1,beta01,2,Train score mean,critic/score/mean,-0.11328125
ONPOLICY-SFT-Qwen3-1P7B-COLDSTART-CODE-KODCODE-CTX8K-S1-BETA01-V1_1783329189,100%,100,beta=0.1,beta01,2,Response length mean,response_length/mean,150.337890625
ONPOLICY-SFT-Qwen3-1P7B-COLDSTART-CODE-KODCODE-CTX8K-S1-BETA01-V1_1783329189,100%,100,beta=0.1,beta01,2,Time per step,perf/time_per_step,42.947069860994816
ONPOLICY-SFT-Qwen3-1P7B-COLDSTART-CODE-KODCODE-CTX8K-S1-BETA01-V1_1783329189,100%,100,beta=0.1,beta01,3,Rollout correct ratio,wdl_sft/correct_ratio,0.462890625
ONPOLICY-SFT-Qwen3-1P7B-COLDSTART-CODE-KODCODE-CTX8K-S1-BETA01-V1_1783329189,100%,100,beta=0.1,beta01,3,Gradient norm,actor/grad_norm,7.343716144561768
ONPOLICY-SFT-Qwen3-1P7B-COLDSTART-CODE-KODCODE-CTX8K-S1-BETA01-V1_1783329189,100%,100,beta=0.1,beta01,3,Train score mean,critic/score/mean,-0.07421875
ONPOLICY-SFT-Qwen3-1P7B-COLDSTART-CODE-KODCODE-CTX8K-S1-BETA01-V1_1783329189,100%,100,beta=0.1,beta01,3,Response length mean,response_length/mean,162.427734375
ONPOLICY-SFT-Qwen3-1P7B-COLDSTART-CODE-KODCODE-CTX8K-S1-BETA01-V1_1783329189,100%,100,beta=0.1,beta01,3,Time per step,perf/time_per_step,40.44388732127845
ONPOLICY-SFT-Qwen3-1P7B-COLDSTART-CODE-KODCODE-CTX8K-S1-BETA01-V1_1783329189,100%,100,beta=0.1,beta01,4,Rollout correct ratio,wdl_sft/correct_ratio,0.4296875
ONPOLICY-SFT-Qwen3-1P7B-COLDSTART-CODE-KODCODE-CTX8K-S1-BETA01-V1_1783329189,100%,100,beta=0.1,beta01,4,Gradient norm,actor/grad_norm,8.692164421081543
ONPOLICY-SFT-Qwen3-1P7B-COLDSTART-CODE-KODCODE-CTX8K-S1-BETA01-V1_1783329189,100%,100,beta=0.1,beta01,4,Train score mean,critic/score/mean,-0.140625
ONPOLICY-SFT-Qwen3-1P7B-COLDSTART-CODE-KODCODE-CTX8K-S1-BETA01-V1_1783329189,100%,100,beta=0.1,beta01,4,Response length mean,response_length/mean,147.646484375
ONPOLICY-SFT-Qwen3-1P7B-COLDSTART-CODE-KODCODE-CTX8K-S1-BETA01-V1_1783329189,100%,100,beta=0.1,beta01,4,Time per step,perf/time_per_step,43.65391506254673
ONPOLICY-SFT-Qwen3-1P7B-COLDSTART-CODE-KODCODE-CTX8K-S1-BETA01-V1_1783329189,100%,100,beta=0.1,beta01,5,HumanEval+ pass@1,val-core/HumanEval+/acc/pass@1,0.5
ONPOLICY-SFT-Qwen3-1P7B-COLDSTART-CODE-KODCODE-CTX8K-S1-BETA01-V1_1783329189,100%,100,beta=0.1,beta01,5,MBPP+ pass@1,val-core/MBPP+/acc/pass@1,0.5052910052910053
ONPOLICY-SFT-Qwen3-1P7B-COLDSTART-CODE-KODCODE-CTX8K-S1-BETA01-V1_1783329189,100%,100,beta=0.1,beta01,5,LiveCodeBench pass@1,val-core/LiveCodeBench/acc/pass@1,0.140625
ONPOLICY-SFT-Qwen3-1P7B-COLDSTART-CODE-KODCODE-CTX8K-S1-BETA01-V1_1783329189,100%,100,beta=0.1,beta01,5,HumanEval+ extract fail,val-aux/HumanEval+/code_reward_extraction_fail/mean@1,0.006097560975609756
ONPOLICY-SFT-Qwen3-1P7B-COLDSTART-CODE-KODCODE-CTX8K-S1-BETA01-V1_1783329189,100%,100,beta=0.1,beta01,5,MBPP+ extract fail,val-aux/MBPP+/code_reward_extraction_fail/mean@1,0.005291005291005291
ONPOLICY-SFT-Qwen3-1P7B-COLDSTART-CODE-KODCODE-CTX8K-S1-BETA01-V1_1783329189,100%,100,beta=0.1,beta01,5,LiveCodeBench extract fail,val-aux/LiveCodeBench/code_reward_extraction_fail/mean@1,0.0
ONPOLICY-SFT-Qwen3-1P7B-COLDSTART-CODE-KODCODE-CTX8K-S1-BETA01-V1_1783329189,100%,100,beta=0.1,beta01,5,Rollout correct ratio,wdl_sft/correct_ratio,0.447265625
ONPOLICY-SFT-Qwen3-1P7B-COLDSTART-CODE-KODCODE-CTX8K-S1-BETA01-V1_1783329189,100%,100,beta=0.1,beta01,5,Gradient norm,actor/grad_norm,7.989854335784912
ONPOLICY-SFT-Qwen3-1P7B-COLDSTART-CODE-KODCODE-CTX8K-S1-BETA01-V1_1783329189,100%,100,beta=0.1,beta01,5,Train score mean,critic/score/mean,-0.10546875
ONPOLICY-SFT-Qwen3-1P7B-COLDSTART-CODE-KODCODE-CTX8K-S1-BETA01-V1_1783329189,100%,100,beta=0.1,beta01,5,Response length mean,response_length/mean,151.353515625
ONPOLICY-SFT-Qwen3-1P7B-COLDSTART-CODE-KODCODE-CTX8K-S1-BETA01-V1_1783329189,100%,100,beta=0.1,beta01,5,Time per step,perf/time_per_step,48.41774948872626
ONPOLICY-SFT-Qwen3-1P7B-COLDSTART-CODE-KODCODE-CTX8K-S1-BETA01-V1_1783329189,100%,100,beta=0.1,beta01,6,Rollout correct ratio,wdl_sft/correct_ratio,0.404296875
ONPOLICY-SFT-Qwen3-1P7B-COLDSTART-CODE-KODCODE-CTX8K-S1-BETA01-V1_1783329189,100%,100,beta=0.1,beta01,6,Gradient norm,actor/grad_norm,8.787559509277344
ONPOLICY-SFT-Qwen3-1P7B-COLDSTART-CODE-KODCODE-CTX8K-S1-BETA01-V1_1783329189,100%,100,beta=0.1,beta01,6,Train score mean,critic/score/mean,-0.19140625
ONPOLICY-SFT-Qwen3-1P7B-COLDSTART-CODE-KODCODE-CTX8K-S1-BETA01-V1_1783329189,100%,100,beta=0.1,beta01,6,Response length mean,response_length/mean,152.109375
ONPOLICY-SFT-Qwen3-1P7B-COLDSTART-CODE-KODCODE-CTX8K-S1-BETA01-V1_1783329189,100%,100,beta=0.1,beta01,6,Time per step,perf/time_per_step,40.85672003682703
ONPOLICY-SFT-Qwen3-1P7B-COLDSTART-CODE-KODCODE-CTX8K-S1-BETA01-V1_1783329189,100%,100,beta=0.1,beta01,7,Rollout correct ratio,wdl_sft/correct_ratio,0.3359375
ONPOLICY-SFT-Qwen3-1P7B-COLDSTART-CODE-KODCODE-CTX8K-S1-BETA01-V1_1783329189,100%,100,beta=0.1,beta01,7,Gradient norm,actor/grad_norm,8.864925384521484
ONPOLICY-SFT-Qwen3-1P7B-COLDSTART-CODE-KODCODE-CTX8K-S1-BETA01-V1_1783329189,100%,100,beta=0.1,beta01,7,Train score mean,critic/score/mean,-0.328125
ONPOLICY-SFT-Qwen3-1P7B-COLDSTART-CODE-KODCODE-CTX8K-S1-BETA01-V1_1783329189,100%,100,beta=0.1,beta01,7,Response length mean,response_length/mean,148.779296875
ONPOLICY-SFT-Qwen3-1P7B-COLDSTART-CODE-KODCODE-CTX8K-S1-BETA01-V1_1783329189,100%,100,beta=0.1,beta01,7,Time per step,perf/time_per_step,40.4062930168584
ONPOLICY-SFT-Qwen3-1P7B-COLDSTART-CODE-KODCODE-CTX8K-S1-BETA01-V1_1783329189,100%,100,beta=0.1,beta01,8,Rollout correct ratio,wdl_sft/correct_ratio,0.423828125
ONPOLICY-SFT-Qwen3-1P7B-COLDSTART-CODE-KODCODE-CTX8K-S1-BETA01-V1_1783329189,100%,100,beta=0.1,beta01,8,Gradient norm,actor/grad_norm,8.474736213684082
ONPOLICY-SFT-Qwen3-1P7B-COLDSTART-CODE-KODCODE-CTX8K-S1-BETA01-V1_1783329189,100%,100,beta=0.1,beta01,8,Train score mean,critic/score/mean,-0.15234375
ONPOLICY-SFT-Qwen3-1P7B-COLDSTART-CODE-KODCODE-CTX8K-S1-BETA01-V1_1783329189,100%,100,beta=0.1,beta01,8,Response length mean,response_length/mean,170.53125
ONPOLICY-SFT-Qwen3-1P7B-COLDSTART-CODE-KODCODE-CTX8K-S1-BETA01-V1_1783329189,100%,100,beta=0.1,beta01,8,Time per step,perf/time_per_step,41.03522783983499
ONPOLICY-SFT-Qwen3-1P7B-COLDSTART-CODE-KODCODE-CTX8K-S1-BETA01-V1_1783329189,100%,100,beta=0.1,beta01,9,Rollout correct ratio,wdl_sft/correct_ratio,0.400390625
ONPOLICY-SFT-Qwen3-1P7B-COLDSTART-CODE-KODCODE-CTX8K-S1-BETA01-V1_1783329189,100%,100,beta=0.1,beta01,9,Gradient norm,actor/grad_norm,8.612394332885742
ONPOLICY-SFT-Qwen3-1P7B-COLDSTART-CODE-KODCODE-CTX8K-S1-BETA01-V1_1783329189,100%,100,beta=0.1,beta01,9,Train score mean,critic/score/mean,-0.19921875
ONPOLICY-SFT-Qwen3-1P7B-COLDSTART-CODE-KODCODE-CTX8K-S1-BETA01-V1_1783329189,100%,100,beta=0.1,beta01,9,Response length mean,response_length/mean,153.640625
ONPOLICY-SFT-Qwen3-1P7B-COLDSTART-CODE-KODCODE-CTX8K-S1-BETA01-V1_1783329189,100%,100,beta=0.1,beta01,9,Time per step,perf/time_per_step,42.61812603287399
ONPOLICY-SFT-Qwen3-1P7B-COLDSTART-CODE-KODCODE-CTX8K-S1-BETA01-V1_1783329189,100%,100,beta=0.1,beta01,10,HumanEval+ pass@1,val-core/HumanEval+/acc/pass@1,0.4451219512195122
ONPOLICY-SFT-Qwen3-1P7B-COLDSTART-CODE-KODCODE-CTX8K-S1-BETA01-V1_1783329189,100%,100,beta=0.1,beta01,10,MBPP+ pass@1,val-core/MBPP+/acc/pass@1,0.5026455026455027
ONPOLICY-SFT-Qwen3-1P7B-COLDSTART-CODE-KODCODE-CTX8K-S1-BETA01-V1_1783329189,100%,100,beta=0.1,beta01,10,LiveCodeBench pass@1,val-core/LiveCodeBench/acc/pass@1,0.140625
ONPOLICY-SFT-Qwen3-1P7B-COLDSTART-CODE-KODCODE-CTX8K-S1-BETA01-V1_1783329189,100%,100,beta=0.1,beta01,10,HumanEval+ extract fail,val-aux/HumanEval+/code_reward_extraction_fail/mean@1,0.012195121951219513
ONPOLICY-SFT-Qwen3-1P7B-COLDSTART-CODE-KODCODE-CTX8K-S1-BETA01-V1_1783329189,100%,100,beta=0.1,beta01,10,MBPP+ extract fail,val-aux/MBPP+/code_reward_extraction_fail/mean@1,0.010582010582010581
ONPOLICY-SFT-Qwen3-1P7B-COLDSTART-CODE-KODCODE-CTX8K-S1-BETA01-V1_1783329189,100%,100,beta=0.1,beta01,10,LiveCodeBench extract fail,val-aux/LiveCodeBench/code_reward_extraction_fail/mean@1,0.0234375
ONPOLICY-SFT-Qwen3-1P7B-COLDSTART-CODE-KODCODE-CTX8K-S1-BETA01-V1_1783329189,100%,100,beta=0.1,beta01,10,Rollout correct ratio,wdl_sft/correct_ratio,0.521484375
ONPOLICY-SFT-Qwen3-1P7B-COLDSTART-CODE-KODCODE-CTX8K-S1-BETA01-V1_1783329189,100%,100,beta=0.1,beta01,10,Gradient norm,actor/grad_norm,7.566583633422852
ONPOLICY-SFT-Qwen3-1P7B-COLDSTART-CODE-KODCODE-CTX8K-S1-BETA01-V1_1783329189,100%,100,beta=0.1,beta01,10,Train score mean,critic/score/mean,0.04296875
ONPOLICY-SFT-Qwen3-1P7B-COLDSTART-CODE-KODCODE-CTX8K-S1-BETA01-V1_1783329189,100%,100,beta=0.1,beta01,10,Response length mean,response_length/mean,147.01953125
ONPOLICY-SFT-Qwen3-1P7B-COLDSTART-CODE-KODCODE-CTX8K-S1-BETA01-V1_1783329189,100%,100,beta=0.1,beta01,10,Time per step,perf/time_per_step,46.985114900395274
ONPOLICY-SFT-Qwen3-1P7B-COLDSTART-CODE-KODCODE-CTX8K-S1-BETA01-V1_1783329189,100%,100,beta=0.1,beta01,11,Rollout correct ratio,wdl_sft/correct_ratio,0.392578125
ONPOLICY-SFT-Qwen3-1P7B-COLDSTART-CODE-KODCODE-CTX8K-S1-BETA01-V1_1783329189,100%,100,beta=0.1,beta01,11,Gradient norm,actor/grad_norm,10.668280601501465
ONPOLICY-SFT-Qwen3-1P7B-COLDSTART-CODE-KODCODE-CTX8K-S1-BETA01-V1_1783329189,100%,100,beta=0.1,beta01,11,Train score mean,critic/score/mean,-0.21484375
ONPOLICY-SFT-Qwen3-1P7B-COLDSTART-CODE-KODCODE-CTX8K-S1-BETA01-V1_1783329189,100%,100,beta=0.1,beta01,11,Response length mean,response_length/mean,164.53125
ONPOLICY-SFT-Qwen3-1P7B-COLDSTART-CODE-KODCODE-CTX8K-S1-BETA01-V1_1783329189,100%,100,beta=0.1,beta01,11,Time per step,perf/time_per_step,40.68305146694183
ONPOLICY-SFT-Qwen3-1P7B-COLDSTART-CODE-KODCODE-CTX8K-S1-BETA01-V1_1783329189,100%,100,beta=0.1,beta01,12,Rollout correct ratio,wdl_sft/correct_ratio,0.37109375
ONPOLICY-SFT-Qwen3-1P7B-COLDSTART-CODE-KODCODE-CTX8K-S1-BETA01-V1_1783329189,100%,100,beta=0.1,beta01,12,Gradient norm,actor/grad_norm,8.899443626403809
ONPOLICY-SFT-Qwen3-1P7B-COLDSTART-CODE-KODCODE-CTX8K-S1-BETA01-V1_1783329189,100%,100,beta=0.1,beta01,12,Train score mean,critic/score/mean,-0.2578125
ONPOLICY-SFT-Qwen3-1P7B-COLDSTART-CODE-KODCODE-CTX8K-S1-BETA01-V1_1783329189,100%,100,beta=0.1,beta01,12,Response length mean,response_length/mean,139.904296875
ONPOLICY-SFT-Qwen3-1P7B-COLDSTART-CODE-KODCODE-CTX8K-S1-BETA01-V1_1783329189,100%,100,beta=0.1,beta01,12,Time per step,perf/time_per_step,40.41552659124136
ONPOLICY-SFT-Qwen3-1P7B-COLDSTART-CODE-KODCODE-CTX8K-S1-BETA01-V1_1783329189,100%,100,beta=0.1,beta01,13,Rollout correct ratio,wdl_sft/correct_ratio,0.34765625
ONPOLICY-SFT-Qwen3-1P7B-COLDSTART-CODE-KODCODE-CTX8K-S1-BETA01-V1_1783329189,100%,100,beta=0.1,beta01,13,Gradient norm,actor/grad_norm,10.106863021850586
ONPOLICY-SFT-Qwen3-1P7B-COLDSTART-CODE-KODCODE-CTX8K-S1-BETA01-V1_1783329189,100%,100,beta=0.1,beta01,13,Train score mean,critic/score/mean,-0.3046875
ONPOLICY-SFT-Qwen3-1P7B-COLDSTART-CODE-KODCODE-CTX8K-S1-BETA01-V1_1783329189,100%,100,beta=0.1,beta01,13,Response length mean,response_length/mean,162.8671875
ONPOLICY-SFT-Qwen3-1P7B-COLDSTART-CODE-KODCODE-CTX8K-S1-BETA01-V1_1783329189,100%,100,beta=0.1,beta01,13,Time per step,perf/time_per_step,43.61137724108994
ONPOLICY-SFT-Qwen3-1P7B-COLDSTART-CODE-KODCODE-CTX8K-S1-BETA01-V1_1783329189,100%,100,beta=0.1,beta01,14,Rollout correct ratio,wdl_sft/correct_ratio,0.474609375
ONPOLICY-SFT-Qwen3-1P7B-COLDSTART-CODE-KODCODE-CTX8K-S1-BETA01-V1_1783329189,100%,100,beta=0.1,beta01,14,Gradient norm,actor/grad_norm,8.450338363647461
ONPOLICY-SFT-Qwen3-1P7B-COLDSTART-CODE-KODCODE-CTX8K-S1-BETA01-V1_1783329189,100%,100,beta=0.1,beta01,14,Train score mean,critic/score/mean,-0.05078125
ONPOLICY-SFT-Qwen3-1P7B-COLDSTART-CODE-KODCODE-CTX8K-S1-BETA01-V1_1783329189,100%,100,beta=0.1,beta01,14,Response length mean,response_length/mean,167.416015625
ONPOLICY-SFT-Qwen3-1P7B-COLDSTART-CODE-KODCODE-CTX8K-S1-BETA01-V1_1783329189,100%,100,beta=0.1,beta01,14,Time per step,perf/time_per_step,41.44552657939494
ONPOLICY-SFT-Qwen3-1P7B-COLDSTART-CODE-KODCODE-CTX8K-S1-BETA01-V1_1783329189,100%,100,beta=0.1,beta01,15,HumanEval+ pass@1,val-core/HumanEval+/acc/pass@1,0.5060975609756098
ONPOLICY-SFT-Qwen3-1P7B-COLDSTART-CODE-KODCODE-CTX8K-S1-BETA01-V1_1783329189,100%,100,beta=0.1,beta01,15,MBPP+ pass@1,val-core/MBPP+/acc/pass@1,0.5052910052910053
ONPOLICY-SFT-Qwen3-1P7B-COLDSTART-CODE-KODCODE-CTX8K-S1-BETA01-V1_1783329189,100%,100,beta=0.1,beta01,15,LiveCodeBench pass@1,val-core/LiveCodeBench/acc/pass@1,0.171875
ONPOLICY-SFT-Qwen3-1P7B-COLDSTART-CODE-KODCODE-CTX8K-S1-BETA01-V1_1783329189,100%,100,beta=0.1,beta01,15,HumanEval+ extract fail,val-aux/HumanEval+/code_reward_extraction_fail/mean@1,0.006097560975609756
ONPOLICY-SFT-Qwen3-1P7B-COLDSTART-CODE-KODCODE-CTX8K-S1-BETA01-V1_1783329189,100%,100,beta=0.1,beta01,15,MBPP+ extract fail,val-aux/MBPP+/code_reward_extraction_fail/mean@1,0.010582010582010581
ONPOLICY-SFT-Qwen3-1P7B-COLDSTART-CODE-KODCODE-CTX8K-S1-BETA01-V1_1783329189,100%,100,beta=0.1,beta01,15,LiveCodeBench extract fail,val-aux/LiveCodeBench/code_reward_extraction_fail/mean@1,0.03125
ONPOLICY-SFT-Qwen3-1P7B-COLDSTART-CODE-KODCODE-CTX8K-S1-BETA01-V1_1783329189,100%,100,beta=0.1,beta01,15,Rollout correct ratio,wdl_sft/correct_ratio,0.443359375
ONPOLICY-SFT-Qwen3-1P7B-COLDSTART-CODE-KODCODE-CTX8K-S1-BETA01-V1_1783329189,100%,100,beta=0.1,beta01,15,Gradient norm,actor/grad_norm,7.703128337860107
ONPOLICY-SFT-Qwen3-1P7B-COLDSTART-CODE-KODCODE-CTX8K-S1-BETA01-V1_1783329189,100%,100,beta=0.1,beta01,15,Train score mean,critic/score/mean,-0.11328125
ONPOLICY-SFT-Qwen3-1P7B-COLDSTART-CODE-KODCODE-CTX8K-S1-BETA01-V1_1783329189,100%,100,beta=0.1,beta01,15,Response length mean,response_length/mean,160.017578125
ONPOLICY-SFT-Qwen3-1P7B-COLDSTART-CODE-KODCODE-CTX8K-S1-BETA01-V1_1783329189,100%,100,beta=0.1,beta01,15,Time per step,perf/time_per_step,48.83927757758647
ONPOLICY-SFT-Qwen3-1P7B-COLDSTART-CODE-KODCODE-CTX8K-S1-BETA01-V1_1783329189,100%,100,beta=0.1,beta01,16,Rollout correct ratio,wdl_sft/correct_ratio,0.40625
ONPOLICY-SFT-Qwen3-1P7B-COLDSTART-CODE-KODCODE-CTX8K-S1-BETA01-V1_1783329189,100%,100,beta=0.1,beta01,16,Gradient norm,actor/grad_norm,8.171092987060547
ONPOLICY-SFT-Qwen3-1P7B-COLDSTART-CODE-KODCODE-CTX8K-S1-BETA01-V1_1783329189,100%,100,beta=0.1,beta01,16,Train score mean,critic/score/mean,-0.1875
ONPOLICY-SFT-Qwen3-1P7B-COLDSTART-CODE-KODCODE-CTX8K-S1-BETA01-V1_1783329189,100%,100,beta=0.1,beta01,16,Response length mean,response_length/mean,167.8359375
ONPOLICY-SFT-Qwen3-1P7B-COLDSTART-CODE-KODCODE-CTX8K-S1-BETA01-V1_1783329189,100%,100,beta=0.1,beta01,16,Time per step,perf/time_per_step,41.87984552048147
ONPOLICY-SFT-Qwen3-1P7B-COLDSTART-CODE-KODCODE-CTX8K-S1-BETA01-V1_1783329189,100%,100,beta=0.1,beta01,17,Rollout correct ratio,wdl_sft/correct_ratio,0.447265625
ONPOLICY-SFT-Qwen3-1P7B-COLDSTART-CODE-KODCODE-CTX8K-S1-BETA01-V1_1783329189,100%,100,beta=0.1,beta01,17,Gradient norm,actor/grad_norm,8.288741111755371
ONPOLICY-SFT-Qwen3-1P7B-COLDSTART-CODE-KODCODE-CTX8K-S1-BETA01-V1_1783329189,100%,100,beta=0.1,beta01,17,Train score mean,critic/score/mean,-0.10546875
ONPOLICY-SFT-Qwen3-1P7B-COLDSTART-CODE-KODCODE-CTX8K-S1-BETA01-V1_1783329189,100%,100,beta=0.1,beta01,17,Response length mean,response_length/mean,161.357421875
ONPOLICY-SFT-Qwen3-1P7B-COLDSTART-CODE-KODCODE-CTX8K-S1-BETA01-V1_1783329189,100%,100,beta=0.1,beta01,17,Time per step,perf/time_per_step,41.24045167397708
ONPOLICY-SFT-Qwen3-1P7B-COLDSTART-CODE-KODCODE-CTX8K-S1-BETA01-V1_1783329189,100%,100,beta=0.1,beta01,18,Rollout correct ratio,wdl_sft/correct_ratio,0.396484375
ONPOLICY-SFT-Qwen3-1P7B-COLDSTART-CODE-KODCODE-CTX8K-S1-BETA01-V1_1783329189,100%,100,beta=0.1,beta01,18,Gradient norm,actor/grad_norm,8.85193157196045
ONPOLICY-SFT-Qwen3-1P7B-COLDSTART-CODE-KODCODE-CTX8K-S1-BETA01-V1_1783329189,100%,100,beta=0.1,beta01,18,Train score mean,critic/score/mean,-0.20703125
ONPOLICY-SFT-Qwen3-1P7B-COLDSTART-CODE-KODCODE-CTX8K-S1-BETA01-V1_1783329189,100%,100,beta=0.1,beta01,18,Response length mean,response_length/mean,152.630859375
ONPOLICY-SFT-Qwen3-1P7B-COLDSTART-CODE-KODCODE-CTX8K-S1-BETA01-V1_1783329189,100%,100,beta=0.1,beta01,18,Time per step,perf/time_per_step,42.467297840863466
ONPOLICY-SFT-Qwen3-1P7B-COLDSTART-CODE-KODCODE-CTX8K-S1-BETA01-V1_1783329189,100%,100,beta=0.1,beta01,19,Rollout correct ratio,wdl_sft/correct_ratio,0.435546875
ONPOLICY-SFT-Qwen3-1P7B-COLDSTART-CODE-KODCODE-CTX8K-S1-BETA01-V1_1783329189,100%,100,beta=0.1,beta01,19,Gradient norm,actor/grad_norm,9.066262245178223
ONPOLICY-SFT-Qwen3-1P7B-COLDSTART-CODE-KODCODE-CTX8K-S1-BETA01-V1_1783329189,100%,100,beta=0.1,beta01,19,Train score mean,critic/score/mean,-0.12890625
ONPOLICY-SFT-Qwen3-1P7B-COLDSTART-CODE-KODCODE-CTX8K-S1-BETA01-V1_1783329189,100%,100,beta=0.1,beta01,19,Response length mean,response_length/mean,152.373046875
ONPOLICY-SFT-Qwen3-1P7B-COLDSTART-CODE-KODCODE-CTX8K-S1-BETA01-V1_1783329189,100%,100,beta=0.1,beta01,19,Time per step,perf/time_per_step,41.68746163789183
ONPOLICY-SFT-Qwen3-1P7B-COLDSTART-CODE-KODCODE-CTX8K-S1-BETA01-V1_1783329189,100%,100,beta=0.1,beta01,20,HumanEval+ pass@1,val-core/HumanEval+/acc/pass@1,0.49390243902439024
ONPOLICY-SFT-Qwen3-1P7B-COLDSTART-CODE-KODCODE-CTX8K-S1-BETA01-V1_1783329189,100%,100,beta=0.1,beta01,20,MBPP+ pass@1,val-core/MBPP+/acc/pass@1,0.5079365079365079
ONPOLICY-SFT-Qwen3-1P7B-COLDSTART-CODE-KODCODE-CTX8K-S1-BETA01-V1_1783329189,100%,100,beta=0.1,beta01,20,LiveCodeBench pass@1,val-core/LiveCodeBench/acc/pass@1,0.171875
ONPOLICY-SFT-Qwen3-1P7B-COLDSTART-CODE-KODCODE-CTX8K-S1-BETA01-V1_1783329189,100%,100,beta=0.1,beta01,20,HumanEval+ extract fail,val-aux/HumanEval+/code_reward_extraction_fail/mean@1,0.012195121951219513
ONPOLICY-SFT-Qwen3-1P7B-COLDSTART-CODE-KODCODE-CTX8K-S1-BETA01-V1_1783329189,100%,100,beta=0.1,beta01,20,MBPP+ extract fail,val-aux/MBPP+/code_reward_extraction_fail/mean@1,0.005291005291005291
ONPOLICY-SFT-Qwen3-1P7B-COLDSTART-CODE-KODCODE-CTX8K-S1-BETA01-V1_1783329189,100%,100,beta=0.1,beta01,20,LiveCodeBench extract fail,val-aux/LiveCodeBench/code_reward_extraction_fail/mean@1,0.0234375
ONPOLICY-SFT-Qwen3-1P7B-COLDSTART-CODE-KODCODE-CTX8K-S1-BETA01-V1_1783329189,100%,100,beta=0.1,beta01,20,Rollout correct ratio,wdl_sft/correct_ratio,0.421875
ONPOLICY-SFT-Qwen3-1P7B-COLDSTART-CODE-KODCODE-CTX8K-S1-BETA01-V1_1783329189,100%,100,beta=0.1,beta01,20,Gradient norm,actor/grad_norm,7.273968696594238
ONPOLICY-SFT-Qwen3-1P7B-COLDSTART-CODE-KODCODE-CTX8K-S1-BETA01-V1_1783329189,100%,100,beta=0.1,beta01,20,Train score mean,critic/score/mean,-0.15625
ONPOLICY-SFT-Qwen3-1P7B-COLDSTART-CODE-KODCODE-CTX8K-S1-BETA01-V1_1783329189,100%,100,beta=0.1,beta01,20,Response length mean,response_length/mean,142.78125
ONPOLICY-SFT-Qwen3-1P7B-COLDSTART-CODE-KODCODE-CTX8K-S1-BETA01-V1_1783329189,100%,100,beta=0.1,beta01,20,Time per step,perf/time_per_step,46.25342110171914
ONPOLICY-SFT-Qwen3-1P7B-COLDSTART-CODE-KODCODE-CTX8K-S1-BETA01-V1_1783329189,100%,100,beta=0.1,beta01,21,Rollout correct ratio,wdl_sft/correct_ratio,0.3671875
ONPOLICY-SFT-Qwen3-1P7B-COLDSTART-CODE-KODCODE-CTX8K-S1-BETA01-V1_1783329189,100%,100,beta=0.1,beta01,21,Gradient norm,actor/grad_norm,11.313986778259277
ONPOLICY-SFT-Qwen3-1P7B-COLDSTART-CODE-KODCODE-CTX8K-S1-BETA01-V1_1783329189,100%,100,beta=0.1,beta01,21,Train score mean,critic/score/mean,-0.265625
ONPOLICY-SFT-Qwen3-1P7B-COLDSTART-CODE-KODCODE-CTX8K-S1-BETA01-V1_1783329189,100%,100,beta=0.1,beta01,21,Response length mean,response_length/mean,176.34375
ONPOLICY-SFT-Qwen3-1P7B-COLDSTART-CODE-KODCODE-CTX8K-S1-BETA01-V1_1783329189,100%,100,beta=0.1,beta01,21,Time per step,perf/time_per_step,64.7951934589073
ONPOLICY-SFT-Qwen3-1P7B-COLDSTART-CODE-KODCODE-CTX8K-S1-BETA01-V1_1783329189,100%,100,beta=0.1,beta01,22,Rollout correct ratio,wdl_sft/correct_ratio,0.40234375
ONPOLICY-SFT-Qwen3-1P7B-COLDSTART-CODE-KODCODE-CTX8K-S1-BETA01-V1_1783329189,100%,100,beta=0.1,beta01,22,Gradient norm,actor/grad_norm,8.41425609588623
ONPOLICY-SFT-Qwen3-1P7B-COLDSTART-CODE-KODCODE-CTX8K-S1-BETA01-V1_1783329189,100%,100,beta=0.1,beta01,22,Train score mean,critic/score/mean,-0.1953125
ONPOLICY-SFT-Qwen3-1P7B-COLDSTART-CODE-KODCODE-CTX8K-S1-BETA01-V1_1783329189,100%,100,beta=0.1,beta01,22,Response length mean,response_length/mean,146.255859375
ONPOLICY-SFT-Qwen3-1P7B-COLDSTART-CODE-KODCODE-CTX8K-S1-BETA01-V1_1783329189,100%,100,beta=0.1,beta01,22,Time per step,perf/time_per_step,40.25451666023582
ONPOLICY-SFT-Qwen3-1P7B-COLDSTART-CODE-KODCODE-CTX8K-S1-BETA01-V1_1783329189,100%,100,beta=0.1,beta01,23,Rollout correct ratio,wdl_sft/correct_ratio,0.404296875
ONPOLICY-SFT-Qwen3-1P7B-COLDSTART-CODE-KODCODE-CTX8K-S1-BETA01-V1_1783329189,100%,100,beta=0.1,beta01,23,Gradient norm,actor/grad_norm,8.863039016723633
ONPOLICY-SFT-Qwen3-1P7B-COLDSTART-CODE-KODCODE-CTX8K-S1-BETA01-V1_1783329189,100%,100,beta=0.1,beta01,23,Train score mean,critic/score/mean,-0.19140625
ONPOLICY-SFT-Qwen3-1P7B-COLDSTART-CODE-KODCODE-CTX8K-S1-BETA01-V1_1783329189,100%,100,beta=0.1,beta01,23,Response length mean,response_length/mean,158.67578125
ONPOLICY-SFT-Qwen3-1P7B-COLDSTART-CODE-KODCODE-CTX8K-S1-BETA01-V1_1783329189,100%,100,beta=0.1,beta01,23,Time per step,perf/time_per_step,43.7502508983016
ONPOLICY-SFT-Qwen3-1P7B-COLDSTART-CODE-KODCODE-CTX8K-S1-BETA01-V1_1783329189,100%,100,beta=0.1,beta01,24,Rollout correct ratio,wdl_sft/correct_ratio,0.3984375
ONPOLICY-SFT-Qwen3-1P7B-COLDSTART-CODE-KODCODE-CTX8K-S1-BETA01-V1_1783329189,100%,100,beta=0.1,beta01,24,Gradient norm,actor/grad_norm,8.164748191833496
ONPOLICY-SFT-Qwen3-1P7B-COLDSTART-CODE-KODCODE-CTX8K-S1-BETA01-V1_1783329189,100%,100,beta=0.1,beta01,24,Train score mean,critic/score/mean,-0.203125
ONPOLICY-SFT-Qwen3-1P7B-COLDSTART-CODE-KODCODE-CTX8K-S1-BETA01-V1_1783329189,100%,100,beta=0.1,beta01,24,Response length mean,response_length/mean,165.396484375
ONPOLICY-SFT-Qwen3-1P7B-COLDSTART-CODE-KODCODE-CTX8K-S1-BETA01-V1_1783329189,100%,100,beta=0.1,beta01,24,Time per step,perf/time_per_step,42.368126769550145
ONPOLICY-SFT-Qwen3-1P7B-COLDSTART-CODE-KODCODE-CTX8K-S1-BETA01-V1_1783329189,100%,100,beta=0.1,beta01,25,HumanEval+ pass@1,val-core/HumanEval+/acc/pass@1,0.49390243902439024
ONPOLICY-SFT-Qwen3-1P7B-COLDSTART-CODE-KODCODE-CTX8K-S1-BETA01-V1_1783329189,100%,100,beta=0.1,beta01,25,MBPP+ pass@1,val-core/MBPP+/acc/pass@1,0.5132275132275133
ONPOLICY-SFT-Qwen3-1P7B-COLDSTART-CODE-KODCODE-CTX8K-S1-BETA01-V1_1783329189,100%,100,beta=0.1,beta01,25,LiveCodeBench pass@1,val-core/LiveCodeBench/acc/pass@1,0.1328125
ONPOLICY-SFT-Qwen3-1P7B-COLDSTART-CODE-KODCODE-CTX8K-S1-BETA01-V1_1783329189,100%,100,beta=0.1,beta01,25,HumanEval+ extract fail,val-aux/HumanEval+/code_reward_extraction_fail/mean@1,0.006097560975609756
ONPOLICY-SFT-Qwen3-1P7B-COLDSTART-CODE-KODCODE-CTX8K-S1-BETA01-V1_1783329189,100%,100,beta=0.1,beta01,25,MBPP+ extract fail,val-aux/MBPP+/code_reward_extraction_fail/mean@1,0.005291005291005291
ONPOLICY-SFT-Qwen3-1P7B-COLDSTART-CODE-KODCODE-CTX8K-S1-BETA01-V1_1783329189,100%,100,beta=0.1,beta01,25,LiveCodeBench extract fail,val-aux/LiveCodeBench/code_reward_extraction_fail/mean@1,0.03125
ONPOLICY-SFT-Qwen3-1P7B-COLDSTART-CODE-KODCODE-CTX8K-S1-BETA01-V1_1783329189,100%,100,beta=0.1,beta01,25,Rollout correct ratio,wdl_sft/correct_ratio,0.36328125
ONPOLICY-SFT-Qwen3-1P7B-COLDSTART-CODE-KODCODE-CTX8K-S1-BETA01-V1_1783329189,100%,100,beta=0.1,beta01,25,Gradient norm,actor/grad_norm,9.01928424835205
ONPOLICY-SFT-Qwen3-1P7B-COLDSTART-CODE-KODCODE-CTX8K-S1-BETA01-V1_1783329189,100%,100,beta=0.1,beta01,25,Train score mean,critic/score/mean,-0.2734375
ONPOLICY-SFT-Qwen3-1P7B-COLDSTART-CODE-KODCODE-CTX8K-S1-BETA01-V1_1783329189,100%,100,beta=0.1,beta01,25,Response length mean,response_length/mean,161.421875
ONPOLICY-SFT-Qwen3-1P7B-COLDSTART-CODE-KODCODE-CTX8K-S1-BETA01-V1_1783329189,100%,100,beta=0.1,beta01,25,Time per step,perf/time_per_step,48.59833828732371
ONPOLICY-SFT-Qwen3-1P7B-COLDSTART-CODE-KODCODE-CTX8K-S1-BETA01-V1_1783329189,100%,100,beta=0.1,beta01,26,Rollout correct ratio,wdl_sft/correct_ratio,0.44140625
ONPOLICY-SFT-Qwen3-1P7B-COLDSTART-CODE-KODCODE-CTX8K-S1-BETA01-V1_1783329189,100%,100,beta=0.1,beta01,26,Gradient norm,actor/grad_norm,9.343976020812988
ONPOLICY-SFT-Qwen3-1P7B-COLDSTART-CODE-KODCODE-CTX8K-S1-BETA01-V1_1783329189,100%,100,beta=0.1,beta01,26,Train score mean,critic/score/mean,-0.1171875
ONPOLICY-SFT-Qwen3-1P7B-COLDSTART-CODE-KODCODE-CTX8K-S1-BETA01-V1_1783329189,100%,100,beta=0.1,beta01,26,Response length mean,response_length/mean,162.509765625
ONPOLICY-SFT-Qwen3-1P7B-COLDSTART-CODE-KODCODE-CTX8K-S1-BETA01-V1_1783329189,100%,100,beta=0.1,beta01,26,Time per step,perf/time_per_step,42.41509501170367
ONPOLICY-SFT-Qwen3-1P7B-COLDSTART-CODE-KODCODE-CTX8K-S1-BETA01-V1_1783329189,100%,100,beta=0.1,beta01,27,Rollout correct ratio,wdl_sft/correct_ratio,0.451171875
ONPOLICY-SFT-Qwen3-1P7B-COLDSTART-CODE-KODCODE-CTX8K-S1-BETA01-V1_1783329189,100%,100,beta=0.1,beta01,27,Gradient norm,actor/grad_norm,7.990726947784424
ONPOLICY-SFT-Qwen3-1P7B-COLDSTART-CODE-KODCODE-CTX8K-S1-BETA01-V1_1783329189,100%,100,beta=0.1,beta01,27,Train score mean,critic/score/mean,-0.09765625
ONPOLICY-SFT-Qwen3-1P7B-COLDSTART-CODE-KODCODE-CTX8K-S1-BETA01-V1_1783329189,100%,100,beta=0.1,beta01,27,Response length mean,response_length/mean,152.41796875
ONPOLICY-SFT-Qwen3-1P7B-COLDSTART-CODE-KODCODE-CTX8K-S1-BETA01-V1_1783329189,100%,100,beta=0.1,beta01,27,Time per step,perf/time_per_step,42.37381003424525
ONPOLICY-SFT-Qwen3-1P7B-COLDSTART-CODE-KODCODE-CTX8K-S1-BETA01-V1_1783329189,100%,100,beta=0.1,beta01,28,Rollout correct ratio,wdl_sft/correct_ratio,0.3515625
ONPOLICY-SFT-Qwen3-1P7B-COLDSTART-CODE-KODCODE-CTX8K-S1-BETA01-V1_1783329189,100%,100,beta=0.1,beta01,28,Gradient norm,actor/grad_norm,9.554194450378418
ONPOLICY-SFT-Qwen3-1P7B-COLDSTART-CODE-KODCODE-CTX8K-S1-BETA01-V1_1783329189,100%,100,beta=0.1,beta01,28,Train score mean,critic/score/mean,-0.296875
ONPOLICY-SFT-Qwen3-1P7B-COLDSTART-CODE-KODCODE-CTX8K-S1-BETA01-V1_1783329189,100%,100,beta=0.1,beta01,28,Response length mean,response_length/mean,165.822265625
ONPOLICY-SFT-Qwen3-1P7B-COLDSTART-CODE-KODCODE-CTX8K-S1-BETA01-V1_1783329189,100%,100,beta=0.1,beta01,28,Time per step,perf/time_per_step,42.147196973674
ONPOLICY-SFT-Qwen3-1P7B-COLDSTART-CODE-KODCODE-CTX8K-S1-BETA01-V1_1783329189,100%,100,beta=0.1,beta01,29,Rollout correct ratio,wdl_sft/correct_ratio,0.39453125
ONPOLICY-SFT-Qwen3-1P7B-COLDSTART-CODE-KODCODE-CTX8K-S1-BETA01-V1_1783329189,100%,100,beta=0.1,beta01,29,Gradient norm,actor/grad_norm,9.001014709472656
ONPOLICY-SFT-Qwen3-1P7B-COLDSTART-CODE-KODCODE-CTX8K-S1-BETA01-V1_1783329189,100%,100,beta=0.1,beta01,29,Train score mean,critic/score/mean,-0.2109375
ONPOLICY-SFT-Qwen3-1P7B-COLDSTART-CODE-KODCODE-CTX8K-S1-BETA01-V1_1783329189,100%,100,beta=0.1,beta01,29,Response length mean,response_length/mean,150.568359375
ONPOLICY-SFT-Qwen3-1P7B-COLDSTART-CODE-KODCODE-CTX8K-S1-BETA01-V1_1783329189,100%,100,beta=0.1,beta01,29,Time per step,perf/time_per_step,27.236373950727284
ONPOLICY-SFT-Qwen3-1P7B-COLDSTART-CODE-KODCODE-CTX8K-S1-BETA01-V1_1783329189,100%,100,beta=0.1,beta01,30,HumanEval+ pass@1,val-core/HumanEval+/acc/pass@1,0.5121951219512195
ONPOLICY-SFT-Qwen3-1P7B-COLDSTART-CODE-KODCODE-CTX8K-S1-BETA01-V1_1783329189,100%,100,beta=0.1,beta01,30,MBPP+ pass@1,val-core/MBPP+/acc/pass@1,0.4973544973544973
ONPOLICY-SFT-Qwen3-1P7B-COLDSTART-CODE-KODCODE-CTX8K-S1-BETA01-V1_1783329189,100%,100,beta=0.1,beta01,30,LiveCodeBench pass@1,val-core/LiveCodeBench/acc/pass@1,0.1640625
ONPOLICY-SFT-Qwen3-1P7B-COLDSTART-CODE-KODCODE-CTX8K-S1-BETA01-V1_1783329189,100%,100,beta=0.1,beta01,30,HumanEval+ extract fail,val-aux/HumanEval+/code_reward_extraction_fail/mean@1,0.0
ONPOLICY-SFT-Qwen3-1P7B-COLDSTART-CODE-KODCODE-CTX8K-S1-BETA01-V1_1783329189,100%,100,beta=0.1,beta01,30,MBPP+ extract fail,val-aux/MBPP+/code_reward_extraction_fail/mean@1,0.005291005291005291
ONPOLICY-SFT-Qwen3-1P7B-COLDSTART-CODE-KODCODE-CTX8K-S1-BETA01-V1_1783329189,100%,100,beta=0.1,beta01,30,LiveCodeBench extract fail,val-aux/LiveCodeBench/code_reward_extraction_fail/mean@1,0.015625
ONPOLICY-SFT-Qwen3-1P7B-COLDSTART-CODE-KODCODE-CTX8K-S1-BETA01-V1_1783329189,100%,100,beta=0.1,beta01,30,Rollout correct ratio,wdl_sft/correct_ratio,0.37109375
ONPOLICY-SFT-Qwen3-1P7B-COLDSTART-CODE-KODCODE-CTX8K-S1-BETA01-V1_1783329189,100%,100,beta=0.1,beta01,30,Gradient norm,actor/grad_norm,9.79287052154541
ONPOLICY-SFT-Qwen3-1P7B-COLDSTART-CODE-KODCODE-CTX8K-S1-BETA01-V1_1783329189,100%,100,beta=0.1,beta01,30,Train score mean,critic/score/mean,-0.2578125
ONPOLICY-SFT-Qwen3-1P7B-COLDSTART-CODE-KODCODE-CTX8K-S1-BETA01-V1_1783329189,100%,100,beta=0.1,beta01,30,Response length mean,response_length/mean,164.201171875
ONPOLICY-SFT-Qwen3-1P7B-COLDSTART-CODE-KODCODE-CTX8K-S1-BETA01-V1_1783329189,100%,100,beta=0.1,beta01,30,Time per step,perf/time_per_step,48.13909556437284
ONPOLICY-SFT-Qwen3-1P7B-COLDSTART-CODE-KODCODE-CTX8K-S1-BETA01-V1_1783329189,100%,100,beta=0.1,beta01,31,Rollout correct ratio,wdl_sft/correct_ratio,0.44140625
ONPOLICY-SFT-Qwen3-1P7B-COLDSTART-CODE-KODCODE-CTX8K-S1-BETA01-V1_1783329189,100%,100,beta=0.1,beta01,31,Gradient norm,actor/grad_norm,7.138876914978027
ONPOLICY-SFT-Qwen3-1P7B-COLDSTART-CODE-KODCODE-CTX8K-S1-BETA01-V1_1783329189,100%,100,beta=0.1,beta01,31,Train score mean,critic/score/mean,-0.1171875
ONPOLICY-SFT-Qwen3-1P7B-COLDSTART-CODE-KODCODE-CTX8K-S1-BETA01-V1_1783329189,100%,100,beta=0.1,beta01,31,Response length mean,response_length/mean,145.693359375
ONPOLICY-SFT-Qwen3-1P7B-COLDSTART-CODE-KODCODE-CTX8K-S1-BETA01-V1_1783329189,100%,100,beta=0.1,beta01,31,Time per step,perf/time_per_step,42.62304418068379
ONPOLICY-SFT-Qwen3-1P7B-COLDSTART-CODE-KODCODE-CTX8K-S1-BETA01-V1_1783329189,100%,100,beta=0.1,beta01,32,Rollout correct ratio,wdl_sft/correct_ratio,0.42578125
ONPOLICY-SFT-Qwen3-1P7B-COLDSTART-CODE-KODCODE-CTX8K-S1-BETA01-V1_1783329189,100%,100,beta=0.1,beta01,32,Gradient norm,actor/grad_norm,8.680253028869629
ONPOLICY-SFT-Qwen3-1P7B-COLDSTART-CODE-KODCODE-CTX8K-S1-BETA01-V1_1783329189,100%,100,beta=0.1,beta01,32,Train score mean,critic/score/mean,-0.1484375
ONPOLICY-SFT-Qwen3-1P7B-COLDSTART-CODE-KODCODE-CTX8K-S1-BETA01-V1_1783329189,100%,100,beta=0.1,beta01,32,Response length mean,response_length/mean,149.734375
ONPOLICY-SFT-Qwen3-1P7B-COLDSTART-CODE-KODCODE-CTX8K-S1-BETA01-V1_1783329189,100%,100,beta=0.1,beta01,32,Time per step,perf/time_per_step,14.21254225447774
ONPOLICY-SFT-Qwen3-1P7B-COLDSTART-CODE-KODCODE-CTX8K-S1-BETA01-V1_1783329189,100%,100,beta=0.1,beta01,33,Rollout correct ratio,wdl_sft/correct_ratio,0.458984375
ONPOLICY-SFT-Qwen3-1P7B-COLDSTART-CODE-KODCODE-CTX8K-S1-BETA01-V1_1783329189,100%,100,beta=0.1,beta01,33,Gradient norm,actor/grad_norm,8.131369590759277
ONPOLICY-SFT-Qwen3-1P7B-COLDSTART-CODE-KODCODE-CTX8K-S1-BETA01-V1_1783329189,100%,100,beta=0.1,beta01,33,Train score mean,critic/score/mean,-0.08203125
ONPOLICY-SFT-Qwen3-1P7B-COLDSTART-CODE-KODCODE-CTX8K-S1-BETA01-V1_1783329189,100%,100,beta=0.1,beta01,33,Response length mean,response_length/mean,154.388671875
ONPOLICY-SFT-Qwen3-1P7B-COLDSTART-CODE-KODCODE-CTX8K-S1-BETA01-V1_1783329189,100%,100,beta=0.1,beta01,33,Time per step,perf/time_per_step,45.26466156356037
ONPOLICY-SFT-Qwen3-1P7B-COLDSTART-CODE-KODCODE-CTX8K-S1-BETA01-V1_1783329189,100%,100,beta=0.1,beta01,34,Rollout correct ratio,wdl_sft/correct_ratio,0.404296875
ONPOLICY-SFT-Qwen3-1P7B-COLDSTART-CODE-KODCODE-CTX8K-S1-BETA01-V1_1783329189,100%,100,beta=0.1,beta01,34,Gradient norm,actor/grad_norm,8.825767517089844
ONPOLICY-SFT-Qwen3-1P7B-COLDSTART-CODE-KODCODE-CTX8K-S1-BETA01-V1_1783329189,100%,100,beta=0.1,beta01,34,Train score mean,critic/score/mean,-0.19140625
ONPOLICY-SFT-Qwen3-1P7B-COLDSTART-CODE-KODCODE-CTX8K-S1-BETA01-V1_1783329189,100%,100,beta=0.1,beta01,34,Response length mean,response_length/mean,155.705078125
ONPOLICY-SFT-Qwen3-1P7B-COLDSTART-CODE-KODCODE-CTX8K-S1-BETA01-V1_1783329189,100%,100,beta=0.1,beta01,34,Time per step,perf/time_per_step,45.96476351283491
ONPOLICY-SFT-Qwen3-1P7B-COLDSTART-CODE-KODCODE-CTX8K-S1-BETA01-V1_1783329189,100%,100,beta=0.1,beta01,35,HumanEval+ pass@1,val-core/HumanEval+/acc/pass@1,0.47560975609756095
ONPOLICY-SFT-Qwen3-1P7B-COLDSTART-CODE-KODCODE-CTX8K-S1-BETA01-V1_1783329189,100%,100,beta=0.1,beta01,35,MBPP+ pass@1,val-core/MBPP+/acc/pass@1,0.5264550264550265
ONPOLICY-SFT-Qwen3-1P7B-COLDSTART-CODE-KODCODE-CTX8K-S1-BETA01-V1_1783329189,100%,100,beta=0.1,beta01,35,LiveCodeBench pass@1,val-core/LiveCodeBench/acc/pass@1,0.1484375
ONPOLICY-SFT-Qwen3-1P7B-COLDSTART-CODE-KODCODE-CTX8K-S1-BETA01-V1_1783329189,100%,100,beta=0.1,beta01,35,HumanEval+ extract fail,val-aux/HumanEval+/code_reward_extraction_fail/mean@1,0.006097560975609756
ONPOLICY-SFT-Qwen3-1P7B-COLDSTART-CODE-KODCODE-CTX8K-S1-BETA01-V1_1783329189,100%,100,beta=0.1,beta01,35,MBPP+ extract fail,val-aux/MBPP+/code_reward_extraction_fail/mean@1,0.005291005291005291
ONPOLICY-SFT-Qwen3-1P7B-COLDSTART-CODE-KODCODE-CTX8K-S1-BETA01-V1_1783329189,100%,100,beta=0.1,beta01,35,LiveCodeBench extract fail,val-aux/LiveCodeBench/code_reward_extraction_fail/mean@1,0.0078125
ONPOLICY-SFT-Qwen3-1P7B-COLDSTART-CODE-KODCODE-CTX8K-S1-BETA01-V1_1783329189,100%,100,beta=0.1,beta01,35,Rollout correct ratio,wdl_sft/correct_ratio,0.41796875
ONPOLICY-SFT-Qwen3-1P7B-COLDSTART-CODE-KODCODE-CTX8K-S1-BETA01-V1_1783329189,100%,100,beta=0.1,beta01,35,Gradient norm,actor/grad_norm,8.151928901672363
ONPOLICY-SFT-Qwen3-1P7B-COLDSTART-CODE-KODCODE-CTX8K-S1-BETA01-V1_1783329189,100%,100,beta=0.1,beta01,35,Train score mean,critic/score/mean,-0.1640625
ONPOLICY-SFT-Qwen3-1P7B-COLDSTART-CODE-KODCODE-CTX8K-S1-BETA01-V1_1783329189,100%,100,beta=0.1,beta01,35,Response length mean,response_length/mean,156.927734375
ONPOLICY-SFT-Qwen3-1P7B-COLDSTART-CODE-KODCODE-CTX8K-S1-BETA01-V1_1783329189,100%,100,beta=0.1,beta01,35,Time per step,perf/time_per_step,46.53026848472655
ONPOLICY-SFT-Qwen3-1P7B-COLDSTART-CODE-KODCODE-CTX8K-S1-BETA01-V1_1783329189,100%,100,beta=0.1,beta01,36,Rollout correct ratio,wdl_sft/correct_ratio,0.40625
ONPOLICY-SFT-Qwen3-1P7B-COLDSTART-CODE-KODCODE-CTX8K-S1-BETA01-V1_1783329189,100%,100,beta=0.1,beta01,36,Gradient norm,actor/grad_norm,9.303194999694824
ONPOLICY-SFT-Qwen3-1P7B-COLDSTART-CODE-KODCODE-CTX8K-S1-BETA01-V1_1783329189,100%,100,beta=0.1,beta01,36,Train score mean,critic/score/mean,-0.1875
ONPOLICY-SFT-Qwen3-1P7B-COLDSTART-CODE-KODCODE-CTX8K-S1-BETA01-V1_1783329189,100%,100,beta=0.1,beta01,36,Response length mean,response_length/mean,173.650390625
ONPOLICY-SFT-Qwen3-1P7B-COLDSTART-CODE-KODCODE-CTX8K-S1-BETA01-V1_1783329189,100%,100,beta=0.1,beta01,36,Time per step,perf/time_per_step,42.31064060050994
ONPOLICY-SFT-Qwen3-1P7B-COLDSTART-CODE-KODCODE-CTX8K-S1-BETA01-V1_1783329189,100%,100,beta=0.1,beta01,37,Rollout correct ratio,wdl_sft/correct_ratio,0.517578125
ONPOLICY-SFT-Qwen3-1P7B-COLDSTART-CODE-KODCODE-CTX8K-S1-BETA01-V1_1783329189,100%,100,beta=0.1,beta01,37,Gradient norm,actor/grad_norm,7.2761969566345215
ONPOLICY-SFT-Qwen3-1P7B-COLDSTART-CODE-KODCODE-CTX8K-S1-BETA01-V1_1783329189,100%,100,beta=0.1,beta01,37,Train score mean,critic/score/mean,0.03515625
ONPOLICY-SFT-Qwen3-1P7B-COLDSTART-CODE-KODCODE-CTX8K-S1-BETA01-V1_1783329189,100%,100,beta=0.1,beta01,37,Response length mean,response_length/mean,144.33203125
ONPOLICY-SFT-Qwen3-1P7B-COLDSTART-CODE-KODCODE-CTX8K-S1-BETA01-V1_1783329189,100%,100,beta=0.1,beta01,37,Time per step,perf/time_per_step,39.37706026341766
ONPOLICY-SFT-Qwen3-1P7B-COLDSTART-CODE-KODCODE-CTX8K-S1-BETA01-V1_1783329189,100%,100,beta=0.1,beta01,38,Rollout correct ratio,wdl_sft/correct_ratio,0.35546875
ONPOLICY-SFT-Qwen3-1P7B-COLDSTART-CODE-KODCODE-CTX8K-S1-BETA01-V1_1783329189,100%,100,beta=0.1,beta01,38,Gradient norm,actor/grad_norm,9.580682754516602
ONPOLICY-SFT-Qwen3-1P7B-COLDSTART-CODE-KODCODE-CTX8K-S1-BETA01-V1_1783329189,100%,100,beta=0.1,beta01,38,Train score mean,critic/score/mean,-0.2890625
ONPOLICY-SFT-Qwen3-1P7B-COLDSTART-CODE-KODCODE-CTX8K-S1-BETA01-V1_1783329189,100%,100,beta=0.1,beta01,38,Response length mean,response_length/mean,156.830078125
ONPOLICY-SFT-Qwen3-1P7B-COLDSTART-CODE-KODCODE-CTX8K-S1-BETA01-V1_1783329189,100%,100,beta=0.1,beta01,38,Time per step,perf/time_per_step,42.771770301274955
ONPOLICY-SFT-Qwen3-1P7B-COLDSTART-CODE-KODCODE-CTX8K-S1-BETA01-V1_1783329189,100%,100,beta=0.1,beta01,39,Rollout correct ratio,wdl_sft/correct_ratio,0.458984375
ONPOLICY-SFT-Qwen3-1P7B-COLDSTART-CODE-KODCODE-CTX8K-S1-BETA01-V1_1783329189,100%,100,beta=0.1,beta01,39,Gradient norm,actor/grad_norm,8.208903312683105
ONPOLICY-SFT-Qwen3-1P7B-COLDSTART-CODE-KODCODE-CTX8K-S1-BETA01-V1_1783329189,100%,100,beta=0.1,beta01,39,Train score mean,critic/score/mean,-0.08203125
ONPOLICY-SFT-Qwen3-1P7B-COLDSTART-CODE-KODCODE-CTX8K-S1-BETA01-V1_1783329189,100%,100,beta=0.1,beta01,39,Response length mean,response_length/mean,154.296875
ONPOLICY-SFT-Qwen3-1P7B-COLDSTART-CODE-KODCODE-CTX8K-S1-BETA01-V1_1783329189,100%,100,beta=0.1,beta01,39,Time per step,perf/time_per_step,42.83023725170642
ONPOLICY-SFT-Qwen3-1P7B-COLDSTART-CODE-KODCODE-CTX8K-S1-BETA01-V1_1783329189,100%,100,beta=0.1,beta01,40,HumanEval+ pass@1,val-core/HumanEval+/acc/pass@1,0.5060975609756098
ONPOLICY-SFT-Qwen3-1P7B-COLDSTART-CODE-KODCODE-CTX8K-S1-BETA01-V1_1783329189,100%,100,beta=0.1,beta01,40,MBPP+ pass@1,val-core/MBPP+/acc/pass@1,0.5211640211640212
ONPOLICY-SFT-Qwen3-1P7B-COLDSTART-CODE-KODCODE-CTX8K-S1-BETA01-V1_1783329189,100%,100,beta=0.1,beta01,40,LiveCodeBench pass@1,val-core/LiveCodeBench/acc/pass@1,0.1484375
ONPOLICY-SFT-Qwen3-1P7B-COLDSTART-CODE-KODCODE-CTX8K-S1-BETA01-V1_1783329189,100%,100,beta=0.1,beta01,40,HumanEval+ extract fail,val-aux/HumanEval+/code_reward_extraction_fail/mean@1,0.006097560975609756
ONPOLICY-SFT-Qwen3-1P7B-COLDSTART-CODE-KODCODE-CTX8K-S1-BETA01-V1_1783329189,100%,100,beta=0.1,beta01,40,MBPP+ extract fail,val-aux/MBPP+/code_reward_extraction_fail/mean@1,0.005291005291005291
ONPOLICY-SFT-Qwen3-1P7B-COLDSTART-CODE-KODCODE-CTX8K-S1-BETA01-V1_1783329189,100%,100,beta=0.1,beta01,40,LiveCodeBench extract fail,val-aux/LiveCodeBench/code_reward_extraction_fail/mean@1,0.0234375
ONPOLICY-SFT-Qwen3-1P7B-COLDSTART-CODE-KODCODE-CTX8K-S1-BETA01-V1_1783329189,100%,100,beta=0.1,beta01,40,Rollout correct ratio,wdl_sft/correct_ratio,0.376953125
ONPOLICY-SFT-Qwen3-1P7B-COLDSTART-CODE-KODCODE-CTX8K-S1-BETA01-V1_1783329189,100%,100,beta=0.1,beta01,40,Gradient norm,actor/grad_norm,8.810248374938965
ONPOLICY-SFT-Qwen3-1P7B-COLDSTART-CODE-KODCODE-CTX8K-S1-BETA01-V1_1783329189,100%,100,beta=0.1,beta01,40,Train score mean,critic/score/mean,-0.24609375
ONPOLICY-SFT-Qwen3-1P7B-COLDSTART-CODE-KODCODE-CTX8K-S1-BETA01-V1_1783329189,100%,100,beta=0.1,beta01,40,Response length mean,response_length/mean,158.3671875
ONPOLICY-SFT-Qwen3-1P7B-COLDSTART-CODE-KODCODE-CTX8K-S1-BETA01-V1_1783329189,100%,100,beta=0.1,beta01,40,Time per step,perf/time_per_step,48.64405552484095
ONPOLICY-SFT-Qwen3-1P7B-COLDSTART-CODE-KODCODE-CTX8K-S1-BETA01-V1_1783329189,100%,100,beta=0.1,beta01,41,Rollout correct ratio,wdl_sft/correct_ratio,0.408203125
ONPOLICY-SFT-Qwen3-1P7B-COLDSTART-CODE-KODCODE-CTX8K-S1-BETA01-V1_1783329189,100%,100,beta=0.1,beta01,41,Gradient norm,actor/grad_norm,9.971595764160156
ONPOLICY-SFT-Qwen3-1P7B-COLDSTART-CODE-KODCODE-CTX8K-S1-BETA01-V1_1783329189,100%,100,beta=0.1,beta01,41,Train score mean,critic/score/mean,-0.18359375
ONPOLICY-SFT-Qwen3-1P7B-COLDSTART-CODE-KODCODE-CTX8K-S1-BETA01-V1_1783329189,100%,100,beta=0.1,beta01,41,Response length mean,response_length/mean,158.7109375
ONPOLICY-SFT-Qwen3-1P7B-COLDSTART-CODE-KODCODE-CTX8K-S1-BETA01-V1_1783329189,100%,100,beta=0.1,beta01,41,Time per step,perf/time_per_step,41.006290547549725
ONPOLICY-SFT-Qwen3-1P7B-COLDSTART-CODE-KODCODE-CTX8K-S1-BETA01-V1_1783329189,100%,100,beta=0.1,beta01,42,Rollout correct ratio,wdl_sft/correct_ratio,0.419921875
ONPOLICY-SFT-Qwen3-1P7B-COLDSTART-CODE-KODCODE-CTX8K-S1-BETA01-V1_1783329189,100%,100,beta=0.1,beta01,42,Gradient norm,actor/grad_norm,8.468266487121582
ONPOLICY-SFT-Qwen3-1P7B-COLDSTART-CODE-KODCODE-CTX8K-S1-BETA01-V1_1783329189,100%,100,beta=0.1,beta01,42,Train score mean,critic/score/mean,-0.16015625
ONPOLICY-SFT-Qwen3-1P7B-COLDSTART-CODE-KODCODE-CTX8K-S1-BETA01-V1_1783329189,100%,100,beta=0.1,beta01,42,Response length mean,response_length/mean,162.513671875
ONPOLICY-SFT-Qwen3-1P7B-COLDSTART-CODE-KODCODE-CTX8K-S1-BETA01-V1_1783329189,100%,100,beta=0.1,beta01,42,Time per step,perf/time_per_step,15.589887683279812
ONPOLICY-SFT-Qwen3-1P7B-COLDSTART-CODE-KODCODE-CTX8K-S1-BETA01-V1_1783329189,100%,100,beta=0.1,beta01,43,Rollout correct ratio,wdl_sft/correct_ratio,0.359375
ONPOLICY-SFT-Qwen3-1P7B-COLDSTART-CODE-KODCODE-CTX8K-S1-BETA01-V1_1783329189,100%,100,beta=0.1,beta01,43,Gradient norm,actor/grad_norm,9.61447525024414
ONPOLICY-SFT-Qwen3-1P7B-COLDSTART-CODE-KODCODE-CTX8K-S1-BETA01-V1_1783329189,100%,100,beta=0.1,beta01,43,Train score mean,critic/score/mean,-0.28125
ONPOLICY-SFT-Qwen3-1P7B-COLDSTART-CODE-KODCODE-CTX8K-S1-BETA01-V1_1783329189,100%,100,beta=0.1,beta01,43,Response length mean,response_length/mean,159.748046875
ONPOLICY-SFT-Qwen3-1P7B-COLDSTART-CODE-KODCODE-CTX8K-S1-BETA01-V1_1783329189,100%,100,beta=0.1,beta01,43,Time per step,perf/time_per_step,42.27815217804164
ONPOLICY-SFT-Qwen3-1P7B-COLDSTART-CODE-KODCODE-CTX8K-S1-BETA01-V1_1783329189,100%,100,beta=0.1,beta01,44,Rollout correct ratio,wdl_sft/correct_ratio,0.43359375
ONPOLICY-SFT-Qwen3-1P7B-COLDSTART-CODE-KODCODE-CTX8K-S1-BETA01-V1_1783329189,100%,100,beta=0.1,beta01,44,Gradient norm,actor/grad_norm,8.319643020629883
ONPOLICY-SFT-Qwen3-1P7B-COLDSTART-CODE-KODCODE-CTX8K-S1-BETA01-V1_1783329189,100%,100,beta=0.1,beta01,44,Train score mean,critic/score/mean,-0.1328125
ONPOLICY-SFT-Qwen3-1P7B-COLDSTART-CODE-KODCODE-CTX8K-S1-BETA01-V1_1783329189,100%,100,beta=0.1,beta01,44,Response length mean,response_length/mean,154.04296875
ONPOLICY-SFT-Qwen3-1P7B-COLDSTART-CODE-KODCODE-CTX8K-S1-BETA01-V1_1783329189,100%,100,beta=0.1,beta01,44,Time per step,perf/time_per_step,40.887400035746396
ONPOLICY-SFT-Qwen3-1P7B-COLDSTART-CODE-KODCODE-CTX8K-S1-BETA01-V1_1783329189,100%,100,beta=0.1,beta01,45,HumanEval+ pass@1,val-core/HumanEval+/acc/pass@1,0.4817073170731707
ONPOLICY-SFT-Qwen3-1P7B-COLDSTART-CODE-KODCODE-CTX8K-S1-BETA01-V1_1783329189,100%,100,beta=0.1,beta01,45,MBPP+ pass@1,val-core/MBPP+/acc/pass@1,0.5132275132275133
ONPOLICY-SFT-Qwen3-1P7B-COLDSTART-CODE-KODCODE-CTX8K-S1-BETA01-V1_1783329189,100%,100,beta=0.1,beta01,45,LiveCodeBench pass@1,val-core/LiveCodeBench/acc/pass@1,0.1640625
ONPOLICY-SFT-Qwen3-1P7B-COLDSTART-CODE-KODCODE-CTX8K-S1-BETA01-V1_1783329189,100%,100,beta=0.1,beta01,45,HumanEval+ extract fail,val-aux/HumanEval+/code_reward_extraction_fail/mean@1,0.0
ONPOLICY-SFT-Qwen3-1P7B-COLDSTART-CODE-KODCODE-CTX8K-S1-BETA01-V1_1783329189,100%,100,beta=0.1,beta01,45,MBPP+ extract fail,val-aux/MBPP+/code_reward_extraction_fail/mean@1,0.0026455026455026454
ONPOLICY-SFT-Qwen3-1P7B-COLDSTART-CODE-KODCODE-CTX8K-S1-BETA01-V1_1783329189,100%,100,beta=0.1,beta01,45,LiveCodeBench extract fail,val-aux/LiveCodeBench/code_reward_extraction_fail/mean@1,0.0234375
ONPOLICY-SFT-Qwen3-1P7B-COLDSTART-CODE-KODCODE-CTX8K-S1-BETA01-V1_1783329189,100%,100,beta=0.1,beta01,45,Rollout correct ratio,wdl_sft/correct_ratio,0.421875
ONPOLICY-SFT-Qwen3-1P7B-COLDSTART-CODE-KODCODE-CTX8K-S1-BETA01-V1_1783329189,100%,100,beta=0.1,beta01,45,Gradient norm,actor/grad_norm,7.824554920196533
ONPOLICY-SFT-Qwen3-1P7B-COLDSTART-CODE-KODCODE-CTX8K-S1-BETA01-V1_1783329189,100%,100,beta=0.1,beta01,45,Train score mean,critic/score/mean,-0.15625
ONPOLICY-SFT-Qwen3-1P7B-COLDSTART-CODE-KODCODE-CTX8K-S1-BETA01-V1_1783329189,100%,100,beta=0.1,beta01,45,Response length mean,response_length/mean,152.990234375
ONPOLICY-SFT-Qwen3-1P7B-COLDSTART-CODE-KODCODE-CTX8K-S1-BETA01-V1_1783329189,100%,100,beta=0.1,beta01,45,Time per step,perf/time_per_step,46.42963723745197
ONPOLICY-SFT-Qwen3-1P7B-COLDSTART-CODE-KODCODE-CTX8K-S1-BETA01-V1_1783329189,100%,100,beta=0.1,beta01,46,Rollout correct ratio,wdl_sft/correct_ratio,0.49609375
ONPOLICY-SFT-Qwen3-1P7B-COLDSTART-CODE-KODCODE-CTX8K-S1-BETA01-V1_1783329189,100%,100,beta=0.1,beta01,46,Gradient norm,actor/grad_norm,8.074313163757324
ONPOLICY-SFT-Qwen3-1P7B-COLDSTART-CODE-KODCODE-CTX8K-S1-BETA01-V1_1783329189,100%,100,beta=0.1,beta01,46,Train score mean,critic/score/mean,-0.0078125
ONPOLICY-SFT-Qwen3-1P7B-COLDSTART-CODE-KODCODE-CTX8K-S1-BETA01-V1_1783329189,100%,100,beta=0.1,beta01,46,Response length mean,response_length/mean,161.21875
ONPOLICY-SFT-Qwen3-1P7B-COLDSTART-CODE-KODCODE-CTX8K-S1-BETA01-V1_1783329189,100%,100,beta=0.1,beta01,46,Time per step,perf/time_per_step,41.888674329034984
ONPOLICY-SFT-Qwen3-1P7B-COLDSTART-CODE-KODCODE-CTX8K-S1-BETA01-V1_1783329189,100%,100,beta=0.1,beta01,47,Rollout correct ratio,wdl_sft/correct_ratio,0.521484375
ONPOLICY-SFT-Qwen3-1P7B-COLDSTART-CODE-KODCODE-CTX8K-S1-BETA01-V1_1783329189,100%,100,beta=0.1,beta01,47,Gradient norm,actor/grad_norm,7.8336381912231445
ONPOLICY-SFT-Qwen3-1P7B-COLDSTART-CODE-KODCODE-CTX8K-S1-BETA01-V1_1783329189,100%,100,beta=0.1,beta01,47,Train score mean,critic/score/mean,0.04296875
ONPOLICY-SFT-Qwen3-1P7B-COLDSTART-CODE-KODCODE-CTX8K-S1-BETA01-V1_1783329189,100%,100,beta=0.1,beta01,47,Response length mean,response_length/mean,142.21484375
ONPOLICY-SFT-Qwen3-1P7B-COLDSTART-CODE-KODCODE-CTX8K-S1-BETA01-V1_1783329189,100%,100,beta=0.1,beta01,47,Time per step,perf/time_per_step,41.54497733898461
ONPOLICY-SFT-Qwen3-1P7B-COLDSTART-CODE-KODCODE-CTX8K-S1-BETA01-V1_1783329189,100%,100,beta=0.1,beta01,48,Rollout correct ratio,wdl_sft/correct_ratio,0.453125
ONPOLICY-SFT-Qwen3-1P7B-COLDSTART-CODE-KODCODE-CTX8K-S1-BETA01-V1_1783329189,100%,100,beta=0.1,beta01,48,Gradient norm,actor/grad_norm,8.549703598022461
ONPOLICY-SFT-Qwen3-1P7B-COLDSTART-CODE-KODCODE-CTX8K-S1-BETA01-V1_1783329189,100%,100,beta=0.1,beta01,48,Train score mean,critic/score/mean,-0.09375
ONPOLICY-SFT-Qwen3-1P7B-COLDSTART-CODE-KODCODE-CTX8K-S1-BETA01-V1_1783329189,100%,100,beta=0.1,beta01,48,Response length mean,response_length/mean,153.1875
ONPOLICY-SFT-Qwen3-1P7B-COLDSTART-CODE-KODCODE-CTX8K-S1-BETA01-V1_1783329189,100%,100,beta=0.1,beta01,48,Time per step,perf/time_per_step,42.03819257207215
ONPOLICY-SFT-Qwen3-1P7B-COLDSTART-CODE-KODCODE-CTX8K-S1-BETA01-V1_1783329189,100%,100,beta=0.1,beta01,49,Rollout correct ratio,wdl_sft/correct_ratio,0.470703125
ONPOLICY-SFT-Qwen3-1P7B-COLDSTART-CODE-KODCODE-CTX8K-S1-BETA01-V1_1783329189,100%,100,beta=0.1,beta01,49,Gradient norm,actor/grad_norm,7.676791191101074
ONPOLICY-SFT-Qwen3-1P7B-COLDSTART-CODE-KODCODE-CTX8K-S1-BETA01-V1_1783329189,100%,100,beta=0.1,beta01,49,Train score mean,critic/score/mean,-0.05859375
ONPOLICY-SFT-Qwen3-1P7B-COLDSTART-CODE-KODCODE-CTX8K-S1-BETA01-V1_1783329189,100%,100,beta=0.1,beta01,49,Response length mean,response_length/mean,144.34765625
ONPOLICY-SFT-Qwen3-1P7B-COLDSTART-CODE-KODCODE-CTX8K-S1-BETA01-V1_1783329189,100%,100,beta=0.1,beta01,49,Time per step,perf/time_per_step,42.89040785841644
ONPOLICY-SFT-Qwen3-1P7B-COLDSTART-CODE-KODCODE-CTX8K-S1-BETA01-V1_1783329189,100%,100,beta=0.1,beta01,50,HumanEval+ pass@1,val-core/HumanEval+/acc/pass@1,0.4878048780487805
ONPOLICY-SFT-Qwen3-1P7B-COLDSTART-CODE-KODCODE-CTX8K-S1-BETA01-V1_1783329189,100%,100,beta=0.1,beta01,50,MBPP+ pass@1,val-core/MBPP+/acc/pass@1,0.5158730158730159
ONPOLICY-SFT-Qwen3-1P7B-COLDSTART-CODE-KODCODE-CTX8K-S1-BETA01-V1_1783329189,100%,100,beta=0.1,beta01,50,LiveCodeBench pass@1,val-core/LiveCodeBench/acc/pass@1,0.1484375
ONPOLICY-SFT-Qwen3-1P7B-COLDSTART-CODE-KODCODE-CTX8K-S1-BETA01-V1_1783329189,100%,100,beta=0.1,beta01,50,HumanEval+ extract fail,val-aux/HumanEval+/code_reward_extraction_fail/mean@1,0.0
ONPOLICY-SFT-Qwen3-1P7B-COLDSTART-CODE-KODCODE-CTX8K-S1-BETA01-V1_1783329189,100%,100,beta=0.1,beta01,50,MBPP+ extract fail,val-aux/MBPP+/code_reward_extraction_fail/mean@1,0.007936507936507936
ONPOLICY-SFT-Qwen3-1P7B-COLDSTART-CODE-KODCODE-CTX8K-S1-BETA01-V1_1783329189,100%,100,beta=0.1,beta01,50,LiveCodeBench extract fail,val-aux/LiveCodeBench/code_reward_extraction_fail/mean@1,0.015625
ONPOLICY-SFT-Qwen3-1P7B-COLDSTART-CODE-KODCODE-CTX8K-S1-BETA01-V1_1783329189,100%,100,beta=0.1,beta01,50,Rollout correct ratio,wdl_sft/correct_ratio,0.50390625
ONPOLICY-SFT-Qwen3-1P7B-COLDSTART-CODE-KODCODE-CTX8K-S1-BETA01-V1_1783329189,100%,100,beta=0.1,beta01,50,Gradient norm,actor/grad_norm,8.21684455871582
ONPOLICY-SFT-Qwen3-1P7B-COLDSTART-CODE-KODCODE-CTX8K-S1-BETA01-V1_1783329189,100%,100,beta=0.1,beta01,50,Train score mean,critic/score/mean,0.0078125
ONPOLICY-SFT-Qwen3-1P7B-COLDSTART-CODE-KODCODE-CTX8K-S1-BETA01-V1_1783329189,100%,100,beta=0.1,beta01,50,Response length mean,response_length/mean,159.228515625
ONPOLICY-SFT-Qwen3-1P7B-COLDSTART-CODE-KODCODE-CTX8K-S1-BETA01-V1_1783329189,100%,100,beta=0.1,beta01,50,Time per step,perf/time_per_step,47.081033354625106
ONPOLICY-SFT-Qwen3-1P7B-COLDSTART-CODE-KODCODE-CTX8K-S1-BETA01-V1_1783329189,100%,100,beta=0.1,beta01,51,Rollout correct ratio,wdl_sft/correct_ratio,0.47265625
ONPOLICY-SFT-Qwen3-1P7B-COLDSTART-CODE-KODCODE-CTX8K-S1-BETA01-V1_1783329189,100%,100,beta=0.1,beta01,51,Gradient norm,actor/grad_norm,7.8755717277526855
ONPOLICY-SFT-Qwen3-1P7B-COLDSTART-CODE-KODCODE-CTX8K-S1-BETA01-V1_1783329189,100%,100,beta=0.1,beta01,51,Train score mean,critic/score/mean,-0.0546875
ONPOLICY-SFT-Qwen3-1P7B-COLDSTART-CODE-KODCODE-CTX8K-S1-BETA01-V1_1783329189,100%,100,beta=0.1,beta01,51,Response length mean,response_length/mean,157.01171875
ONPOLICY-SFT-Qwen3-1P7B-COLDSTART-CODE-KODCODE-CTX8K-S1-BETA01-V1_1783329189,100%,100,beta=0.1,beta01,51,Time per step,perf/time_per_step,41.392694861628115
ONPOLICY-SFT-Qwen3-1P7B-COLDSTART-CODE-KODCODE-CTX8K-S1-BETA01-V1_1783329189,100%,100,beta=0.1,beta01,52,Rollout correct ratio,wdl_sft/correct_ratio,0.43359375
ONPOLICY-SFT-Qwen3-1P7B-COLDSTART-CODE-KODCODE-CTX8K-S1-BETA01-V1_1783329189,100%,100,beta=0.1,beta01,52,Gradient norm,actor/grad_norm,7.968156337738037
ONPOLICY-SFT-Qwen3-1P7B-COLDSTART-CODE-KODCODE-CTX8K-S1-BETA01-V1_1783329189,100%,100,beta=0.1,beta01,52,Train score mean,critic/score/mean,-0.1328125
ONPOLICY-SFT-Qwen3-1P7B-COLDSTART-CODE-KODCODE-CTX8K-S1-BETA01-V1_1783329189,100%,100,beta=0.1,beta01,52,Response length mean,response_length/mean,142.828125
ONPOLICY-SFT-Qwen3-1P7B-COLDSTART-CODE-KODCODE-CTX8K-S1-BETA01-V1_1783329189,100%,100,beta=0.1,beta01,52,Time per step,perf/time_per_step,38.9515861319378
ONPOLICY-SFT-Qwen3-1P7B-COLDSTART-CODE-KODCODE-CTX8K-S1-BETA01-V1_1783329189,100%,100,beta=0.1,beta01,53,Rollout correct ratio,wdl_sft/correct_ratio,0.49609375
ONPOLICY-SFT-Qwen3-1P7B-COLDSTART-CODE-KODCODE-CTX8K-S1-BETA01-V1_1783329189,100%,100,beta=0.1,beta01,53,Gradient norm,actor/grad_norm,7.858474254608154
ONPOLICY-SFT-Qwen3-1P7B-COLDSTART-CODE-KODCODE-CTX8K-S1-BETA01-V1_1783329189,100%,100,beta=0.1,beta01,53,Train score mean,critic/score/mean,-0.0078125
ONPOLICY-SFT-Qwen3-1P7B-COLDSTART-CODE-KODCODE-CTX8K-S1-BETA01-V1_1783329189,100%,100,beta=0.1,beta01,53,Response length mean,response_length/mean,152.3671875
ONPOLICY-SFT-Qwen3-1P7B-COLDSTART-CODE-KODCODE-CTX8K-S1-BETA01-V1_1783329189,100%,100,beta=0.1,beta01,53,Time per step,perf/time_per_step,40.3492315672338
ONPOLICY-SFT-Qwen3-1P7B-COLDSTART-CODE-KODCODE-CTX8K-S1-BETA01-V1_1783329189,100%,100,beta=0.1,beta01,54,Rollout correct ratio,wdl_sft/correct_ratio,0.4453125
ONPOLICY-SFT-Qwen3-1P7B-COLDSTART-CODE-KODCODE-CTX8K-S1-BETA01-V1_1783329189,100%,100,beta=0.1,beta01,54,Gradient norm,actor/grad_norm,10.168863296508789
ONPOLICY-SFT-Qwen3-1P7B-COLDSTART-CODE-KODCODE-CTX8K-S1-BETA01-V1_1783329189,100%,100,beta=0.1,beta01,54,Train score mean,critic/score/mean,-0.109375
ONPOLICY-SFT-Qwen3-1P7B-COLDSTART-CODE-KODCODE-CTX8K-S1-BETA01-V1_1783329189,100%,100,beta=0.1,beta01,54,Response length mean,response_length/mean,151.7265625
ONPOLICY-SFT-Qwen3-1P7B-COLDSTART-CODE-KODCODE-CTX8K-S1-BETA01-V1_1783329189,100%,100,beta=0.1,beta01,54,Time per step,perf/time_per_step,45.167283261194825
ONPOLICY-SFT-Qwen3-1P7B-COLDSTART-CODE-KODCODE-CTX8K-S1-BETA01-V1_1783329189,100%,100,beta=0.1,beta01,55,HumanEval+ pass@1,val-core/HumanEval+/acc/pass@1,0.4878048780487805
ONPOLICY-SFT-Qwen3-1P7B-COLDSTART-CODE-KODCODE-CTX8K-S1-BETA01-V1_1783329189,100%,100,beta=0.1,beta01,55,MBPP+ pass@1,val-core/MBPP+/acc/pass@1,0.5158730158730159
ONPOLICY-SFT-Qwen3-1P7B-COLDSTART-CODE-KODCODE-CTX8K-S1-BETA01-V1_1783329189,100%,100,beta=0.1,beta01,55,LiveCodeBench pass@1,val-core/LiveCodeBench/acc/pass@1,0.140625
ONPOLICY-SFT-Qwen3-1P7B-COLDSTART-CODE-KODCODE-CTX8K-S1-BETA01-V1_1783329189,100%,100,beta=0.1,beta01,55,HumanEval+ extract fail,val-aux/HumanEval+/code_reward_extraction_fail/mean@1,0.0
ONPOLICY-SFT-Qwen3-1P7B-COLDSTART-CODE-KODCODE-CTX8K-S1-BETA01-V1_1783329189,100%,100,beta=0.1,beta01,55,MBPP+ extract fail,val-aux/MBPP+/code_reward_extraction_fail/mean@1,0.0026455026455026454
ONPOLICY-SFT-Qwen3-1P7B-COLDSTART-CODE-KODCODE-CTX8K-S1-BETA01-V1_1783329189,100%,100,beta=0.1,beta01,55,LiveCodeBench extract fail,val-aux/LiveCodeBench/code_reward_extraction_fail/mean@1,0.015625
ONPOLICY-SFT-Qwen3-1P7B-COLDSTART-CODE-KODCODE-CTX8K-S1-BETA01-V1_1783329189,100%,100,beta=0.1,beta01,55,Rollout correct ratio,wdl_sft/correct_ratio,0.455078125
ONPOLICY-SFT-Qwen3-1P7B-COLDSTART-CODE-KODCODE-CTX8K-S1-BETA01-V1_1783329189,100%,100,beta=0.1,beta01,55,Gradient norm,actor/grad_norm,7.148714065551758
ONPOLICY-SFT-Qwen3-1P7B-COLDSTART-CODE-KODCODE-CTX8K-S1-BETA01-V1_1783329189,100%,100,beta=0.1,beta01,55,Train score mean,critic/score/mean,-0.08984375
ONPOLICY-SFT-Qwen3-1P7B-COLDSTART-CODE-KODCODE-CTX8K-S1-BETA01-V1_1783329189,100%,100,beta=0.1,beta01,55,Response length mean,response_length/mean,149.546875
ONPOLICY-SFT-Qwen3-1P7B-COLDSTART-CODE-KODCODE-CTX8K-S1-BETA01-V1_1783329189,100%,100,beta=0.1,beta01,55,Time per step,perf/time_per_step,49.10263140220195
ONPOLICY-SFT-Qwen3-1P7B-COLDSTART-CODE-KODCODE-CTX8K-S1-BETA01-V1_1783329189,100%,100,beta=0.1,beta01,56,Rollout correct ratio,wdl_sft/correct_ratio,0.388671875
ONPOLICY-SFT-Qwen3-1P7B-COLDSTART-CODE-KODCODE-CTX8K-S1-BETA01-V1_1783329189,100%,100,beta=0.1,beta01,56,Gradient norm,actor/grad_norm,9.21338176727295
ONPOLICY-SFT-Qwen3-1P7B-COLDSTART-CODE-KODCODE-CTX8K-S1-BETA01-V1_1783329189,100%,100,beta=0.1,beta01,56,Train score mean,critic/score/mean,-0.22265625
ONPOLICY-SFT-Qwen3-1P7B-COLDSTART-CODE-KODCODE-CTX8K-S1-BETA01-V1_1783329189,100%,100,beta=0.1,beta01,56,Response length mean,response_length/mean,140.154296875
ONPOLICY-SFT-Qwen3-1P7B-COLDSTART-CODE-KODCODE-CTX8K-S1-BETA01-V1_1783329189,100%,100,beta=0.1,beta01,56,Time per step,perf/time_per_step,41.57055409997702
ONPOLICY-SFT-Qwen3-1P7B-COLDSTART-CODE-KODCODE-CTX8K-S1-BETA01-V1_1783329189,100%,100,beta=0.1,beta01,57,Rollout correct ratio,wdl_sft/correct_ratio,0.46875
ONPOLICY-SFT-Qwen3-1P7B-COLDSTART-CODE-KODCODE-CTX8K-S1-BETA01-V1_1783329189,100%,100,beta=0.1,beta01,57,Gradient norm,actor/grad_norm,8.641530990600586
ONPOLICY-SFT-Qwen3-1P7B-COLDSTART-CODE-KODCODE-CTX8K-S1-BETA01-V1_1783329189,100%,100,beta=0.1,beta01,57,Train score mean,critic/score/mean,-0.0625
ONPOLICY-SFT-Qwen3-1P7B-COLDSTART-CODE-KODCODE-CTX8K-S1-BETA01-V1_1783329189,100%,100,beta=0.1,beta01,57,Response length mean,response_length/mean,166.087890625
ONPOLICY-SFT-Qwen3-1P7B-COLDSTART-CODE-KODCODE-CTX8K-S1-BETA01-V1_1783329189,100%,100,beta=0.1,beta01,57,Time per step,perf/time_per_step,43.675955819897354
ONPOLICY-SFT-Qwen3-1P7B-COLDSTART-CODE-KODCODE-CTX8K-S1-BETA01-V1_1783329189,100%,100,beta=0.1,beta01,58,Rollout correct ratio,wdl_sft/correct_ratio,0.435546875
ONPOLICY-SFT-Qwen3-1P7B-COLDSTART-CODE-KODCODE-CTX8K-S1-BETA01-V1_1783329189,100%,100,beta=0.1,beta01,58,Gradient norm,actor/grad_norm,8.87826919555664
ONPOLICY-SFT-Qwen3-1P7B-COLDSTART-CODE-KODCODE-CTX8K-S1-BETA01-V1_1783329189,100%,100,beta=0.1,beta01,58,Train score mean,critic/score/mean,-0.12890625
ONPOLICY-SFT-Qwen3-1P7B-COLDSTART-CODE-KODCODE-CTX8K-S1-BETA01-V1_1783329189,100%,100,beta=0.1,beta01,58,Response length mean,response_length/mean,158.5625
ONPOLICY-SFT-Qwen3-1P7B-COLDSTART-CODE-KODCODE-CTX8K-S1-BETA01-V1_1783329189,100%,100,beta=0.1,beta01,58,Time per step,perf/time_per_step,41.80158240441233
ONPOLICY-SFT-Qwen3-1P7B-COLDSTART-CODE-KODCODE-CTX8K-S1-BETA01-V1_1783329189,100%,100,beta=0.1,beta01,59,Rollout correct ratio,wdl_sft/correct_ratio,0.46484375
ONPOLICY-SFT-Qwen3-1P7B-COLDSTART-CODE-KODCODE-CTX8K-S1-BETA01-V1_1783329189,100%,100,beta=0.1,beta01,59,Gradient norm,actor/grad_norm,7.769983768463135
ONPOLICY-SFT-Qwen3-1P7B-COLDSTART-CODE-KODCODE-CTX8K-S1-BETA01-V1_1783329189,100%,100,beta=0.1,beta01,59,Train score mean,critic/score/mean,-0.0703125
ONPOLICY-SFT-Qwen3-1P7B-COLDSTART-CODE-KODCODE-CTX8K-S1-BETA01-V1_1783329189,100%,100,beta=0.1,beta01,59,Response length mean,response_length/mean,155.029296875
ONPOLICY-SFT-Qwen3-1P7B-COLDSTART-CODE-KODCODE-CTX8K-S1-BETA01-V1_1783329189,100%,100,beta=0.1,beta01,59,Time per step,perf/time_per_step,40.734785166569054
ONPOLICY-SFT-Qwen3-1P7B-COLDSTART-CODE-KODCODE-CTX8K-S1-BETA01-V1_1783329189,100%,100,beta=0.1,beta01,60,HumanEval+ pass@1,val-core/HumanEval+/acc/pass@1,0.4817073170731707
ONPOLICY-SFT-Qwen3-1P7B-COLDSTART-CODE-KODCODE-CTX8K-S1-BETA01-V1_1783329189,100%,100,beta=0.1,beta01,60,MBPP+ pass@1,val-core/MBPP+/acc/pass@1,0.4973544973544973
ONPOLICY-SFT-Qwen3-1P7B-COLDSTART-CODE-KODCODE-CTX8K-S1-BETA01-V1_1783329189,100%,100,beta=0.1,beta01,60,LiveCodeBench pass@1,val-core/LiveCodeBench/acc/pass@1,0.1484375
ONPOLICY-SFT-Qwen3-1P7B-COLDSTART-CODE-KODCODE-CTX8K-S1-BETA01-V1_1783329189,100%,100,beta=0.1,beta01,60,HumanEval+ extract fail,val-aux/HumanEval+/code_reward_extraction_fail/mean@1,0.012195121951219513
ONPOLICY-SFT-Qwen3-1P7B-COLDSTART-CODE-KODCODE-CTX8K-S1-BETA01-V1_1783329189,100%,100,beta=0.1,beta01,60,MBPP+ extract fail,val-aux/MBPP+/code_reward_extraction_fail/mean@1,0.0026455026455026454
ONPOLICY-SFT-Qwen3-1P7B-COLDSTART-CODE-KODCODE-CTX8K-S1-BETA01-V1_1783329189,100%,100,beta=0.1,beta01,60,LiveCodeBench extract fail,val-aux/LiveCodeBench/code_reward_extraction_fail/mean@1,0.0546875
ONPOLICY-SFT-Qwen3-1P7B-COLDSTART-CODE-KODCODE-CTX8K-S1-BETA01-V1_1783329189,100%,100,beta=0.1,beta01,60,Rollout correct ratio,wdl_sft/correct_ratio,0.423828125
ONPOLICY-SFT-Qwen3-1P7B-COLDSTART-CODE-KODCODE-CTX8K-S1-BETA01-V1_1783329189,100%,100,beta=0.1,beta01,60,Gradient norm,actor/grad_norm,7.402363300323486
ONPOLICY-SFT-Qwen3-1P7B-COLDSTART-CODE-KODCODE-CTX8K-S1-BETA01-V1_1783329189,100%,100,beta=0.1,beta01,60,Train score mean,critic/score/mean,-0.15234375
ONPOLICY-SFT-Qwen3-1P7B-COLDSTART-CODE-KODCODE-CTX8K-S1-BETA01-V1_1783329189,100%,100,beta=0.1,beta01,60,Response length mean,response_length/mean,131.130859375
ONPOLICY-SFT-Qwen3-1P7B-COLDSTART-CODE-KODCODE-CTX8K-S1-BETA01-V1_1783329189,100%,100,beta=0.1,beta01,60,Time per step,perf/time_per_step,46.71053231600672
ONPOLICY-SFT-Qwen3-1P7B-COLDSTART-CODE-KODCODE-CTX8K-S1-BETA01-V1_1783329189,100%,100,beta=0.1,beta01,61,Rollout correct ratio,wdl_sft/correct_ratio,0.46484375
ONPOLICY-SFT-Qwen3-1P7B-COLDSTART-CODE-KODCODE-CTX8K-S1-BETA01-V1_1783329189,100%,100,beta=0.1,beta01,61,Gradient norm,actor/grad_norm,7.915430068969727
ONPOLICY-SFT-Qwen3-1P7B-COLDSTART-CODE-KODCODE-CTX8K-S1-BETA01-V1_1783329189,100%,100,beta=0.1,beta01,61,Train score mean,critic/score/mean,-0.0703125
ONPOLICY-SFT-Qwen3-1P7B-COLDSTART-CODE-KODCODE-CTX8K-S1-BETA01-V1_1783329189,100%,100,beta=0.1,beta01,61,Response length mean,response_length/mean,139.056640625
ONPOLICY-SFT-Qwen3-1P7B-COLDSTART-CODE-KODCODE-CTX8K-S1-BETA01-V1_1783329189,100%,100,beta=0.1,beta01,61,Time per step,perf/time_per_step,42.13457921240479
ONPOLICY-SFT-Qwen3-1P7B-COLDSTART-CODE-KODCODE-CTX8K-S1-BETA01-V1_1783329189,100%,100,beta=0.1,beta01,62,Rollout correct ratio,wdl_sft/correct_ratio,0.41015625
ONPOLICY-SFT-Qwen3-1P7B-COLDSTART-CODE-KODCODE-CTX8K-S1-BETA01-V1_1783329189,100%,100,beta=0.1,beta01,62,Gradient norm,actor/grad_norm,9.516162872314453
ONPOLICY-SFT-Qwen3-1P7B-COLDSTART-CODE-KODCODE-CTX8K-S1-BETA01-V1_1783329189,100%,100,beta=0.1,beta01,62,Train score mean,critic/score/mean,-0.1796875
ONPOLICY-SFT-Qwen3-1P7B-COLDSTART-CODE-KODCODE-CTX8K-S1-BETA01-V1_1783329189,100%,100,beta=0.1,beta01,62,Response length mean,response_length/mean,153.63671875
ONPOLICY-SFT-Qwen3-1P7B-COLDSTART-CODE-KODCODE-CTX8K-S1-BETA01-V1_1783329189,100%,100,beta=0.1,beta01,62,Time per step,perf/time_per_step,41.27094778697938
ONPOLICY-SFT-Qwen3-1P7B-COLDSTART-CODE-KODCODE-CTX8K-S1-BETA01-V1_1783329189,100%,100,beta=0.1,beta01,63,Rollout correct ratio,wdl_sft/correct_ratio,0.45703125
ONPOLICY-SFT-Qwen3-1P7B-COLDSTART-CODE-KODCODE-CTX8K-S1-BETA01-V1_1783329189,100%,100,beta=0.1,beta01,63,Gradient norm,actor/grad_norm,7.734957218170166
ONPOLICY-SFT-Qwen3-1P7B-COLDSTART-CODE-KODCODE-CTX8K-S1-BETA01-V1_1783329189,100%,100,beta=0.1,beta01,63,Train score mean,critic/score/mean,-0.0859375
ONPOLICY-SFT-Qwen3-1P7B-COLDSTART-CODE-KODCODE-CTX8K-S1-BETA01-V1_1783329189,100%,100,beta=0.1,beta01,63,Response length mean,response_length/mean,153.892578125
ONPOLICY-SFT-Qwen3-1P7B-COLDSTART-CODE-KODCODE-CTX8K-S1-BETA01-V1_1783329189,100%,100,beta=0.1,beta01,63,Time per step,perf/time_per_step,40.63067706115544
ONPOLICY-SFT-Qwen3-1P7B-COLDSTART-CODE-KODCODE-CTX8K-S1-BETA01-V1_1783329189,100%,100,beta=0.1,beta01,64,Rollout correct ratio,wdl_sft/correct_ratio,0.4140625
ONPOLICY-SFT-Qwen3-1P7B-COLDSTART-CODE-KODCODE-CTX8K-S1-BETA01-V1_1783329189,100%,100,beta=0.1,beta01,64,Gradient norm,actor/grad_norm,8.252656936645508
ONPOLICY-SFT-Qwen3-1P7B-COLDSTART-CODE-KODCODE-CTX8K-S1-BETA01-V1_1783329189,100%,100,beta=0.1,beta01,64,Train score mean,critic/score/mean,-0.171875
ONPOLICY-SFT-Qwen3-1P7B-COLDSTART-CODE-KODCODE-CTX8K-S1-BETA01-V1_1783329189,100%,100,beta=0.1,beta01,64,Response length mean,response_length/mean,152.33203125
ONPOLICY-SFT-Qwen3-1P7B-COLDSTART-CODE-KODCODE-CTX8K-S1-BETA01-V1_1783329189,100%,100,beta=0.1,beta01,64,Time per step,perf/time_per_step,41.01537304930389
ONPOLICY-SFT-Qwen3-1P7B-COLDSTART-CODE-KODCODE-CTX8K-S1-BETA01-V1_1783329189,100%,100,beta=0.1,beta01,65,HumanEval+ pass@1,val-core/HumanEval+/acc/pass@1,0.49390243902439024
ONPOLICY-SFT-Qwen3-1P7B-COLDSTART-CODE-KODCODE-CTX8K-S1-BETA01-V1_1783329189,100%,100,beta=0.1,beta01,65,MBPP+ pass@1,val-core/MBPP+/acc/pass@1,0.5158730158730159
ONPOLICY-SFT-Qwen3-1P7B-COLDSTART-CODE-KODCODE-CTX8K-S1-BETA01-V1_1783329189,100%,100,beta=0.1,beta01,65,LiveCodeBench pass@1,val-core/LiveCodeBench/acc/pass@1,0.171875
ONPOLICY-SFT-Qwen3-1P7B-COLDSTART-CODE-KODCODE-CTX8K-S1-BETA01-V1_1783329189,100%,100,beta=0.1,beta01,65,HumanEval+ extract fail,val-aux/HumanEval+/code_reward_extraction_fail/mean@1,0.006097560975609756
ONPOLICY-SFT-Qwen3-1P7B-COLDSTART-CODE-KODCODE-CTX8K-S1-BETA01-V1_1783329189,100%,100,beta=0.1,beta01,65,MBPP+ extract fail,val-aux/MBPP+/code_reward_extraction_fail/mean@1,0.010582010582010581
ONPOLICY-SFT-Qwen3-1P7B-COLDSTART-CODE-KODCODE-CTX8K-S1-BETA01-V1_1783329189,100%,100,beta=0.1,beta01,65,LiveCodeBench extract fail,val-aux/LiveCodeBench/code_reward_extraction_fail/mean@1,0.0078125
ONPOLICY-SFT-Qwen3-1P7B-COLDSTART-CODE-KODCODE-CTX8K-S1-BETA01-V1_1783329189,100%,100,beta=0.1,beta01,65,Rollout correct ratio,wdl_sft/correct_ratio,0.46484375
ONPOLICY-SFT-Qwen3-1P7B-COLDSTART-CODE-KODCODE-CTX8K-S1-BETA01-V1_1783329189,100%,100,beta=0.1,beta01,65,Gradient norm,actor/grad_norm,8.339192390441895
ONPOLICY-SFT-Qwen3-1P7B-COLDSTART-CODE-KODCODE-CTX8K-S1-BETA01-V1_1783329189,100%,100,beta=0.1,beta01,65,Train score mean,critic/score/mean,-0.0703125
ONPOLICY-SFT-Qwen3-1P7B-COLDSTART-CODE-KODCODE-CTX8K-S1-BETA01-V1_1783329189,100%,100,beta=0.1,beta01,65,Response length mean,response_length/mean,158.873046875
ONPOLICY-SFT-Qwen3-1P7B-COLDSTART-CODE-KODCODE-CTX8K-S1-BETA01-V1_1783329189,100%,100,beta=0.1,beta01,65,Time per step,perf/time_per_step,22.142748991027474
ONPOLICY-SFT-Qwen3-1P7B-COLDSTART-CODE-KODCODE-CTX8K-S1-BETA01-V1_1783329189,100%,100,beta=0.1,beta01,66,Rollout correct ratio,wdl_sft/correct_ratio,0.509765625
ONPOLICY-SFT-Qwen3-1P7B-COLDSTART-CODE-KODCODE-CTX8K-S1-BETA01-V1_1783329189,100%,100,beta=0.1,beta01,66,Gradient norm,actor/grad_norm,6.505254745483398
ONPOLICY-SFT-Qwen3-1P7B-COLDSTART-CODE-KODCODE-CTX8K-S1-BETA01-V1_1783329189,100%,100,beta=0.1,beta01,66,Train score mean,critic/score/mean,0.01953125
ONPOLICY-SFT-Qwen3-1P7B-COLDSTART-CODE-KODCODE-CTX8K-S1-BETA01-V1_1783329189,100%,100,beta=0.1,beta01,66,Response length mean,response_length/mean,138.0390625
ONPOLICY-SFT-Qwen3-1P7B-COLDSTART-CODE-KODCODE-CTX8K-S1-BETA01-V1_1783329189,100%,100,beta=0.1,beta01,66,Time per step,perf/time_per_step,43.40090299770236
ONPOLICY-SFT-Qwen3-1P7B-COLDSTART-CODE-KODCODE-CTX8K-S1-BETA01-V1_1783329189,100%,100,beta=0.1,beta01,67,Rollout correct ratio,wdl_sft/correct_ratio,0.490234375
ONPOLICY-SFT-Qwen3-1P7B-COLDSTART-CODE-KODCODE-CTX8K-S1-BETA01-V1_1783329189,100%,100,beta=0.1,beta01,67,Gradient norm,actor/grad_norm,7.590167045593262
ONPOLICY-SFT-Qwen3-1P7B-COLDSTART-CODE-KODCODE-CTX8K-S1-BETA01-V1_1783329189,100%,100,beta=0.1,beta01,67,Train score mean,critic/score/mean,-0.01953125
ONPOLICY-SFT-Qwen3-1P7B-COLDSTART-CODE-KODCODE-CTX8K-S1-BETA01-V1_1783329189,100%,100,beta=0.1,beta01,67,Response length mean,response_length/mean,147.22265625
ONPOLICY-SFT-Qwen3-1P7B-COLDSTART-CODE-KODCODE-CTX8K-S1-BETA01-V1_1783329189,100%,100,beta=0.1,beta01,67,Time per step,perf/time_per_step,41.33681210130453
ONPOLICY-SFT-Qwen3-1P7B-COLDSTART-CODE-KODCODE-CTX8K-S1-BETA01-V1_1783329189,100%,100,beta=0.1,beta01,68,Rollout correct ratio,wdl_sft/correct_ratio,0.416015625
ONPOLICY-SFT-Qwen3-1P7B-COLDSTART-CODE-KODCODE-CTX8K-S1-BETA01-V1_1783329189,100%,100,beta=0.1,beta01,68,Gradient norm,actor/grad_norm,9.395133018493652
ONPOLICY-SFT-Qwen3-1P7B-COLDSTART-CODE-KODCODE-CTX8K-S1-BETA01-V1_1783329189,100%,100,beta=0.1,beta01,68,Train score mean,critic/score/mean,-0.16796875
ONPOLICY-SFT-Qwen3-1P7B-COLDSTART-CODE-KODCODE-CTX8K-S1-BETA01-V1_1783329189,100%,100,beta=0.1,beta01,68,Response length mean,response_length/mean,158.07421875
ONPOLICY-SFT-Qwen3-1P7B-COLDSTART-CODE-KODCODE-CTX8K-S1-BETA01-V1_1783329189,100%,100,beta=0.1,beta01,68,Time per step,perf/time_per_step,42.56624740920961
ONPOLICY-SFT-Qwen3-1P7B-COLDSTART-CODE-KODCODE-CTX8K-S1-BETA01-V1_1783329189,100%,100,beta=0.1,beta01,69,Rollout correct ratio,wdl_sft/correct_ratio,0.443359375
ONPOLICY-SFT-Qwen3-1P7B-COLDSTART-CODE-KODCODE-CTX8K-S1-BETA01-V1_1783329189,100%,100,beta=0.1,beta01,69,Gradient norm,actor/grad_norm,7.588437557220459
ONPOLICY-SFT-Qwen3-1P7B-COLDSTART-CODE-KODCODE-CTX8K-S1-BETA01-V1_1783329189,100%,100,beta=0.1,beta01,69,Train score mean,critic/score/mean,-0.11328125
ONPOLICY-SFT-Qwen3-1P7B-COLDSTART-CODE-KODCODE-CTX8K-S1-BETA01-V1_1783329189,100%,100,beta=0.1,beta01,69,Response length mean,response_length/mean,154.72265625
ONPOLICY-SFT-Qwen3-1P7B-COLDSTART-CODE-KODCODE-CTX8K-S1-BETA01-V1_1783329189,100%,100,beta=0.1,beta01,69,Time per step,perf/time_per_step,43.116918090730906
ONPOLICY-SFT-Qwen3-1P7B-COLDSTART-CODE-KODCODE-CTX8K-S1-BETA01-V1_1783329189,100%,100,beta=0.1,beta01,70,HumanEval+ pass@1,val-core/HumanEval+/acc/pass@1,0.5
ONPOLICY-SFT-Qwen3-1P7B-COLDSTART-CODE-KODCODE-CTX8K-S1-BETA01-V1_1783329189,100%,100,beta=0.1,beta01,70,MBPP+ pass@1,val-core/MBPP+/acc/pass@1,0.5211640211640212
ONPOLICY-SFT-Qwen3-1P7B-COLDSTART-CODE-KODCODE-CTX8K-S1-BETA01-V1_1783329189,100%,100,beta=0.1,beta01,70,LiveCodeBench pass@1,val-core/LiveCodeBench/acc/pass@1,0.1328125
ONPOLICY-SFT-Qwen3-1P7B-COLDSTART-CODE-KODCODE-CTX8K-S1-BETA01-V1_1783329189,100%,100,beta=0.1,beta01,70,HumanEval+ extract fail,val-aux/HumanEval+/code_reward_extraction_fail/mean@1,0.006097560975609756
ONPOLICY-SFT-Qwen3-1P7B-COLDSTART-CODE-KODCODE-CTX8K-S1-BETA01-V1_1783329189,100%,100,beta=0.1,beta01,70,MBPP+ extract fail,val-aux/MBPP+/code_reward_extraction_fail/mean@1,0.005291005291005291
ONPOLICY-SFT-Qwen3-1P7B-COLDSTART-CODE-KODCODE-CTX8K-S1-BETA01-V1_1783329189,100%,100,beta=0.1,beta01,70,LiveCodeBench extract fail,val-aux/LiveCodeBench/code_reward_extraction_fail/mean@1,0.0234375
ONPOLICY-SFT-Qwen3-1P7B-COLDSTART-CODE-KODCODE-CTX8K-S1-BETA01-V1_1783329189,100%,100,beta=0.1,beta01,70,Rollout correct ratio,wdl_sft/correct_ratio,0.439453125
ONPOLICY-SFT-Qwen3-1P7B-COLDSTART-CODE-KODCODE-CTX8K-S1-BETA01-V1_1783329189,100%,100,beta=0.1,beta01,70,Gradient norm,actor/grad_norm,8.654704093933105
ONPOLICY-SFT-Qwen3-1P7B-COLDSTART-CODE-KODCODE-CTX8K-S1-BETA01-V1_1783329189,100%,100,beta=0.1,beta01,70,Train score mean,critic/score/mean,-0.12109375
ONPOLICY-SFT-Qwen3-1P7B-COLDSTART-CODE-KODCODE-CTX8K-S1-BETA01-V1_1783329189,100%,100,beta=0.1,beta01,70,Response length mean,response_length/mean,162.671875
ONPOLICY-SFT-Qwen3-1P7B-COLDSTART-CODE-KODCODE-CTX8K-S1-BETA01-V1_1783329189,100%,100,beta=0.1,beta01,70,Time per step,perf/time_per_step,48.49983890354633
ONPOLICY-SFT-Qwen3-1P7B-COLDSTART-CODE-KODCODE-CTX8K-S1-BETA01-V1_1783329189,100%,100,beta=0.1,beta01,71,Rollout correct ratio,wdl_sft/correct_ratio,0.3984375
ONPOLICY-SFT-Qwen3-1P7B-COLDSTART-CODE-KODCODE-CTX8K-S1-BETA01-V1_1783329189,100%,100,beta=0.1,beta01,71,Gradient norm,actor/grad_norm,9.462004661560059
ONPOLICY-SFT-Qwen3-1P7B-COLDSTART-CODE-KODCODE-CTX8K-S1-BETA01-V1_1783329189,100%,100,beta=0.1,beta01,71,Train score mean,critic/score/mean,-0.203125
ONPOLICY-SFT-Qwen3-1P7B-COLDSTART-CODE-KODCODE-CTX8K-S1-BETA01-V1_1783329189,100%,100,beta=0.1,beta01,71,Response length mean,response_length/mean,177.44140625
ONPOLICY-SFT-Qwen3-1P7B-COLDSTART-CODE-KODCODE-CTX8K-S1-BETA01-V1_1783329189,100%,100,beta=0.1,beta01,71,Time per step,perf/time_per_step,43.46012013591826
ONPOLICY-SFT-Qwen3-1P7B-COLDSTART-CODE-KODCODE-CTX8K-S1-BETA01-V1_1783329189,100%,100,beta=0.1,beta01,72,Rollout correct ratio,wdl_sft/correct_ratio,0.447265625
ONPOLICY-SFT-Qwen3-1P7B-COLDSTART-CODE-KODCODE-CTX8K-S1-BETA01-V1_1783329189,100%,100,beta=0.1,beta01,72,Gradient norm,actor/grad_norm,7.621694087982178
ONPOLICY-SFT-Qwen3-1P7B-COLDSTART-CODE-KODCODE-CTX8K-S1-BETA01-V1_1783329189,100%,100,beta=0.1,beta01,72,Train score mean,critic/score/mean,-0.10546875
ONPOLICY-SFT-Qwen3-1P7B-COLDSTART-CODE-KODCODE-CTX8K-S1-BETA01-V1_1783329189,100%,100,beta=0.1,beta01,72,Response length mean,response_length/mean,136.4609375
ONPOLICY-SFT-Qwen3-1P7B-COLDSTART-CODE-KODCODE-CTX8K-S1-BETA01-V1_1783329189,100%,100,beta=0.1,beta01,72,Time per step,perf/time_per_step,40.68879086896777
ONPOLICY-SFT-Qwen3-1P7B-COLDSTART-CODE-KODCODE-CTX8K-S1-BETA01-V1_1783329189,100%,100,beta=0.1,beta01,73,Rollout correct ratio,wdl_sft/correct_ratio,0.45703125
ONPOLICY-SFT-Qwen3-1P7B-COLDSTART-CODE-KODCODE-CTX8K-S1-BETA01-V1_1783329189,100%,100,beta=0.1,beta01,73,Gradient norm,actor/grad_norm,9.020442008972168
ONPOLICY-SFT-Qwen3-1P7B-COLDSTART-CODE-KODCODE-CTX8K-S1-BETA01-V1_1783329189,100%,100,beta=0.1,beta01,73,Train score mean,critic/score/mean,-0.0859375
ONPOLICY-SFT-Qwen3-1P7B-COLDSTART-CODE-KODCODE-CTX8K-S1-BETA01-V1_1783329189,100%,100,beta=0.1,beta01,73,Response length mean,response_length/mean,160.396484375
ONPOLICY-SFT-Qwen3-1P7B-COLDSTART-CODE-KODCODE-CTX8K-S1-BETA01-V1_1783329189,100%,100,beta=0.1,beta01,73,Time per step,perf/time_per_step,42.05173640046269
ONPOLICY-SFT-Qwen3-1P7B-COLDSTART-CODE-KODCODE-CTX8K-S1-BETA01-V1_1783329189,100%,100,beta=0.1,beta01,74,Rollout correct ratio,wdl_sft/correct_ratio,0.359375
ONPOLICY-SFT-Qwen3-1P7B-COLDSTART-CODE-KODCODE-CTX8K-S1-BETA01-V1_1783329189,100%,100,beta=0.1,beta01,74,Gradient norm,actor/grad_norm,9.619194030761719
ONPOLICY-SFT-Qwen3-1P7B-COLDSTART-CODE-KODCODE-CTX8K-S1-BETA01-V1_1783329189,100%,100,beta=0.1,beta01,74,Train score mean,critic/score/mean,-0.28125
ONPOLICY-SFT-Qwen3-1P7B-COLDSTART-CODE-KODCODE-CTX8K-S1-BETA01-V1_1783329189,100%,100,beta=0.1,beta01,74,Response length mean,response_length/mean,160.220703125
ONPOLICY-SFT-Qwen3-1P7B-COLDSTART-CODE-KODCODE-CTX8K-S1-BETA01-V1_1783329189,100%,100,beta=0.1,beta01,74,Time per step,perf/time_per_step,14.19450275413692
ONPOLICY-SFT-Qwen3-1P7B-COLDSTART-CODE-KODCODE-CTX8K-S1-BETA01-V1_1783329189,100%,100,beta=0.1,beta01,75,HumanEval+ pass@1,val-core/HumanEval+/acc/pass@1,0.47560975609756095
ONPOLICY-SFT-Qwen3-1P7B-COLDSTART-CODE-KODCODE-CTX8K-S1-BETA01-V1_1783329189,100%,100,beta=0.1,beta01,75,MBPP+ pass@1,val-core/MBPP+/acc/pass@1,0.5052910052910053
ONPOLICY-SFT-Qwen3-1P7B-COLDSTART-CODE-KODCODE-CTX8K-S1-BETA01-V1_1783329189,100%,100,beta=0.1,beta01,75,LiveCodeBench pass@1,val-core/LiveCodeBench/acc/pass@1,0.1484375
ONPOLICY-SFT-Qwen3-1P7B-COLDSTART-CODE-KODCODE-CTX8K-S1-BETA01-V1_1783329189,100%,100,beta=0.1,beta01,75,HumanEval+ extract fail,val-aux/HumanEval+/code_reward_extraction_fail/mean@1,0.012195121951219513
ONPOLICY-SFT-Qwen3-1P7B-COLDSTART-CODE-KODCODE-CTX8K-S1-BETA01-V1_1783329189,100%,100,beta=0.1,beta01,75,MBPP+ extract fail,val-aux/MBPP+/code_reward_extraction_fail/mean@1,0.010582010582010581
ONPOLICY-SFT-Qwen3-1P7B-COLDSTART-CODE-KODCODE-CTX8K-S1-BETA01-V1_1783329189,100%,100,beta=0.1,beta01,75,LiveCodeBench extract fail,val-aux/LiveCodeBench/code_reward_extraction_fail/mean@1,0.0390625
ONPOLICY-SFT-Qwen3-1P7B-COLDSTART-CODE-KODCODE-CTX8K-S1-BETA01-V1_1783329189,100%,100,beta=0.1,beta01,75,Rollout correct ratio,wdl_sft/correct_ratio,0.513671875
ONPOLICY-SFT-Qwen3-1P7B-COLDSTART-CODE-KODCODE-CTX8K-S1-BETA01-V1_1783329189,100%,100,beta=0.1,beta01,75,Gradient norm,actor/grad_norm,7.901623249053955
ONPOLICY-SFT-Qwen3-1P7B-COLDSTART-CODE-KODCODE-CTX8K-S1-BETA01-V1_1783329189,100%,100,beta=0.1,beta01,75,Train score mean,critic/score/mean,0.02734375
ONPOLICY-SFT-Qwen3-1P7B-COLDSTART-CODE-KODCODE-CTX8K-S1-BETA01-V1_1783329189,100%,100,beta=0.1,beta01,75,Response length mean,response_length/mean,152.265625
ONPOLICY-SFT-Qwen3-1P7B-COLDSTART-CODE-KODCODE-CTX8K-S1-BETA01-V1_1783329189,100%,100,beta=0.1,beta01,75,Time per step,perf/time_per_step,48.36488293483853
ONPOLICY-SFT-Qwen3-1P7B-COLDSTART-CODE-KODCODE-CTX8K-S1-BETA01-V1_1783329189,100%,100,beta=0.1,beta01,76,Rollout correct ratio,wdl_sft/correct_ratio,0.5546875
ONPOLICY-SFT-Qwen3-1P7B-COLDSTART-CODE-KODCODE-CTX8K-S1-BETA01-V1_1783329189,100%,100,beta=0.1,beta01,76,Gradient norm,actor/grad_norm,7.469186782836914
ONPOLICY-SFT-Qwen3-1P7B-COLDSTART-CODE-KODCODE-CTX8K-S1-BETA01-V1_1783329189,100%,100,beta=0.1,beta01,76,Train score mean,critic/score/mean,0.109375
ONPOLICY-SFT-Qwen3-1P7B-COLDSTART-CODE-KODCODE-CTX8K-S1-BETA01-V1_1783329189,100%,100,beta=0.1,beta01,76,Response length mean,response_length/mean,152.57421875
ONPOLICY-SFT-Qwen3-1P7B-COLDSTART-CODE-KODCODE-CTX8K-S1-BETA01-V1_1783329189,100%,100,beta=0.1,beta01,76,Time per step,perf/time_per_step,41.5705240201205
ONPOLICY-SFT-Qwen3-1P7B-COLDSTART-CODE-KODCODE-CTX8K-S1-BETA01-V1_1783329189,100%,100,beta=0.1,beta01,77,Rollout correct ratio,wdl_sft/correct_ratio,0.50390625
ONPOLICY-SFT-Qwen3-1P7B-COLDSTART-CODE-KODCODE-CTX8K-S1-BETA01-V1_1783329189,100%,100,beta=0.1,beta01,77,Gradient norm,actor/grad_norm,7.699380874633789
ONPOLICY-SFT-Qwen3-1P7B-COLDSTART-CODE-KODCODE-CTX8K-S1-BETA01-V1_1783329189,100%,100,beta=0.1,beta01,77,Train score mean,critic/score/mean,0.0078125
ONPOLICY-SFT-Qwen3-1P7B-COLDSTART-CODE-KODCODE-CTX8K-S1-BETA01-V1_1783329189,100%,100,beta=0.1,beta01,77,Response length mean,response_length/mean,151.14453125
ONPOLICY-SFT-Qwen3-1P7B-COLDSTART-CODE-KODCODE-CTX8K-S1-BETA01-V1_1783329189,100%,100,beta=0.1,beta01,77,Time per step,perf/time_per_step,42.757444019429386
ONPOLICY-SFT-Qwen3-1P7B-COLDSTART-CODE-KODCODE-CTX8K-S1-BETA01-V1_1783329189,100%,100,beta=0.1,beta01,78,Rollout correct ratio,wdl_sft/correct_ratio,0.40625
ONPOLICY-SFT-Qwen3-1P7B-COLDSTART-CODE-KODCODE-CTX8K-S1-BETA01-V1_1783329189,100%,100,beta=0.1,beta01,78,Gradient norm,actor/grad_norm,7.974114418029785
ONPOLICY-SFT-Qwen3-1P7B-COLDSTART-CODE-KODCODE-CTX8K-S1-BETA01-V1_1783329189,100%,100,beta=0.1,beta01,78,Train score mean,critic/score/mean,-0.1875
ONPOLICY-SFT-Qwen3-1P7B-COLDSTART-CODE-KODCODE-CTX8K-S1-BETA01-V1_1783329189,100%,100,beta=0.1,beta01,78,Response length mean,response_length/mean,157.939453125
ONPOLICY-SFT-Qwen3-1P7B-COLDSTART-CODE-KODCODE-CTX8K-S1-BETA01-V1_1783329189,100%,100,beta=0.1,beta01,78,Time per step,perf/time_per_step,42.02187492046505
ONPOLICY-SFT-Qwen3-1P7B-COLDSTART-CODE-KODCODE-CTX8K-S1-BETA01-V1_1783329189,100%,100,beta=0.1,beta01,79,Rollout correct ratio,wdl_sft/correct_ratio,0.517578125
ONPOLICY-SFT-Qwen3-1P7B-COLDSTART-CODE-KODCODE-CTX8K-S1-BETA01-V1_1783329189,100%,100,beta=0.1,beta01,79,Gradient norm,actor/grad_norm,7.161762237548828
ONPOLICY-SFT-Qwen3-1P7B-COLDSTART-CODE-KODCODE-CTX8K-S1-BETA01-V1_1783329189,100%,100,beta=0.1,beta01,79,Train score mean,critic/score/mean,0.03515625
ONPOLICY-SFT-Qwen3-1P7B-COLDSTART-CODE-KODCODE-CTX8K-S1-BETA01-V1_1783329189,100%,100,beta=0.1,beta01,79,Response length mean,response_length/mean,150.9921875
ONPOLICY-SFT-Qwen3-1P7B-COLDSTART-CODE-KODCODE-CTX8K-S1-BETA01-V1_1783329189,100%,100,beta=0.1,beta01,79,Time per step,perf/time_per_step,41.37901675980538
ONPOLICY-SFT-Qwen3-1P7B-COLDSTART-CODE-KODCODE-CTX8K-S1-BETA01-V1_1783329189,100%,100,beta=0.1,beta01,80,HumanEval+ pass@1,val-core/HumanEval+/acc/pass@1,0.4817073170731707
ONPOLICY-SFT-Qwen3-1P7B-COLDSTART-CODE-KODCODE-CTX8K-S1-BETA01-V1_1783329189,100%,100,beta=0.1,beta01,80,MBPP+ pass@1,val-core/MBPP+/acc/pass@1,0.5132275132275133
ONPOLICY-SFT-Qwen3-1P7B-COLDSTART-CODE-KODCODE-CTX8K-S1-BETA01-V1_1783329189,100%,100,beta=0.1,beta01,80,LiveCodeBench pass@1,val-core/LiveCodeBench/acc/pass@1,0.1484375
ONPOLICY-SFT-Qwen3-1P7B-COLDSTART-CODE-KODCODE-CTX8K-S1-BETA01-V1_1783329189,100%,100,beta=0.1,beta01,80,HumanEval+ extract fail,val-aux/HumanEval+/code_reward_extraction_fail/mean@1,0.0
ONPOLICY-SFT-Qwen3-1P7B-COLDSTART-CODE-KODCODE-CTX8K-S1-BETA01-V1_1783329189,100%,100,beta=0.1,beta01,80,MBPP+ extract fail,val-aux/MBPP+/code_reward_extraction_fail/mean@1,0.005291005291005291
ONPOLICY-SFT-Qwen3-1P7B-COLDSTART-CODE-KODCODE-CTX8K-S1-BETA01-V1_1783329189,100%,100,beta=0.1,beta01,80,LiveCodeBench extract fail,val-aux/LiveCodeBench/code_reward_extraction_fail/mean@1,0.015625
ONPOLICY-SFT-Qwen3-1P7B-COLDSTART-CODE-KODCODE-CTX8K-S1-BETA01-V1_1783329189,100%,100,beta=0.1,beta01,80,Rollout correct ratio,wdl_sft/correct_ratio,0.537109375
ONPOLICY-SFT-Qwen3-1P7B-COLDSTART-CODE-KODCODE-CTX8K-S1-BETA01-V1_1783329189,100%,100,beta=0.1,beta01,80,Gradient norm,actor/grad_norm,7.726818084716797
ONPOLICY-SFT-Qwen3-1P7B-COLDSTART-CODE-KODCODE-CTX8K-S1-BETA01-V1_1783329189,100%,100,beta=0.1,beta01,80,Train score mean,critic/score/mean,0.07421875
ONPOLICY-SFT-Qwen3-1P7B-COLDSTART-CODE-KODCODE-CTX8K-S1-BETA01-V1_1783329189,100%,100,beta=0.1,beta01,80,Response length mean,response_length/mean,161.498046875
ONPOLICY-SFT-Qwen3-1P7B-COLDSTART-CODE-KODCODE-CTX8K-S1-BETA01-V1_1783329189,100%,100,beta=0.1,beta01,80,Time per step,perf/time_per_step,47.232358182780445
ONPOLICY-SFT-Qwen3-1P7B-COLDSTART-CODE-KODCODE-CTX8K-S1-BETA01-V1_1783329189,100%,100,beta=0.1,beta01,81,Rollout correct ratio,wdl_sft/correct_ratio,0.416015625
ONPOLICY-SFT-Qwen3-1P7B-COLDSTART-CODE-KODCODE-CTX8K-S1-BETA01-V1_1783329189,100%,100,beta=0.1,beta01,81,Gradient norm,actor/grad_norm,9.0072660446167
ONPOLICY-SFT-Qwen3-1P7B-COLDSTART-CODE-KODCODE-CTX8K-S1-BETA01-V1_1783329189,100%,100,beta=0.1,beta01,81,Train score mean,critic/score/mean,-0.16796875
ONPOLICY-SFT-Qwen3-1P7B-COLDSTART-CODE-KODCODE-CTX8K-S1-BETA01-V1_1783329189,100%,100,beta=0.1,beta01,81,Response length mean,response_length/mean,144.912109375
ONPOLICY-SFT-Qwen3-1P7B-COLDSTART-CODE-KODCODE-CTX8K-S1-BETA01-V1_1783329189,100%,100,beta=0.1,beta01,81,Time per step,perf/time_per_step,40.38326952792704
ONPOLICY-SFT-Qwen3-1P7B-COLDSTART-CODE-KODCODE-CTX8K-S1-BETA01-V1_1783329189,100%,100,beta=0.1,beta01,82,Rollout correct ratio,wdl_sft/correct_ratio,0.37109375
ONPOLICY-SFT-Qwen3-1P7B-COLDSTART-CODE-KODCODE-CTX8K-S1-BETA01-V1_1783329189,100%,100,beta=0.1,beta01,82,Gradient norm,actor/grad_norm,8.042867660522461
ONPOLICY-SFT-Qwen3-1P7B-COLDSTART-CODE-KODCODE-CTX8K-S1-BETA01-V1_1783329189,100%,100,beta=0.1,beta01,82,Train score mean,critic/score/mean,-0.2578125
ONPOLICY-SFT-Qwen3-1P7B-COLDSTART-CODE-KODCODE-CTX8K-S1-BETA01-V1_1783329189,100%,100,beta=0.1,beta01,82,Response length mean,response_length/mean,163.8828125
ONPOLICY-SFT-Qwen3-1P7B-COLDSTART-CODE-KODCODE-CTX8K-S1-BETA01-V1_1783329189,100%,100,beta=0.1,beta01,82,Time per step,perf/time_per_step,41.15520254801959
ONPOLICY-SFT-Qwen3-1P7B-COLDSTART-CODE-KODCODE-CTX8K-S1-BETA01-V1_1783329189,100%,100,beta=0.1,beta01,83,Rollout correct ratio,wdl_sft/correct_ratio,0.44140625
ONPOLICY-SFT-Qwen3-1P7B-COLDSTART-CODE-KODCODE-CTX8K-S1-BETA01-V1_1783329189,100%,100,beta=0.1,beta01,83,Gradient norm,actor/grad_norm,9.159014701843262
ONPOLICY-SFT-Qwen3-1P7B-COLDSTART-CODE-KODCODE-CTX8K-S1-BETA01-V1_1783329189,100%,100,beta=0.1,beta01,83,Train score mean,critic/score/mean,-0.1171875
ONPOLICY-SFT-Qwen3-1P7B-COLDSTART-CODE-KODCODE-CTX8K-S1-BETA01-V1_1783329189,100%,100,beta=0.1,beta01,83,Response length mean,response_length/mean,163.517578125
ONPOLICY-SFT-Qwen3-1P7B-COLDSTART-CODE-KODCODE-CTX8K-S1-BETA01-V1_1783329189,100%,100,beta=0.1,beta01,83,Time per step,perf/time_per_step,41.88158284779638
ONPOLICY-SFT-Qwen3-1P7B-COLDSTART-CODE-KODCODE-CTX8K-S1-BETA01-V1_1783329189,100%,100,beta=0.1,beta01,84,Rollout correct ratio,wdl_sft/correct_ratio,0.501953125
ONPOLICY-SFT-Qwen3-1P7B-COLDSTART-CODE-KODCODE-CTX8K-S1-BETA01-V1_1783329189,100%,100,beta=0.1,beta01,84,Gradient norm,actor/grad_norm,9.080302238464355
ONPOLICY-SFT-Qwen3-1P7B-COLDSTART-CODE-KODCODE-CTX8K-S1-BETA01-V1_1783329189,100%,100,beta=0.1,beta01,84,Train score mean,critic/score/mean,0.00390625
ONPOLICY-SFT-Qwen3-1P7B-COLDSTART-CODE-KODCODE-CTX8K-S1-BETA01-V1_1783329189,100%,100,beta=0.1,beta01,84,Response length mean,response_length/mean,167.27734375
ONPOLICY-SFT-Qwen3-1P7B-COLDSTART-CODE-KODCODE-CTX8K-S1-BETA01-V1_1783329189,100%,100,beta=0.1,beta01,84,Time per step,perf/time_per_step,42.4653632491827
ONPOLICY-SFT-Qwen3-1P7B-COLDSTART-CODE-KODCODE-CTX8K-S1-BETA01-V1_1783329189,100%,100,beta=0.1,beta01,85,HumanEval+ pass@1,val-core/HumanEval+/acc/pass@1,0.5
ONPOLICY-SFT-Qwen3-1P7B-COLDSTART-CODE-KODCODE-CTX8K-S1-BETA01-V1_1783329189,100%,100,beta=0.1,beta01,85,MBPP+ pass@1,val-core/MBPP+/acc/pass@1,0.48677248677248675
ONPOLICY-SFT-Qwen3-1P7B-COLDSTART-CODE-KODCODE-CTX8K-S1-BETA01-V1_1783329189,100%,100,beta=0.1,beta01,85,LiveCodeBench pass@1,val-core/LiveCodeBench/acc/pass@1,0.1328125
ONPOLICY-SFT-Qwen3-1P7B-COLDSTART-CODE-KODCODE-CTX8K-S1-BETA01-V1_1783329189,100%,100,beta=0.1,beta01,85,HumanEval+ extract fail,val-aux/HumanEval+/code_reward_extraction_fail/mean@1,0.006097560975609756
ONPOLICY-SFT-Qwen3-1P7B-COLDSTART-CODE-KODCODE-CTX8K-S1-BETA01-V1_1783329189,100%,100,beta=0.1,beta01,85,MBPP+ extract fail,val-aux/MBPP+/code_reward_extraction_fail/mean@1,0.005291005291005291
ONPOLICY-SFT-Qwen3-1P7B-COLDSTART-CODE-KODCODE-CTX8K-S1-BETA01-V1_1783329189,100%,100,beta=0.1,beta01,85,LiveCodeBench extract fail,val-aux/LiveCodeBench/code_reward_extraction_fail/mean@1,0.0234375
ONPOLICY-SFT-Qwen3-1P7B-COLDSTART-CODE-KODCODE-CTX8K-S1-BETA01-V1_1783329189,100%,100,beta=0.1,beta01,85,Rollout correct ratio,wdl_sft/correct_ratio,0.494140625
ONPOLICY-SFT-Qwen3-1P7B-COLDSTART-CODE-KODCODE-CTX8K-S1-BETA01-V1_1783329189,100%,100,beta=0.1,beta01,85,Gradient norm,actor/grad_norm,7.660703182220459
ONPOLICY-SFT-Qwen3-1P7B-COLDSTART-CODE-KODCODE-CTX8K-S1-BETA01-V1_1783329189,100%,100,beta=0.1,beta01,85,Train score mean,critic/score/mean,-0.01171875
ONPOLICY-SFT-Qwen3-1P7B-COLDSTART-CODE-KODCODE-CTX8K-S1-BETA01-V1_1783329189,100%,100,beta=0.1,beta01,85,Response length mean,response_length/mean,160.70703125
ONPOLICY-SFT-Qwen3-1P7B-COLDSTART-CODE-KODCODE-CTX8K-S1-BETA01-V1_1783329189,100%,100,beta=0.1,beta01,85,Time per step,perf/time_per_step,46.558560559526086
ONPOLICY-SFT-Qwen3-1P7B-COLDSTART-CODE-KODCODE-CTX8K-S1-BETA01-V1_1783329189,100%,100,beta=0.1,beta01,86,Rollout correct ratio,wdl_sft/correct_ratio,0.3828125
ONPOLICY-SFT-Qwen3-1P7B-COLDSTART-CODE-KODCODE-CTX8K-S1-BETA01-V1_1783329189,100%,100,beta=0.1,beta01,86,Gradient norm,actor/grad_norm,8.413692474365234
ONPOLICY-SFT-Qwen3-1P7B-COLDSTART-CODE-KODCODE-CTX8K-S1-BETA01-V1_1783329189,100%,100,beta=0.1,beta01,86,Train score mean,critic/score/mean,-0.234375
ONPOLICY-SFT-Qwen3-1P7B-COLDSTART-CODE-KODCODE-CTX8K-S1-BETA01-V1_1783329189,100%,100,beta=0.1,beta01,86,Response length mean,response_length/mean,149.515625
ONPOLICY-SFT-Qwen3-1P7B-COLDSTART-CODE-KODCODE-CTX8K-S1-BETA01-V1_1783329189,100%,100,beta=0.1,beta01,86,Time per step,perf/time_per_step,41.67716757580638
ONPOLICY-SFT-Qwen3-1P7B-COLDSTART-CODE-KODCODE-CTX8K-S1-BETA01-V1_1783329189,100%,100,beta=0.1,beta01,87,Rollout correct ratio,wdl_sft/correct_ratio,0.44921875
ONPOLICY-SFT-Qwen3-1P7B-COLDSTART-CODE-KODCODE-CTX8K-S1-BETA01-V1_1783329189,100%,100,beta=0.1,beta01,87,Gradient norm,actor/grad_norm,7.689579963684082
ONPOLICY-SFT-Qwen3-1P7B-COLDSTART-CODE-KODCODE-CTX8K-S1-BETA01-V1_1783329189,100%,100,beta=0.1,beta01,87,Train score mean,critic/score/mean,-0.1015625
ONPOLICY-SFT-Qwen3-1P7B-COLDSTART-CODE-KODCODE-CTX8K-S1-BETA01-V1_1783329189,100%,100,beta=0.1,beta01,87,Response length mean,response_length/mean,137.994140625
ONPOLICY-SFT-Qwen3-1P7B-COLDSTART-CODE-KODCODE-CTX8K-S1-BETA01-V1_1783329189,100%,100,beta=0.1,beta01,87,Time per step,perf/time_per_step,39.78624333161861
ONPOLICY-SFT-Qwen3-1P7B-COLDSTART-CODE-KODCODE-CTX8K-S1-BETA01-V1_1783329189,100%,100,beta=0.1,beta01,88,Rollout correct ratio,wdl_sft/correct_ratio,0.365234375
ONPOLICY-SFT-Qwen3-1P7B-COLDSTART-CODE-KODCODE-CTX8K-S1-BETA01-V1_1783329189,100%,100,beta=0.1,beta01,88,Gradient norm,actor/grad_norm,10.186351776123047
ONPOLICY-SFT-Qwen3-1P7B-COLDSTART-CODE-KODCODE-CTX8K-S1-BETA01-V1_1783329189,100%,100,beta=0.1,beta01,88,Train score mean,critic/score/mean,-0.26953125
ONPOLICY-SFT-Qwen3-1P7B-COLDSTART-CODE-KODCODE-CTX8K-S1-BETA01-V1_1783329189,100%,100,beta=0.1,beta01,88,Response length mean,response_length/mean,164.314453125
ONPOLICY-SFT-Qwen3-1P7B-COLDSTART-CODE-KODCODE-CTX8K-S1-BETA01-V1_1783329189,100%,100,beta=0.1,beta01,88,Time per step,perf/time_per_step,42.516102485358715
ONPOLICY-SFT-Qwen3-1P7B-COLDSTART-CODE-KODCODE-CTX8K-S1-BETA01-V1_1783329189,100%,100,beta=0.1,beta01,89,Rollout correct ratio,wdl_sft/correct_ratio,0.564453125
ONPOLICY-SFT-Qwen3-1P7B-COLDSTART-CODE-KODCODE-CTX8K-S1-BETA01-V1_1783329189,100%,100,beta=0.1,beta01,89,Gradient norm,actor/grad_norm,6.555694103240967
ONPOLICY-SFT-Qwen3-1P7B-COLDSTART-CODE-KODCODE-CTX8K-S1-BETA01-V1_1783329189,100%,100,beta=0.1,beta01,89,Train score mean,critic/score/mean,0.12890625
ONPOLICY-SFT-Qwen3-1P7B-COLDSTART-CODE-KODCODE-CTX8K-S1-BETA01-V1_1783329189,100%,100,beta=0.1,beta01,89,Response length mean,response_length/mean,146.34375
ONPOLICY-SFT-Qwen3-1P7B-COLDSTART-CODE-KODCODE-CTX8K-S1-BETA01-V1_1783329189,100%,100,beta=0.1,beta01,89,Time per step,perf/time_per_step,41.046385856345296
ONPOLICY-SFT-Qwen3-1P7B-COLDSTART-CODE-KODCODE-CTX8K-S1-BETA01-V1_1783329189,100%,100,beta=0.1,beta01,90,HumanEval+ pass@1,val-core/HumanEval+/acc/pass@1,0.5060975609756098
ONPOLICY-SFT-Qwen3-1P7B-COLDSTART-CODE-KODCODE-CTX8K-S1-BETA01-V1_1783329189,100%,100,beta=0.1,beta01,90,MBPP+ pass@1,val-core/MBPP+/acc/pass@1,0.4973544973544973
ONPOLICY-SFT-Qwen3-1P7B-COLDSTART-CODE-KODCODE-CTX8K-S1-BETA01-V1_1783329189,100%,100,beta=0.1,beta01,90,LiveCodeBench pass@1,val-core/LiveCodeBench/acc/pass@1,0.140625
ONPOLICY-SFT-Qwen3-1P7B-COLDSTART-CODE-KODCODE-CTX8K-S1-BETA01-V1_1783329189,100%,100,beta=0.1,beta01,90,HumanEval+ extract fail,val-aux/HumanEval+/code_reward_extraction_fail/mean@1,0.006097560975609756
ONPOLICY-SFT-Qwen3-1P7B-COLDSTART-CODE-KODCODE-CTX8K-S1-BETA01-V1_1783329189,100%,100,beta=0.1,beta01,90,MBPP+ extract fail,val-aux/MBPP+/code_reward_extraction_fail/mean@1,0.007936507936507936
ONPOLICY-SFT-Qwen3-1P7B-COLDSTART-CODE-KODCODE-CTX8K-S1-BETA01-V1_1783329189,100%,100,beta=0.1,beta01,90,LiveCodeBench extract fail,val-aux/LiveCodeBench/code_reward_extraction_fail/mean@1,0.0234375
ONPOLICY-SFT-Qwen3-1P7B-COLDSTART-CODE-KODCODE-CTX8K-S1-BETA01-V1_1783329189,100%,100,beta=0.1,beta01,90,Rollout correct ratio,wdl_sft/correct_ratio,0.369140625
ONPOLICY-SFT-Qwen3-1P7B-COLDSTART-CODE-KODCODE-CTX8K-S1-BETA01-V1_1783329189,100%,100,beta=0.1,beta01,90,Gradient norm,actor/grad_norm,9.513178825378418
ONPOLICY-SFT-Qwen3-1P7B-COLDSTART-CODE-KODCODE-CTX8K-S1-BETA01-V1_1783329189,100%,100,beta=0.1,beta01,90,Train score mean,critic/score/mean,-0.26171875
ONPOLICY-SFT-Qwen3-1P7B-COLDSTART-CODE-KODCODE-CTX8K-S1-BETA01-V1_1783329189,100%,100,beta=0.1,beta01,90,Response length mean,response_length/mean,165.6875
ONPOLICY-SFT-Qwen3-1P7B-COLDSTART-CODE-KODCODE-CTX8K-S1-BETA01-V1_1783329189,100%,100,beta=0.1,beta01,90,Time per step,perf/time_per_step,50.19628090877086
ONPOLICY-SFT-Qwen3-1P7B-COLDSTART-CODE-KODCODE-CTX8K-S1-BETA01-V1_1783329189,100%,100,beta=0.1,beta01,91,Rollout correct ratio,wdl_sft/correct_ratio,0.53125
ONPOLICY-SFT-Qwen3-1P7B-COLDSTART-CODE-KODCODE-CTX8K-S1-BETA01-V1_1783329189,100%,100,beta=0.1,beta01,91,Gradient norm,actor/grad_norm,6.6010918617248535
ONPOLICY-SFT-Qwen3-1P7B-COLDSTART-CODE-KODCODE-CTX8K-S1-BETA01-V1_1783329189,100%,100,beta=0.1,beta01,91,Train score mean,critic/score/mean,0.0625
ONPOLICY-SFT-Qwen3-1P7B-COLDSTART-CODE-KODCODE-CTX8K-S1-BETA01-V1_1783329189,100%,100,beta=0.1,beta01,91,Response length mean,response_length/mean,127.640625
ONPOLICY-SFT-Qwen3-1P7B-COLDSTART-CODE-KODCODE-CTX8K-S1-BETA01-V1_1783329189,100%,100,beta=0.1,beta01,91,Time per step,perf/time_per_step,14.03045114967972
ONPOLICY-SFT-Qwen3-1P7B-COLDSTART-CODE-KODCODE-CTX8K-S1-BETA01-V1_1783329189,100%,100,beta=0.1,beta01,92,Rollout correct ratio,wdl_sft/correct_ratio,0.451171875
ONPOLICY-SFT-Qwen3-1P7B-COLDSTART-CODE-KODCODE-CTX8K-S1-BETA01-V1_1783329189,100%,100,beta=0.1,beta01,92,Gradient norm,actor/grad_norm,8.287718772888184
ONPOLICY-SFT-Qwen3-1P7B-COLDSTART-CODE-KODCODE-CTX8K-S1-BETA01-V1_1783329189,100%,100,beta=0.1,beta01,92,Train score mean,critic/score/mean,-0.09765625
ONPOLICY-SFT-Qwen3-1P7B-COLDSTART-CODE-KODCODE-CTX8K-S1-BETA01-V1_1783329189,100%,100,beta=0.1,beta01,92,Response length mean,response_length/mean,153.322265625
ONPOLICY-SFT-Qwen3-1P7B-COLDSTART-CODE-KODCODE-CTX8K-S1-BETA01-V1_1783329189,100%,100,beta=0.1,beta01,92,Time per step,perf/time_per_step,42.05888503603637
ONPOLICY-SFT-Qwen3-1P7B-COLDSTART-CODE-KODCODE-CTX8K-S1-BETA01-V1_1783329189,100%,100,beta=0.1,beta01,93,Rollout correct ratio,wdl_sft/correct_ratio,0.45703125
ONPOLICY-SFT-Qwen3-1P7B-COLDSTART-CODE-KODCODE-CTX8K-S1-BETA01-V1_1783329189,100%,100,beta=0.1,beta01,93,Gradient norm,actor/grad_norm,9.045393943786621
ONPOLICY-SFT-Qwen3-1P7B-COLDSTART-CODE-KODCODE-CTX8K-S1-BETA01-V1_1783329189,100%,100,beta=0.1,beta01,93,Train score mean,critic/score/mean,-0.0859375
ONPOLICY-SFT-Qwen3-1P7B-COLDSTART-CODE-KODCODE-CTX8K-S1-BETA01-V1_1783329189,100%,100,beta=0.1,beta01,93,Response length mean,response_length/mean,160.447265625
ONPOLICY-SFT-Qwen3-1P7B-COLDSTART-CODE-KODCODE-CTX8K-S1-BETA01-V1_1783329189,100%,100,beta=0.1,beta01,93,Time per step,perf/time_per_step,41.12029802426696
ONPOLICY-SFT-Qwen3-1P7B-COLDSTART-CODE-KODCODE-CTX8K-S1-BETA01-V1_1783329189,100%,100,beta=0.1,beta01,94,Rollout correct ratio,wdl_sft/correct_ratio,0.44921875
ONPOLICY-SFT-Qwen3-1P7B-COLDSTART-CODE-KODCODE-CTX8K-S1-BETA01-V1_1783329189,100%,100,beta=0.1,beta01,94,Gradient norm,actor/grad_norm,8.267457962036133
ONPOLICY-SFT-Qwen3-1P7B-COLDSTART-CODE-KODCODE-CTX8K-S1-BETA01-V1_1783329189,100%,100,beta=0.1,beta01,94,Train score mean,critic/score/mean,-0.1015625
ONPOLICY-SFT-Qwen3-1P7B-COLDSTART-CODE-KODCODE-CTX8K-S1-BETA01-V1_1783329189,100%,100,beta=0.1,beta01,94,Response length mean,response_length/mean,162.900390625
ONPOLICY-SFT-Qwen3-1P7B-COLDSTART-CODE-KODCODE-CTX8K-S1-BETA01-V1_1783329189,100%,100,beta=0.1,beta01,94,Time per step,perf/time_per_step,41.012544811703265
ONPOLICY-SFT-Qwen3-1P7B-COLDSTART-CODE-KODCODE-CTX8K-S1-BETA01-V1_1783329189,100%,100,beta=0.1,beta01,95,HumanEval+ pass@1,val-core/HumanEval+/acc/pass@1,0.5182926829268293
ONPOLICY-SFT-Qwen3-1P7B-COLDSTART-CODE-KODCODE-CTX8K-S1-BETA01-V1_1783329189,100%,100,beta=0.1,beta01,95,MBPP+ pass@1,val-core/MBPP+/acc/pass@1,0.5026455026455027
ONPOLICY-SFT-Qwen3-1P7B-COLDSTART-CODE-KODCODE-CTX8K-S1-BETA01-V1_1783329189,100%,100,beta=0.1,beta01,95,LiveCodeBench pass@1,val-core/LiveCodeBench/acc/pass@1,0.1484375
ONPOLICY-SFT-Qwen3-1P7B-COLDSTART-CODE-KODCODE-CTX8K-S1-BETA01-V1_1783329189,100%,100,beta=0.1,beta01,95,HumanEval+ extract fail,val-aux/HumanEval+/code_reward_extraction_fail/mean@1,0.006097560975609756
ONPOLICY-SFT-Qwen3-1P7B-COLDSTART-CODE-KODCODE-CTX8K-S1-BETA01-V1_1783329189,100%,100,beta=0.1,beta01,95,MBPP+ extract fail,val-aux/MBPP+/code_reward_extraction_fail/mean@1,0.0026455026455026454
ONPOLICY-SFT-Qwen3-1P7B-COLDSTART-CODE-KODCODE-CTX8K-S1-BETA01-V1_1783329189,100%,100,beta=0.1,beta01,95,LiveCodeBench extract fail,val-aux/LiveCodeBench/code_reward_extraction_fail/mean@1,0.0078125
ONPOLICY-SFT-Qwen3-1P7B-COLDSTART-CODE-KODCODE-CTX8K-S1-BETA01-V1_1783329189,100%,100,beta=0.1,beta01,95,Rollout correct ratio,wdl_sft/correct_ratio,0.5078125
ONPOLICY-SFT-Qwen3-1P7B-COLDSTART-CODE-KODCODE-CTX8K-S1-BETA01-V1_1783329189,100%,100,beta=0.1,beta01,95,Gradient norm,actor/grad_norm,7.617353439331055
ONPOLICY-SFT-Qwen3-1P7B-COLDSTART-CODE-KODCODE-CTX8K-S1-BETA01-V1_1783329189,100%,100,beta=0.1,beta01,95,Train score mean,critic/score/mean,0.015625
ONPOLICY-SFT-Qwen3-1P7B-COLDSTART-CODE-KODCODE-CTX8K-S1-BETA01-V1_1783329189,100%,100,beta=0.1,beta01,95,Response length mean,response_length/mean,160.998046875
ONPOLICY-SFT-Qwen3-1P7B-COLDSTART-CODE-KODCODE-CTX8K-S1-BETA01-V1_1783329189,100%,100,beta=0.1,beta01,95,Time per step,perf/time_per_step,22.176036414690316
ONPOLICY-SFT-Qwen3-1P7B-COLDSTART-CODE-KODCODE-CTX8K-S1-BETA01-V1_1783329189,100%,100,beta=0.1,beta01,96,Rollout correct ratio,wdl_sft/correct_ratio,0.345703125
ONPOLICY-SFT-Qwen3-1P7B-COLDSTART-CODE-KODCODE-CTX8K-S1-BETA01-V1_1783329189,100%,100,beta=0.1,beta01,96,Gradient norm,actor/grad_norm,9.680220603942871
ONPOLICY-SFT-Qwen3-1P7B-COLDSTART-CODE-KODCODE-CTX8K-S1-BETA01-V1_1783329189,100%,100,beta=0.1,beta01,96,Train score mean,critic/score/mean,-0.30859375
ONPOLICY-SFT-Qwen3-1P7B-COLDSTART-CODE-KODCODE-CTX8K-S1-BETA01-V1_1783329189,100%,100,beta=0.1,beta01,96,Response length mean,response_length/mean,169.568359375
ONPOLICY-SFT-Qwen3-1P7B-COLDSTART-CODE-KODCODE-CTX8K-S1-BETA01-V1_1783329189,100%,100,beta=0.1,beta01,96,Time per step,perf/time_per_step,44.128849665634334
ONPOLICY-SFT-Qwen3-1P7B-COLDSTART-CODE-KODCODE-CTX8K-S1-BETA01-V1_1783329189,100%,100,beta=0.1,beta01,97,Rollout correct ratio,wdl_sft/correct_ratio,0.41796875
ONPOLICY-SFT-Qwen3-1P7B-COLDSTART-CODE-KODCODE-CTX8K-S1-BETA01-V1_1783329189,100%,100,beta=0.1,beta01,97,Gradient norm,actor/grad_norm,7.9574689865112305
ONPOLICY-SFT-Qwen3-1P7B-COLDSTART-CODE-KODCODE-CTX8K-S1-BETA01-V1_1783329189,100%,100,beta=0.1,beta01,97,Train score mean,critic/score/mean,-0.1640625
ONPOLICY-SFT-Qwen3-1P7B-COLDSTART-CODE-KODCODE-CTX8K-S1-BETA01-V1_1783329189,100%,100,beta=0.1,beta01,97,Response length mean,response_length/mean,154.044921875
ONPOLICY-SFT-Qwen3-1P7B-COLDSTART-CODE-KODCODE-CTX8K-S1-BETA01-V1_1783329189,100%,100,beta=0.1,beta01,97,Time per step,perf/time_per_step,42.77684742119163
ONPOLICY-SFT-Qwen3-1P7B-COLDSTART-CODE-KODCODE-CTX8K-S1-BETA01-V1_1783329189,100%,100,beta=0.1,beta01,98,Rollout correct ratio,wdl_sft/correct_ratio,0.380859375
ONPOLICY-SFT-Qwen3-1P7B-COLDSTART-CODE-KODCODE-CTX8K-S1-BETA01-V1_1783329189,100%,100,beta=0.1,beta01,98,Gradient norm,actor/grad_norm,8.748820304870605
ONPOLICY-SFT-Qwen3-1P7B-COLDSTART-CODE-KODCODE-CTX8K-S1-BETA01-V1_1783329189,100%,100,beta=0.1,beta01,98,Train score mean,critic/score/mean,-0.23828125
ONPOLICY-SFT-Qwen3-1P7B-COLDSTART-CODE-KODCODE-CTX8K-S1-BETA01-V1_1783329189,100%,100,beta=0.1,beta01,98,Response length mean,response_length/mean,170.64453125
ONPOLICY-SFT-Qwen3-1P7B-COLDSTART-CODE-KODCODE-CTX8K-S1-BETA01-V1_1783329189,100%,100,beta=0.1,beta01,98,Time per step,perf/time_per_step,41.27126620709896
ONPOLICY-SFT-Qwen3-1P7B-COLDSTART-CODE-KODCODE-CTX8K-S1-BETA01-V1_1783329189,100%,100,beta=0.1,beta01,99,Rollout correct ratio,wdl_sft/correct_ratio,0.4140625
ONPOLICY-SFT-Qwen3-1P7B-COLDSTART-CODE-KODCODE-CTX8K-S1-BETA01-V1_1783329189,100%,100,beta=0.1,beta01,99,Gradient norm,actor/grad_norm,8.352395057678223
ONPOLICY-SFT-Qwen3-1P7B-COLDSTART-CODE-KODCODE-CTX8K-S1-BETA01-V1_1783329189,100%,100,beta=0.1,beta01,99,Train score mean,critic/score/mean,-0.171875
ONPOLICY-SFT-Qwen3-1P7B-COLDSTART-CODE-KODCODE-CTX8K-S1-BETA01-V1_1783329189,100%,100,beta=0.1,beta01,99,Response length mean,response_length/mean,169.83203125
ONPOLICY-SFT-Qwen3-1P7B-COLDSTART-CODE-KODCODE-CTX8K-S1-BETA01-V1_1783329189,100%,100,beta=0.1,beta01,99,Time per step,perf/time_per_step,41.74804098531604
ONPOLICY-SFT-Qwen3-1P7B-COLDSTART-CODE-KODCODE-CTX8K-S1-BETA01-V1_1783329189,100%,100,beta=0.1,beta01,100,HumanEval+ pass@1,val-core/HumanEval+/acc/pass@1,0.5121951219512195
ONPOLICY-SFT-Qwen3-1P7B-COLDSTART-CODE-KODCODE-CTX8K-S1-BETA01-V1_1783329189,100%,100,beta=0.1,beta01,100,MBPP+ pass@1,val-core/MBPP+/acc/pass@1,0.49206349206349204
ONPOLICY-SFT-Qwen3-1P7B-COLDSTART-CODE-KODCODE-CTX8K-S1-BETA01-V1_1783329189,100%,100,beta=0.1,beta01,100,LiveCodeBench pass@1,val-core/LiveCodeBench/acc/pass@1,0.1484375
ONPOLICY-SFT-Qwen3-1P7B-COLDSTART-CODE-KODCODE-CTX8K-S1-BETA01-V1_1783329189,100%,100,beta=0.1,beta01,100,HumanEval+ extract fail,val-aux/HumanEval+/code_reward_extraction_fail/mean@1,0.012195121951219513
ONPOLICY-SFT-Qwen3-1P7B-COLDSTART-CODE-KODCODE-CTX8K-S1-BETA01-V1_1783329189,100%,100,beta=0.1,beta01,100,MBPP+ extract fail,val-aux/MBPP+/code_reward_extraction_fail/mean@1,0.007936507936507936
ONPOLICY-SFT-Qwen3-1P7B-COLDSTART-CODE-KODCODE-CTX8K-S1-BETA01-V1_1783329189,100%,100,beta=0.1,beta01,100,LiveCodeBench extract fail,val-aux/LiveCodeBench/code_reward_extraction_fail/mean@1,0.0234375
ONPOLICY-SFT-Qwen3-1P7B-COLDSTART-CODE-KODCODE-CTX8K-S1-BETA01-V1_1783329189,100%,100,beta=0.1,beta01,100,Rollout correct ratio,wdl_sft/correct_ratio,0.4453125
ONPOLICY-SFT-Qwen3-1P7B-COLDSTART-CODE-KODCODE-CTX8K-S1-BETA01-V1_1783329189,100%,100,beta=0.1,beta01,100,Gradient norm,actor/grad_norm,8.582320213317871
ONPOLICY-SFT-Qwen3-1P7B-COLDSTART-CODE-KODCODE-CTX8K-S1-BETA01-V1_1783329189,100%,100,beta=0.1,beta01,100,Train score mean,critic/score/mean,-0.109375
ONPOLICY-SFT-Qwen3-1P7B-COLDSTART-CODE-KODCODE-CTX8K-S1-BETA01-V1_1783329189,100%,100,beta=0.1,beta01,100,Response length mean,response_length/mean,156.177734375
ONPOLICY-SFT-Qwen3-1P7B-COLDSTART-CODE-KODCODE-CTX8K-S1-BETA01-V1_1783329189,100%,100,beta=0.1,beta01,100,Time per step,perf/time_per_step,47.253729570657015
ONPOLICY-SFT-Qwen3-1P7B-COLDSTART-CODE-KODCODE-CTX8K-S1-BETA01-V1_1783329189,100%,100,beta=0.1,beta01,101,Rollout correct ratio,wdl_sft/correct_ratio,0.4375
ONPOLICY-SFT-Qwen3-1P7B-COLDSTART-CODE-KODCODE-CTX8K-S1-BETA01-V1_1783329189,100%,100,beta=0.1,beta01,101,Gradient norm,actor/grad_norm,7.61134672164917
ONPOLICY-SFT-Qwen3-1P7B-COLDSTART-CODE-KODCODE-CTX8K-S1-BETA01-V1_1783329189,100%,100,beta=0.1,beta01,101,Train score mean,critic/score/mean,-0.125
ONPOLICY-SFT-Qwen3-1P7B-COLDSTART-CODE-KODCODE-CTX8K-S1-BETA01-V1_1783329189,100%,100,beta=0.1,beta01,101,Response length mean,response_length/mean,150.12109375
ONPOLICY-SFT-Qwen3-1P7B-COLDSTART-CODE-KODCODE-CTX8K-S1-BETA01-V1_1783329189,100%,100,beta=0.1,beta01,101,Time per step,perf/time_per_step,41.80750864651054
ONPOLICY-SFT-Qwen3-1P7B-COLDSTART-CODE-KODCODE-CTX8K-S1-BETA01-V1_1783329189,100%,100,beta=0.1,beta01,102,Rollout correct ratio,wdl_sft/correct_ratio,0.45703125
ONPOLICY-SFT-Qwen3-1P7B-COLDSTART-CODE-KODCODE-CTX8K-S1-BETA01-V1_1783329189,100%,100,beta=0.1,beta01,102,Gradient norm,actor/grad_norm,7.556772708892822
ONPOLICY-SFT-Qwen3-1P7B-COLDSTART-CODE-KODCODE-CTX8K-S1-BETA01-V1_1783329189,100%,100,beta=0.1,beta01,102,Train score mean,critic/score/mean,-0.0859375
ONPOLICY-SFT-Qwen3-1P7B-COLDSTART-CODE-KODCODE-CTX8K-S1-BETA01-V1_1783329189,100%,100,beta=0.1,beta01,102,Response length mean,response_length/mean,162.5
ONPOLICY-SFT-Qwen3-1P7B-COLDSTART-CODE-KODCODE-CTX8K-S1-BETA01-V1_1783329189,100%,100,beta=0.1,beta01,102,Time per step,perf/time_per_step,41.811920423060656
ONPOLICY-SFT-Qwen3-1P7B-COLDSTART-CODE-KODCODE-CTX8K-S1-BETA01-V1_1783329189,100%,100,beta=0.1,beta01,103,Rollout correct ratio,wdl_sft/correct_ratio,0.421875
ONPOLICY-SFT-Qwen3-1P7B-COLDSTART-CODE-KODCODE-CTX8K-S1-BETA01-V1_1783329189,100%,100,beta=0.1,beta01,103,Gradient norm,actor/grad_norm,9.56015396118164
ONPOLICY-SFT-Qwen3-1P7B-COLDSTART-CODE-KODCODE-CTX8K-S1-BETA01-V1_1783329189,100%,100,beta=0.1,beta01,103,Train score mean,critic/score/mean,-0.15625
ONPOLICY-SFT-Qwen3-1P7B-COLDSTART-CODE-KODCODE-CTX8K-S1-BETA01-V1_1783329189,100%,100,beta=0.1,beta01,103,Response length mean,response_length/mean,166.587890625
ONPOLICY-SFT-Qwen3-1P7B-COLDSTART-CODE-KODCODE-CTX8K-S1-BETA01-V1_1783329189,100%,100,beta=0.1,beta01,103,Time per step,perf/time_per_step,40.446890188381076
ONPOLICY-SFT-Qwen3-1P7B-COLDSTART-CODE-KODCODE-CTX8K-S1-BETA01-V1_1783329189,100%,100,beta=0.1,beta01,104,Rollout correct ratio,wdl_sft/correct_ratio,0.451171875
ONPOLICY-SFT-Qwen3-1P7B-COLDSTART-CODE-KODCODE-CTX8K-S1-BETA01-V1_1783329189,100%,100,beta=0.1,beta01,104,Gradient norm,actor/grad_norm,7.880890846252441
ONPOLICY-SFT-Qwen3-1P7B-COLDSTART-CODE-KODCODE-CTX8K-S1-BETA01-V1_1783329189,100%,100,beta=0.1,beta01,104,Train score mean,critic/score/mean,-0.09765625
ONPOLICY-SFT-Qwen3-1P7B-COLDSTART-CODE-KODCODE-CTX8K-S1-BETA01-V1_1783329189,100%,100,beta=0.1,beta01,104,Response length mean,response_length/mean,138.611328125
ONPOLICY-SFT-Qwen3-1P7B-COLDSTART-CODE-KODCODE-CTX8K-S1-BETA01-V1_1783329189,100%,100,beta=0.1,beta01,104,Time per step,perf/time_per_step,40.34133689943701
ONPOLICY-SFT-Qwen3-1P7B-COLDSTART-CODE-KODCODE-CTX8K-S1-BETA01-V1_1783329189,100%,100,beta=0.1,beta01,105,HumanEval+ pass@1,val-core/HumanEval+/acc/pass@1,0.49390243902439024
ONPOLICY-SFT-Qwen3-1P7B-COLDSTART-CODE-KODCODE-CTX8K-S1-BETA01-V1_1783329189,100%,100,beta=0.1,beta01,105,MBPP+ pass@1,val-core/MBPP+/acc/pass@1,0.5132275132275133
ONPOLICY-SFT-Qwen3-1P7B-COLDSTART-CODE-KODCODE-CTX8K-S1-BETA01-V1_1783329189,100%,100,beta=0.1,beta01,105,LiveCodeBench pass@1,val-core/LiveCodeBench/acc/pass@1,0.1484375
ONPOLICY-SFT-Qwen3-1P7B-COLDSTART-CODE-KODCODE-CTX8K-S1-BETA01-V1_1783329189,100%,100,beta=0.1,beta01,105,HumanEval+ extract fail,val-aux/HumanEval+/code_reward_extraction_fail/mean@1,0.018292682926829267
ONPOLICY-SFT-Qwen3-1P7B-COLDSTART-CODE-KODCODE-CTX8K-S1-BETA01-V1_1783329189,100%,100,beta=0.1,beta01,105,MBPP+ extract fail,val-aux/MBPP+/code_reward_extraction_fail/mean@1,0.005291005291005291
ONPOLICY-SFT-Qwen3-1P7B-COLDSTART-CODE-KODCODE-CTX8K-S1-BETA01-V1_1783329189,100%,100,beta=0.1,beta01,105,LiveCodeBench extract fail,val-aux/LiveCodeBench/code_reward_extraction_fail/mean@1,0.0078125
ONPOLICY-SFT-Qwen3-1P7B-COLDSTART-CODE-KODCODE-CTX8K-S1-BETA01-V1_1783329189,100%,100,beta=0.1,beta01,105,Rollout correct ratio,wdl_sft/correct_ratio,0.43359375
ONPOLICY-SFT-Qwen3-1P7B-COLDSTART-CODE-KODCODE-CTX8K-S1-BETA01-V1_1783329189,100%,100,beta=0.1,beta01,105,Gradient norm,actor/grad_norm,9.559494018554688
ONPOLICY-SFT-Qwen3-1P7B-COLDSTART-CODE-KODCODE-CTX8K-S1-BETA01-V1_1783329189,100%,100,beta=0.1,beta01,105,Train score mean,critic/score/mean,-0.1328125
ONPOLICY-SFT-Qwen3-1P7B-COLDSTART-CODE-KODCODE-CTX8K-S1-BETA01-V1_1783329189,100%,100,beta=0.1,beta01,105,Response length mean,response_length/mean,151.744140625
ONPOLICY-SFT-Qwen3-1P7B-COLDSTART-CODE-KODCODE-CTX8K-S1-BETA01-V1_1783329189,100%,100,beta=0.1,beta01,105,Time per step,perf/time_per_step,19.01019316446036
ONPOLICY-SFT-Qwen3-1P7B-COLDSTART-CODE-KODCODE-CTX8K-S1-BETA01-V1_1783329189,100%,100,beta=0.1,beta01,106,Rollout correct ratio,wdl_sft/correct_ratio,0.466796875
ONPOLICY-SFT-Qwen3-1P7B-COLDSTART-CODE-KODCODE-CTX8K-S1-BETA01-V1_1783329189,100%,100,beta=0.1,beta01,106,Gradient norm,actor/grad_norm,7.126173496246338
ONPOLICY-SFT-Qwen3-1P7B-COLDSTART-CODE-KODCODE-CTX8K-S1-BETA01-V1_1783329189,100%,100,beta=0.1,beta01,106,Train score mean,critic/score/mean,-0.06640625
ONPOLICY-SFT-Qwen3-1P7B-COLDSTART-CODE-KODCODE-CTX8K-S1-BETA01-V1_1783329189,100%,100,beta=0.1,beta01,106,Response length mean,response_length/mean,137.27734375
ONPOLICY-SFT-Qwen3-1P7B-COLDSTART-CODE-KODCODE-CTX8K-S1-BETA01-V1_1783329189,100%,100,beta=0.1,beta01,106,Time per step,perf/time_per_step,43.386551848612726
ONPOLICY-SFT-Qwen3-1P7B-COLDSTART-CODE-KODCODE-CTX8K-S1-BETA01-V1_1783329189,100%,100,beta=0.1,beta01,107,Rollout correct ratio,wdl_sft/correct_ratio,0.400390625
ONPOLICY-SFT-Qwen3-1P7B-COLDSTART-CODE-KODCODE-CTX8K-S1-BETA01-V1_1783329189,100%,100,beta=0.1,beta01,107,Gradient norm,actor/grad_norm,8.49760627746582
ONPOLICY-SFT-Qwen3-1P7B-COLDSTART-CODE-KODCODE-CTX8K-S1-BETA01-V1_1783329189,100%,100,beta=0.1,beta01,107,Train score mean,critic/score/mean,-0.19921875
ONPOLICY-SFT-Qwen3-1P7B-COLDSTART-CODE-KODCODE-CTX8K-S1-BETA01-V1_1783329189,100%,100,beta=0.1,beta01,107,Response length mean,response_length/mean,154.708984375
ONPOLICY-SFT-Qwen3-1P7B-COLDSTART-CODE-KODCODE-CTX8K-S1-BETA01-V1_1783329189,100%,100,beta=0.1,beta01,107,Time per step,perf/time_per_step,40.051300511695445
ONPOLICY-SFT-Qwen3-1P7B-COLDSTART-CODE-KODCODE-CTX8K-S1-BETA01-V1_1783329189,100%,100,beta=0.1,beta01,108,Rollout correct ratio,wdl_sft/correct_ratio,0.453125
ONPOLICY-SFT-Qwen3-1P7B-COLDSTART-CODE-KODCODE-CTX8K-S1-BETA01-V1_1783329189,100%,100,beta=0.1,beta01,108,Gradient norm,actor/grad_norm,7.823249816894531
ONPOLICY-SFT-Qwen3-1P7B-COLDSTART-CODE-KODCODE-CTX8K-S1-BETA01-V1_1783329189,100%,100,beta=0.1,beta01,108,Train score mean,critic/score/mean,-0.09375
ONPOLICY-SFT-Qwen3-1P7B-COLDSTART-CODE-KODCODE-CTX8K-S1-BETA01-V1_1783329189,100%,100,beta=0.1,beta01,108,Response length mean,response_length/mean,147.33203125
ONPOLICY-SFT-Qwen3-1P7B-COLDSTART-CODE-KODCODE-CTX8K-S1-BETA01-V1_1783329189,100%,100,beta=0.1,beta01,108,Time per step,perf/time_per_step,42.666447636671364
ONPOLICY-SFT-Qwen3-1P7B-COLDSTART-CODE-KODCODE-CTX8K-S1-BETA01-V1_1783329189,100%,100,beta=0.1,beta01,109,Rollout correct ratio,wdl_sft/correct_ratio,0.404296875
ONPOLICY-SFT-Qwen3-1P7B-COLDSTART-CODE-KODCODE-CTX8K-S1-BETA01-V1_1783329189,100%,100,beta=0.1,beta01,109,Gradient norm,actor/grad_norm,9.090185165405273
ONPOLICY-SFT-Qwen3-1P7B-COLDSTART-CODE-KODCODE-CTX8K-S1-BETA01-V1_1783329189,100%,100,beta=0.1,beta01,109,Train score mean,critic/score/mean,-0.19140625
ONPOLICY-SFT-Qwen3-1P7B-COLDSTART-CODE-KODCODE-CTX8K-S1-BETA01-V1_1783329189,100%,100,beta=0.1,beta01,109,Response length mean,response_length/mean,156.748046875
ONPOLICY-SFT-Qwen3-1P7B-COLDSTART-CODE-KODCODE-CTX8K-S1-BETA01-V1_1783329189,100%,100,beta=0.1,beta01,109,Time per step,perf/time_per_step,40.862609174102545
ONPOLICY-SFT-Qwen3-1P7B-COLDSTART-CODE-KODCODE-CTX8K-S1-BETA01-V1_1783329189,100%,100,beta=0.1,beta01,110,HumanEval+ pass@1,val-core/HumanEval+/acc/pass@1,0.5060975609756098
ONPOLICY-SFT-Qwen3-1P7B-COLDSTART-CODE-KODCODE-CTX8K-S1-BETA01-V1_1783329189,100%,100,beta=0.1,beta01,110,MBPP+ pass@1,val-core/MBPP+/acc/pass@1,0.49206349206349204
ONPOLICY-SFT-Qwen3-1P7B-COLDSTART-CODE-KODCODE-CTX8K-S1-BETA01-V1_1783329189,100%,100,beta=0.1,beta01,110,LiveCodeBench pass@1,val-core/LiveCodeBench/acc/pass@1,0.1796875
ONPOLICY-SFT-Qwen3-1P7B-COLDSTART-CODE-KODCODE-CTX8K-S1-BETA01-V1_1783329189,100%,100,beta=0.1,beta01,110,HumanEval+ extract fail,val-aux/HumanEval+/code_reward_extraction_fail/mean@1,0.0
ONPOLICY-SFT-Qwen3-1P7B-COLDSTART-CODE-KODCODE-CTX8K-S1-BETA01-V1_1783329189,100%,100,beta=0.1,beta01,110,MBPP+ extract fail,val-aux/MBPP+/code_reward_extraction_fail/mean@1,0.0026455026455026454
ONPOLICY-SFT-Qwen3-1P7B-COLDSTART-CODE-KODCODE-CTX8K-S1-BETA01-V1_1783329189,100%,100,beta=0.1,beta01,110,LiveCodeBench extract fail,val-aux/LiveCodeBench/code_reward_extraction_fail/mean@1,0.0234375
ONPOLICY-SFT-Qwen3-1P7B-COLDSTART-CODE-KODCODE-CTX8K-S1-BETA01-V1_1783329189,100%,100,beta=0.1,beta01,110,Rollout correct ratio,wdl_sft/correct_ratio,0.4609375
ONPOLICY-SFT-Qwen3-1P7B-COLDSTART-CODE-KODCODE-CTX8K-S1-BETA01-V1_1783329189,100%,100,beta=0.1,beta01,110,Gradient norm,actor/grad_norm,7.6323933601379395
ONPOLICY-SFT-Qwen3-1P7B-COLDSTART-CODE-KODCODE-CTX8K-S1-BETA01-V1_1783329189,100%,100,beta=0.1,beta01,110,Train score mean,critic/score/mean,-0.078125
ONPOLICY-SFT-Qwen3-1P7B-COLDSTART-CODE-KODCODE-CTX8K-S1-BETA01-V1_1783329189,100%,100,beta=0.1,beta01,110,Response length mean,response_length/mean,161.279296875
ONPOLICY-SFT-Qwen3-1P7B-COLDSTART-CODE-KODCODE-CTX8K-S1-BETA01-V1_1783329189,100%,100,beta=0.1,beta01,110,Time per step,perf/time_per_step,48.69768626242876
ONPOLICY-SFT-Qwen3-1P7B-COLDSTART-CODE-KODCODE-CTX8K-S1-BETA01-V1_1783329189,100%,100,beta=0.1,beta01,111,Rollout correct ratio,wdl_sft/correct_ratio,0.513671875
ONPOLICY-SFT-Qwen3-1P7B-COLDSTART-CODE-KODCODE-CTX8K-S1-BETA01-V1_1783329189,100%,100,beta=0.1,beta01,111,Gradient norm,actor/grad_norm,7.199230194091797
ONPOLICY-SFT-Qwen3-1P7B-COLDSTART-CODE-KODCODE-CTX8K-S1-BETA01-V1_1783329189,100%,100,beta=0.1,beta01,111,Train score mean,critic/score/mean,0.02734375
ONPOLICY-SFT-Qwen3-1P7B-COLDSTART-CODE-KODCODE-CTX8K-S1-BETA01-V1_1783329189,100%,100,beta=0.1,beta01,111,Response length mean,response_length/mean,144.583984375
ONPOLICY-SFT-Qwen3-1P7B-COLDSTART-CODE-KODCODE-CTX8K-S1-BETA01-V1_1783329189,100%,100,beta=0.1,beta01,111,Time per step,perf/time_per_step,43.935763858258724
ONPOLICY-SFT-Qwen3-1P7B-COLDSTART-CODE-KODCODE-CTX8K-S1-BETA01-V1_1783329189,100%,100,beta=0.1,beta01,112,Rollout correct ratio,wdl_sft/correct_ratio,0.494140625
ONPOLICY-SFT-Qwen3-1P7B-COLDSTART-CODE-KODCODE-CTX8K-S1-BETA01-V1_1783329189,100%,100,beta=0.1,beta01,112,Gradient norm,actor/grad_norm,8.266927719116211
ONPOLICY-SFT-Qwen3-1P7B-COLDSTART-CODE-KODCODE-CTX8K-S1-BETA01-V1_1783329189,100%,100,beta=0.1,beta01,112,Train score mean,critic/score/mean,-0.01171875
ONPOLICY-SFT-Qwen3-1P7B-COLDSTART-CODE-KODCODE-CTX8K-S1-BETA01-V1_1783329189,100%,100,beta=0.1,beta01,112,Response length mean,response_length/mean,159.59765625
ONPOLICY-SFT-Qwen3-1P7B-COLDSTART-CODE-KODCODE-CTX8K-S1-BETA01-V1_1783329189,100%,100,beta=0.1,beta01,112,Time per step,perf/time_per_step,40.7271337332204
ONPOLICY-SFT-Qwen3-1P7B-COLDSTART-CODE-KODCODE-CTX8K-S1-BETA01-V1_1783329189,100%,100,beta=0.1,beta01,113,Rollout correct ratio,wdl_sft/correct_ratio,0.4296875
ONPOLICY-SFT-Qwen3-1P7B-COLDSTART-CODE-KODCODE-CTX8K-S1-BETA01-V1_1783329189,100%,100,beta=0.1,beta01,113,Gradient norm,actor/grad_norm,8.718259811401367
ONPOLICY-SFT-Qwen3-1P7B-COLDSTART-CODE-KODCODE-CTX8K-S1-BETA01-V1_1783329189,100%,100,beta=0.1,beta01,113,Train score mean,critic/score/mean,-0.140625
ONPOLICY-SFT-Qwen3-1P7B-COLDSTART-CODE-KODCODE-CTX8K-S1-BETA01-V1_1783329189,100%,100,beta=0.1,beta01,113,Response length mean,response_length/mean,143.92578125
ONPOLICY-SFT-Qwen3-1P7B-COLDSTART-CODE-KODCODE-CTX8K-S1-BETA01-V1_1783329189,100%,100,beta=0.1,beta01,113,Time per step,perf/time_per_step,42.20559855736792
ONPOLICY-SFT-Qwen3-1P7B-COLDSTART-CODE-KODCODE-CTX8K-S1-BETA01-V1_1783329189,100%,100,beta=0.1,beta01,114,Rollout correct ratio,wdl_sft/correct_ratio,0.482421875
ONPOLICY-SFT-Qwen3-1P7B-COLDSTART-CODE-KODCODE-CTX8K-S1-BETA01-V1_1783329189,100%,100,beta=0.1,beta01,114,Gradient norm,actor/grad_norm,7.804617404937744
ONPOLICY-SFT-Qwen3-1P7B-COLDSTART-CODE-KODCODE-CTX8K-S1-BETA01-V1_1783329189,100%,100,beta=0.1,beta01,114,Train score mean,critic/score/mean,-0.03515625
ONPOLICY-SFT-Qwen3-1P7B-COLDSTART-CODE-KODCODE-CTX8K-S1-BETA01-V1_1783329189,100%,100,beta=0.1,beta01,114,Response length mean,response_length/mean,160.66796875
ONPOLICY-SFT-Qwen3-1P7B-COLDSTART-CODE-KODCODE-CTX8K-S1-BETA01-V1_1783329189,100%,100,beta=0.1,beta01,114,Time per step,perf/time_per_step,43.199909979477525
ONPOLICY-SFT-Qwen3-1P7B-COLDSTART-CODE-KODCODE-CTX8K-S1-BETA01-V1_1783329189,100%,100,beta=0.1,beta01,115,HumanEval+ pass@1,val-core/HumanEval+/acc/pass@1,0.524390243902439
ONPOLICY-SFT-Qwen3-1P7B-COLDSTART-CODE-KODCODE-CTX8K-S1-BETA01-V1_1783329189,100%,100,beta=0.1,beta01,115,MBPP+ pass@1,val-core/MBPP+/acc/pass@1,0.5105820105820106
ONPOLICY-SFT-Qwen3-1P7B-COLDSTART-CODE-KODCODE-CTX8K-S1-BETA01-V1_1783329189,100%,100,beta=0.1,beta01,115,LiveCodeBench pass@1,val-core/LiveCodeBench/acc/pass@1,0.1640625
ONPOLICY-SFT-Qwen3-1P7B-COLDSTART-CODE-KODCODE-CTX8K-S1-BETA01-V1_1783329189,100%,100,beta=0.1,beta01,115,HumanEval+ extract fail,val-aux/HumanEval+/code_reward_extraction_fail/mean@1,0.0
ONPOLICY-SFT-Qwen3-1P7B-COLDSTART-CODE-KODCODE-CTX8K-S1-BETA01-V1_1783329189,100%,100,beta=0.1,beta01,115,MBPP+ extract fail,val-aux/MBPP+/code_reward_extraction_fail/mean@1,0.005291005291005291
ONPOLICY-SFT-Qwen3-1P7B-COLDSTART-CODE-KODCODE-CTX8K-S1-BETA01-V1_1783329189,100%,100,beta=0.1,beta01,115,LiveCodeBench extract fail,val-aux/LiveCodeBench/code_reward_extraction_fail/mean@1,0.0234375
ONPOLICY-SFT-Qwen3-1P7B-COLDSTART-CODE-KODCODE-CTX8K-S1-BETA01-V1_1783329189,100%,100,beta=0.1,beta01,115,Rollout correct ratio,wdl_sft/correct_ratio,0.46875
ONPOLICY-SFT-Qwen3-1P7B-COLDSTART-CODE-KODCODE-CTX8K-S1-BETA01-V1_1783329189,100%,100,beta=0.1,beta01,115,Gradient norm,actor/grad_norm,8.088523864746094
ONPOLICY-SFT-Qwen3-1P7B-COLDSTART-CODE-KODCODE-CTX8K-S1-BETA01-V1_1783329189,100%,100,beta=0.1,beta01,115,Train score mean,critic/score/mean,-0.0625
ONPOLICY-SFT-Qwen3-1P7B-COLDSTART-CODE-KODCODE-CTX8K-S1-BETA01-V1_1783329189,100%,100,beta=0.1,beta01,115,Response length mean,response_length/mean,167.25
ONPOLICY-SFT-Qwen3-1P7B-COLDSTART-CODE-KODCODE-CTX8K-S1-BETA01-V1_1783329189,100%,100,beta=0.1,beta01,115,Time per step,perf/time_per_step,46.834008526057005
ONPOLICY-SFT-Qwen3-1P7B-COLDSTART-CODE-KODCODE-CTX8K-S1-BETA01-V1_1783329189,100%,100,beta=0.1,beta01,116,Rollout correct ratio,wdl_sft/correct_ratio,0.33984375
ONPOLICY-SFT-Qwen3-1P7B-COLDSTART-CODE-KODCODE-CTX8K-S1-BETA01-V1_1783329189,100%,100,beta=0.1,beta01,116,Gradient norm,actor/grad_norm,10.065381050109863
ONPOLICY-SFT-Qwen3-1P7B-COLDSTART-CODE-KODCODE-CTX8K-S1-BETA01-V1_1783329189,100%,100,beta=0.1,beta01,116,Train score mean,critic/score/mean,-0.3203125
ONPOLICY-SFT-Qwen3-1P7B-COLDSTART-CODE-KODCODE-CTX8K-S1-BETA01-V1_1783329189,100%,100,beta=0.1,beta01,116,Response length mean,response_length/mean,164.41796875
ONPOLICY-SFT-Qwen3-1P7B-COLDSTART-CODE-KODCODE-CTX8K-S1-BETA01-V1_1783329189,100%,100,beta=0.1,beta01,116,Time per step,perf/time_per_step,40.80281328968704
ONPOLICY-SFT-Qwen3-1P7B-COLDSTART-CODE-KODCODE-CTX8K-S1-BETA01-V1_1783329189,100%,100,beta=0.1,beta01,117,Rollout correct ratio,wdl_sft/correct_ratio,0.443359375
ONPOLICY-SFT-Qwen3-1P7B-COLDSTART-CODE-KODCODE-CTX8K-S1-BETA01-V1_1783329189,100%,100,beta=0.1,beta01,117,Gradient norm,actor/grad_norm,8.939133644104004
ONPOLICY-SFT-Qwen3-1P7B-COLDSTART-CODE-KODCODE-CTX8K-S1-BETA01-V1_1783329189,100%,100,beta=0.1,beta01,117,Train score mean,critic/score/mean,-0.11328125
ONPOLICY-SFT-Qwen3-1P7B-COLDSTART-CODE-KODCODE-CTX8K-S1-BETA01-V1_1783329189,100%,100,beta=0.1,beta01,117,Response length mean,response_length/mean,144.111328125
ONPOLICY-SFT-Qwen3-1P7B-COLDSTART-CODE-KODCODE-CTX8K-S1-BETA01-V1_1783329189,100%,100,beta=0.1,beta01,117,Time per step,perf/time_per_step,41.37817824445665
ONPOLICY-SFT-Qwen3-1P7B-COLDSTART-CODE-KODCODE-CTX8K-S1-BETA01-V1_1783329189,100%,100,beta=0.1,beta01,118,Rollout correct ratio,wdl_sft/correct_ratio,0.435546875
ONPOLICY-SFT-Qwen3-1P7B-COLDSTART-CODE-KODCODE-CTX8K-S1-BETA01-V1_1783329189,100%,100,beta=0.1,beta01,118,Gradient norm,actor/grad_norm,8.505088806152344
ONPOLICY-SFT-Qwen3-1P7B-COLDSTART-CODE-KODCODE-CTX8K-S1-BETA01-V1_1783329189,100%,100,beta=0.1,beta01,118,Train score mean,critic/score/mean,-0.12890625
ONPOLICY-SFT-Qwen3-1P7B-COLDSTART-CODE-KODCODE-CTX8K-S1-BETA01-V1_1783329189,100%,100,beta=0.1,beta01,118,Response length mean,response_length/mean,156.83203125
ONPOLICY-SFT-Qwen3-1P7B-COLDSTART-CODE-KODCODE-CTX8K-S1-BETA01-V1_1783329189,100%,100,beta=0.1,beta01,118,Time per step,perf/time_per_step,15.285899660550058
ONPOLICY-SFT-Qwen3-1P7B-COLDSTART-CODE-KODCODE-CTX8K-S1-BETA01-V1_1783329189,100%,100,beta=0.1,beta01,119,Rollout correct ratio,wdl_sft/correct_ratio,0.44140625
ONPOLICY-SFT-Qwen3-1P7B-COLDSTART-CODE-KODCODE-CTX8K-S1-BETA01-V1_1783329189,100%,100,beta=0.1,beta01,119,Gradient norm,actor/grad_norm,8.102763175964355
ONPOLICY-SFT-Qwen3-1P7B-COLDSTART-CODE-KODCODE-CTX8K-S1-BETA01-V1_1783329189,100%,100,beta=0.1,beta01,119,Train score mean,critic/score/mean,-0.1171875
ONPOLICY-SFT-Qwen3-1P7B-COLDSTART-CODE-KODCODE-CTX8K-S1-BETA01-V1_1783329189,100%,100,beta=0.1,beta01,119,Response length mean,response_length/mean,145.62890625
ONPOLICY-SFT-Qwen3-1P7B-COLDSTART-CODE-KODCODE-CTX8K-S1-BETA01-V1_1783329189,100%,100,beta=0.1,beta01,119,Time per step,perf/time_per_step,40.670092162676156
ONPOLICY-SFT-Qwen3-1P7B-COLDSTART-CODE-KODCODE-CTX8K-S1-BETA01-V1_1783329189,100%,100,beta=0.1,beta01,120,HumanEval+ pass@1,val-core/HumanEval+/acc/pass@1,0.5
ONPOLICY-SFT-Qwen3-1P7B-COLDSTART-CODE-KODCODE-CTX8K-S1-BETA01-V1_1783329189,100%,100,beta=0.1,beta01,120,MBPP+ pass@1,val-core/MBPP+/acc/pass@1,0.5211640211640212
ONPOLICY-SFT-Qwen3-1P7B-COLDSTART-CODE-KODCODE-CTX8K-S1-BETA01-V1_1783329189,100%,100,beta=0.1,beta01,120,LiveCodeBench pass@1,val-core/LiveCodeBench/acc/pass@1,0.171875
ONPOLICY-SFT-Qwen3-1P7B-COLDSTART-CODE-KODCODE-CTX8K-S1-BETA01-V1_1783329189,100%,100,beta=0.1,beta01,120,HumanEval+ extract fail,val-aux/HumanEval+/code_reward_extraction_fail/mean@1,0.006097560975609756
ONPOLICY-SFT-Qwen3-1P7B-COLDSTART-CODE-KODCODE-CTX8K-S1-BETA01-V1_1783329189,100%,100,beta=0.1,beta01,120,MBPP+ extract fail,val-aux/MBPP+/code_reward_extraction_fail/mean@1,0.0
ONPOLICY-SFT-Qwen3-1P7B-COLDSTART-CODE-KODCODE-CTX8K-S1-BETA01-V1_1783329189,100%,100,beta=0.1,beta01,120,LiveCodeBench extract fail,val-aux/LiveCodeBench/code_reward_extraction_fail/mean@1,0.015625
ONPOLICY-SFT-Qwen3-1P7B-COLDSTART-CODE-KODCODE-CTX8K-S1-BETA01-V1_1783329189,100%,100,beta=0.1,beta01,120,Rollout correct ratio,wdl_sft/correct_ratio,0.482421875
ONPOLICY-SFT-Qwen3-1P7B-COLDSTART-CODE-KODCODE-CTX8K-S1-BETA01-V1_1783329189,100%,100,beta=0.1,beta01,120,Gradient norm,actor/grad_norm,7.5814032554626465
ONPOLICY-SFT-Qwen3-1P7B-COLDSTART-CODE-KODCODE-CTX8K-S1-BETA01-V1_1783329189,100%,100,beta=0.1,beta01,120,Train score mean,critic/score/mean,-0.03515625
ONPOLICY-SFT-Qwen3-1P7B-COLDSTART-CODE-KODCODE-CTX8K-S1-BETA01-V1_1783329189,100%,100,beta=0.1,beta01,120,Response length mean,response_length/mean,158.154296875
ONPOLICY-SFT-Qwen3-1P7B-COLDSTART-CODE-KODCODE-CTX8K-S1-BETA01-V1_1783329189,100%,100,beta=0.1,beta01,120,Time per step,perf/time_per_step,45.824283411726356
ONPOLICY-SFT-Qwen3-1P7B-COLDSTART-CODE-KODCODE-CTX8K-S1-BETA01-V1_1783329189,100%,100,beta=0.1,beta01,121,Rollout correct ratio,wdl_sft/correct_ratio,0.380859375
ONPOLICY-SFT-Qwen3-1P7B-COLDSTART-CODE-KODCODE-CTX8K-S1-BETA01-V1_1783329189,100%,100,beta=0.1,beta01,121,Gradient norm,actor/grad_norm,12.239556312561035
ONPOLICY-SFT-Qwen3-1P7B-COLDSTART-CODE-KODCODE-CTX8K-S1-BETA01-V1_1783329189,100%,100,beta=0.1,beta01,121,Train score mean,critic/score/mean,-0.23828125
ONPOLICY-SFT-Qwen3-1P7B-COLDSTART-CODE-KODCODE-CTX8K-S1-BETA01-V1_1783329189,100%,100,beta=0.1,beta01,121,Response length mean,response_length/mean,179.5703125
ONPOLICY-SFT-Qwen3-1P7B-COLDSTART-CODE-KODCODE-CTX8K-S1-BETA01-V1_1783329189,100%,100,beta=0.1,beta01,121,Time per step,perf/time_per_step,42.22178811673075
ONPOLICY-SFT-Qwen3-1P7B-COLDSTART-CODE-KODCODE-CTX8K-S1-BETA01-V1_1783329189,100%,100,beta=0.1,beta01,122,Rollout correct ratio,wdl_sft/correct_ratio,0.48828125
ONPOLICY-SFT-Qwen3-1P7B-COLDSTART-CODE-KODCODE-CTX8K-S1-BETA01-V1_1783329189,100%,100,beta=0.1,beta01,122,Gradient norm,actor/grad_norm,7.270295143127441
ONPOLICY-SFT-Qwen3-1P7B-COLDSTART-CODE-KODCODE-CTX8K-S1-BETA01-V1_1783329189,100%,100,beta=0.1,beta01,122,Train score mean,critic/score/mean,-0.0234375
ONPOLICY-SFT-Qwen3-1P7B-COLDSTART-CODE-KODCODE-CTX8K-S1-BETA01-V1_1783329189,100%,100,beta=0.1,beta01,122,Response length mean,response_length/mean,152.6328125
ONPOLICY-SFT-Qwen3-1P7B-COLDSTART-CODE-KODCODE-CTX8K-S1-BETA01-V1_1783329189,100%,100,beta=0.1,beta01,122,Time per step,perf/time_per_step,41.51694319397211
ONPOLICY-SFT-Qwen3-1P7B-COLDSTART-CODE-KODCODE-CTX8K-S1-BETA01-V1_1783329189,100%,100,beta=0.1,beta01,123,Rollout correct ratio,wdl_sft/correct_ratio,0.447265625
ONPOLICY-SFT-Qwen3-1P7B-COLDSTART-CODE-KODCODE-CTX8K-S1-BETA01-V1_1783329189,100%,100,beta=0.1,beta01,123,Gradient norm,actor/grad_norm,8.58365249633789
ONPOLICY-SFT-Qwen3-1P7B-COLDSTART-CODE-KODCODE-CTX8K-S1-BETA01-V1_1783329189,100%,100,beta=0.1,beta01,123,Train score mean,critic/score/mean,-0.10546875
ONPOLICY-SFT-Qwen3-1P7B-COLDSTART-CODE-KODCODE-CTX8K-S1-BETA01-V1_1783329189,100%,100,beta=0.1,beta01,123,Response length mean,response_length/mean,164.5859375
ONPOLICY-SFT-Qwen3-1P7B-COLDSTART-CODE-KODCODE-CTX8K-S1-BETA01-V1_1783329189,100%,100,beta=0.1,beta01,123,Time per step,perf/time_per_step,42.24089557118714
ONPOLICY-SFT-Qwen3-1P7B-COLDSTART-CODE-KODCODE-CTX8K-S1-BETA01-V1_1783329189,100%,100,beta=0.1,beta01,124,Rollout correct ratio,wdl_sft/correct_ratio,0.431640625
ONPOLICY-SFT-Qwen3-1P7B-COLDSTART-CODE-KODCODE-CTX8K-S1-BETA01-V1_1783329189,100%,100,beta=0.1,beta01,124,Gradient norm,actor/grad_norm,8.41673755645752
ONPOLICY-SFT-Qwen3-1P7B-COLDSTART-CODE-KODCODE-CTX8K-S1-BETA01-V1_1783329189,100%,100,beta=0.1,beta01,124,Train score mean,critic/score/mean,-0.13671875
ONPOLICY-SFT-Qwen3-1P7B-COLDSTART-CODE-KODCODE-CTX8K-S1-BETA01-V1_1783329189,100%,100,beta=0.1,beta01,124,Response length mean,response_length/mean,161.361328125
ONPOLICY-SFT-Qwen3-1P7B-COLDSTART-CODE-KODCODE-CTX8K-S1-BETA01-V1_1783329189,100%,100,beta=0.1,beta01,124,Time per step,perf/time_per_step,43.65238863416016
ONPOLICY-SFT-Qwen3-1P7B-COLDSTART-CODE-KODCODE-CTX8K-S1-BETA01-V1_1783329189,100%,100,beta=0.1,beta01,125,HumanEval+ pass@1,val-core/HumanEval+/acc/pass@1,0.4634146341463415
ONPOLICY-SFT-Qwen3-1P7B-COLDSTART-CODE-KODCODE-CTX8K-S1-BETA01-V1_1783329189,100%,100,beta=0.1,beta01,125,MBPP+ pass@1,val-core/MBPP+/acc/pass@1,0.5026455026455027
ONPOLICY-SFT-Qwen3-1P7B-COLDSTART-CODE-KODCODE-CTX8K-S1-BETA01-V1_1783329189,100%,100,beta=0.1,beta01,125,LiveCodeBench pass@1,val-core/LiveCodeBench/acc/pass@1,0.1796875
ONPOLICY-SFT-Qwen3-1P7B-COLDSTART-CODE-KODCODE-CTX8K-S1-BETA01-V1_1783329189,100%,100,beta=0.1,beta01,125,HumanEval+ extract fail,val-aux/HumanEval+/code_reward_extraction_fail/mean@1,0.012195121951219513
ONPOLICY-SFT-Qwen3-1P7B-COLDSTART-CODE-KODCODE-CTX8K-S1-BETA01-V1_1783329189,100%,100,beta=0.1,beta01,125,MBPP+ extract fail,val-aux/MBPP+/code_reward_extraction_fail/mean@1,0.0026455026455026454
ONPOLICY-SFT-Qwen3-1P7B-COLDSTART-CODE-KODCODE-CTX8K-S1-BETA01-V1_1783329189,100%,100,beta=0.1,beta01,125,LiveCodeBench extract fail,val-aux/LiveCodeBench/code_reward_extraction_fail/mean@1,0.03125
ONPOLICY-SFT-Qwen3-1P7B-COLDSTART-CODE-KODCODE-CTX8K-S1-BETA01-V1_1783329189,100%,100,beta=0.1,beta01,125,Rollout correct ratio,wdl_sft/correct_ratio,0.474609375
ONPOLICY-SFT-Qwen3-1P7B-COLDSTART-CODE-KODCODE-CTX8K-S1-BETA01-V1_1783329189,100%,100,beta=0.1,beta01,125,Gradient norm,actor/grad_norm,8.280956268310547
ONPOLICY-SFT-Qwen3-1P7B-COLDSTART-CODE-KODCODE-CTX8K-S1-BETA01-V1_1783329189,100%,100,beta=0.1,beta01,125,Train score mean,critic/score/mean,-0.05078125
ONPOLICY-SFT-Qwen3-1P7B-COLDSTART-CODE-KODCODE-CTX8K-S1-BETA01-V1_1783329189,100%,100,beta=0.1,beta01,125,Response length mean,response_length/mean,149.802734375
ONPOLICY-SFT-Qwen3-1P7B-COLDSTART-CODE-KODCODE-CTX8K-S1-BETA01-V1_1783329189,100%,100,beta=0.1,beta01,125,Time per step,perf/time_per_step,47.717760047875345
ONPOLICY-SFT-Qwen3-1P7B-COLDSTART-CODE-KODCODE-CTX8K-S1-BETA01-V1_1783329189,100%,100,beta=0.1,beta01,126,Rollout correct ratio,wdl_sft/correct_ratio,0.48828125
ONPOLICY-SFT-Qwen3-1P7B-COLDSTART-CODE-KODCODE-CTX8K-S1-BETA01-V1_1783329189,100%,100,beta=0.1,beta01,126,Gradient norm,actor/grad_norm,7.460448265075684
ONPOLICY-SFT-Qwen3-1P7B-COLDSTART-CODE-KODCODE-CTX8K-S1-BETA01-V1_1783329189,100%,100,beta=0.1,beta01,126,Train score mean,critic/score/mean,-0.0234375
ONPOLICY-SFT-Qwen3-1P7B-COLDSTART-CODE-KODCODE-CTX8K-S1-BETA01-V1_1783329189,100%,100,beta=0.1,beta01,126,Response length mean,response_length/mean,151.111328125
ONPOLICY-SFT-Qwen3-1P7B-COLDSTART-CODE-KODCODE-CTX8K-S1-BETA01-V1_1783329189,100%,100,beta=0.1,beta01,126,Time per step,perf/time_per_step,42.626421585679054
ONPOLICY-SFT-Qwen3-1P7B-COLDSTART-CODE-KODCODE-CTX8K-S1-BETA01-V1_1783329189,100%,100,beta=0.1,beta01,127,Rollout correct ratio,wdl_sft/correct_ratio,0.5
ONPOLICY-SFT-Qwen3-1P7B-COLDSTART-CODE-KODCODE-CTX8K-S1-BETA01-V1_1783329189,100%,100,beta=0.1,beta01,127,Gradient norm,actor/grad_norm,7.231330871582031
ONPOLICY-SFT-Qwen3-1P7B-COLDSTART-CODE-KODCODE-CTX8K-S1-BETA01-V1_1783329189,100%,100,beta=0.1,beta01,127,Train score mean,critic/score/mean,0.0
ONPOLICY-SFT-Qwen3-1P7B-COLDSTART-CODE-KODCODE-CTX8K-S1-BETA01-V1_1783329189,100%,100,beta=0.1,beta01,127,Response length mean,response_length/mean,141.658203125
ONPOLICY-SFT-Qwen3-1P7B-COLDSTART-CODE-KODCODE-CTX8K-S1-BETA01-V1_1783329189,100%,100,beta=0.1,beta01,127,Time per step,perf/time_per_step,40.18532730266452
ONPOLICY-SFT-Qwen3-1P7B-COLDSTART-CODE-KODCODE-CTX8K-S1-BETA01-V1_1783329189,100%,100,beta=0.1,beta01,128,Rollout correct ratio,wdl_sft/correct_ratio,0.455078125
ONPOLICY-SFT-Qwen3-1P7B-COLDSTART-CODE-KODCODE-CTX8K-S1-BETA01-V1_1783329189,100%,100,beta=0.1,beta01,128,Gradient norm,actor/grad_norm,8.62830638885498
ONPOLICY-SFT-Qwen3-1P7B-COLDSTART-CODE-KODCODE-CTX8K-S1-BETA01-V1_1783329189,100%,100,beta=0.1,beta01,128,Train score mean,critic/score/mean,-0.08984375
ONPOLICY-SFT-Qwen3-1P7B-COLDSTART-CODE-KODCODE-CTX8K-S1-BETA01-V1_1783329189,100%,100,beta=0.1,beta01,128,Response length mean,response_length/mean,157.712890625
ONPOLICY-SFT-Qwen3-1P7B-COLDSTART-CODE-KODCODE-CTX8K-S1-BETA01-V1_1783329189,100%,100,beta=0.1,beta01,128,Time per step,perf/time_per_step,40.436851548962295
ONPOLICY-SFT-Qwen3-1P7B-COLDSTART-CODE-KODCODE-CTX8K-S1-BETA01-V1_1783329189,100%,100,beta=0.1,beta01,129,Rollout correct ratio,wdl_sft/correct_ratio,0.482421875
ONPOLICY-SFT-Qwen3-1P7B-COLDSTART-CODE-KODCODE-CTX8K-S1-BETA01-V1_1783329189,100%,100,beta=0.1,beta01,129,Gradient norm,actor/grad_norm,7.967708110809326
ONPOLICY-SFT-Qwen3-1P7B-COLDSTART-CODE-KODCODE-CTX8K-S1-BETA01-V1_1783329189,100%,100,beta=0.1,beta01,129,Train score mean,critic/score/mean,-0.03515625
ONPOLICY-SFT-Qwen3-1P7B-COLDSTART-CODE-KODCODE-CTX8K-S1-BETA01-V1_1783329189,100%,100,beta=0.1,beta01,129,Response length mean,response_length/mean,167.076171875
ONPOLICY-SFT-Qwen3-1P7B-COLDSTART-CODE-KODCODE-CTX8K-S1-BETA01-V1_1783329189,100%,100,beta=0.1,beta01,129,Time per step,perf/time_per_step,40.462020775303245
ONPOLICY-SFT-Qwen3-1P7B-COLDSTART-CODE-KODCODE-CTX8K-S1-BETA01-V1_1783329189,100%,100,beta=0.1,beta01,130,HumanEval+ pass@1,val-core/HumanEval+/acc/pass@1,0.47560975609756095
ONPOLICY-SFT-Qwen3-1P7B-COLDSTART-CODE-KODCODE-CTX8K-S1-BETA01-V1_1783329189,100%,100,beta=0.1,beta01,130,MBPP+ pass@1,val-core/MBPP+/acc/pass@1,0.5079365079365079
ONPOLICY-SFT-Qwen3-1P7B-COLDSTART-CODE-KODCODE-CTX8K-S1-BETA01-V1_1783329189,100%,100,beta=0.1,beta01,130,LiveCodeBench pass@1,val-core/LiveCodeBench/acc/pass@1,0.171875
ONPOLICY-SFT-Qwen3-1P7B-COLDSTART-CODE-KODCODE-CTX8K-S1-BETA01-V1_1783329189,100%,100,beta=0.1,beta01,130,HumanEval+ extract fail,val-aux/HumanEval+/code_reward_extraction_fail/mean@1,0.006097560975609756
ONPOLICY-SFT-Qwen3-1P7B-COLDSTART-CODE-KODCODE-CTX8K-S1-BETA01-V1_1783329189,100%,100,beta=0.1,beta01,130,MBPP+ extract fail,val-aux/MBPP+/code_reward_extraction_fail/mean@1,0.0026455026455026454
ONPOLICY-SFT-Qwen3-1P7B-COLDSTART-CODE-KODCODE-CTX8K-S1-BETA01-V1_1783329189,100%,100,beta=0.1,beta01,130,LiveCodeBench extract fail,val-aux/LiveCodeBench/code_reward_extraction_fail/mean@1,0.0234375
ONPOLICY-SFT-Qwen3-1P7B-COLDSTART-CODE-KODCODE-CTX8K-S1-BETA01-V1_1783329189,100%,100,beta=0.1,beta01,130,Rollout correct ratio,wdl_sft/correct_ratio,0.53515625
ONPOLICY-SFT-Qwen3-1P7B-COLDSTART-CODE-KODCODE-CTX8K-S1-BETA01-V1_1783329189,100%,100,beta=0.1,beta01,130,Gradient norm,actor/grad_norm,6.751811981201172
ONPOLICY-SFT-Qwen3-1P7B-COLDSTART-CODE-KODCODE-CTX8K-S1-BETA01-V1_1783329189,100%,100,beta=0.1,beta01,130,Train score mean,critic/score/mean,0.0703125
ONPOLICY-SFT-Qwen3-1P7B-COLDSTART-CODE-KODCODE-CTX8K-S1-BETA01-V1_1783329189,100%,100,beta=0.1,beta01,130,Response length mean,response_length/mean,138.103515625
ONPOLICY-SFT-Qwen3-1P7B-COLDSTART-CODE-KODCODE-CTX8K-S1-BETA01-V1_1783329189,100%,100,beta=0.1,beta01,130,Time per step,perf/time_per_step,47.09722002130002
ONPOLICY-SFT-Qwen3-1P7B-COLDSTART-CODE-KODCODE-CTX8K-S1-BETA01-V1_1783329189,100%,100,beta=0.1,beta01,131,Rollout correct ratio,wdl_sft/correct_ratio,0.4921875
ONPOLICY-SFT-Qwen3-1P7B-COLDSTART-CODE-KODCODE-CTX8K-S1-BETA01-V1_1783329189,100%,100,beta=0.1,beta01,131,Gradient norm,actor/grad_norm,6.989511966705322
ONPOLICY-SFT-Qwen3-1P7B-COLDSTART-CODE-KODCODE-CTX8K-S1-BETA01-V1_1783329189,100%,100,beta=0.1,beta01,131,Train score mean,critic/score/mean,-0.015625
ONPOLICY-SFT-Qwen3-1P7B-COLDSTART-CODE-KODCODE-CTX8K-S1-BETA01-V1_1783329189,100%,100,beta=0.1,beta01,131,Response length mean,response_length/mean,152.90625
ONPOLICY-SFT-Qwen3-1P7B-COLDSTART-CODE-KODCODE-CTX8K-S1-BETA01-V1_1783329189,100%,100,beta=0.1,beta01,131,Time per step,perf/time_per_step,40.86351979058236
ONPOLICY-SFT-Qwen3-1P7B-COLDSTART-CODE-KODCODE-CTX8K-S1-BETA01-V1_1783329189,100%,100,beta=0.1,beta01,132,Rollout correct ratio,wdl_sft/correct_ratio,0.494140625
ONPOLICY-SFT-Qwen3-1P7B-COLDSTART-CODE-KODCODE-CTX8K-S1-BETA01-V1_1783329189,100%,100,beta=0.1,beta01,132,Gradient norm,actor/grad_norm,7.909482479095459
ONPOLICY-SFT-Qwen3-1P7B-COLDSTART-CODE-KODCODE-CTX8K-S1-BETA01-V1_1783329189,100%,100,beta=0.1,beta01,132,Train score mean,critic/score/mean,-0.01171875
ONPOLICY-SFT-Qwen3-1P7B-COLDSTART-CODE-KODCODE-CTX8K-S1-BETA01-V1_1783329189,100%,100,beta=0.1,beta01,132,Response length mean,response_length/mean,150.42578125
ONPOLICY-SFT-Qwen3-1P7B-COLDSTART-CODE-KODCODE-CTX8K-S1-BETA01-V1_1783329189,100%,100,beta=0.1,beta01,132,Time per step,perf/time_per_step,39.8686681156978
ONPOLICY-SFT-Qwen3-1P7B-COLDSTART-CODE-KODCODE-CTX8K-S1-BETA01-V1_1783329189,100%,100,beta=0.1,beta01,133,Rollout correct ratio,wdl_sft/correct_ratio,0.447265625
ONPOLICY-SFT-Qwen3-1P7B-COLDSTART-CODE-KODCODE-CTX8K-S1-BETA01-V1_1783329189,100%,100,beta=0.1,beta01,133,Gradient norm,actor/grad_norm,9.190776824951172
ONPOLICY-SFT-Qwen3-1P7B-COLDSTART-CODE-KODCODE-CTX8K-S1-BETA01-V1_1783329189,100%,100,beta=0.1,beta01,133,Train score mean,critic/score/mean,-0.10546875
ONPOLICY-SFT-Qwen3-1P7B-COLDSTART-CODE-KODCODE-CTX8K-S1-BETA01-V1_1783329189,100%,100,beta=0.1,beta01,133,Response length mean,response_length/mean,164.36328125
ONPOLICY-SFT-Qwen3-1P7B-COLDSTART-CODE-KODCODE-CTX8K-S1-BETA01-V1_1783329189,100%,100,beta=0.1,beta01,133,Time per step,perf/time_per_step,43.45010010432452
ONPOLICY-SFT-Qwen3-1P7B-COLDSTART-CODE-KODCODE-CTX8K-S1-BETA01-V1_1783329189,100%,100,beta=0.1,beta01,134,Rollout correct ratio,wdl_sft/correct_ratio,0.49609375
ONPOLICY-SFT-Qwen3-1P7B-COLDSTART-CODE-KODCODE-CTX8K-S1-BETA01-V1_1783329189,100%,100,beta=0.1,beta01,134,Gradient norm,actor/grad_norm,7.120001792907715
ONPOLICY-SFT-Qwen3-1P7B-COLDSTART-CODE-KODCODE-CTX8K-S1-BETA01-V1_1783329189,100%,100,beta=0.1,beta01,134,Train score mean,critic/score/mean,-0.0078125
ONPOLICY-SFT-Qwen3-1P7B-COLDSTART-CODE-KODCODE-CTX8K-S1-BETA01-V1_1783329189,100%,100,beta=0.1,beta01,134,Response length mean,response_length/mean,133.345703125
ONPOLICY-SFT-Qwen3-1P7B-COLDSTART-CODE-KODCODE-CTX8K-S1-BETA01-V1_1783329189,100%,100,beta=0.1,beta01,134,Time per step,perf/time_per_step,40.83263897616416
ONPOLICY-SFT-Qwen3-1P7B-COLDSTART-CODE-KODCODE-CTX8K-S1-BETA01-V1_1783329189,100%,100,beta=0.1,beta01,135,HumanEval+ pass@1,val-core/HumanEval+/acc/pass@1,0.5060975609756098
ONPOLICY-SFT-Qwen3-1P7B-COLDSTART-CODE-KODCODE-CTX8K-S1-BETA01-V1_1783329189,100%,100,beta=0.1,beta01,135,MBPP+ pass@1,val-core/MBPP+/acc/pass@1,0.5211640211640212
ONPOLICY-SFT-Qwen3-1P7B-COLDSTART-CODE-KODCODE-CTX8K-S1-BETA01-V1_1783329189,100%,100,beta=0.1,beta01,135,LiveCodeBench pass@1,val-core/LiveCodeBench/acc/pass@1,0.1640625
ONPOLICY-SFT-Qwen3-1P7B-COLDSTART-CODE-KODCODE-CTX8K-S1-BETA01-V1_1783329189,100%,100,beta=0.1,beta01,135,HumanEval+ extract fail,val-aux/HumanEval+/code_reward_extraction_fail/mean@1,0.0
ONPOLICY-SFT-Qwen3-1P7B-COLDSTART-CODE-KODCODE-CTX8K-S1-BETA01-V1_1783329189,100%,100,beta=0.1,beta01,135,MBPP+ extract fail,val-aux/MBPP+/code_reward_extraction_fail/mean@1,0.0
ONPOLICY-SFT-Qwen3-1P7B-COLDSTART-CODE-KODCODE-CTX8K-S1-BETA01-V1_1783329189,100%,100,beta=0.1,beta01,135,LiveCodeBench extract fail,val-aux/LiveCodeBench/code_reward_extraction_fail/mean@1,0.0078125
ONPOLICY-SFT-Qwen3-1P7B-COLDSTART-CODE-KODCODE-CTX8K-S1-BETA01-V1_1783329189,100%,100,beta=0.1,beta01,135,Rollout correct ratio,wdl_sft/correct_ratio,0.330078125
ONPOLICY-SFT-Qwen3-1P7B-COLDSTART-CODE-KODCODE-CTX8K-S1-BETA01-V1_1783329189,100%,100,beta=0.1,beta01,135,Gradient norm,actor/grad_norm,9.928410530090332
ONPOLICY-SFT-Qwen3-1P7B-COLDSTART-CODE-KODCODE-CTX8K-S1-BETA01-V1_1783329189,100%,100,beta=0.1,beta01,135,Train score mean,critic/score/mean,-0.33984375
ONPOLICY-SFT-Qwen3-1P7B-COLDSTART-CODE-KODCODE-CTX8K-S1-BETA01-V1_1783329189,100%,100,beta=0.1,beta01,135,Response length mean,response_length/mean,166.51953125
ONPOLICY-SFT-Qwen3-1P7B-COLDSTART-CODE-KODCODE-CTX8K-S1-BETA01-V1_1783329189,100%,100,beta=0.1,beta01,135,Time per step,perf/time_per_step,46.590597805567086
ONPOLICY-SFT-Qwen3-1P7B-COLDSTART-CODE-KODCODE-CTX8K-S1-BETA01-V1_1783329189,100%,100,beta=0.1,beta01,136,Rollout correct ratio,wdl_sft/correct_ratio,0.47265625
ONPOLICY-SFT-Qwen3-1P7B-COLDSTART-CODE-KODCODE-CTX8K-S1-BETA01-V1_1783329189,100%,100,beta=0.1,beta01,136,Gradient norm,actor/grad_norm,7.965784072875977
ONPOLICY-SFT-Qwen3-1P7B-COLDSTART-CODE-KODCODE-CTX8K-S1-BETA01-V1_1783329189,100%,100,beta=0.1,beta01,136,Train score mean,critic/score/mean,-0.0546875
ONPOLICY-SFT-Qwen3-1P7B-COLDSTART-CODE-KODCODE-CTX8K-S1-BETA01-V1_1783329189,100%,100,beta=0.1,beta01,136,Response length mean,response_length/mean,150.21875
ONPOLICY-SFT-Qwen3-1P7B-COLDSTART-CODE-KODCODE-CTX8K-S1-BETA01-V1_1783329189,100%,100,beta=0.1,beta01,136,Time per step,perf/time_per_step,41.8450827030465
ONPOLICY-SFT-Qwen3-1P7B-COLDSTART-CODE-KODCODE-CTX8K-S1-BETA01-V1_1783329189,100%,100,beta=0.1,beta01,137,Rollout correct ratio,wdl_sft/correct_ratio,0.419921875
ONPOLICY-SFT-Qwen3-1P7B-COLDSTART-CODE-KODCODE-CTX8K-S1-BETA01-V1_1783329189,100%,100,beta=0.1,beta01,137,Gradient norm,actor/grad_norm,8.250909805297852
ONPOLICY-SFT-Qwen3-1P7B-COLDSTART-CODE-KODCODE-CTX8K-S1-BETA01-V1_1783329189,100%,100,beta=0.1,beta01,137,Train score mean,critic/score/mean,-0.16015625
ONPOLICY-SFT-Qwen3-1P7B-COLDSTART-CODE-KODCODE-CTX8K-S1-BETA01-V1_1783329189,100%,100,beta=0.1,beta01,137,Response length mean,response_length/mean,142.34765625
ONPOLICY-SFT-Qwen3-1P7B-COLDSTART-CODE-KODCODE-CTX8K-S1-BETA01-V1_1783329189,100%,100,beta=0.1,beta01,137,Time per step,perf/time_per_step,41.418418960645795
ONPOLICY-SFT-Qwen3-1P7B-COLDSTART-CODE-KODCODE-CTX8K-S1-BETA01-V1_1783329189,100%,100,beta=0.1,beta01,138,Rollout correct ratio,wdl_sft/correct_ratio,0.521484375
ONPOLICY-SFT-Qwen3-1P7B-COLDSTART-CODE-KODCODE-CTX8K-S1-BETA01-V1_1783329189,100%,100,beta=0.1,beta01,138,Gradient norm,actor/grad_norm,7.060918807983398
ONPOLICY-SFT-Qwen3-1P7B-COLDSTART-CODE-KODCODE-CTX8K-S1-BETA01-V1_1783329189,100%,100,beta=0.1,beta01,138,Train score mean,critic/score/mean,0.04296875
ONPOLICY-SFT-Qwen3-1P7B-COLDSTART-CODE-KODCODE-CTX8K-S1-BETA01-V1_1783329189,100%,100,beta=0.1,beta01,138,Response length mean,response_length/mean,156.095703125
ONPOLICY-SFT-Qwen3-1P7B-COLDSTART-CODE-KODCODE-CTX8K-S1-BETA01-V1_1783329189,100%,100,beta=0.1,beta01,138,Time per step,perf/time_per_step,40.558292258530855
ONPOLICY-SFT-Qwen3-1P7B-COLDSTART-CODE-KODCODE-CTX8K-S1-BETA01-V1_1783329189,100%,100,beta=0.1,beta01,139,Rollout correct ratio,wdl_sft/correct_ratio,0.509765625
ONPOLICY-SFT-Qwen3-1P7B-COLDSTART-CODE-KODCODE-CTX8K-S1-BETA01-V1_1783329189,100%,100,beta=0.1,beta01,139,Gradient norm,actor/grad_norm,7.9693498611450195
ONPOLICY-SFT-Qwen3-1P7B-COLDSTART-CODE-KODCODE-CTX8K-S1-BETA01-V1_1783329189,100%,100,beta=0.1,beta01,139,Train score mean,critic/score/mean,0.01953125
ONPOLICY-SFT-Qwen3-1P7B-COLDSTART-CODE-KODCODE-CTX8K-S1-BETA01-V1_1783329189,100%,100,beta=0.1,beta01,139,Response length mean,response_length/mean,159.390625
ONPOLICY-SFT-Qwen3-1P7B-COLDSTART-CODE-KODCODE-CTX8K-S1-BETA01-V1_1783329189,100%,100,beta=0.1,beta01,139,Time per step,perf/time_per_step,42.566520774737
ONPOLICY-SFT-Qwen3-1P7B-COLDSTART-CODE-KODCODE-CTX8K-S1-BETA01-V1_1783329189,100%,100,beta=0.1,beta01,140,HumanEval+ pass@1,val-core/HumanEval+/acc/pass@1,0.4817073170731707
ONPOLICY-SFT-Qwen3-1P7B-COLDSTART-CODE-KODCODE-CTX8K-S1-BETA01-V1_1783329189,100%,100,beta=0.1,beta01,140,MBPP+ pass@1,val-core/MBPP+/acc/pass@1,0.5079365079365079
ONPOLICY-SFT-Qwen3-1P7B-COLDSTART-CODE-KODCODE-CTX8K-S1-BETA01-V1_1783329189,100%,100,beta=0.1,beta01,140,LiveCodeBench pass@1,val-core/LiveCodeBench/acc/pass@1,0.1953125
ONPOLICY-SFT-Qwen3-1P7B-COLDSTART-CODE-KODCODE-CTX8K-S1-BETA01-V1_1783329189,100%,100,beta=0.1,beta01,140,HumanEval+ extract fail,val-aux/HumanEval+/code_reward_extraction_fail/mean@1,0.0
ONPOLICY-SFT-Qwen3-1P7B-COLDSTART-CODE-KODCODE-CTX8K-S1-BETA01-V1_1783329189,100%,100,beta=0.1,beta01,140,MBPP+ extract fail,val-aux/MBPP+/code_reward_extraction_fail/mean@1,0.0026455026455026454
ONPOLICY-SFT-Qwen3-1P7B-COLDSTART-CODE-KODCODE-CTX8K-S1-BETA01-V1_1783329189,100%,100,beta=0.1,beta01,140,LiveCodeBench extract fail,val-aux/LiveCodeBench/code_reward_extraction_fail/mean@1,0.0234375
ONPOLICY-SFT-Qwen3-1P7B-COLDSTART-CODE-KODCODE-CTX8K-S1-BETA01-V1_1783329189,100%,100,beta=0.1,beta01,140,Rollout correct ratio,wdl_sft/correct_ratio,0.4765625
ONPOLICY-SFT-Qwen3-1P7B-COLDSTART-CODE-KODCODE-CTX8K-S1-BETA01-V1_1783329189,100%,100,beta=0.1,beta01,140,Gradient norm,actor/grad_norm,7.586264610290527
ONPOLICY-SFT-Qwen3-1P7B-COLDSTART-CODE-KODCODE-CTX8K-S1-BETA01-V1_1783329189,100%,100,beta=0.1,beta01,140,Train score mean,critic/score/mean,-0.046875
ONPOLICY-SFT-Qwen3-1P7B-COLDSTART-CODE-KODCODE-CTX8K-S1-BETA01-V1_1783329189,100%,100,beta=0.1,beta01,140,Response length mean,response_length/mean,136.056640625
ONPOLICY-SFT-Qwen3-1P7B-COLDSTART-CODE-KODCODE-CTX8K-S1-BETA01-V1_1783329189,100%,100,beta=0.1,beta01,140,Time per step,perf/time_per_step,47.39719840232283
ONPOLICY-SFT-Qwen3-1P7B-COLDSTART-CODE-KODCODE-CTX8K-S1-BETA01-V1_1783329189,100%,100,beta=0.1,beta01,141,Rollout correct ratio,wdl_sft/correct_ratio,0.546875
ONPOLICY-SFT-Qwen3-1P7B-COLDSTART-CODE-KODCODE-CTX8K-S1-BETA01-V1_1783329189,100%,100,beta=0.1,beta01,141,Gradient norm,actor/grad_norm,7.235233783721924
ONPOLICY-SFT-Qwen3-1P7B-COLDSTART-CODE-KODCODE-CTX8K-S1-BETA01-V1_1783329189,100%,100,beta=0.1,beta01,141,Train score mean,critic/score/mean,0.09375
ONPOLICY-SFT-Qwen3-1P7B-COLDSTART-CODE-KODCODE-CTX8K-S1-BETA01-V1_1783329189,100%,100,beta=0.1,beta01,141,Response length mean,response_length/mean,146.154296875
ONPOLICY-SFT-Qwen3-1P7B-COLDSTART-CODE-KODCODE-CTX8K-S1-BETA01-V1_1783329189,100%,100,beta=0.1,beta01,141,Time per step,perf/time_per_step,41.54622113518417
ONPOLICY-SFT-Qwen3-1P7B-COLDSTART-CODE-KODCODE-CTX8K-S1-BETA01-V1_1783329189,100%,100,beta=0.1,beta01,142,Rollout correct ratio,wdl_sft/correct_ratio,0.462890625
ONPOLICY-SFT-Qwen3-1P7B-COLDSTART-CODE-KODCODE-CTX8K-S1-BETA01-V1_1783329189,100%,100,beta=0.1,beta01,142,Gradient norm,actor/grad_norm,8.613229751586914
ONPOLICY-SFT-Qwen3-1P7B-COLDSTART-CODE-KODCODE-CTX8K-S1-BETA01-V1_1783329189,100%,100,beta=0.1,beta01,142,Train score mean,critic/score/mean,-0.07421875
ONPOLICY-SFT-Qwen3-1P7B-COLDSTART-CODE-KODCODE-CTX8K-S1-BETA01-V1_1783329189,100%,100,beta=0.1,beta01,142,Response length mean,response_length/mean,170.171875
ONPOLICY-SFT-Qwen3-1P7B-COLDSTART-CODE-KODCODE-CTX8K-S1-BETA01-V1_1783329189,100%,100,beta=0.1,beta01,142,Time per step,perf/time_per_step,40.96974137425423
ONPOLICY-SFT-Qwen3-1P7B-COLDSTART-CODE-KODCODE-CTX8K-S1-BETA01-V1_1783329189,100%,100,beta=0.1,beta01,143,Rollout correct ratio,wdl_sft/correct_ratio,0.47265625
ONPOLICY-SFT-Qwen3-1P7B-COLDSTART-CODE-KODCODE-CTX8K-S1-BETA01-V1_1783329189,100%,100,beta=0.1,beta01,143,Gradient norm,actor/grad_norm,8.015876770019531
ONPOLICY-SFT-Qwen3-1P7B-COLDSTART-CODE-KODCODE-CTX8K-S1-BETA01-V1_1783329189,100%,100,beta=0.1,beta01,143,Train score mean,critic/score/mean,-0.0546875
ONPOLICY-SFT-Qwen3-1P7B-COLDSTART-CODE-KODCODE-CTX8K-S1-BETA01-V1_1783329189,100%,100,beta=0.1,beta01,143,Response length mean,response_length/mean,144.833984375
ONPOLICY-SFT-Qwen3-1P7B-COLDSTART-CODE-KODCODE-CTX8K-S1-BETA01-V1_1783329189,100%,100,beta=0.1,beta01,143,Time per step,perf/time_per_step,41.983144274912775
ONPOLICY-SFT-Qwen3-1P7B-COLDSTART-CODE-KODCODE-CTX8K-S1-BETA01-V1_1783329189,100%,100,beta=0.1,beta01,144,Rollout correct ratio,wdl_sft/correct_ratio,0.447265625
ONPOLICY-SFT-Qwen3-1P7B-COLDSTART-CODE-KODCODE-CTX8K-S1-BETA01-V1_1783329189,100%,100,beta=0.1,beta01,144,Gradient norm,actor/grad_norm,8.04389476776123
ONPOLICY-SFT-Qwen3-1P7B-COLDSTART-CODE-KODCODE-CTX8K-S1-BETA01-V1_1783329189,100%,100,beta=0.1,beta01,144,Train score mean,critic/score/mean,-0.10546875
ONPOLICY-SFT-Qwen3-1P7B-COLDSTART-CODE-KODCODE-CTX8K-S1-BETA01-V1_1783329189,100%,100,beta=0.1,beta01,144,Response length mean,response_length/mean,160.021484375
ONPOLICY-SFT-Qwen3-1P7B-COLDSTART-CODE-KODCODE-CTX8K-S1-BETA01-V1_1783329189,100%,100,beta=0.1,beta01,144,Time per step,perf/time_per_step,40.963726626709104
ONPOLICY-SFT-Qwen3-1P7B-COLDSTART-CODE-KODCODE-CTX8K-S1-BETA01-V1_1783329189,100%,100,beta=0.1,beta01,145,HumanEval+ pass@1,val-core/HumanEval+/acc/pass@1,0.49390243902439024
ONPOLICY-SFT-Qwen3-1P7B-COLDSTART-CODE-KODCODE-CTX8K-S1-BETA01-V1_1783329189,100%,100,beta=0.1,beta01,145,MBPP+ pass@1,val-core/MBPP+/acc/pass@1,0.5185185185185185
ONPOLICY-SFT-Qwen3-1P7B-COLDSTART-CODE-KODCODE-CTX8K-S1-BETA01-V1_1783329189,100%,100,beta=0.1,beta01,145,LiveCodeBench pass@1,val-core/LiveCodeBench/acc/pass@1,0.1328125
ONPOLICY-SFT-Qwen3-1P7B-COLDSTART-CODE-KODCODE-CTX8K-S1-BETA01-V1_1783329189,100%,100,beta=0.1,beta01,145,HumanEval+ extract fail,val-aux/HumanEval+/code_reward_extraction_fail/mean@1,0.0
ONPOLICY-SFT-Qwen3-1P7B-COLDSTART-CODE-KODCODE-CTX8K-S1-BETA01-V1_1783329189,100%,100,beta=0.1,beta01,145,MBPP+ extract fail,val-aux/MBPP+/code_reward_extraction_fail/mean@1,0.007936507936507936
ONPOLICY-SFT-Qwen3-1P7B-COLDSTART-CODE-KODCODE-CTX8K-S1-BETA01-V1_1783329189,100%,100,beta=0.1,beta01,145,LiveCodeBench extract fail,val-aux/LiveCodeBench/code_reward_extraction_fail/mean@1,0.015625
ONPOLICY-SFT-Qwen3-1P7B-COLDSTART-CODE-KODCODE-CTX8K-S1-BETA01-V1_1783329189,100%,100,beta=0.1,beta01,145,Rollout correct ratio,wdl_sft/correct_ratio,0.427734375
ONPOLICY-SFT-Qwen3-1P7B-COLDSTART-CODE-KODCODE-CTX8K-S1-BETA01-V1_1783329189,100%,100,beta=0.1,beta01,145,Gradient norm,actor/grad_norm,9.270965576171875
ONPOLICY-SFT-Qwen3-1P7B-COLDSTART-CODE-KODCODE-CTX8K-S1-BETA01-V1_1783329189,100%,100,beta=0.1,beta01,145,Train score mean,critic/score/mean,-0.14453125
ONPOLICY-SFT-Qwen3-1P7B-COLDSTART-CODE-KODCODE-CTX8K-S1-BETA01-V1_1783329189,100%,100,beta=0.1,beta01,145,Response length mean,response_length/mean,164.58984375
ONPOLICY-SFT-Qwen3-1P7B-COLDSTART-CODE-KODCODE-CTX8K-S1-BETA01-V1_1783329189,100%,100,beta=0.1,beta01,145,Time per step,perf/time_per_step,48.73270392883569
ONPOLICY-SFT-Qwen3-1P7B-COLDSTART-CODE-KODCODE-CTX8K-S1-BETA01-V1_1783329189,100%,100,beta=0.1,beta01,146,Rollout correct ratio,wdl_sft/correct_ratio,0.4375
ONPOLICY-SFT-Qwen3-1P7B-COLDSTART-CODE-KODCODE-CTX8K-S1-BETA01-V1_1783329189,100%,100,beta=0.1,beta01,146,Gradient norm,actor/grad_norm,9.642481803894043
ONPOLICY-SFT-Qwen3-1P7B-COLDSTART-CODE-KODCODE-CTX8K-S1-BETA01-V1_1783329189,100%,100,beta=0.1,beta01,146,Train score mean,critic/score/mean,-0.125
ONPOLICY-SFT-Qwen3-1P7B-COLDSTART-CODE-KODCODE-CTX8K-S1-BETA01-V1_1783329189,100%,100,beta=0.1,beta01,146,Response length mean,response_length/mean,166.90625
ONPOLICY-SFT-Qwen3-1P7B-COLDSTART-CODE-KODCODE-CTX8K-S1-BETA01-V1_1783329189,100%,100,beta=0.1,beta01,146,Time per step,perf/time_per_step,44.5532561969012
ONPOLICY-SFT-Qwen3-1P7B-COLDSTART-CODE-KODCODE-CTX8K-S1-BETA01-V1_1783329189,100%,100,beta=0.1,beta01,147,Rollout correct ratio,wdl_sft/correct_ratio,0.51953125
ONPOLICY-SFT-Qwen3-1P7B-COLDSTART-CODE-KODCODE-CTX8K-S1-BETA01-V1_1783329189,100%,100,beta=0.1,beta01,147,Gradient norm,actor/grad_norm,7.995563507080078
ONPOLICY-SFT-Qwen3-1P7B-COLDSTART-CODE-KODCODE-CTX8K-S1-BETA01-V1_1783329189,100%,100,beta=0.1,beta01,147,Train score mean,critic/score/mean,0.0390625
ONPOLICY-SFT-Qwen3-1P7B-COLDSTART-CODE-KODCODE-CTX8K-S1-BETA01-V1_1783329189,100%,100,beta=0.1,beta01,147,Response length mean,response_length/mean,168.97265625
ONPOLICY-SFT-Qwen3-1P7B-COLDSTART-CODE-KODCODE-CTX8K-S1-BETA01-V1_1783329189,100%,100,beta=0.1,beta01,147,Time per step,perf/time_per_step,42.52425728365779
ONPOLICY-SFT-Qwen3-1P7B-COLDSTART-CODE-KODCODE-CTX8K-S1-BETA01-V1_1783329189,100%,100,beta=0.1,beta01,148,Rollout correct ratio,wdl_sft/correct_ratio,0.5078125
ONPOLICY-SFT-Qwen3-1P7B-COLDSTART-CODE-KODCODE-CTX8K-S1-BETA01-V1_1783329189,100%,100,beta=0.1,beta01,148,Gradient norm,actor/grad_norm,8.265887260437012
ONPOLICY-SFT-Qwen3-1P7B-COLDSTART-CODE-KODCODE-CTX8K-S1-BETA01-V1_1783329189,100%,100,beta=0.1,beta01,148,Train score mean,critic/score/mean,0.015625
ONPOLICY-SFT-Qwen3-1P7B-COLDSTART-CODE-KODCODE-CTX8K-S1-BETA01-V1_1783329189,100%,100,beta=0.1,beta01,148,Response length mean,response_length/mean,168.86328125
ONPOLICY-SFT-Qwen3-1P7B-COLDSTART-CODE-KODCODE-CTX8K-S1-BETA01-V1_1783329189,100%,100,beta=0.1,beta01,148,Time per step,perf/time_per_step,44.4194389693439
ONPOLICY-SFT-Qwen3-1P7B-COLDSTART-CODE-KODCODE-CTX8K-S1-BETA01-V1_1783329189,100%,100,beta=0.1,beta01,149,Rollout correct ratio,wdl_sft/correct_ratio,0.412109375
ONPOLICY-SFT-Qwen3-1P7B-COLDSTART-CODE-KODCODE-CTX8K-S1-BETA01-V1_1783329189,100%,100,beta=0.1,beta01,149,Gradient norm,actor/grad_norm,9.765947341918945
ONPOLICY-SFT-Qwen3-1P7B-COLDSTART-CODE-KODCODE-CTX8K-S1-BETA01-V1_1783329189,100%,100,beta=0.1,beta01,149,Train score mean,critic/score/mean,-0.17578125
ONPOLICY-SFT-Qwen3-1P7B-COLDSTART-CODE-KODCODE-CTX8K-S1-BETA01-V1_1783329189,100%,100,beta=0.1,beta01,149,Response length mean,response_length/mean,165.302734375
ONPOLICY-SFT-Qwen3-1P7B-COLDSTART-CODE-KODCODE-CTX8K-S1-BETA01-V1_1783329189,100%,100,beta=0.1,beta01,149,Time per step,perf/time_per_step,42.86584094166756
ONPOLICY-SFT-Qwen3-1P7B-COLDSTART-CODE-KODCODE-CTX8K-S1-BETA01-V1_1783329189,100%,100,beta=0.1,beta01,150,HumanEval+ pass@1,val-core/HumanEval+/acc/pass@1,0.5
ONPOLICY-SFT-Qwen3-1P7B-COLDSTART-CODE-KODCODE-CTX8K-S1-BETA01-V1_1783329189,100%,100,beta=0.1,beta01,150,MBPP+ pass@1,val-core/MBPP+/acc/pass@1,0.5264550264550265
ONPOLICY-SFT-Qwen3-1P7B-COLDSTART-CODE-KODCODE-CTX8K-S1-BETA01-V1_1783329189,100%,100,beta=0.1,beta01,150,LiveCodeBench pass@1,val-core/LiveCodeBench/acc/pass@1,0.15625
ONPOLICY-SFT-Qwen3-1P7B-COLDSTART-CODE-KODCODE-CTX8K-S1-BETA01-V1_1783329189,100%,100,beta=0.1,beta01,150,HumanEval+ extract fail,val-aux/HumanEval+/code_reward_extraction_fail/mean@1,0.012195121951219513
ONPOLICY-SFT-Qwen3-1P7B-COLDSTART-CODE-KODCODE-CTX8K-S1-BETA01-V1_1783329189,100%,100,beta=0.1,beta01,150,MBPP+ extract fail,val-aux/MBPP+/code_reward_extraction_fail/mean@1,0.0026455026455026454
ONPOLICY-SFT-Qwen3-1P7B-COLDSTART-CODE-KODCODE-CTX8K-S1-BETA01-V1_1783329189,100%,100,beta=0.1,beta01,150,LiveCodeBench extract fail,val-aux/LiveCodeBench/code_reward_extraction_fail/mean@1,0.0234375
ONPOLICY-SFT-Qwen3-1P7B-COLDSTART-CODE-KODCODE-CTX8K-S1-BETA01-V1_1783329189,100%,100,beta=0.1,beta01,150,Rollout correct ratio,wdl_sft/correct_ratio,0.412109375
ONPOLICY-SFT-Qwen3-1P7B-COLDSTART-CODE-KODCODE-CTX8K-S1-BETA01-V1_1783329189,100%,100,beta=0.1,beta01,150,Gradient norm,actor/grad_norm,8.84960651397705
ONPOLICY-SFT-Qwen3-1P7B-COLDSTART-CODE-KODCODE-CTX8K-S1-BETA01-V1_1783329189,100%,100,beta=0.1,beta01,150,Train score mean,critic/score/mean,-0.17578125
ONPOLICY-SFT-Qwen3-1P7B-COLDSTART-CODE-KODCODE-CTX8K-S1-BETA01-V1_1783329189,100%,100,beta=0.1,beta01,150,Response length mean,response_length/mean,167.423828125
ONPOLICY-SFT-Qwen3-1P7B-COLDSTART-CODE-KODCODE-CTX8K-S1-BETA01-V1_1783329189,100%,100,beta=0.1,beta01,150,Time per step,perf/time_per_step,46.64776701107621
