id,wandb_dir,training/global_step,wdl_sft/correct_ratio,critic/rewards/mean,critic/score/mean,response_length/mean,response_length_non_aborted/mean,response_length/clip_ratio,response/aborted_ratio,actor/grad_norm,actor/pg_loss,actor/wdl_sft_loss_total,actor/wdl_sft_loss_positive,actor/wdl_sft_loss_negative,actor/lr,perf/mfu/actor
b0-stage1,/data-1/wandb_runs/MATH-B0_STAGE1-QWEN3-1P7B-V1/wandb/offline-run-20260720_092226-myn86s9m,1,0.080078125,-0.83984375,-0.83984375,1232.056640625,1232.056640625,0.236328125,0,36.347618103027344,45.94981545582414,243.74957607984544,243.74957607984544,-5414.913348114491,1e-06,0.08598267921911554
b0-stage1,/data-1/wandb_runs/MATH-B0_STAGE1-QWEN3-1P7B-V1/wandb/offline-run-20260720_092226-myn86s9m,2,0.125,-0.75,-0.75,1053.07421875,1053.07421875,0.1953125,0,37.09201431274414,29.23066802509129,106.2392257584466,106.2392257584466,-6116.131923569574,1e-06,0.08534411519554004
b0-stage1,/data-1/wandb_runs/MATH-B0_STAGE1-QWEN3-1P7B-V1/wandb/offline-run-20260720_092226-myn86s9m,3,0.111328125,-0.77734375,-0.77734375,1013.865234375,1013.865234375,0.1953125,0,31.180192947387695,30.47682304121554,312.3147015852087,312.3147015852087,-5425.258704129387,1e-06,0.08559351048574132
b0-stage1,/data-1/wandb_runs/MATH-B0_STAGE1-QWEN3-1P7B-V1/wandb/offline-run-20260720_092226-myn86s9m,4,0.103515625,-0.79296875,-0.79296875,1044.333984375,1044.333984375,0.201171875,0,26.35085105895996,20.87764040986076,178.42084705128389,178.42084705128389,-4022.3799569186044,1e-06,0.08777415130913369
b0-stage1,/data-1/wandb_runs/MATH-B0_STAGE1-QWEN3-1P7B-V1/wandb/offline-run-20260720_092226-myn86s9m,5,0.1171875,-0.765625,-0.765625,1123.001953125,1123.001953125,0.2265625,0,32.8382453918457,28.173755215480924,93.13167497846815,93.13167497846815,-4275.521671301789,1e-06,0.08772147189414052
b0-stage1,/data-1/wandb_runs/MATH-B0_STAGE1-QWEN3-1P7B-V1/wandb/offline-run-20260720_092226-myn86s9m,6,0.107421875,-0.78515625,-0.78515625,1050.423828125,1050.423828125,0.201171875,0,34.04136276245117,30.22701417375356,191.66362660071428,191.66362660071428,-3821.012250956367,1e-06,0.08845449351955607
b0-stage1,/data-1/wandb_runs/MATH-B0_STAGE1-QWEN3-1P7B-V1/wandb/offline-run-20260720_092226-myn86s9m,7,0.099609375,-0.80078125,-0.80078125,1091.166015625,1091.166015625,0.2109375,0,34.638118743896484,45.401350212749094,463.4286475446489,463.4286475446489,-4305.460105419159,1e-06,0.08656290382193195
b0-stage1,/data-1/wandb_runs/MATH-B0_STAGE1-QWEN3-1P7B-V1/wandb/offline-run-20260720_092226-myn86s9m,8,0.0859375,-0.828125,-0.828125,1160.23828125,1160.23828125,0.2265625,0,26.587596893310547,21.920749659650028,197.01779153472498,197.01779153472498,-5393.890195419914,1e-06,0.08722524886661855
b0-stage1,/data-1/wandb_runs/MATH-B0_STAGE1-QWEN3-1P7B-V1/wandb/offline-run-20260720_092226-myn86s9m,9,0.0703125,-0.859375,-0.859375,1019.994140625,1019.994140625,0.189453125,0,23.632333755493164,14.550307180732489,113.6251893043518,113.6251893043518,-4804.157428348765,1e-06,0.08657761151359956
b0-stage1,/data-1/wandb_runs/MATH-B0_STAGE1-QWEN3-1P7B-V1/wandb/offline-run-20260720_092226-myn86s9m,10,0.095703125,-0.80859375,-0.80859375,968.392578125,968.392578125,0.173828125,0,37.071556091308594,44.47206987813115,403.11870090663433,403.11870090663433,-4019.811149597168,1e-06,0.08832842588905121
b0-stage1,/data-1/wandb_runs/MATH-B0_STAGE1-QWEN3-1P7B-V1/wandb/offline-run-20260720_092226-myn86s9m,11,0.109375,-0.78125,-0.78125,1025.716796875,1025.716796875,0.19140625,0,34.75400161743164,65.37382039055228,744.9025081466226,744.9025081466226,-3781.698486622642,1e-06,0.0873050049054638
b0-stage1,/data-1/wandb_runs/MATH-B0_STAGE1-QWEN3-1P7B-V1/wandb/offline-run-20260720_092226-myn86s9m,12,0.0859375,-0.828125,-0.828125,1165.048828125,1165.048828125,0.220703125,0,28.362606048583984,50.10630521271378,388.4975858487581,388.4975858487581,-4284.532133955705,1e-06,0.0877831008266128
b0-stage1,/data-1/wandb_runs/MATH-B0_STAGE1-QWEN3-1P7B-V1/wandb/offline-run-20260720_092226-myn86s9m,13,0.138671875,-0.72265625,-0.72265625,1063.685546875,1063.685546875,0.1953125,0,31.872875213623047,32.25060515943915,192.2575417889489,192.2575417889489,-5329.987742741902,1e-06,0.08497928239237035
b0-stage1,/data-1/wandb_runs/MATH-B0_STAGE1-QWEN3-1P7B-V1/wandb/offline-run-20260720_092226-myn86s9m,14,0.10546875,-0.7890625,-0.7890625,1059.783203125,1059.783203125,0.197265625,0,30.13118553161621,33.746229549869895,342.44609302944605,342.44609302944605,-5330.898641374376,1e-06,0.0850444996708157
b0-stage1,/data-1/wandb_runs/MATH-B0_STAGE1-QWEN3-1P7B-V1/wandb/offline-run-20260720_092226-myn86s9m,15,0.087890625,-0.82421875,-0.82421875,881.150390625,881.150390625,0.146484375,0,24.05245018005371,19.58315807580948,71.5731867949168,71.5731867949168,-4515.07399895986,1e-06,0.08541449076261723
b0-stage1,/data-1/wandb_runs/MATH-B0_STAGE1-QWEN3-1P7B-V1/wandb/offline-run-20260720_092226-myn86s9m,16,0.103515625,-0.79296875,-0.79296875,866.486328125,866.486328125,0.150390625,0,22.174253463745117,21.06515057105571,230.61775217056274,230.61775217056274,-4999.791297912598,1e-06,0.08475284356142446
b0-stage1,/data-1/wandb_runs/MATH-B0_STAGE1-QWEN3-1P7B-V1/wandb/offline-run-20260720_092226-myn86s9m,17,0.087890625,-0.82421875,-0.82421875,747.34765625,747.34765625,0.119140625,0,22.88522720336914,7.901446615811437,44.751259308594925,44.751259308594925,-4556.138400444617,1e-06,0.08594710311350681
b0-stage1,/data-1/wandb_runs/MATH-B0_STAGE1-QWEN3-1P7B-V1/wandb/offline-run-20260720_092226-myn86s9m,18,0.09765625,-0.8046875,-0.8046875,815.404296875,815.404296875,0.134765625,0,38.653499603271484,44.49986831424758,321.013048359326,321.013048359326,-4451.975008964539,1e-06,0.0859889474249905
b0-stage1,/data-1/wandb_runs/MATH-B0_STAGE1-QWEN3-1P7B-V1/wandb/offline-run-20260720_092226-myn86s9m,19,0.103515625,-0.79296875,-0.79296875,723.64453125,723.64453125,0.11328125,0,32.06063461303711,15.65382026694715,70.20965975981493,70.20965975981493,-4817.217315820547,1e-06,0.08418588038543076
b0-stage1,/data-1/wandb_runs/MATH-B0_STAGE1-QWEN3-1P7B-V1/wandb/offline-run-20260720_092226-myn86s9m,20,0.12109375,-0.7578125,-0.7578125,917.34765625,917.34765625,0.16796875,0,33.237815856933594,36.1846784921363,271.85845789313316,271.85845789313316,-4327.48499751091,1e-06,0.08418182317443011
b0-stage1,/data-1/wandb_runs/MATH-B0_STAGE1-QWEN3-1P7B-V1/wandb/offline-run-20260720_092226-myn86s9m,21,0.103515625,-0.79296875,-0.79296875,723.421875,723.421875,0.107421875,0,36.47477340698242,37.517538451589644,467.03194484343896,467.03194484343896,-4081.900626365955,1e-06,0.08331601380724366
b0-stage1,/data-1/wandb_runs/MATH-B0_STAGE1-QWEN3-1P7B-V1/wandb/offline-run-20260720_092226-myn86s9m,22,0.162109375,-0.67578125,-0.67578125,782.2109375,782.2109375,0.134765625,0,37.9234504699707,46.355850238818675,387.50244758810317,387.50244758810317,-3882.4128432955063,1e-06,0.08328017346314107
b0-stage1,/data-1/wandb_runs/MATH-B0_STAGE1-QWEN3-1P7B-V1/wandb/offline-run-20260720_092226-myn86s9m,23,0.12890625,-0.7421875,-0.7421875,802.466796875,802.466796875,0.130859375,0,36.242977142333984,51.83375802077353,374.04887655803134,374.04887655803134,-4534.4276931626455,1e-06,0.08504592448376752
b0-stage1,/data-1/wandb_runs/MATH-B0_STAGE1-QWEN3-1P7B-V1/wandb/offline-run-20260720_092226-myn86s9m,24,0.0859375,-0.828125,-0.828125,680.267578125,680.267578125,0.1015625,0,43.297733306884766,36.30806863075122,365.9019794066747,365.9019794066747,-4146.622108300527,1e-06,0.08513359675531124
b0-stage1,/data-1/wandb_runs/MATH-B0_STAGE1-QWEN3-1P7B-V1/wandb/offline-run-20260720_092226-myn86s9m,25,0.138671875,-0.72265625,-0.72265625,657.349609375,657.349609375,0.095703125,0,23.604095458984375,22.480316819623113,283.60583273569745,283.60583273569745,-3528.939975420634,1e-06,0.08359050789192245
b0-stage1,/data-1/wandb_runs/MATH-B0_STAGE1-QWEN3-1P7B-V1/wandb/offline-run-20260720_092226-myn86s9m,26,0.15625,-0.6875,-0.6875,659.09375,659.09375,0.1015625,0,28.072202682495117,21.151588467881083,161.6157158613205,161.6157158613205,-3908.7346743742623,1e-06,0.08377819002256366
b0-stage1,/data-1/wandb_runs/MATH-B0_STAGE1-QWEN3-1P7B-V1/wandb/offline-run-20260720_092226-myn86s9m,27,0.140625,-0.71875,-0.71875,595.236328125,595.236328125,0.076171875,0,33.47520065307617,35.443689236883074,311.24995201284236,311.24995201284236,-3229.1300461509013,1e-06,0.08388187071366367
b0-stage1,/data-1/wandb_runs/MATH-B0_STAGE1-QWEN3-1P7B-V1/wandb/offline-run-20260720_092226-myn86s9m,28,0.111328125,-0.77734375,-0.77734375,646.46484375,646.46484375,0.08984375,0,27.4022216796875,19.95234169624746,315.0549716750781,315.0549716750781,-3986.8706835110984,1e-06,0.08278275500299151
b0-stage1,/data-1/wandb_runs/MATH-B0_STAGE1-QWEN3-1P7B-V1/wandb/offline-run-20260720_092226-myn86s9m,29,0.134765625,-0.73046875,-0.73046875,608.435546875,608.435546875,0.08203125,0,28.945520401000977,18.69927911646664,83.70820461619984,83.70820461619984,-3825.5839705033736,1e-06,0.08424272169589422
b0-stage1,/data-1/wandb_runs/MATH-B0_STAGE1-QWEN3-1P7B-V1/wandb/offline-run-20260720_092226-myn86s9m,30,0.12890625,-0.7421875,-0.7421875,562.271484375,562.271484375,0.07421875,0,31.334163665771484,29.636068255640566,381.5039034128189,381.5039034128189,-3126.7799047470094,1e-06,0.08596187698622434
b0-stage1,/data-1/wandb_runs/MATH-B0_STAGE1-QWEN3-1P7B-V1/wandb/offline-run-20260720_092226-myn86s9m,31,0.115234375,-0.76953125,-0.76953125,563.841796875,563.841796875,0.072265625,0,25.783235549926758,13.147530331276357,107.06038069725037,107.06038069725037,-3248.92571033131,1e-06,0.08034168634821771
b0-stage1,/data-1/wandb_runs/MATH-B0_STAGE1-QWEN3-1P7B-V1/wandb/offline-run-20260720_092226-myn86s9m,32,0.18359375,-0.6328125,-0.6328125,556.0859375,556.0859375,0.068359375,0,34.13187789916992,28.56771575147286,277.00494477748873,277.00494477748873,-3537.724657058716,1e-06,0.08560409428761286
b0-stage1,/data-1/wandb_runs/MATH-B0_STAGE1-QWEN3-1P7B-V1/wandb/offline-run-20260720_092226-myn86s9m,33,0.1640625,-0.671875,-0.671875,588.251953125,588.251953125,0.076171875,0,32.89097213745117,33.389034861233085,296.5624538334933,296.5624538334933,-3389.5545672936873,1e-06,0.08286580255152584
b0-stage1,/data-1/wandb_runs/MATH-B0_STAGE1-QWEN3-1P7B-V1/wandb/offline-run-20260720_092226-myn86s9m,34,0.11328125,-0.7734375,-0.7734375,533.65625,533.65625,0.068359375,0,34.61090087890625,19.640471311286092,104.09747235774994,104.09747235774994,-3971.233875107765,1e-06,0.08437690595940317
b0-stage1,/data-1/wandb_runs/MATH-B0_STAGE1-QWEN3-1P7B-V1/wandb/offline-run-20260720_092226-myn86s9m,35,0.123046875,-0.75390625,-0.75390625,597.220703125,597.220703125,0.080078125,0,33.55950164794922,31.287705718539655,280.4482957233082,280.4482957233082,-3057.4744819294324,1e-06,0.08467169696003694
b0-stage1,/data-1/wandb_runs/MATH-B0_STAGE1-QWEN3-1P7B-V1/wandb/offline-run-20260720_092226-myn86s9m,36,0.14453125,-0.7109375,-0.7109375,442.7578125,442.7578125,0.0390625,0,29.961462020874023,29.826184581965208,344.49695682525635,344.49695682525635,-2221.3739708794487,1e-06,0.0819411027770815
b0-stage1,/data-1/wandb_runs/MATH-B0_STAGE1-QWEN3-1P7B-V1/wandb/offline-run-20260720_092226-myn86s9m,37,0.134765625,-0.73046875,-0.73046875,482.552734375,482.552734375,0.05078125,0,32.244659423828125,24.74068988021463,162.11106672286988,162.11106672286988,-3381.7420943260195,1e-06,0.07958310462604526
b0-stage1,/data-1/wandb_runs/MATH-B0_STAGE1-QWEN3-1P7B-V1/wandb/offline-run-20260720_092226-myn86s9m,38,0.162109375,-0.67578125,-0.67578125,505.29296875,505.29296875,0.046875,0,38.92064666748047,40.87639566883445,294.62675085067747,294.62675085067747,-2455.1098481178283,1e-06,0.0809987503185488
b0-stage1,/data-1/wandb_runs/MATH-B0_STAGE1-QWEN3-1P7B-V1/wandb/offline-run-20260720_092226-myn86s9m,39,0.1484375,-0.703125,-0.703125,414.40234375,414.40234375,0.03515625,0,28.171422958374023,21.358290600590408,245.27970827950372,245.27970827950372,-1877.0178758833144,1e-06,0.07766911876072735
b0-stage1,/data-1/wandb_runs/MATH-B0_STAGE1-QWEN3-1P7B-V1/wandb/offline-run-20260720_092226-myn86s9m,40,0.1328125,-0.734375,-0.734375,463.228515625,463.228515625,0.04296875,0,32.40369415283203,22.606959198135883,347.65168412526447,347.65168412526447,-2176.9745886060928,1e-06,0.0823227423787827
b01-stage1,/data-1/wandb_runs/MATH-B01_STAGE1-QWEN3-1P7B-V1/wandb/offline-run-20260720_120644-hgjm6rpr,1,0.078125,-0.84375,-0.84375,1291.28125,1291.28125,0.259765625,0,25.172657012939453,-13.99555771285668,-396.41207380521865,173.51685862314133,-5699.289213180542,1e-06,0.0873242321679222
b01-stage1,/data-1/wandb_runs/MATH-B01_STAGE1-QWEN3-1P7B-V1/wandb/offline-run-20260720_120644-hgjm6rpr,2,0.10546875,-0.7890625,-0.7890625,1061.3125,1061.3125,0.201171875,0,35.73478317260742,25.667227293364704,-259.55526542663574,322.18346828884546,-5817.387272198995,1e-06,0.08687472615378314
b01-stage1,/data-1/wandb_runs/MATH-B01_STAGE1-QWEN3-1P7B-V1/wandb/offline-run-20260720_120644-hgjm6rpr,3,0.119140625,-0.76171875,-0.76171875,1125.91015625,1125.91015625,0.22265625,0,32.085819244384766,24.179228831548244,91.09514994753732,464.9836981561449,-3738.885446468989,1e-06,0.08900347435913261
b01-stage1,/data-1/wandb_runs/MATH-B01_STAGE1-QWEN3-1P7B-V1/wandb/offline-run-20260720_120644-hgjm6rpr,4,0.083984375,-0.83203125,-0.83203125,1090.046875,1090.046875,0.208984375,0,40.32232666015625,23.810970639809966,71.46521145767636,542.3577333291372,-4708.92516084512,1e-06,0.08752819901453203
b01-stage1,/data-1/wandb_runs/MATH-B01_STAGE1-QWEN3-1P7B-V1/wandb/offline-run-20260720_120644-hgjm6rpr,5,0.1171875,-0.765625,-0.765625,1074.537109375,1074.537109375,0.203125,0,28.579559326171875,16.325923258671537,50.87580298715167,581.9347536828783,-5310.589420530531,1e-06,0.08604427649468308
b01-stage1,/data-1/wandb_runs/MATH-B01_STAGE1-QWEN3-1P7B-V1/wandb/offline-run-20260720_120644-hgjm6rpr,6,0.119140625,-0.76171875,-0.76171875,987.005859375,987.005859375,0.1875,0,30.838329315185547,0.8874031468294561,-258.9933104655322,271.26888318622815,-5302.621834418353,1e-06,0.08583622015082254
b01-stage1,/data-1/wandb_runs/MATH-B01_STAGE1-QWEN3-1P7B-V1/wandb/offline-run-20260720_120644-hgjm6rpr,7,0.119140625,-0.76171875,-0.76171875,986.533203125,986.533203125,0.181640625,0,25.54454231262207,6.217098716646433,-89.91108436137438,274.8756244331598,-3647.8670633137226,1e-06,0.0890989943196773
b01-stage1,/data-1/wandb_runs/MATH-B01_STAGE1-QWEN3-1P7B-V1/wandb/offline-run-20260720_120644-hgjm6rpr,8,0.08203125,-0.8359375,-0.8359375,1174.1328125,1174.1328125,0.2265625,0,30.595478057861328,4.608355489559472,-211.56960262750326,249.88168746546694,-4614.512802324797,1e-06,0.08885597383916097
b01-stage1,/data-1/wandb_runs/MATH-B01_STAGE1-QWEN3-1P7B-V1/wandb/offline-run-20260720_120644-hgjm6rpr,9,0.08984375,-0.8203125,-0.8203125,1099.423828125,1099.423828125,0.20703125,0,36.91638946533203,11.640363479033113,-241.44597531027264,227.91362975703345,-4693.595977359348,1e-06,0.08852288700967467
b01-stage1,/data-1/wandb_runs/MATH-B01_STAGE1-QWEN3-1P7B-V1/wandb/offline-run-20260720_120644-hgjm6rpr,10,0.0859375,-0.828125,-0.828125,1108.66015625,1108.66015625,0.216796875,0,34.59477233886719,5.875063908984885,-129.48594669832124,234.47833132743835,-3639.642740223143,1e-06,0.08921363437536943
b01-stage1,/data-1/wandb_runs/MATH-B01_STAGE1-QWEN3-1P7B-V1/wandb/offline-run-20260720_120644-hgjm6rpr,11,0.1171875,-0.765625,-0.765625,1138.40625,1138.40625,0.216796875,0,30.821054458618164,-7.276308928849176,-377.87597192588606,149.466072860517,-5273.420356348941,1e-06,0.08719779070166533
b01-stage1,/data-1/wandb_runs/MATH-B01_STAGE1-QWEN3-1P7B-V1/wandb/offline-run-20260720_120644-hgjm6rpr,12,0.0859375,-0.828125,-0.828125,1048.84765625,1048.84765625,0.1953125,0,26.371580123901367,3.2694451099960133,-294.87494733929634,187.85471283064948,-4827.296512497796,1e-06,0.0861462473591916
b01-stage1,/data-1/wandb_runs/MATH-B01_STAGE1-QWEN3-1P7B-V1/wandb/offline-run-20260720_120644-hgjm6rpr,13,0.123046875,-0.75390625,-0.75390625,1060.419921875,1060.419921875,0.201171875,0,26.802810668945312,-5.006859733955935,-190.17012137875838,189.12390861791724,-3792.940191521364,1e-06,0.08957221701103084
b01-stage1,/data-1/wandb_runs/MATH-B01_STAGE1-QWEN3-1P7B-V1/wandb/offline-run-20260720_120644-hgjm6rpr,14,0.099609375,-0.80078125,-0.80078125,944.373046875,944.373046875,0.171875,0,34.03756332397461,26.80153448251076,-155.60262712091208,332.282288685441,-4878.849107325077,1e-06,0.08669108079470597
b01-stage1,/data-1/wandb_runs/MATH-B01_STAGE1-QWEN3-1P7B-V1/wandb/offline-run-20260720_120644-hgjm6rpr,15,0.083984375,-0.83203125,-0.83203125,1001.84375,1001.84375,0.181640625,0,28.087953567504883,-0.19227555830730125,-413.2249656196903,119.06707236346077,-5322.920301212984,1e-06,0.08589179901453328
b01-stage1,/data-1/wandb_runs/MATH-B01_STAGE1-QWEN3-1P7B-V1/wandb/offline-run-20260720_120644-hgjm6rpr,16,0.109375,-0.78125,-0.78125,943.716796875,943.716796875,0.173828125,0,35.15349578857422,5.502968835877255,-278.4648978933692,176.52232345938683,-4549.8721505999565,1e-06,0.08663441562506194
b01-stage1,/data-1/wandb_runs/MATH-B01_STAGE1-QWEN3-1P7B-V1/wandb/offline-run-20260720_120644-hgjm6rpr,17,0.076171875,-0.84765625,-0.84765625,896.4140625,896.4140625,0.162109375,0,35.59416961669922,3.164775451179594,-122.72845508257548,224.69463025728862,-3474.230774561564,1e-06,0.08847895709128854
b01-stage1,/data-1/wandb_runs/MATH-B01_STAGE1-QWEN3-1P7B-V1/wandb/offline-run-20260720_120644-hgjm6rpr,18,0.109375,-0.78125,-0.78125,724.990234375,724.990234375,0.1171875,0,37.17285919189453,8.736240309197456,-280.8185636997223,201.1078332754282,-4819.263907359196,1e-06,0.08495141058248014
b01-stage1,/data-1/wandb_runs/MATH-B01_STAGE1-QWEN3-1P7B-V1/wandb/offline-run-20260720_120644-hgjm6rpr,19,0.1015625,-0.796875,-0.796875,813.322265625,813.322265625,0.138671875,0,34.90119171142578,8.734462775057182,-355.62731389488494,122.49651367323739,-4781.238184520176,1e-06,0.08685933837678134
b01-stage1,/data-1/wandb_runs/MATH-B01_STAGE1-QWEN3-1P7B-V1/wandb/offline-run-20260720_120644-hgjm6rpr,20,0.119140625,-0.76171875,-0.76171875,812.81640625,812.81640625,0.14453125,0,36.06476593017578,19.473190975841135,-338.48913545267925,152.63691369124822,-4911.260398353849,1e-06,0.08645439440760114
b01-stage1,/data-1/wandb_runs/MATH-B01_STAGE1-QWEN3-1P7B-V1/wandb/offline-run-20260720_120644-hgjm6rpr,21,0.08203125,-0.8359375,-0.8359375,892.556640625,892.556640625,0.15625,0,28.976877212524414,10.305425931233913,-143.335546429952,319.45089015960696,-4627.8642384211225,1e-06,0.08724291453590934
b01-stage1,/data-1/wandb_runs/MATH-B01_STAGE1-QWEN3-1P7B-V1/wandb/offline-run-20260720_120644-hgjm6rpr,22,0.1796875,-0.640625,-0.640625,773.68359375,773.68359375,0.12890625,0,41.84983444213867,42.90108136553317,26.420648373090305,384.1865150378301,-3577.658583347614,1e-06,0.08790582478420082
b01-stage1,/data-1/wandb_runs/MATH-B01_STAGE1-QWEN3-1P7B-V1/wandb/offline-run-20260720_120644-hgjm6rpr,23,0.095703125,-0.80859375,-0.80859375,769.521484375,769.521484375,0.125,0,26.645845413208008,-0.3558154655620456,-257.5408685888563,222.4609352009637,-4800.017960820879,1e-06,0.08398711481098739
b01-stage1,/data-1/wandb_runs/MATH-B01_STAGE1-QWEN3-1P7B-V1/wandb/offline-run-20260720_120644-hgjm6rpr,24,0.083984375,-0.83203125,-0.83203125,744.970703125,744.970703125,0.119140625,0,29.63334846496582,2.114513681444805,-225.4948869416347,167.00992364149826,-3925.0480316785665,1e-06,0.08610081135696922
b01-stage1,/data-1/wandb_runs/MATH-B01_STAGE1-QWEN3-1P7B-V1/wandb/offline-run-20260720_120644-hgjm6rpr,25,0.158203125,-0.68359375,-0.68359375,702.0234375,702.0234375,0.109375,0,27.036521911621094,12.812108802609146,-21.837840263660137,356.24250866816595,-3780.8034378198477,1e-06,0.08329227457175493
b01-stage1,/data-1/wandb_runs/MATH-B01_STAGE1-QWEN3-1P7B-V1/wandb/offline-run-20260720_120644-hgjm6rpr,26,0.158203125,-0.68359375,-0.68359375,713.275390625,713.275390625,0.111328125,0,29.612472534179688,15.846640291623771,-43.2041581594027,310.4696292693798,-3536.737820111788,1e-06,0.08403477543726232
b01-stage1,/data-1/wandb_runs/MATH-B01_STAGE1-QWEN3-1P7B-V1/wandb/offline-run-20260720_120644-hgjm6rpr,27,0.1171875,-0.765625,-0.765625,693.091796875,693.091796875,0.10546875,0,34.19173812866211,7.413776462897658,-169.65376551946005,177.5704000989596,-3472.241605977217,1e-06,0.08760862642809068
b01-stage1,/data-1/wandb_runs/MATH-B01_STAGE1-QWEN3-1P7B-V1/wandb/offline-run-20260720_120644-hgjm6rpr,28,0.126953125,-0.74609375,-0.74609375,692.87109375,692.87109375,0.1015625,0,32.07087707519531,11.439033595146611,-204.01740446686745,174.05926789840063,-3780.766662041346,1e-06,0.08730622747256966
b01-stage1,/data-1/wandb_runs/MATH-B01_STAGE1-QWEN3-1P7B-V1/wandb/offline-run-20260720_120644-hgjm6rpr,29,0.107421875,-0.78515625,-0.78515625,602.21875,602.21875,0.080078125,0,32.04379653930664,10.265911590773612,-176.10180939327586,185.69303571094167,-3617.948388186368,1e-06,0.08473561873900935
b01-stage1,/data-1/wandb_runs/MATH-B01_STAGE1-QWEN3-1P7B-V1/wandb/offline-run-20260720_120644-hgjm6rpr,30,0.11328125,-0.7734375,-0.7734375,554.81640625,554.81640625,0.076171875,0,44.86650085449219,31.970804844982922,-99.91158320903779,217.07578644752502,-3169.8736375808717,1e-06,0.08611165111129793
b01-stage1,/data-1/wandb_runs/MATH-B01_STAGE1-QWEN3-1P7B-V1/wandb/offline-run-20260720_120644-hgjm6rpr,31,0.10546875,-0.7890625,-0.7890625,537.89453125,537.89453125,0.068359375,0,30.48472023010254,12.056705297436565,-190.08915350437164,199.14338326454163,-3892.3253281593325,1e-06,0.08486083459065033
b01-stage1,/data-1/wandb_runs/MATH-B01_STAGE1-QWEN3-1P7B-V1/wandb/offline-run-20260720_120644-hgjm6rpr,32,0.181640625,-0.63671875,-0.63671875,460.072265625,460.072265625,0.0546875,0,38.28483581542969,37.352345636929385,220.12124860948987,455.2548524008857,-2351.336004787021,1e-06,0.08391447774109873
b01-stage1,/data-1/wandb_runs/MATH-B01_STAGE1-QWEN3-1P7B-V1/wandb/offline-run-20260720_120644-hgjm6rpr,33,0.134765625,-0.73046875,-0.73046875,552.814453125,552.814453125,0.076171875,0,34.363037109375,12.380968956043944,-159.4472244858742,121.99439647197724,-2814.416186904907,1e-06,0.08641371616272725
b01-stage1,/data-1/wandb_runs/MATH-B01_STAGE1-QWEN3-1P7B-V1/wandb/offline-run-20260720_120644-hgjm6rpr,34,0.12109375,-0.7578125,-0.7578125,506.791015625,506.791015625,0.064453125,0,26.79114532470703,-2.8030659332871437,-300.976268863678,44.54144515991211,-3455.1770816802978,1e-06,0.0830229845108428
b01-stage1,/data-1/wandb_runs/MATH-B01_STAGE1-QWEN3-1P7B-V1/wandb/offline-run-20260720_120644-hgjm6rpr,35,0.11328125,-0.7734375,-0.7734375,530.64453125,530.64453125,0.0703125,0,42.24236297607422,32.643552912864834,-51.24036793708801,294.7674903154373,-3460.0785371780394,1e-06,0.08549915447300105
b01-stage1,/data-1/wandb_runs/MATH-B01_STAGE1-QWEN3-1P7B-V1/wandb/offline-run-20260720_120644-hgjm6rpr,36,0.142578125,-0.71484375,-0.71484375,443.478515625,443.478515625,0.04296875,0,29.366512298583984,18.521884517977014,76.1578391260571,314.0715699725681,-2379.1372886233858,1e-06,0.08343750579936819
b01-stage1,/data-1/wandb_runs/MATH-B01_STAGE1-QWEN3-1P7B-V1/wandb/offline-run-20260720_120644-hgjm6rpr,37,0.12109375,-0.7578125,-0.7578125,508.02734375,508.02734375,0.06640625,0,25.844005584716797,7.658494942821562,-107.25628139972687,199.2221663713455,-3064.784422302246,1e-06,0.08345713560496723
b01-stage1,/data-1/wandb_runs/MATH-B01_STAGE1-QWEN3-1P7B-V1/wandb/offline-run-20260720_120644-hgjm6rpr,38,0.16015625,-0.6796875,-0.6796875,387.033203125,387.033203125,0.03125,0,27.70929527282715,7.248560423497111,-121.47555169463158,93.2219220995903,-2146.974708557129,1e-06,0.08288079777087422
b01-stage1,/data-1/wandb_runs/MATH-B01_STAGE1-QWEN3-1P7B-V1/wandb/offline-run-20260720_120644-hgjm6rpr,39,0.138671875,-0.72265625,-0.72265625,525.783203125,525.783203125,0.05859375,0,36.745182037353516,8.859923984855413,-166.5370008945465,103.09737226963043,-2696.3437021255495,1e-06,0.08385874378487937
b01-stage1,/data-1/wandb_runs/MATH-B01_STAGE1-QWEN3-1P7B-V1/wandb/offline-run-20260720_120644-hgjm6rpr,40,0.109375,-0.78125,-0.78125,509.533203125,509.533203125,0.05078125,0,33.86399841308594,17.89933309610933,-109.62988743782043,167.70579221248627,-2773.356743431091,1e-06,0.08191480708958196
b0-stage1-control,/data-1/wandb_runs/MATH-B0_STAGE1_CONTROL-QWEN3-1P7B-V1/wandb/offline-run-20260720_145125-ff97gwwf,1,0.154296875,-0.69140625,-0.69140625,501.138671875,501.138671875,0.048828125,0,37.05083465576172,32.360914770979434,411.60553777217865,411.60553777217865,-2188.6682827949526,1e-06,0.08263737509506273
b0-stage1-control,/data-1/wandb_runs/MATH-B0_STAGE1_CONTROL-QWEN3-1P7B-V1/wandb/offline-run-20260720_145125-ff97gwwf,2,0.16796875,-0.6640625,-0.6640625,505.685546875,505.685546875,0.05859375,0,35.595062255859375,28.467502601910383,269.5313140630722,269.5313140630722,-2288.0275758743287,1e-06,0.08338268938558238
b0-stage1-control,/data-1/wandb_runs/MATH-B0_STAGE1_CONTROL-QWEN3-1P7B-V1/wandb/offline-run-20260720_145125-ff97gwwf,3,0.134765625,-0.73046875,-0.73046875,459.419921875,459.419921875,0.044921875,0,24.914873123168945,14.501872997265309,224.39949875407748,224.39949875407748,-2637.582851409912,1e-06,0.08392494770614459
b0-stage1-control,/data-1/wandb_runs/MATH-B0_STAGE1_CONTROL-QWEN3-1P7B-V1/wandb/offline-run-20260720_145125-ff97gwwf,4,0.134765625,-0.73046875,-0.73046875,553.232421875,553.232421875,0.05078125,0,31.640792846679688,23.65968717355281,392.43221196261317,392.43221196261317,-2181.8383754383435,1e-06,0.08235087045374827
b0-stage1-control,/data-1/wandb_runs/MATH-B0_STAGE1_CONTROL-QWEN3-1P7B-V1/wandb/offline-run-20260720_145125-ff97gwwf,5,0.16796875,-0.6640625,-0.6640625,477.998046875,477.998046875,0.05078125,0,34.75889205932617,34.06659446749836,214.80143321885004,214.80143321885004,-2753.3659817907546,1e-06,0.08591958302156692
b0-stage1-control,/data-1/wandb_runs/MATH-B0_STAGE1_CONTROL-QWEN3-1P7B-V1/wandb/offline-run-20260720_145125-ff97gwwf,6,0.1875,-0.625,-0.625,463.81640625,463.81640625,0.048828125,0,38.41785430908203,31.601358227431774,271.4324706925286,271.4324706925286,-2327.6494902504814,1e-06,0.08441090839139441
b0-stage1-control,/data-1/wandb_runs/MATH-B0_STAGE1_CONTROL-QWEN3-1P7B-V1/wandb/offline-run-20260720_145125-ff97gwwf,7,0.162109375,-0.67578125,-0.67578125,416.9375,416.9375,0.0390625,0,40.304718017578125,43.39739331277087,439.49470204777185,439.49470204777185,-1900.0892056359185,1e-06,0.08000522690697029
b0-stage1-control,/data-1/wandb_runs/MATH-B0_STAGE1_CONTROL-QWEN3-1P7B-V1/wandb/offline-run-20260720_145125-ff97gwwf,8,0.115234375,-0.76953125,-0.76953125,473.9453125,473.9453125,0.05078125,0,32.077877044677734,23.526414459571242,155.83487854003906,155.83487854003906,-2173.517287826538,1e-06,0.08082990921398187
b0-stage1-control,/data-1/wandb_runs/MATH-B0_STAGE1_CONTROL-QWEN3-1P7B-V1/wandb/offline-run-20260720_145125-ff97gwwf,9,0.16796875,-0.6640625,-0.6640625,408.064453125,408.064453125,0.03515625,0,31.583372116088867,27.05152959562838,173.13166561722755,173.13166561722755,-1812.6748452186584,1e-06,0.08587587633288374
b0-stage1-control,/data-1/wandb_runs/MATH-B0_STAGE1_CONTROL-QWEN3-1P7B-V1/wandb/offline-run-20260720_145125-ff97gwwf,10,0.138671875,-0.72265625,-0.72265625,436.146484375,436.146484375,0.037109375,0,36.042137145996094,21.698408296797425,131.05097058084277,131.05097058084277,-2483.928987926907,1e-06,0.08303710431865831
b0-stage1-control,/data-1/wandb_runs/MATH-B0_STAGE1_CONTROL-QWEN3-1P7B-V1/wandb/offline-run-20260720_145125-ff97gwwf,11,0.20703125,-0.5859375,-0.5859375,419.0625,419.0625,0.03515625,0,22.811767578125,17.49950085580349,138.67656313048468,138.67656313048468,-2038.6612306170994,1e-06,0.0794367394046929
b0-stage1-control,/data-1/wandb_runs/MATH-B0_STAGE1_CONTROL-QWEN3-1P7B-V1/wandb/offline-run-20260720_145125-ff97gwwf,12,0.166015625,-0.66796875,-0.66796875,405.05859375,405.05859375,0.02734375,0,26.14125633239746,14.58039015904069,98.17283058166504,98.17283058166504,-1697.361881494522,1e-06,0.08604070806457031
b0-stage1-control,/data-1/wandb_runs/MATH-B0_STAGE1_CONTROL-QWEN3-1P7B-V1/wandb/offline-run-20260720_145125-ff97gwwf,13,0.166015625,-0.66796875,-0.66796875,513.662109375,513.662109375,0.052734375,0,24.246091842651367,18.00540839601308,216.65693991184236,216.65693991184236,-2410.7700295448303,1e-06,0.08428226609234966
b0-stage1-control,/data-1/wandb_runs/MATH-B0_STAGE1_CONTROL-QWEN3-1P7B-V1/wandb/offline-run-20260720_145125-ff97gwwf,14,0.158203125,-0.68359375,-0.68359375,465.59765625,465.59765625,0.05078125,0,35.88849639892578,29.746928490232676,237.3483202457428,237.3483202457428,-2144.565044615004,1e-06,0.0857318354115088
b0-stage1-control,/data-1/wandb_runs/MATH-B0_STAGE1_CONTROL-QWEN3-1P7B-V1/wandb/offline-run-20260720_145125-ff97gwwf,15,0.19921875,-0.6015625,-0.6015625,437.513671875,437.513671875,0.0390625,0,33.228729248046875,26.92677608784288,244.5639570819007,244.5639570819007,-2575.167071448432,1e-06,0.08158323962913437
b0-stage1-control,/data-1/wandb_runs/MATH-B0_STAGE1_CONTROL-QWEN3-1P7B-V1/wandb/offline-run-20260720_145125-ff97gwwf,16,0.181640625,-0.63671875,-0.63671875,377.228515625,377.228515625,0.0234375,0,33.31766128540039,21.16361114056781,166.1837898492813,166.1837898492813,-1449.8276770114899,1e-06,0.08302006531044487
b0-stage1-control,/data-1/wandb_runs/MATH-B0_STAGE1_CONTROL-QWEN3-1P7B-V1/wandb/offline-run-20260720_145125-ff97gwwf,17,0.1328125,-0.734375,-0.734375,453.072265625,453.072265625,0.046875,0,35.89365768432617,22.174044978804886,229.44214985105725,229.44214985105725,-2322.449388609992,1e-06,0.0849555762475955
b0-stage1-control,/data-1/wandb_runs/MATH-B0_STAGE1_CONTROL-QWEN3-1P7B-V1/wandb/offline-run-20260720_145125-ff97gwwf,18,0.1640625,-0.671875,-0.671875,420.09375,420.09375,0.03515625,0,38.84257888793945,39.015014720615,247.44530918863086,247.44530918863086,-1912.5325626797146,1e-06,0.07996696350800829
b0-stage1-control,/data-1/wandb_runs/MATH-B0_STAGE1_CONTROL-QWEN3-1P7B-V1/wandb/offline-run-20260720_145125-ff97gwwf,19,0.169921875,-0.66015625,-0.66015625,473.044921875,473.044921875,0.04296875,0,29.99892807006836,17.748580157291144,138.9454626083374,138.9454626083374,-1845.9464608192443,1e-06,0.08108919410798102
b0-stage1-control,/data-1/wandb_runs/MATH-B0_STAGE1_CONTROL-QWEN3-1P7B-V1/wandb/offline-run-20260720_145125-ff97gwwf,20,0.15234375,-0.6953125,-0.6953125,407.939453125,407.939453125,0.03125,0,40.9915771484375,24.454801267478615,189.4225129286448,189.4225129286448,-1216.013753467136,1e-06,0.07993864539919138
b0-stage1-control,/data-1/wandb_runs/MATH-B0_STAGE1_CONTROL-QWEN3-1P7B-V1/wandb/offline-run-20260720_145125-ff97gwwf,21,0.267578125,-0.46484375,-0.46484375,339.626953125,339.626953125,0.025390625,0,26.80623435974121,22.458650965243578,163.4629468023777,163.4629468023777,-1558.9171177744865,1e-06,0.07875421950537576
b0-stage1-control,/data-1/wandb_runs/MATH-B0_STAGE1_CONTROL-QWEN3-1P7B-V1/wandb/offline-run-20260720_145125-ff97gwwf,22,0.166015625,-0.66796875,-0.66796875,471.0078125,471.0078125,0.037109375,0,39.76595687866211,25.717572351917624,226.97243107689752,226.97243107689752,-1428.9868901040818,1e-06,0.08611111937409881
b0-stage1-control,/data-1/wandb_runs/MATH-B0_STAGE1_CONTROL-QWEN3-1P7B-V1/wandb/offline-run-20260720_145125-ff97gwwf,23,0.1796875,-0.640625,-0.640625,472.41796875,472.41796875,0.03515625,0,36.16963577270508,33.63389639323577,194.81314396858215,194.81314396858215,-1854.3740243911743,1e-06,0.08547014329840938
b0-stage1-control,/data-1/wandb_runs/MATH-B0_STAGE1_CONTROL-QWEN3-1P7B-V1/wandb/offline-run-20260720_145125-ff97gwwf,24,0.2265625,-0.546875,-0.546875,432.38671875,432.38671875,0.033203125,0,28.3674259185791,28.895064094802365,231.0959167348014,231.0959167348014,-1606.2138562732273,1e-06,0.08128741183596457
b0-stage1-control,/data-1/wandb_runs/MATH-B0_STAGE1_CONTROL-QWEN3-1P7B-V1/wandb/offline-run-20260720_145125-ff97gwwf,25,0.18359375,-0.6328125,-0.6328125,513.296875,513.296875,0.048828125,0,35.73798370361328,27.082147077657282,159.62409913539886,159.62409913539886,-1626.934348487854,1e-06,0.08369316673220384
b0-stage1-control,/data-1/wandb_runs/MATH-B0_STAGE1_CONTROL-QWEN3-1P7B-V1/wandb/offline-run-20260720_145125-ff97gwwf,26,0.1171875,-0.765625,-0.765625,423.75,423.75,0.037109375,0,25.52385902404785,12.445325354579836,74.18069709671869,74.18069709671869,-1779.366398493449,1e-06,0.08047312156459141
b0-stage1-control,/data-1/wandb_runs/MATH-B0_STAGE1_CONTROL-QWEN3-1P7B-V1/wandb/offline-run-20260720_145125-ff97gwwf,27,0.220703125,-0.55859375,-0.55859375,456.669921875,456.669921875,0.033203125,0,33.06756591796875,21.801503812894225,259.0460367732578,259.0460367732578,-1444.8656300438774,1e-06,0.0839971020757408
b0-stage1-control,/data-1/wandb_runs/MATH-B0_STAGE1_CONTROL-QWEN3-1P7B-V1/wandb/offline-run-20260720_145125-ff97gwwf,28,0.208984375,-0.58203125,-0.58203125,433.11328125,433.11328125,0.033203125,0,30.68627166748047,23.465962402988225,295.0876324441698,295.0876324441698,-1152.4975490570068,1e-06,0.08303303025184709
b0-stage1-control,/data-1/wandb_runs/MATH-B0_STAGE1_CONTROL-QWEN3-1P7B-V1/wandb/offline-run-20260720_145125-ff97gwwf,29,0.23046875,-0.5390625,-0.5390625,388.865234375,388.865234375,0.017578125,0,38.37774658203125,25.429941283538938,183.55054730176926,183.55054730176926,-1335.217029094696,1e-06,0.08375329820481864
b0-stage1-control,/data-1/wandb_runs/MATH-B0_STAGE1_CONTROL-QWEN3-1P7B-V1/wandb/offline-run-20260720_145125-ff97gwwf,30,0.146484375,-0.70703125,-0.70703125,411.97265625,411.97265625,0.01953125,0,48.23981475830078,33.73148332629353,249.96562710404396,249.96562710404396,-1328.3492732048035,1e-06,0.08546725072188087
b0-stage1-control,/data-1/wandb_runs/MATH-B0_STAGE1_CONTROL-QWEN3-1P7B-V1/wandb/offline-run-20260720_145125-ff97gwwf,31,0.181640625,-0.63671875,-0.63671875,440.892578125,440.892578125,0.025390625,0,43.58244323730469,31.532140131574124,282.923453145557,282.923453145557,-825.2974135610792,1e-06,0.08221318085992443
b0-stage1-control,/data-1/wandb_runs/MATH-B0_STAGE1_CONTROL-QWEN3-1P7B-V1/wandb/offline-run-20260720_145125-ff97gwwf,32,0.20703125,-0.5859375,-0.5859375,458.720703125,458.720703125,0.037109375,0,43.18317794799805,32.57292937859893,251.61657290988498,251.61657290988498,-1699.7460759480794,1e-06,0.08537884015465819
b0-stage1-control,/data-1/wandb_runs/MATH-B0_STAGE1_CONTROL-QWEN3-1P7B-V1/wandb/offline-run-20260720_145125-ff97gwwf,33,0.216796875,-0.56640625,-0.56640625,554.09375,554.09375,0.04296875,0,40.91106414794922,33.4486185843125,236.94119760990142,236.94119760990142,-1230.8774913787843,1e-06,0.08641980168611657
b0-stage1-control,/data-1/wandb_runs/MATH-B0_STAGE1_CONTROL-QWEN3-1P7B-V1/wandb/offline-run-20260720_145125-ff97gwwf,34,0.2421875,-0.515625,-0.515625,520.8984375,520.8984375,0.041015625,0,40.5870475769043,31.5158726926893,330.3260196208954,330.3260196208954,-1124.5973950386046,1e-06,0.0853843074280835
b0-stage1-control,/data-1/wandb_runs/MATH-B0_STAGE1_CONTROL-QWEN3-1P7B-V1/wandb/offline-run-20260720_145125-ff97gwwf,35,0.212890625,-0.57421875,-0.57421875,529.21484375,529.21484375,0.046875,0,42.831546783447266,35.3516751350835,240.38470542430878,240.38470542430878,-1410.9952580451966,1e-06,0.085108698278376
b0-stage1-control,/data-1/wandb_runs/MATH-B0_STAGE1_CONTROL-QWEN3-1P7B-V1/wandb/offline-run-20260720_145125-ff97gwwf,36,0.244140625,-0.51171875,-0.51171875,571.005859375,571.005859375,0.044921875,0,41.72911071777344,31.411339617334306,293.5932791883295,293.5932791883295,-1310.6229861432855,1e-06,0.08257674141396765
b0-stage1-control,/data-1/wandb_runs/MATH-B0_STAGE1_CONTROL-QWEN3-1P7B-V1/wandb/offline-run-20260720_145125-ff97gwwf,37,0.2734375,-0.453125,-0.453125,494.744140625,494.744140625,0.03515625,0,41.63719940185547,31.474402450490743,248.57994553777905,248.57994553777905,-1312.754215982225,1e-06,0.08584100504177172
b0-stage1-control,/data-1/wandb_runs/MATH-B0_STAGE1_CONTROL-QWEN3-1P7B-V1/wandb/offline-run-20260720_145125-ff97gwwf,38,0.1953125,-0.609375,-0.609375,690.677734375,690.677734375,0.0703125,0,51.62127685546875,38.327523248270154,227.74790604909262,227.74790604909262,-1298.5187164942424,1e-06,0.08752728031789213
b0-stage1-control,/data-1/wandb_runs/MATH-B0_STAGE1_CONTROL-QWEN3-1P7B-V1/wandb/offline-run-20260720_145125-ff97gwwf,39,0.25390625,-0.4921875,-0.4921875,509.759765625,509.759765625,0.03125,0,39.9556770324707,33.80295524559915,365.026448392868,365.026448392868,-847.0533424377442,1e-06,0.08406166173242316
b0-stage1-control,/data-1/wandb_runs/MATH-B0_STAGE1_CONTROL-QWEN3-1P7B-V1/wandb/offline-run-20260720_145125-ff97gwwf,40,0.333984375,-0.33203125,-0.33203125,571.6484375,571.6484375,0.041015625,0,44.016944885253906,36.55775342928246,262.09667403047735,262.09667403047735,-1019.2280456369573,1e-06,0.0819315217214585
b0-stage1-control,/data-1/wandb_runs/MATH-B0_STAGE1_CONTROL-QWEN3-1P7B-V1/wandb/offline-run-20260720_145125-ff97gwwf,41,0.287109375,-0.42578125,-0.42578125,696.65234375,696.65234375,0.05859375,0,51.27448654174805,50.067181423306465,344.6361695925395,344.6361695925395,-1237.337733189265,1e-06,0.0874976084917091
b0-stage1-control,/data-1/wandb_runs/MATH-B0_STAGE1_CONTROL-QWEN3-1P7B-V1/wandb/offline-run-20260720_145125-ff97gwwf,42,0.302734375,-0.39453125,-0.39453125,876.9140625,876.9140625,0.083984375,0,51.458648681640625,50.14031018735841,333.72698953946434,333.72698953946434,-1343.9937863032023,1e-06,0.08767918318160928
b0-stage1-control,/data-1/wandb_runs/MATH-B0_STAGE1_CONTROL-QWEN3-1P7B-V1/wandb/offline-run-20260720_145125-ff97gwwf,43,0.310546875,-0.37890625,-0.37890625,722.892578125,722.892578125,0.060546875,0,42.34296798706055,35.26196397840977,305.01362641041095,305.01362641041095,-1073.6486359376174,1e-06,0.08480941888279639
b0-stage1-control,/data-1/wandb_runs/MATH-B0_STAGE1_CONTROL-QWEN3-1P7B-V1/wandb/offline-run-20260720_145125-ff97gwwf,44,0.357421875,-0.28515625,-0.28515625,943.6171875,943.6171875,0.08984375,0,61.95916748046875,65.00349676981568,433.0977272838354,433.0977272838354,-1103.7921135127544,1e-06,0.0864273818268115
b0-stage1-control,/data-1/wandb_runs/MATH-B0_STAGE1_CONTROL-QWEN3-1P7B-V1/wandb/offline-run-20260720_145125-ff97gwwf,45,0.40234375,-0.1953125,-0.1953125,768.01953125,768.01953125,0.06640625,0,41.98112106323242,38.84011429361999,255.15434023050162,255.15434023050162,-1123.4913289730366,1e-06,0.08769095755321771
b0-stage1-control,/data-1/wandb_runs/MATH-B0_STAGE1_CONTROL-QWEN3-1P7B-V1/wandb/offline-run-20260720_145125-ff97gwwf,46,0.392578125,-0.21484375,-0.21484375,941.66015625,941.66015625,0.083984375,0,47.85137176513672,51.369031831622124,361.3247475326061,361.3247475326061,-1206.5608316659927,1e-06,0.08610154753110841
b0-stage1-control,/data-1/wandb_runs/MATH-B0_STAGE1_CONTROL-QWEN3-1P7B-V1/wandb/offline-run-20260720_145125-ff97gwwf,47,0.408203125,-0.18359375,-0.18359375,1007.86328125,1007.86328125,0.095703125,0,54.12343978881836,55.13915643747896,385.57645957610185,385.57645957610185,-1262.8487043380737,1e-06,0.08658317248422936
b0-stage1-control,/data-1/wandb_runs/MATH-B0_STAGE1_CONTROL-QWEN3-1P7B-V1/wandb/offline-run-20260720_145125-ff97gwwf,48,0.412109375,-0.17578125,-0.17578125,1241.044921875,1241.044921875,0.146484375,0,43.25109100341797,51.44586240500212,280.53166229724883,280.53166229724883,-1275.2159332156182,1e-06,0.08872366043563776
b0-stage1-control,/data-1/wandb_runs/MATH-B0_STAGE1_CONTROL-QWEN3-1P7B-V1/wandb/offline-run-20260720_145125-ff97gwwf,49,0.46875,-0.0625,-0.0625,1179.26171875,1179.26171875,0.09765625,0,46.67644500732422,57.61386587098241,357.70982310646457,357.70982310646457,-1163.9077000868947,1e-06,0.08775782480331432
b0-stage1-control,/data-1/wandb_runs/MATH-B0_STAGE1_CONTROL-QWEN3-1P7B-V1/wandb/offline-run-20260720_145125-ff97gwwf,50,0.5625,0.125,0.125,1159.076171875,1159.076171875,0.087890625,0,44.33049392700195,56.802009396255016,351.3235856106407,351.3235856106407,-1152.8390364395946,1e-06,0.08728028845910646
b0-stage1-control,/data-1/wandb_runs/MATH-B0_STAGE1_CONTROL-QWEN3-1P7B-V1/wandb/offline-run-20260720_145125-ff97gwwf,51,0.490234375,-0.01953125,-0.01953125,1380.84765625,1380.84765625,0.158203125,0,37.47942352294922,48.17395154759288,310.7910290197893,310.7910290197893,-1229.024393493479,1e-06,0.08857525260604424
b0-stage1-control,/data-1/wandb_runs/MATH-B0_STAGE1_CONTROL-QWEN3-1P7B-V1/wandb/offline-run-20260720_145125-ff97gwwf,52,0.521484375,0.04296875,0.04296875,1253.5546875,1253.5546875,0.10546875,0,40.897830963134766,51.54846836999059,319.7218714237213,319.7218714237213,-1048.71742310524,1e-06,0.08797939351771941
b0-stage1-control,/data-1/wandb_runs/MATH-B0_STAGE1_CONTROL-QWEN3-1P7B-V1/wandb/offline-run-20260720_145125-ff97gwwf,53,0.578125,0.15625,0.15625,1485.490234375,1485.490234375,0.158203125,0,39.78389358520508,58.97957711946219,388.0792766964954,388.0792766964954,-1303.2439499108689,1e-06,0.08975721163578343
b0-stage1-control,/data-1/wandb_runs/MATH-B0_STAGE1_CONTROL-QWEN3-1P7B-V1/wandb/offline-run-20260720_145125-ff97gwwf,54,0.494140625,-0.01171875,-0.01171875,1419.267578125,1419.267578125,0.1640625,0,36.511756896972656,50.208956135902554,290.8411992010863,290.8411992010863,-1354.3719819525013,1e-06,0.08760927676741499
b0-stage1-control,/data-1/wandb_runs/MATH-B0_STAGE1_CONTROL-QWEN3-1P7B-V1/wandb/offline-run-20260720_145125-ff97gwwf,55,0.59375,0.1875,0.1875,1376.314453125,1376.314453125,0.134765625,0,39.686279296875,55.859015949070454,367.59013028578323,367.59013028578323,-1251.8598797646437,1e-06,0.08743180884478907
b0-stage1-control,/data-1/wandb_runs/MATH-B0_STAGE1_CONTROL-QWEN3-1P7B-V1/wandb/offline-run-20260720_145125-ff97gwwf,56,0.603515625,0.20703125,0.20703125,1743.1328125,1743.1328125,0.203125,0,36.875099182128906,54.97464870661497,343.3334153140033,343.3334153140033,-1219.123380837617,1e-06,0.08919044883707516
b0-stage1-control,/data-1/wandb_runs/MATH-B0_STAGE1_CONTROL-QWEN3-1P7B-V1/wandb/offline-run-20260720_145125-ff97gwwf,57,0.564453125,0.12890625,0.12890625,1606.5703125,1606.5703125,0.162109375,0,37.54601287841797,55.4610656183213,334.8112134361267,334.8112134361267,-1400.1777927207947,1e-06,0.08896649693683081
b0-stage1-control,/data-1/wandb_runs/MATH-B0_STAGE1_CONTROL-QWEN3-1P7B-V1/wandb/offline-run-20260720_145125-ff97gwwf,58,0.599609375,0.19921875,0.19921875,1656.591796875,1656.591796875,0.166015625,0,37.28732681274414,59.86035964824259,356.7428221885975,356.7428221885975,-1217.7429439654718,1e-06,0.08815627610109952
b0-stage1-control,/data-1/wandb_runs/MATH-B0_STAGE1_CONTROL-QWEN3-1P7B-V1/wandb/offline-run-20260720_145125-ff97gwwf,59,0.65234375,0.3046875,0.3046875,1694.462890625,1694.462890625,0.212890625,0,34.395809173583984,51.39519726764411,306.1101327400941,306.1101327400941,-1406.0760421386133,1e-06,0.09017439211442843
b0-stage1-control,/data-1/wandb_runs/MATH-B0_STAGE1_CONTROL-QWEN3-1P7B-V1/wandb/offline-run-20260720_145125-ff97gwwf,60,0.6484375,0.296875,0.296875,1759.810546875,1759.810546875,0.162109375,0,36.461273193359375,64.95901232212782,403.5638865718135,403.5638865718135,-1136.6221431891124,1e-06,0.08969766670840504
b01-stage1-control,/data-1/wandb_runs/MATH-B01_STAGE1_CONTROL-QWEN3-1P7B-V1/wandb/offline-run-20260720_185340-q87i1zop,1,0.1484375,-0.703125,-0.703125,425.87890625,425.87890625,0.0390625,0,27.316543579101562,8.72272465750575,-102.28342302640279,99.46648783153958,-2017.4990768432617,1e-06,0.08011763831274946
b01-stage1-control,/data-1/wandb_runs/MATH-B01_STAGE1_CONTROL-QWEN3-1P7B-V1/wandb/offline-run-20260720_185340-q87i1zop,2,0.16015625,-0.6796875,-0.6796875,458.19921875,458.19921875,0.04296875,0,28.542156219482422,8.633904109243304,-151.966922627555,107.59814257091946,-2595.6505964067246,1e-06,0.08349020987436735
b01-stage1-control,/data-1/wandb_runs/MATH-B01_STAGE1_CONTROL-QWEN3-1P7B-V1/wandb/offline-run-20260720_185340-q87i1zop,3,0.12109375,-0.7578125,-0.7578125,438.314453125,438.314453125,0.044921875,0,31.827816009521484,9.983160289004445,-125.75482198927138,109.41543417506747,-2351.702501508925,1e-06,0.08063721427565759
b01-stage1-control,/data-1/wandb_runs/MATH-B01_STAGE1_CONTROL-QWEN3-1P7B-V1/wandb/offline-run-20260720_185340-q87i1zop,4,0.1328125,-0.734375,-0.734375,462.576171875,462.576171875,0.046875,0,31.20120620727539,12.245046657975763,78.61027503013611,285.8380329608917,-2072.2775152921677,1e-06,0.07856977737887538
b01-stage1-control,/data-1/wandb_runs/MATH-B01_STAGE1_CONTROL-QWEN3-1P7B-V1/wandb/offline-run-20260720_185340-q87i1zop,5,0.154296875,-0.69140625,-0.69140625,455.337890625,455.337890625,0.046875,0,32.03179168701172,22.07351150061004,-103.08584177494049,183.50861676534018,-2865.9445306989883,1e-06,0.08320310529665909
b01-stage1-control,/data-1/wandb_runs/MATH-B01_STAGE1_CONTROL-QWEN3-1P7B-V1/wandb/offline-run-20260720_185340-q87i1zop,6,0.154296875,-0.69140625,-0.69140625,391.130859375,391.130859375,0.03125,0,29.204696655273438,10.858187472447753,-31.8547120988369,140.49644216895103,-1723.511503458023,1e-06,0.0823444195141075
b01-stage1-control,/data-1/wandb_runs/MATH-B01_STAGE1_CONTROL-QWEN3-1P7B-V1/wandb/offline-run-20260720_185340-q87i1zop,7,0.150390625,-0.69921875,-0.69921875,412.623046875,412.623046875,0.041015625,0,32.63582229614258,18.83838085376192,157.686755515635,377.1891760826111,-2195.0241607427597,1e-06,0.08569191661155678
b01-stage1-control,/data-1/wandb_runs/MATH-B01_STAGE1_CONTROL-QWEN3-1P7B-V1/wandb/offline-run-20260720_185340-q87i1zop,8,0.107421875,-0.78515625,-0.78515625,418.669921875,418.669921875,0.029296875,0,31.41674041748047,12.680748308543116,31.971496264139812,211.44154246648154,-1794.7004546059502,1e-06,0.08005994954569852
b01-stage1-control,/data-1/wandb_runs/MATH-B01_STAGE1_CONTROL-QWEN3-1P7B-V1/wandb/offline-run-20260720_185340-q87i1zop,9,0.13671875,-0.7265625,-0.7265625,397.84765625,397.84765625,0.04296875,0,35.74345779418945,22.328022449510172,156.2528715878725,378.7251779139042,-2224.723031640053,1e-06,0.083763038269912
b01-stage1-control,/data-1/wandb_runs/MATH-B01_STAGE1_CONTROL-QWEN3-1P7B-V1/wandb/offline-run-20260720_185340-q87i1zop,10,0.16015625,-0.6796875,-0.6796875,357.529296875,357.529296875,0.02734375,0,32.77973556518555,14.359223725041375,30.737147971987724,185.33978986740112,-1546.0263804197311,1e-06,0.07992495141406152
b01-stage1-control,/data-1/wandb_runs/MATH-B01_STAGE1_CONTROL-QWEN3-1P7B-V1/wandb/offline-run-20260720_185340-q87i1zop,11,0.19140625,-0.6171875,-0.6171875,409.83203125,409.83203125,0.041015625,0,34.01139450073242,16.97295168833807,-113.25198963284492,153.3063200712204,-2665.5830528736115,1e-06,0.08450681627705746
b01-stage1-control,/data-1/wandb_runs/MATH-B01_STAGE1_CONTROL-QWEN3-1P7B-V1/wandb/offline-run-20260720_185340-q87i1zop,12,0.173828125,-0.65234375,-0.65234375,401.083984375,401.083984375,0.041015625,0,33.6734733581543,19.204615731490776,44.14720530807972,253.79027834534645,-2096.430709004402,1e-06,0.08503470390892717
b01-stage1-control,/data-1/wandb_runs/MATH-B01_STAGE1_CONTROL-QWEN3-1P7B-V1/wandb/offline-run-20260720_185340-q87i1zop,13,0.15625,-0.6875,-0.6875,401.39453125,401.39453125,0.0390625,0,31.0018310546875,18.993270048405975,-74.51376920938492,161.12154909968376,-2356.35316324234,1e-06,0.08483194501034057
b01-stage1-control,/data-1/wandb_runs/MATH-B01_STAGE1_CONTROL-QWEN3-1P7B-V1/wandb/offline-run-20260720_185340-q87i1zop,14,0.150390625,-0.69921875,-0.69921875,439.451171875,439.451171875,0.0390625,0,31.287790298461914,16.72686704620719,290.68808216518823,462.60874462127686,-1719.2065993414985,1e-06,0.08197771813897109
b01-stage1-control,/data-1/wandb_runs/MATH-B01_STAGE1_CONTROL-QWEN3-1P7B-V1/wandb/offline-run-20260720_185340-q87i1zop,15,0.18359375,-0.6328125,-0.6328125,459.919921875,459.919921875,0.04296875,0,34.98395538330078,16.820103662787005,-69.37460731135474,149.42399507098727,-2187.985982047187,1e-06,0.08323053268254958
b01-stage1-control,/data-1/wandb_runs/MATH-B01_STAGE1_CONTROL-QWEN3-1P7B-V1/wandb/offline-run-20260720_185340-q87i1zop,16,0.162109375,-0.67578125,-0.67578125,404.349609375,404.349609375,0.03515625,0,42.18270492553711,23.28216828184668,50.336068607866764,201.02649503946304,-1506.9042701721191,1e-06,0.085200886306834
b01-stage1-control,/data-1/wandb_runs/MATH-B01_STAGE1_CONTROL-QWEN3-1P7B-V1/wandb/offline-run-20260720_185340-q87i1zop,17,0.13671875,-0.7265625,-0.7265625,360.046875,360.046875,0.02734375,0,30.20878028869629,8.291862548561767,-36.1639468818903,102.32339304685593,-1384.873382806778,1e-06,0.08061646004269073
b01-stage1-control,/data-1/wandb_runs/MATH-B01_STAGE1_CONTROL-QWEN3-1P7B-V1/wandb/offline-run-20260720_185340-q87i1zop,18,0.166015625,-0.66796875,-0.66796875,446.74609375,446.74609375,0.04296875,0,36.702735900878906,21.5145123321563,110.32236221101549,299.4444177415636,-1891.220534324646,1e-06,0.0824017445674938
b01-stage1-control,/data-1/wandb_runs/MATH-B01_STAGE1_CONTROL-QWEN3-1P7B-V1/wandb/offline-run-20260720_185340-q87i1zop,19,0.173828125,-0.65234375,-0.65234375,483.4453125,483.4453125,0.05078125,0,35.04048156738281,14.862551487982273,42.89595191478729,211.28781208992004,-1683.9185864448548,1e-06,0.08152562188220547
b01-stage1-control,/data-1/wandb_runs/MATH-B01_STAGE1_CONTROL-QWEN3-1P7B-V1/wandb/offline-run-20260720_185340-q87i1zop,20,0.123046875,-0.75390625,-0.75390625,392.556640625,392.556640625,0.033203125,0,31.142358779907227,8.983603027183563,-55.03738236427307,126.55185810724895,-1815.8923671510483,1e-06,0.07761311405257729
b01-stage1-control,/data-1/wandb_runs/MATH-B01_STAGE1_CONTROL-QWEN3-1P7B-V1/wandb/offline-run-20260720_185340-q87i1zop,21,0.234375,-0.53125,-0.53125,354.525390625,354.525390625,0.02734375,0,31.289445877075195,15.408672508783638,14.331694394350052,154.63203287124634,-1403.0033559799194,1e-06,0.07968261380952732
b01-stage1-control,/data-1/wandb_runs/MATH-B01_STAGE1_CONTROL-QWEN3-1P7B-V1/wandb/offline-run-20260720_185340-q87i1zop,22,0.150390625,-0.69921875,-0.69921875,432.998046875,432.998046875,0.04296875,0,34.94619369506836,13.021126521984115,217.47495822111765,393.0304028722975,-1755.554419623481,1e-06,0.08171993591500631
b01-stage1-control,/data-1/wandb_runs/MATH-B01_STAGE1_CONTROL-QWEN3-1P7B-V1/wandb/offline-run-20260720_185340-q87i1zop,23,0.154296875,-0.69140625,-0.69140625,383.572265625,383.572265625,0.025390625,0,33.89917755126953,13.369647989515215,175.5083192884922,344.75607669353485,-1692.4775533676147,1e-06,0.08239399602094243
b01-stage1-control,/data-1/wandb_runs/MATH-B01_STAGE1_CONTROL-QWEN3-1P7B-V1/wandb/offline-run-20260720_185340-q87i1zop,24,0.2265625,-0.546875,-0.546875,384.693359375,384.693359375,0.0234375,0,36.307647705078125,17.12656870856881,188.52684611082077,307.5935269296169,-1190.6667865514755,1e-06,0.08226266472160823
b01-stage1-control,/data-1/wandb_runs/MATH-B01_STAGE1_CONTROL-QWEN3-1P7B-V1/wandb/offline-run-20260720_185340-q87i1zop,25,0.177734375,-0.64453125,-0.64453125,385.166015625,385.166015625,0.015625,0,44.00678253173828,29.93085368676111,183.7662770152092,311.3404413461685,-1275.741615831852,1e-06,0.08199759375741669
b01-stage1-control,/data-1/wandb_runs/MATH-B01_STAGE1_CONTROL-QWEN3-1P7B-V1/wandb/offline-run-20260720_185340-q87i1zop,26,0.134765625,-0.73046875,-0.73046875,389.845703125,389.845703125,0.025390625,0,37.14797592163086,16.729561327956617,17.06143343448639,151.64609688520432,-1345.8466114997864,1e-06,0.08297047656321113
b01-stage1-control,/data-1/wandb_runs/MATH-B01_STAGE1_CONTROL-QWEN3-1P7B-V1/wandb/offline-run-20260720_185340-q87i1zop,27,0.166015625,-0.66796875,-0.66796875,365.77734375,365.77734375,0.021484375,0,34.67662811279297,16.691984712611884,233.763059258461,337.0744286477566,-1033.1136717796326,1e-06,0.07939075342364019
b01-stage1-control,/data-1/wandb_runs/MATH-B01_STAGE1_CONTROL-QWEN3-1P7B-V1/wandb/offline-run-20260720_185340-q87i1zop,28,0.220703125,-0.55859375,-0.55859375,431.7265625,431.7265625,0.037109375,0,40.71354675292969,19.465819333214313,104.41566342777676,286.21972285376654,-1818.0405747625564,1e-06,0.0819729055364415
b01-stage1-control,/data-1/wandb_runs/MATH-B01_STAGE1_CONTROL-QWEN3-1P7B-V1/wandb/offline-run-20260720_185340-q87i1zop,29,0.1875,-0.625,-0.625,450.53125,450.53125,0.03125,0,42.0558967590332,29.50481841666624,154.84707074695163,299.21321577495996,-1443.6614300409954,1e-06,0.08345413497962156
b01-stage1-control,/data-1/wandb_runs/MATH-B01_STAGE1_CONTROL-QWEN3-1P7B-V1/wandb/offline-run-20260720_185340-q87i1zop,30,0.154296875,-0.69140625,-0.69140625,431.2890625,431.2890625,0.02734375,0,57.51762771606445,48.775111954659224,267.52696175045435,409.6951434877184,-1421.6818015840317,1e-06,0.08002115169994706
b01-stage1-control,/data-1/wandb_runs/MATH-B01_STAGE1_CONTROL-QWEN3-1P7B-V1/wandb/offline-run-20260720_185340-q87i1zop,31,0.154296875,-0.69140625,-0.69140625,443.986328125,443.986328125,0.041015625,0,37.757896423339844,15.53038258338347,56.45593343840705,176.38070252206592,-1199.2476709153916,1e-06,0.08211613224094771
b01-stage1-control,/data-1/wandb_runs/MATH-B01_STAGE1_CONTROL-QWEN3-1P7B-V1/wandb/offline-run-20260720_185340-q87i1zop,32,0.2109375,-0.578125,-0.578125,464.03125,464.03125,0.03125,0,47.53850173950195,24.97495779581368,118.98237991333008,255.15281703737048,-1361.7043447494507,1e-06,0.08510948842568516
b01-stage1-control,/data-1/wandb_runs/MATH-B01_STAGE1_CONTROL-QWEN3-1P7B-V1/wandb/offline-run-20260720_185340-q87i1zop,33,0.21875,-0.5625,-0.5625,465.03515625,465.03515625,0.0390625,0,46.31858444213867,26.658811499830335,66.36496437920465,218.0942747592926,-1517.2930920918782,1e-06,0.08306342951159812
b01-stage1-control,/data-1/wandb_runs/MATH-B01_STAGE1_CONTROL-QWEN3-1P7B-V1/wandb/offline-run-20260720_185340-q87i1zop,34,0.248046875,-0.50390625,-0.50390625,469.51953125,469.51953125,0.03515625,0,41.71628952026367,28.151858306489885,96.31864953041077,213.91138097974988,-1175.9272912343342,1e-06,0.08568895917569894
b01-stage1-control,/data-1/wandb_runs/MATH-B01_STAGE1_CONTROL-QWEN3-1P7B-V1/wandb/offline-run-20260720_185340-q87i1zop,35,0.21484375,-0.5703125,-0.5703125,502.68359375,502.68359375,0.046875,0,51.30270004272461,41.476979525526986,203.06602095365525,325.4585047245026,-1223.9248168945312,1e-06,0.08155535654609394
b01-stage1-control,/data-1/wandb_runs/MATH-B01_STAGE1_CONTROL-QWEN3-1P7B-V1/wandb/offline-run-20260720_185340-q87i1zop,36,0.25390625,-0.4921875,-0.4921875,495.380859375,495.380859375,0.0390625,0,42.14185333251953,26.507402608636767,107.92557003498078,241.94306919574737,-1340.174972820282,1e-06,0.08056572627911729
b01-stage1-control,/data-1/wandb_runs/MATH-B01_STAGE1_CONTROL-QWEN3-1P7B-V1/wandb/offline-run-20260720_185340-q87i1zop,37,0.296875,-0.40625,-0.40625,537.076171875,537.076171875,0.0390625,0,51.80229568481445,33.50020140159177,158.5185084015131,261.86763272285464,-1033.4912433624268,1e-06,0.08316374731642963
b01-stage1-control,/data-1/wandb_runs/MATH-B01_STAGE1_CONTROL-QWEN3-1P7B-V1/wandb/offline-run-20260720_185340-q87i1zop,38,0.21484375,-0.5703125,-0.5703125,757.845703125,757.845703125,0.08203125,0,46.278770446777344,26.872736068442464,68.05205754133371,203.85404632641718,-1358.019854912391,1e-06,0.08653602941387462
b01-stage1-control,/data-1/wandb_runs/MATH-B01_STAGE1_CONTROL-QWEN3-1P7B-V1/wandb/offline-run-20260720_185340-q87i1zop,39,0.251953125,-0.49609375,-0.49609375,546.30078125,546.30078125,0.044921875,0,48.6405029296875,28.117513272329234,98.88787867426872,222.32795276641846,-1234.4007100582123,1e-06,0.08649678781663164
b01-stage1-control,/data-1/wandb_runs/MATH-B01_STAGE1_CONTROL-QWEN3-1P7B-V1/wandb/offline-run-20260720_185340-q87i1zop,40,0.345703125,-0.30859375,-0.30859375,650.779296875,650.779296875,0.04296875,0,48.871185302734375,40.12613150663674,260.1416748762131,364.81478412946063,-1046.731070836385,1e-06,0.08260763855077605
b01-stage1-control,/data-1/wandb_runs/MATH-B01_STAGE1_CONTROL-QWEN3-1P7B-V1/wandb/offline-run-20260720_185340-q87i1zop,41,0.298828125,-0.40234375,-0.40234375,836.849609375,836.849609375,0.078125,0,60.248565673828125,50.42110506352037,245.658728156771,361.3944322041103,-1157.357027087893,1e-06,0.08702250087430882
b01-stage1-control,/data-1/wandb_runs/MATH-B01_STAGE1_CONTROL-QWEN3-1P7B-V1/wandb/offline-run-20260720_185340-q87i1zop,42,0.337890625,-0.32421875,-0.32421875,847.828125,847.828125,0.056640625,0,47.282413482666016,39.290378579869866,221.68590087890624,317.85399424235027,-961.6809155782064,1e-06,0.08475305904226423
b01-stage1-control,/data-1/wandb_runs/MATH-B01_STAGE1_CONTROL-QWEN3-1P7B-V1/wandb/offline-run-20260720_185340-q87i1zop,43,0.38671875,-0.2265625,-0.2265625,870.498046875,870.498046875,0.07421875,0,45.4754524230957,44.59657023381442,236.63370819091796,339.1246286392212,-1024.909194691976,1e-06,0.08517763302940418
b01-stage1-control,/data-1/wandb_runs/MATH-B01_STAGE1_CONTROL-QWEN3-1P7B-V1/wandb/offline-run-20260720_185340-q87i1zop,44,0.404296875,-0.19140625,-0.19140625,1177.880859375,1177.880859375,0.1171875,0,49.581607818603516,56.99912057071924,273.46878239983005,399.0520206752576,-1255.8323780486458,1e-06,0.08711289229368929
b01-stage1-control,/data-1/wandb_runs/MATH-B01_STAGE1_CONTROL-QWEN3-1P7B-V1/wandb/offline-run-20260720_185340-q87i1zop,45,0.470703125,-0.05859375,-0.05859375,1108.671875,1108.671875,0.12109375,0,43.69328308105469,39.383744077757,142.9251557853487,271.1886596017414,-1282.6350231435563,1e-06,0.0874954683151223
b01-stage1-control,/data-1/wandb_runs/MATH-B01_STAGE1_CONTROL-QWEN3-1P7B-V1/wandb/offline-run-20260720_185340-q87i1zop,46,0.435546875,-0.12890625,-0.12890625,1084.736328125,1084.736328125,0.09765625,0,43.92063903808594,48.26029154082062,303.75603881975013,404.4593005180359,-1007.0326037142012,1e-06,0.0858186612276832
b01-stage1-control,/data-1/wandb_runs/MATH-B01_STAGE1_CONTROL-QWEN3-1P7B-V1/wandb/offline-run-20260720_185340-q87i1zop,47,0.4375,-0.125,-0.125,1071.177734375,1071.177734375,0.107421875,0,44.224178314208984,40.88319483399391,190.77603144115872,302.78416485256616,-1120.0813270542358,1e-06,0.08570237235784314
b01-stage1-control,/data-1/wandb_runs/MATH-B01_STAGE1_CONTROL-QWEN3-1P7B-V1/wandb/offline-run-20260720_185340-q87i1zop,48,0.443359375,-0.11328125,-0.11328125,1361.232421875,1361.232421875,0.15234375,0,45.55546569824219,47.8089668340981,224.72200085900047,349.76330386508596,-1250.4130146936936,1e-06,0.08714556624901518
b01-stage1-control,/data-1/wandb_runs/MATH-B01_STAGE1_CONTROL-QWEN3-1P7B-V1/wandb/offline-run-20260720_185340-q87i1zop,49,0.50390625,0.0078125,0.0078125,1312.115234375,1312.115234375,0.123046875,0,36.539451599121094,38.661852044053376,160.8078866913205,292.5684379395984,-1317.6054714180175,1e-06,0.08704871084237586
b01-stage1-control,/data-1/wandb_runs/MATH-B01_STAGE1_CONTROL-QWEN3-1P7B-V1/wandb/offline-run-20260720_185340-q87i1zop,50,0.591796875,0.18359375,0.18359375,1250.921875,1250.921875,0.08984375,0,45.451560974121094,49.38122717104852,273.0610155582428,385.58245422840116,-1125.214369869232,1e-06,0.08637975892467102
b01-stage1-control,/data-1/wandb_runs/MATH-B01_STAGE1_CONTROL-QWEN3-1P7B-V1/wandb/offline-run-20260720_185340-q87i1zop,51,0.544921875,0.08984375,0.08984375,1439.466796875,1439.466796875,0.15234375,0,35.18457794189453,40.17594291875139,206.56771466006404,324.31505319346553,-1177.4733704898667,1e-06,0.08724403281404355
b01-stage1-control,/data-1/wandb_runs/MATH-B01_STAGE1_CONTROL-QWEN3-1P7B-V1/wandb/offline-run-20260720_185340-q87i1zop,52,0.580078125,0.16015625,0.16015625,1266.05078125,1266.05078125,0.10546875,0,37.72035598754883,39.91735244728625,191.20652985572815,299.5242018699646,-1083.176710855961,1e-06,0.087630102854803
b01-stage1-control,/data-1/wandb_runs/MATH-B01_STAGE1_CONTROL-QWEN3-1P7B-V1/wandb/offline-run-20260720_185340-q87i1zop,53,0.62890625,0.2578125,0.2578125,1476.654296875,1476.654296875,0.134765625,0,39.3941535949707,52.40160814858973,270.18521354509437,380.32765937888104,-1101.4244385594907,1e-06,0.08803599800370504
b01-stage1-control,/data-1/wandb_runs/MATH-B01_STAGE1_CONTROL-QWEN3-1P7B-V1/wandb/offline-run-20260720_185340-q87i1zop,54,0.541015625,0.08203125,0.08203125,1509.44921875,1509.44921875,0.16015625,0,36.76282501220703,41.64061379991472,212.47837511698404,340.0557316541672,-1275.7735554277897,1e-06,0.08745475979938203
b01-stage1-control,/data-1/wandb_runs/MATH-B01_STAGE1_CONTROL-QWEN3-1P7B-V1/wandb/offline-run-20260720_185340-q87i1zop,55,0.623046875,0.24609375,0.24609375,1513.66796875,1513.66796875,0.1484375,0,36.07232666015625,47.269258024170995,256.1180993715922,365.7733327150345,-1096.5523239672184,1e-06,0.08668915026140281
b01-stage1-control,/data-1/wandb_runs/MATH-B01_STAGE1_CONTROL-QWEN3-1P7B-V1/wandb/offline-run-20260720_185340-q87i1zop,56,0.607421875,0.21484375,0.21484375,1761.693359375,1761.693359375,0.21484375,0,35.065155029296875,42.81612720154226,201.8497746432269,318.42173583419236,-1165.7196033265855,1e-06,0.0888698247516892
b01-stage1-control,/data-1/wandb_runs/MATH-B01_STAGE1_CONTROL-QWEN3-1P7B-V1/wandb/offline-run-20260720_185340-q87i1zop,57,0.609375,0.21875,0.21875,1736.923828125,1736.923828125,0.169921875,0,38.83350372314453,48.15191511064768,241.79469543033176,367.66829070338497,-1258.7359320146065,1e-06,0.0880300002873889
b01-stage1-control,/data-1/wandb_runs/MATH-B01_STAGE1_CONTROL-QWEN3-1P7B-V1/wandb/offline-run-20260720_185340-q87i1zop,58,0.64453125,0.2890625,0.2890625,1742.923828125,1742.923828125,0.173828125,0,37.897769927978516,46.51041896361858,236.7266528694718,352.6999376791495,-1159.7328386483368,1e-06,0.08811243092773649
b01-stage1-control,/data-1/wandb_runs/MATH-B01_STAGE1_CONTROL-QWEN3-1P7B-V1/wandb/offline-run-20260720_185340-q87i1zop,59,0.673828125,0.34765625,0.34765625,1757.84765625,1757.84765625,0.216796875,0,31.391916275024414,37.06901052035391,151.93016465504965,286.6534581007781,-1347.232917185183,1e-06,0.08910563464545358
b01-stage1-control,/data-1/wandb_runs/MATH-B01_STAGE1_CONTROL-QWEN3-1P7B-V1/wandb/offline-run-20260720_185340-q87i1zop,60,0.673828125,0.34765625,0.34765625,1718.68359375,1718.68359375,0.140625,0,35.774749755859375,50.09002475254238,300.1401243739658,399.4870282632333,-993.4690149448536,1e-06,0.08758305469524796
b0-stage2-nokl,/data-1/wandb_runs/MATH-B0_STAGE2_NOKL-QWEN3-1P7B-V1/wandb/offline-run-20260721_015442-awihls2t,1,0.15625,-0.6875,-0.6875,406.865234375,406.865234375,0.03125,0,27.755125045776367,31.714421591721475,518.6306976212395,518.6306976212395,-1236.1687397427029,1e-06,0
b0-stage2-nokl,/data-1/wandb_runs/MATH-B0_STAGE2_NOKL-QWEN3-1P7B-V1/wandb/offline-run-20260721_015442-awihls2t,2,0.193359375,-0.61328125,-0.61328125,444.3359375,444.3359375,0.041015625,0,27.83976173400879,22.262831031810492,158.51800518565707,158.51800518565707,-2391.6079957750107,1e-06,0
b0-stage2-nokl,/data-1/wandb_runs/MATH-B0_STAGE2_NOKL-QWEN3-1P7B-V1/wandb/offline-run-20260721_015442-awihls2t,3,0.14453125,-0.7109375,-0.7109375,447.697265625,447.697265625,0.044921875,0,28.19243049621582,19.987025188282132,137.9746437602573,137.9746437602573,-2537.0418321821426,1e-06,0
b0-stage2-nokl,/data-1/wandb_runs/MATH-B0_STAGE2_NOKL-QWEN3-1P7B-V1/wandb/offline-run-20260721_015442-awihls2t,4,0.1328125,-0.734375,-0.734375,466.708984375,466.708984375,0.0390625,0,29.163249969482422,31.906492011621594,229.41232517030505,229.41232517030505,-1900.2228864034016,1e-06,0
b0-stage2-nokl,/data-1/wandb_runs/MATH-B0_STAGE2_NOKL-QWEN3-1P7B-V1/wandb/offline-run-20260721_015442-awihls2t,5,0.173828125,-0.65234375,-0.65234375,474.638671875,474.638671875,0.046875,0,29.143075942993164,25.58520619617775,445.0076532893711,445.0076532893711,-2179.8086632622612,1e-06,0
b0-stage2-nokl,/data-1/wandb_runs/MATH-B0_STAGE2_NOKL-QWEN3-1P7B-V1/wandb/offline-run-20260721_015442-awihls2t,6,0.166015625,-0.66796875,-0.66796875,468.015625,468.015625,0.044921875,0,24.327049255371094,18.68203057674691,106.42785382270813,106.42785382270813,-1819.5961604648166,1e-06,0
b0-stage2-nokl,/data-1/wandb_runs/MATH-B0_STAGE2_NOKL-QWEN3-1P7B-V1/wandb/offline-run-20260721_015442-awihls2t,7,0.21875,-0.5625,-0.5625,402.529296875,402.529296875,0.03125,0,28.911964416503906,27.55249217664823,313.8556595593691,313.8556595593691,-1601.5670611858368,1e-06,0
b0-stage2-nokl,/data-1/wandb_runs/MATH-B0_STAGE2_NOKL-QWEN3-1P7B-V1/wandb/offline-run-20260721_015442-awihls2t,8,0.119140625,-0.76171875,-0.76171875,493.6875,493.6875,0.052734375,0,27.873126983642578,26.134672112297267,172.40852956771852,172.40852956771852,-2331.9053889274596,1e-06,0
b0-stage2-nokl,/data-1/wandb_runs/MATH-B0_STAGE2_NOKL-QWEN3-1P7B-V1/wandb/offline-run-20260721_015442-awihls2t,9,0.154296875,-0.69140625,-0.69140625,351.564453125,351.564453125,0.025390625,0,24.392131805419922,15.12492420244962,111.11793905496597,111.11793905496597,-1471.133688569069,1e-06,0
b0-stage2-nokl,/data-1/wandb_runs/MATH-B0_STAGE2_NOKL-QWEN3-1P7B-V1/wandb/offline-run-20260721_015442-awihls2t,10,0.166015625,-0.66796875,-0.66796875,378.7734375,378.7734375,0.03125,0,22.273048400878906,21.955732976086438,143.39864945411682,143.39864945411682,-1665.147036075592,1e-06,0
b0-stage2-nokl,/data-1/wandb_runs/MATH-B0_STAGE2_NOKL-QWEN3-1P7B-V1/wandb/offline-run-20260721_015442-awihls2t,11,0.201171875,-0.59765625,-0.59765625,426.75390625,426.75390625,0.03515625,0,25.852563858032227,24.431776984594762,164.27331251568265,164.27331251568265,-2137.9857302771675,1e-06,0
b0-stage2-nokl,/data-1/wandb_runs/MATH-B0_STAGE2_NOKL-QWEN3-1P7B-V1/wandb/offline-run-20260721_015442-awihls2t,12,0.171875,-0.65625,-0.65625,365.8203125,365.8203125,0.029296875,0,32.57693099975586,45.52464855182916,344.0542826652527,344.0542826652527,-1157.7869188785553,1e-06,0
b0-stage2-nokl,/data-1/wandb_runs/MATH-B0_STAGE2_NOKL-QWEN3-1P7B-V1/wandb/offline-run-20260721_015442-awihls2t,13,0.16015625,-0.6796875,-0.6796875,423.939453125,423.939453125,0.03515625,0,24.645265579223633,15.888576990924776,91.38089436954922,91.38089436954922,-2005.406307220459,1e-06,0
b0-stage2-nokl,/data-1/wandb_runs/MATH-B0_STAGE2_NOKL-QWEN3-1P7B-V1/wandb/offline-run-20260721_015442-awihls2t,14,0.1796875,-0.640625,-0.640625,431.599609375,431.599609375,0.033203125,0,29.572111129760742,28.213413087185472,203.77789950370789,203.77789950370789,-2325.989594883389,1e-06,0
b0-stage2-nokl,/data-1/wandb_runs/MATH-B0_STAGE2_NOKL-QWEN3-1P7B-V1/wandb/offline-run-20260721_015442-awihls2t,15,0.201171875,-0.59765625,-0.59765625,363.453125,363.453125,0.025390625,0,21.11280632019043,16.68684535752982,115.7656538784504,115.7656538784504,-1585.9940727949142,1e-06,0
b0-stage2-nokl,/data-1/wandb_runs/MATH-B0_STAGE2_NOKL-QWEN3-1P7B-V1/wandb/offline-run-20260721_015442-awihls2t,16,0.224609375,-0.55078125,-0.55078125,413.130859375,413.130859375,0.033203125,0,28.84632110595703,24.51454915571958,208.53412294387817,208.53412294387817,-1627.0855224927266,1e-06,0
b0-stage2-nokl,/data-1/wandb_runs/MATH-B0_STAGE2_NOKL-QWEN3-1P7B-V1/wandb/offline-run-20260721_015442-awihls2t,17,0.1484375,-0.703125,-0.703125,423.8671875,423.8671875,0.03515625,0,31.618810653686523,32.4491069605574,203.57326838705274,203.57326838705274,-1571.3163765801323,1e-06,0
b0-stage2-nokl,/data-1/wandb_runs/MATH-B0_STAGE2_NOKL-QWEN3-1P7B-V1/wandb/offline-run-20260721_015442-awihls2t,18,0.205078125,-0.58984375,-0.58984375,434.66015625,434.66015625,0.03515625,0,26.235279083251953,29.4685838422738,242.74445790714688,242.74445790714688,-1637.2083165910508,1e-06,0
b0-stage2-nokl,/data-1/wandb_runs/MATH-B0_STAGE2_NOKL-QWEN3-1P7B-V1/wandb/offline-run-20260721_015442-awihls2t,19,0.197265625,-0.60546875,-0.60546875,391.669921875,391.669921875,0.0234375,0,39.0113525390625,37.624518242664635,263.509851872921,263.509851872921,-1440.175691485405,1e-06,0
b0-stage2-nokl,/data-1/wandb_runs/MATH-B0_STAGE2_NOKL-QWEN3-1P7B-V1/wandb/offline-run-20260721_015442-awihls2t,20,0.189453125,-0.62109375,-0.62109375,410.314453125,410.314453125,0.02734375,0,27.79852867126465,24.08509217016399,203.29772877693176,203.29772877693176,-1022.328511344062,1e-06,0
b0-stage2-m2kl,/data-1/wandb_runs/MATH-B0_STAGE2_M2KL-QWEN3-1P7B-V1/wandb/offline-run-20260721_063402-yok8mz8k,1,0.142578125,-0.71484375,-0.71484375,417.224609375,417.224609375,0.03515625,0,25.169553756713867,23.049818981438875,163.3074790901608,163.3074790901608,-1891.8966846466064,1e-06,0
b0-stage2-m2kl,/data-1/wandb_runs/MATH-B0_STAGE2_M2KL-QWEN3-1P7B-V1/wandb/offline-run-20260721_063402-yok8mz8k,2,0.171875,-0.65625,-0.65625,447.048828125,447.048828125,0.03515625,0,27.27576446533203,26.64573632925749,443.7705422507392,443.7705422507392,-1844.9369536505806,1e-06,0
b0-stage2-m2kl,/data-1/wandb_runs/MATH-B0_STAGE2_M2KL-QWEN3-1P7B-V1/wandb/offline-run-20260721_063402-yok8mz8k,3,0.107421875,-0.78515625,-0.78515625,425.3828125,425.3828125,0.037109375,0,24.083364486694336,13.220242145936936,79.40725506676569,79.40725506676569,-1874.1348917219375,1e-06,0
b0-stage2-m2kl,/data-1/wandb_runs/MATH-B0_STAGE2_M2KL-QWEN3-1P7B-V1/wandb/offline-run-20260721_063402-yok8mz8k,4,0.15625,-0.6875,-0.6875,492.96484375,492.96484375,0.048828125,0,53.51296615600586,31.970564464107156,188.36106476783752,188.36106476783752,-1985.366951751709,1e-06,0
b0-stage2-m2kl,/data-1/wandb_runs/MATH-B0_STAGE2_M2KL-QWEN3-1P7B-V1/wandb/offline-run-20260721_063402-yok8mz8k,5,0.150390625,-0.69921875,-0.69921875,411.09375,411.09375,0.03515625,0,31.64133071899414,21.568196391686797,267.0012222396003,267.0012222396003,-1834.4554951455857,1e-06,0
b0-stage2-m2kl,/data-1/wandb_runs/MATH-B0_STAGE2_M2KL-QWEN3-1P7B-V1/wandb/offline-run-20260721_063402-yok8mz8k,6,0.169921875,-0.66015625,-0.66015625,395.11328125,395.11328125,0.02734375,0,25.785621643066406,27.094276810064912,499.7102064192295,499.7102064192295,-1786.979630947113,1e-06,0
b0-stage2-m2kl,/data-1/wandb_runs/MATH-B0_STAGE2_M2KL-QWEN3-1P7B-V1/wandb/offline-run-20260721_063402-yok8mz8k,7,0.173828125,-0.65234375,-0.65234375,382.64453125,382.64453125,0.029296875,0,27.302223205566406,25.7154110041447,215.83270421624184,215.83270421624184,-1994.7983767390251,1e-06,0
b0-stage2-m2kl,/data-1/wandb_runs/MATH-B0_STAGE2_M2KL-QWEN3-1P7B-V1/wandb/offline-run-20260721_063402-yok8mz8k,8,0.11328125,-0.7734375,-0.7734375,420.5,420.5,0.0390625,0,30.512407302856445,28.68947828328237,241.72001820140414,241.72001820140414,-2117.2323116726348,1e-06,0
b0-stage2-m2kl,/data-1/wandb_runs/MATH-B0_STAGE2_M2KL-QWEN3-1P7B-V1/wandb/offline-run-20260721_063402-yok8mz8k,9,0.19140625,-0.6171875,-0.6171875,403.138671875,403.138671875,0.041015625,0,27.924407958984375,22.62286564707756,135.29008948802948,135.29008948802948,-2417.469093322754,1e-06,0
b0-stage2-m2kl,/data-1/wandb_runs/MATH-B0_STAGE2_M2KL-QWEN3-1P7B-V1/wandb/offline-run-20260721_063402-yok8mz8k,10,0.12890625,-0.7421875,-0.7421875,427.220703125,427.220703125,0.03125,0,26.887348175048828,18.023452933877707,121.68959466616313,121.68959466616313,-1981.5773651334976,1e-06,0
b0-stage2-m2kl,/data-1/wandb_runs/MATH-B0_STAGE2_M2KL-QWEN3-1P7B-V1/wandb/offline-run-20260721_063402-yok8mz8k,11,0.197265625,-0.60546875,-0.60546875,452.78125,452.78125,0.048828125,0,22.942604064941406,18.919072524178773,101.90026881959703,101.90026881959703,-2518.527201546563,1e-06,0
b0-stage2-m2kl,/data-1/wandb_runs/MATH-B0_STAGE2_M2KL-QWEN3-1P7B-V1/wandb/offline-run-20260721_063402-yok8mz8k,12,0.17578125,-0.6484375,-0.6484375,415.265625,415.265625,0.041015625,0,23.639787673950195,15.083541999105364,92.07428254021539,92.07428254021539,-1915.0519721772935,1e-06,0
b0-stage2-m2kl,/data-1/wandb_runs/MATH-B0_STAGE2_M2KL-QWEN3-1P7B-V1/wandb/offline-run-20260721_063402-yok8mz8k,13,0.18359375,-0.6328125,-0.6328125,516.68359375,516.68359375,0.052734375,0,29.873470306396484,23.73547764029354,209.63843743801118,209.63843743801118,-2142.666377544403,1e-06,0
b0-stage2-m2kl,/data-1/wandb_runs/MATH-B0_STAGE2_M2KL-QWEN3-1P7B-V1/wandb/offline-run-20260721_063402-yok8mz8k,14,0.171875,-0.65625,-0.65625,427.529296875,427.529296875,0.037109375,0,23.565793991088867,18.89533935021609,118.78154468536377,118.78154468536377,-2000.982377105289,1e-06,0
b0-stage2-m2kl,/data-1/wandb_runs/MATH-B0_STAGE2_M2KL-QWEN3-1P7B-V1/wandb/offline-run-20260721_063402-yok8mz8k,15,0.197265625,-0.60546875,-0.60546875,422.546875,422.546875,0.037109375,0,22.982635498046875,22.56206168793142,222.01491204897562,222.01491204897562,-2019.9132319556343,1e-06,0
b0-stage2-m2kl,/data-1/wandb_runs/MATH-B0_STAGE2_M2KL-QWEN3-1P7B-V1/wandb/offline-run-20260721_063402-yok8mz8k,16,0.171875,-0.65625,-0.65625,391.806640625,391.806640625,0.033203125,0,27.58211326599121,28.2493436220102,177.7417535483837,177.7417535483837,-1578.182120680809,1e-06,0
b0-stage2-m2kl,/data-1/wandb_runs/MATH-B0_STAGE2_M2KL-QWEN3-1P7B-V1/wandb/offline-run-20260721_063402-yok8mz8k,17,0.140625,-0.71875,-0.71875,432.796875,432.796875,0.0390625,0,30.58683967590332,21.892247647512704,136.1167232990265,136.1167232990265,-2212.4390983051726,1e-06,0
b0-stage2-m2kl,/data-1/wandb_runs/MATH-B0_STAGE2_M2KL-QWEN3-1P7B-V1/wandb/offline-run-20260721_063402-yok8mz8k,18,0.2109375,-0.578125,-0.578125,450.583984375,450.583984375,0.041015625,0,26.44967269897461,17.964919425547123,119.41621743308173,119.41621743308173,-1945.5425475438435,1e-06,0
b0-stage2-m2kl,/data-1/wandb_runs/MATH-B0_STAGE2_M2KL-QWEN3-1P7B-V1/wandb/offline-run-20260721_063402-yok8mz8k,19,0.177734375,-0.64453125,-0.64453125,438.322265625,438.322265625,0.03125,0,25.581708908081055,16.87725620949641,132.59184034665427,132.59184034665427,-1562.4507075415718,1e-06,0
b0-stage2-m2kl,/data-1/wandb_runs/MATH-B0_STAGE2_M2KL-QWEN3-1P7B-V1/wandb/offline-run-20260721_063402-yok8mz8k,20,0.1796875,-0.640625,-0.640625,417.4765625,417.4765625,0.037109375,0,28.678007125854492,21.41597124747932,292.9952216413286,292.9952216413286,-1410.6756814320881,1e-06,0
b01-stage2-nokl,/data-1/wandb_runs/MATH-B01_STAGE2_NOKL-QWEN3-1P7B-V1/wandb/offline-run-20260721_081159-an2jxml9,1,0.166015625,-0.66796875,-0.66796875,378.203125,378.203125,0.033203125,0,32.025238037109375,25.930838644038886,301.1733364164829,457.81477704644203,-1566.4143960475922,1e-06,0
b01-stage2-nokl,/data-1/wandb_runs/MATH-B01_STAGE2_NOKL-QWEN3-1P7B-V1/wandb/offline-run-20260721_081159-an2jxml9,2,0.18359375,-0.6328125,-0.6328125,454.703125,454.703125,0.048828125,0,29.792434692382812,20.90757227037102,-83.99759774737888,161.77178496784634,-2457.693791707357,1e-06,0
b01-stage2-nokl,/data-1/wandb_runs/MATH-B01_STAGE2_NOKL-QWEN3-1P7B-V1/wandb/offline-run-20260721_081159-an2jxml9,3,0.119140625,-0.76171875,-0.76171875,418.615234375,418.615234375,0.04296875,0,29.437822341918945,11.758745637256652,-142.63831022381783,112.04086929559708,-2546.791733264923,1e-06,0
b01-stage2-nokl,/data-1/wandb_runs/MATH-B01_STAGE2_NOKL-QWEN3-1P7B-V1/wandb/offline-run-20260721_081159-an2jxml9,4,0.138671875,-0.72265625,-0.72265625,501.96484375,501.96484375,0.05078125,0,25.576492309570312,13.977742234652396,-105.70941326916218,155.70864012241364,-2614.180485796928,1e-06,0
b01-stage2-nokl,/data-1/wandb_runs/MATH-B01_STAGE2_NOKL-QWEN3-1P7B-V1/wandb/offline-run-20260721_081159-an2jxml9,5,0.162109375,-0.67578125,-0.67578125,514.44140625,514.44140625,0.060546875,0,23.283153533935547,19.89903532527387,232.02491149902343,491.2218935966492,-2591.969711971283,1e-06,0
b01-stage2-nokl,/data-1/wandb_runs/MATH-B01_STAGE2_NOKL-QWEN3-1P7B-V1/wandb/offline-run-20260721_081159-an2jxml9,6,0.17578125,-0.6484375,-0.6484375,403.81640625,403.81640625,0.03515625,0,24.42095947265625,13.878178727347404,-52.929491966962814,133.07535934448242,-1860.0484597682953,1e-06,0
b01-stage2-nokl,/data-1/wandb_runs/MATH-B01_STAGE2_NOKL-QWEN3-1P7B-V1/wandb/offline-run-20260721_081159-an2jxml9,7,0.1640625,-0.671875,-0.671875,441.8125,441.8125,0.05078125,0,28.363306045532227,17.681134012527764,-96.59050787819757,163.16413153542413,-2597.5463202794394,1e-06,0
b01-stage2-nokl,/data-1/wandb_runs/MATH-B01_STAGE2_NOKL-QWEN3-1P7B-V1/wandb/offline-run-20260721_081159-an2jxml9,8,0.119140625,-0.76171875,-0.76171875,437.41015625,437.41015625,0.044921875,0,30.718624114990234,20.222942202351987,-39.73998286989,179.3414331012302,-2190.8141360812715,1e-06,0
b01-stage2-nokl,/data-1/wandb_runs/MATH-B01_STAGE2_NOKL-QWEN3-1P7B-V1/wandb/offline-run-20260721_081159-an2jxml9,9,0.201171875,-0.59765625,-0.59765625,441.7578125,441.7578125,0.048828125,0,27.159317016601562,15.982907194644213,144.76678540971545,382.3914671474033,-2376.2467686600157,1e-06,0
b01-stage2-nokl,/data-1/wandb_runs/MATH-B01_STAGE2_NOKL-QWEN3-1P7B-V1/wandb/offline-run-20260721_081159-an2jxml9,10,0.119140625,-0.76171875,-0.76171875,450.07421875,450.07421875,0.0390625,0,31.04839324951172,21.196778229787014,7.345293117894067,201.18041353755527,-1938.351179652744,1e-06,0
b01-stage2-nokl,/data-1/wandb_runs/MATH-B01_STAGE2_NOKL-QWEN3-1P7B-V1/wandb/offline-run-20260721_081159-an2jxml9,11,0.2109375,-0.578125,-0.578125,470.287109375,470.287109375,0.0546875,0,24.01711654663086,17.24821197008714,-57.45810765690274,195.9560919072893,-2534.1419513490464,1e-06,0
b01-stage2-nokl,/data-1/wandb_runs/MATH-B01_STAGE2_NOKL-QWEN3-1P7B-V1/wandb/offline-run-20260721_081159-an2jxml9,12,0.181640625,-0.63671875,-0.63671875,410.005859375,410.005859375,0.037109375,0,27.2081241607666,18.520608930382878,10.095877408981323,203.5671673350864,-1934.7128853268093,1e-06,0
b01-stage2-nokl,/data-1/wandb_runs/MATH-B01_STAGE2_NOKL-QWEN3-1P7B-V1/wandb/offline-run-20260721_081159-an2jxml9,13,0.16015625,-0.6796875,-0.6796875,428.50390625,428.50390625,0.046875,0,23.188079833984375,4.6245628274045885,-166.60240493880377,79.26492998335097,-2458.673292795817,1e-06,0
b01-stage2-nokl,/data-1/wandb_runs/MATH-B01_STAGE2_NOKL-QWEN3-1P7B-V1/wandb/offline-run-20260721_081159-an2jxml9,14,0.154296875,-0.69140625,-0.69140625,434.494140625,434.494140625,0.041015625,0,30.61748695373535,17.73643265827559,145.0283921427197,292.34976193639966,-1473.2136807441711,1e-06,0
b01-stage2-nokl,/data-1/wandb_runs/MATH-B01_STAGE2_NOKL-QWEN3-1P7B-V1/wandb/offline-run-20260721_081159-an2jxml9,15,0.181640625,-0.63671875,-0.63671875,391.0625,391.0625,0.029296875,0,27.688690185546875,9.05646728631109,-98.6842565536499,104.46592345833778,-2031.501767873764,1e-06,0
b01-stage2-nokl,/data-1/wandb_runs/MATH-B01_STAGE2_NOKL-QWEN3-1P7B-V1/wandb/offline-run-20260721_081159-an2jxml9,16,0.185546875,-0.62890625,-0.62890625,323.603515625,323.603515625,0.0234375,0,28.536474227905273,16.505305696744472,13.606940576008387,149.88634051595415,-1362.7939782823835,1e-06,0
b01-stage2-nokl,/data-1/wandb_runs/MATH-B01_STAGE2_NOKL-QWEN3-1P7B-V1/wandb/offline-run-20260721_081159-an2jxml9,17,0.103515625,-0.79296875,-0.79296875,401.373046875,401.373046875,0.02734375,0,29.713525772094727,9.69224258325994,-35.357402950525284,110.12627509236336,-1454.8367702960968,1e-06,0
b01-stage2-nokl,/data-1/wandb_runs/MATH-B01_STAGE2_NOKL-QWEN3-1P7B-V1/wandb/offline-run-20260721_081159-an2jxml9,18,0.154296875,-0.69140625,-0.69140625,415.6875,415.6875,0.037109375,0,23.59095001220703,11.63662483356893,-82.63353215323554,146.6943338976966,-2293.2786127726235,1e-06,0
b01-stage2-nokl,/data-1/wandb_runs/MATH-B01_STAGE2_NOKL-QWEN3-1P7B-V1/wandb/offline-run-20260721_081159-an2jxml9,19,0.197265625,-0.60546875,-0.60546875,361.91015625,361.91015625,0.01953125,0,26.235488891601562,21.319828804116696,102.75171986222267,208.46870678663254,-1057.1698393821716,1e-06,0
b01-stage2-nokl,/data-1/wandb_runs/MATH-B01_STAGE2_NOKL-QWEN3-1P7B-V1/wandb/offline-run-20260721_081159-an2jxml9,20,0.19140625,-0.6171875,-0.6171875,390.66015625,390.66015625,0.029296875,0,37.639610290527344,29.48014270933345,323.0019439160824,483.63748586177826,-1606.3553788661957,1e-06,0
b01-stage2-m2kl,/data-1/wandb_runs/MATH-B01_STAGE2_M2KL-QWEN3-1P7B-V1/wandb/offline-run-20260721_094527-gjdi3qu3,1,0.158203125,-0.68359375,-0.68359375,434.833984375,434.833984375,0.044921875,0,26.968687057495117,22.19478914188221,-16.941502544615005,199.03948585192362,-2159.8098737928603,1e-06,0
b01-stage2-m2kl,/data-1/wandb_runs/MATH-B01_STAGE2_M2KL-QWEN3-1P7B-V1/wandb/offline-run-20260721_094527-gjdi3qu3,2,0.15625,-0.6875,-0.6875,478.0625,478.0625,0.056640625,0,25.47943687438965,13.954807099653408,-21.690372003449333,275.76828882429334,-2974.5865546332466,1e-06,0
b01-stage2-m2kl,/data-1/wandb_runs/MATH-B01_STAGE2_M2KL-QWEN3-1P7B-V1/wandb/offline-run-20260721_094527-gjdi3qu3,3,0.134765625,-0.73046875,-0.73046875,516.98828125,516.98828125,0.064453125,0,25.910690307617188,5.091600505169481,-258.2364852190018,80.85032889842986,-3390.8680473327636,1e-06,0
b01-stage2-m2kl,/data-1/wandb_runs/MATH-B01_STAGE2_M2KL-QWEN3-1P7B-V1/wandb/offline-run-20260721_094527-gjdi3qu3,4,0.12890625,-0.7421875,-0.7421875,488.671875,488.671875,0.044921875,0,27.52176856994629,17.577870196197182,33.81698548793793,244.6005972623825,-2107.8360704422,1e-06,0
b01-stage2-m2kl,/data-1/wandb_runs/MATH-B01_STAGE2_M2KL-QWEN3-1P7B-V1/wandb/offline-run-20260721_094527-gjdi3qu3,5,0.154296875,-0.69140625,-0.69140625,490.84375,490.84375,0.052734375,0,24.032155990600586,8.716799712041393,-134.5145401822196,107.8481970363193,-2423.6273408465913,1e-06,0
b01-stage2-m2kl,/data-1/wandb_runs/MATH-B01_STAGE2_M2KL-QWEN3-1P7B-V1/wandb/offline-run-20260721_094527-gjdi3qu3,6,0.16015625,-0.6796875,-0.6796875,450.41796875,450.41796875,0.05078125,0,30.780052185058594,39.26884564990178,223.45403822263083,466.23091962602405,-2427.7688094245063,1e-06,0
b01-stage2-m2kl,/data-1/wandb_runs/MATH-B01_STAGE2_M2KL-QWEN3-1P7B-V1/wandb/offline-run-20260721_094527-gjdi3qu3,7,0.1875,-0.625,-0.625,467.255859375,467.255859375,0.0546875,0,24.554018020629883,10.4684693395684,-137.9335309581624,99.26425274213155,-2371.977806329727,1e-06,0
b01-stage2-m2kl,/data-1/wandb_runs/MATH-B01_STAGE2_M2KL-QWEN3-1P7B-V1/wandb/offline-run-20260721_094527-gjdi3qu3,8,0.115234375,-0.76953125,-0.76953125,424.994140625,424.994140625,0.041015625,0,34.602195739746094,22.443056537304074,137.81685116555957,326.2786184416877,-1884.6176412370469,1e-06,0
b01-stage2-m2kl,/data-1/wandb_runs/MATH-B01_STAGE2_M2KL-QWEN3-1P7B-V1/wandb/offline-run-20260721_094527-gjdi3qu3,9,0.1484375,-0.703125,-0.703125,359.208984375,359.208984375,0.02734375,0,28.674896240234375,12.554667165502906,60.38782474398613,152.34677278995514,-919.5894823074341,1e-06,0
b01-stage2-m2kl,/data-1/wandb_runs/MATH-B01_STAGE2_M2KL-QWEN3-1P7B-V1/wandb/offline-run-20260721_094527-gjdi3qu3,10,0.154296875,-0.69140625,-0.69140625,427.5546875,427.5546875,0.037109375,0,34.100303649902344,35.59101394470781,111.40886802143521,287.12200117111206,-1757.131283548143,1e-06,0
b01-stage2-m2kl,/data-1/wandb_runs/MATH-B01_STAGE2_M2KL-QWEN3-1P7B-V1/wandb/offline-run-20260721_094527-gjdi3qu3,11,0.208984375,-0.58203125,-0.58203125,407.81640625,407.81640625,0.04296875,0,25.908689498901367,13.717238705605268,-15.017169624567032,199.5292952954769,-2145.4646122455597,1e-06,0
b01-stage2-m2kl,/data-1/wandb_runs/MATH-B01_STAGE2_M2KL-QWEN3-1P7B-V1/wandb/offline-run-20260721_094527-gjdi3qu3,12,0.166015625,-0.66796875,-0.66796875,363.337890625,363.337890625,0.029296875,0,31.86006736755371,27.294973991869483,209.5766734816134,339.7242536842823,-1301.4757661223412,1e-06,0
b01-stage2-m2kl,/data-1/wandb_runs/MATH-B01_STAGE2_M2KL-QWEN3-1P7B-V1/wandb/offline-run-20260721_094527-gjdi3qu3,13,0.158203125,-0.68359375,-0.68359375,446.17578125,446.17578125,0.037109375,0,32.14080810546875,22.17563599953428,9.508097463183933,219.99281946818033,-2104.847195731269,1e-06,0
b01-stage2-m2kl,/data-1/wandb_runs/MATH-B01_STAGE2_M2KL-QWEN3-1P7B-V1/wandb/offline-run-20260721_094527-gjdi3qu3,14,0.134765625,-0.73046875,-0.73046875,458.37109375,458.37109375,0.0546875,0,28.700897216796875,16.609982731519267,-116.21069480313196,129.95186993810864,-2461.625603993734,1e-06,0
b01-stage2-m2kl,/data-1/wandb_runs/MATH-B01_STAGE2_M2KL-QWEN3-1P7B-V1/wandb/offline-run-20260721_094527-gjdi3qu3,15,0.208984375,-0.58203125,-0.58203125,420.4375,420.4375,0.0390625,0,25.731246948242188,12.511672318913043,101.71685279740228,277.8276144928402,-1761.1075854831272,1e-06,0
b01-stage2-m2kl,/data-1/wandb_runs/MATH-B01_STAGE2_M2KL-QWEN3-1P7B-V1/wandb/offline-run-20260721_094527-gjdi3qu3,16,0.1875,-0.625,-0.625,351.3125,351.3125,0.025390625,0,24.027141571044922,10.595256386790425,-41.79738989472389,119.12837845087051,-1609.257644891739,1e-06,0
b01-stage2-m2kl,/data-1/wandb_runs/MATH-B01_STAGE2_M2KL-QWEN3-1P7B-V1/wandb/offline-run-20260721_094527-gjdi3qu3,17,0.134765625,-0.73046875,-0.73046875,405.23828125,405.23828125,0.033203125,0,26.17901611328125,13.846689455676824,80.47730652491252,206.48971764246622,-1260.1240805519951,1e-06,0
b01-stage2-m2kl,/data-1/wandb_runs/MATH-B01_STAGE2_M2KL-QWEN3-1P7B-V1/wandb/offline-run-20260721_094527-gjdi3qu3,18,0.19140625,-0.6171875,-0.6171875,396.0234375,396.0234375,0.033203125,0,29.34731674194336,22.634542617946863,25.44805857539177,217.0106964111328,-1915.6263493299484,1e-06,0
b01-stage2-m2kl,/data-1/wandb_runs/MATH-B01_STAGE2_M2KL-QWEN3-1P7B-V1/wandb/offline-run-20260721_094527-gjdi3qu3,19,0.158203125,-0.68359375,-0.68359375,391.59765625,391.59765625,0.03515625,0,30.3674373626709,21.354792893398553,218.22181463241577,368.9383495118883,-1507.165319442749,1e-06,0
b01-stage2-m2kl,/data-1/wandb_runs/MATH-B01_STAGE2_M2KL-QWEN3-1P7B-V1/wandb/offline-run-20260721_094527-gjdi3qu3,20,0.1875,-0.625,-0.625,399.85546875,399.85546875,0.021484375,0,33.65851593017578,26.69937144126743,147.7968000471592,281.6413366496563,-1338.4453319311142,1e-06,0
b0-stage3-nokl-model1,/data-1/wandb_runs/MATH-B0_STAGE3_NOKL_MODEL1-QWEN3-1P7B-V1/wandb/offline-run-20260721_122449-86vcz7w0,1,0.146484375,-0.70703125,-0.70703125,636.5078125,636.5078125,0.09375,0,38.03154373168945,37.47157191764563,365.7027182181676,365.7027182181676,-3205.4019191066423,1e-06,0.08039863498762766
b0-stage3-nokl-model1,/data-1/wandb_runs/MATH-B0_STAGE3_NOKL_MODEL1-QWEN3-1P7B-V1/wandb/offline-run-20260721_122449-86vcz7w0,2,0.14453125,-0.7109375,-0.7109375,710.32421875,710.32421875,0.1171875,0,26.406938552856445,17.935798592399806,200.52228929446295,200.52228929446295,-3818.989513910734,1e-06,0.08294753572935379
b0-stage3-nokl-model1,/data-1/wandb_runs/MATH-B0_STAGE3_NOKL_MODEL1-QWEN3-1P7B-V1/wandb/offline-run-20260721_122449-86vcz7w0,3,0.123046875,-0.75390625,-0.75390625,727.13671875,727.13671875,0.111328125,0,31.05203628540039,25.27753765322268,327.4594798088074,327.4594798088074,-3694.3124360304614,1e-06,0.08364896420447206
b0-stage3-nokl-model1,/data-1/wandb_runs/MATH-B0_STAGE3_NOKL_MODEL1-QWEN3-1P7B-V1/wandb/offline-run-20260721_122449-86vcz7w0,4,0.158203125,-0.68359375,-0.68359375,664.0546875,664.0546875,0.099609375,0,40.32906723022461,33.806826976593584,338.84810332457226,338.84810332457226,-3812.120619535446,1e-06,0.08336001144078833
b0-stage3-nokl-model1,/data-1/wandb_runs/MATH-B0_STAGE3_NOKL_MODEL1-QWEN3-1P7B-V1/wandb/offline-run-20260721_122449-86vcz7w0,5,0.125,-0.75,-0.75,799.107421875,799.107421875,0.125,0,43.30607604980469,34.70574591914192,246.40991067886353,246.40991067886353,-4244.855179786682,1e-06,0.08351234306009934
b0-stage3-nokl-model1,/data-1/wandb_runs/MATH-B0_STAGE3_NOKL_MODEL1-QWEN3-1P7B-V1/wandb/offline-run-20260721_122449-86vcz7w0,6,0.115234375,-0.76953125,-0.76953125,690.390625,690.390625,0.099609375,0,45.60297775268555,30.97327738814056,132.73970985412598,132.73970985412598,-4867.306746403377,1e-06,0.0850224741538872
b0-stage3-nokl-model1,/data-1/wandb_runs/MATH-B0_STAGE3_NOKL_MODEL1-QWEN3-1P7B-V1/wandb/offline-run-20260721_122449-86vcz7w0,7,0.146484375,-0.70703125,-0.70703125,613.6015625,613.6015625,0.08203125,0,28.31717300415039,18.91889510070905,128.1070168018341,128.1070168018341,-3329.850644458424,1e-06,0.08419965524257472
b0-stage3-nokl-model1,/data-1/wandb_runs/MATH-B0_STAGE3_NOKL_MODEL1-QWEN3-1P7B-V1/wandb/offline-run-20260721_122449-86vcz7w0,8,0.1484375,-0.703125,-0.703125,641.314453125,641.314453125,0.09765625,0,30.966482162475586,22.525372025556862,193.7219698826472,193.7219698826472,-3945.7572551170983,1e-06,0.0832409307877762
b0-stage3-nokl-model1,/data-1/wandb_runs/MATH-B0_STAGE3_NOKL_MODEL1-QWEN3-1P7B-V1/wandb/offline-run-20260721_122449-86vcz7w0,9,0.107421875,-0.78515625,-0.78515625,720.146484375,720.146484375,0.11328125,0,28.143131256103516,26.408905711025,115.09817594748277,115.09817594748277,-4759.513264582707,1e-06,0.08372232780266933
b0-stage3-nokl-model1,/data-1/wandb_runs/MATH-B0_STAGE3_NOKL_MODEL1-QWEN3-1P7B-V1/wandb/offline-run-20260721_122449-86vcz7w0,10,0.08203125,-0.8359375,-0.8359375,795.185546875,795.185546875,0.12109375,0,32.08226013183594,15.479316361714154,91.1822167975562,91.1822167975562,-4121.45272050585,1e-06,0.08340340016508539
b0-stage3-nokl-model1,/data-1/wandb_runs/MATH-B0_STAGE3_NOKL_MODEL1-QWEN3-1P7B-V1/wandb/offline-run-20260721_122449-86vcz7w0,11,0.126953125,-0.74609375,-0.74609375,748.69921875,748.69921875,0.1171875,0,46.49519729614258,42.165982658043504,409.2012720108032,409.2012720108032,-4172.203887646015,1e-06,0.08447530934356615
b0-stage3-nokl-model1,/data-1/wandb_runs/MATH-B0_STAGE3_NOKL_MODEL1-QWEN3-1P7B-V1/wandb/offline-run-20260721_122449-86vcz7w0,12,0.130859375,-0.73828125,-0.73828125,662.984375,662.984375,0.095703125,0,34.34043502807617,18.0827088332735,112.05264876286189,112.05264876286189,-3238.9876741369567,1e-06,0.0843905638787006
b0-stage3-nokl-model1,/data-1/wandb_runs/MATH-B0_STAGE3_NOKL_MODEL1-QWEN3-1P7B-V1/wandb/offline-run-20260721_122449-86vcz7w0,13,0.138671875,-0.72265625,-0.72265625,628.380859375,628.380859375,0.080078125,0,39.398582458496094,42.41668552067131,231.90260549386343,231.90260549386343,-2898.11594414711,1e-06,0.0804814493132888
b0-stage3-nokl-model1,/data-1/wandb_runs/MATH-B0_STAGE3_NOKL_MODEL1-QWEN3-1P7B-V1/wandb/offline-run-20260721_122449-86vcz7w0,14,0.154296875,-0.69140625,-0.69140625,644.044921875,644.044921875,0.09375,0,31.991004943847656,21.818520815111697,95.5951354900996,95.5951354900996,-3769.732225894928,1e-06,0.08265820846023356
b0-stage3-nokl-model1,/data-1/wandb_runs/MATH-B0_STAGE3_NOKL_MODEL1-QWEN3-1P7B-V1/wandb/offline-run-20260721_122449-86vcz7w0,15,0.154296875,-0.69140625,-0.69140625,622.689453125,622.689453125,0.083984375,0,43.400028228759766,33.52147710183635,371.5107424042442,371.5107424042442,-3250.940043709495,1e-06,0.08502037540476258
b0-stage3-nokl-model1,/data-1/wandb_runs/MATH-B0_STAGE3_NOKL_MODEL1-QWEN3-1P7B-V1/wandb/offline-run-20260721_122449-86vcz7w0,16,0.166015625,-0.66796875,-0.66796875,661.8203125,661.8203125,0.095703125,0,29.323564529418945,31.383548315614462,276.6713702082634,276.6713702082634,-3676.662775913874,1e-06,0.0835036202246072
b0-stage3-nokl-model1,/data-1/wandb_runs/MATH-B0_STAGE3_NOKL_MODEL1-QWEN3-1P7B-V1/wandb/offline-run-20260721_122449-86vcz7w0,17,0.1328125,-0.734375,-0.734375,639.560546875,639.560546875,0.087890625,0,45.63680648803711,41.0758695313707,317.5472228527069,317.5472228527069,-3082.418357675726,1e-06,0.08559202628142099
b0-stage3-nokl-model1,/data-1/wandb_runs/MATH-B0_STAGE3_NOKL_MODEL1-QWEN3-1P7B-V1/wandb/offline-run-20260721_122449-86vcz7w0,18,0.158203125,-0.68359375,-0.68359375,685.8984375,685.8984375,0.08984375,0,31.530838012695312,43.35299139190465,278.23467735449475,278.23467735449475,-3485.417952299118,1e-06,0.08459038991920378
b0-stage3-nokl-model1,/data-1/wandb_runs/MATH-B0_STAGE3_NOKL_MODEL1-QWEN3-1P7B-V1/wandb/offline-run-20260721_122449-86vcz7w0,19,0.130859375,-0.73828125,-0.73828125,591.45703125,591.45703125,0.072265625,0,35.11991882324219,23.478126119822264,253.21281530640343,253.21281530640343,-2995.071982903914,1e-06,0.08336658603846339
b0-stage3-nokl-model1,/data-1/wandb_runs/MATH-B0_STAGE3_NOKL_MODEL1-QWEN3-1P7B-V1/wandb/offline-run-20260721_122449-86vcz7w0,20,0.19140625,-0.6171875,-0.6171875,622.28515625,622.28515625,0.076171875,0,36.67107391357422,25.784205889329314,163.50294759056786,163.50294759056786,-3405.135036468506,1e-06,0.08492854594653952
b0-stage3-nokl-model1,/data-1/wandb_runs/MATH-B0_STAGE3_NOKL_MODEL1-QWEN3-1P7B-V1/wandb/offline-run-20260721_122449-86vcz7w0,21,0.1640625,-0.671875,-0.671875,613.20703125,613.20703125,0.068359375,0,38.5888671875,26.117920181714,156.3511121706529,156.3511121706529,-3087.107135967775,1e-06,0.08353678556100846
b0-stage3-nokl-model1,/data-1/wandb_runs/MATH-B0_STAGE3_NOKL_MODEL1-QWEN3-1P7B-V1/wandb/offline-run-20260721_122449-86vcz7w0,22,0.115234375,-0.76953125,-0.76953125,646.517578125,646.517578125,0.083984375,0,30.056636810302734,16.051608552224934,176.9443482955297,176.9443482955297,-4064.3646591504416,1e-06,0.08279974638045978
b0-stage3-nokl-model1,/data-1/wandb_runs/MATH-B0_STAGE3_NOKL_MODEL1-QWEN3-1P7B-V1/wandb/offline-run-20260721_122449-86vcz7w0,23,0.16796875,-0.6640625,-0.6640625,512.333984375,512.333984375,0.05859375,0,28.844480514526367,19.599587510805577,108.57972884178162,108.57972884178162,-2726.5855668067934,1e-06,0.08173835380518078
b0-stage3-nokl-model1,/data-1/wandb_runs/MATH-B0_STAGE3_NOKL_MODEL1-QWEN3-1P7B-V1/wandb/offline-run-20260721_122449-86vcz7w0,24,0.185546875,-0.62890625,-0.62890625,660.287109375,660.287109375,0.091796875,0,33.65613555908203,30.187185863032937,293.85874978701275,293.85874978701275,-2982.5299514134726,1e-06,0.08293950062791793
b0-stage3-nokl-model1,/data-1/wandb_runs/MATH-B0_STAGE3_NOKL_MODEL1-QWEN3-1P7B-V1/wandb/offline-run-20260721_122449-86vcz7w0,25,0.177734375,-0.64453125,-0.64453125,589.75,589.75,0.07421875,0,35.91692352294922,26.8974588541314,217.3590011813424,217.3590011813424,-2979.641400077126,1e-06,0.08232983450781035
b0-stage3-nokl-model1,/data-1/wandb_runs/MATH-B0_STAGE3_NOKL_MODEL1-QWEN3-1P7B-V1/wandb/offline-run-20260721_122449-86vcz7w0,26,0.201171875,-0.59765625,-0.59765625,550.603515625,550.603515625,0.07421875,0,33.31614685058594,22.869884581305087,106.8970318555832,106.8970318555832,-3067.204093694687,1e-06,0.08384882516332415
b0-stage3-nokl-model1,/data-1/wandb_runs/MATH-B0_STAGE3_NOKL_MODEL1-QWEN3-1P7B-V1/wandb/offline-run-20260721_122449-86vcz7w0,27,0.216796875,-0.56640625,-0.56640625,522.65234375,522.65234375,0.060546875,0,43.00995635986328,31.83093136548996,236.60195322036742,236.60195322036742,-2705.402210521698,1e-06,0.08228684246221617
b0-stage3-nokl-model1,/data-1/wandb_runs/MATH-B0_STAGE3_NOKL_MODEL1-QWEN3-1P7B-V1/wandb/offline-run-20260721_122449-86vcz7w0,28,0.15234375,-0.6953125,-0.6953125,549.478515625,549.478515625,0.0546875,0,31.785985946655273,23.215554056223482,181.80383060195228,181.80383060195228,-2509.7304184653544,1e-06,0.0794396612066158
b0-stage3-nokl-model1,/data-1/wandb_runs/MATH-B0_STAGE3_NOKL_MODEL1-QWEN3-1P7B-V1/wandb/offline-run-20260721_122449-86vcz7w0,29,0.2109375,-0.578125,-0.578125,504.55078125,504.55078125,0.046875,0,33.11592102050781,33.64725227095187,499.6831687927246,499.6831687927246,-2116.7844092845917,1e-06,0.0790576610273441
b0-stage3-nokl-model1,/data-1/wandb_runs/MATH-B0_STAGE3_NOKL_MODEL1-QWEN3-1P7B-V1/wandb/offline-run-20260721_122449-86vcz7w0,30,0.19140625,-0.6171875,-0.6171875,605.30078125,605.30078125,0.07421875,0,36.30744552612305,31.508573382161558,286.21695904298264,286.21695904298264,-3136.7169290455904,1e-06,0.08370078166226286
b0-stage3-nokl-model1,/data-1/wandb_runs/MATH-B0_STAGE3_NOKL_MODEL1-QWEN3-1P7B-V1/wandb/offline-run-20260721_122449-86vcz7w0,31,0.203125,-0.59375,-0.59375,442.490234375,442.490234375,0.041015625,0,33.259334564208984,20.104073338676244,150.23283208741083,150.23283208741083,-1800.6718832651775,1e-06,0.08136690827169371
b0-stage3-nokl-model1,/data-1/wandb_runs/MATH-B0_STAGE3_NOKL_MODEL1-QWEN3-1P7B-V1/wandb/offline-run-20260721_122449-86vcz7w0,32,0.173828125,-0.65234375,-0.65234375,573.6796875,573.6796875,0.05859375,0,39.40291976928711,30.589176932815462,279.7219579436562,279.7219579436562,-2847.298964327032,1e-06,0.08054325601193824
b0-stage3-nokl-model1,/data-1/wandb_runs/MATH-B0_STAGE3_NOKL_MODEL1-QWEN3-1P7B-V1/wandb/offline-run-20260721_122449-86vcz7w0,33,0.203125,-0.59375,-0.59375,606.12890625,606.12890625,0.06640625,0,42.9123420715332,37.808009014464915,384.999246749011,384.999246749011,-2506.5566355531864,1e-06,0.08328836664280667
b0-stage3-nokl-model1,/data-1/wandb_runs/MATH-B0_STAGE3_NOKL_MODEL1-QWEN3-1P7B-V1/wandb/offline-run-20260721_122449-86vcz7w0,34,0.208984375,-0.58203125,-0.58203125,522.67578125,522.67578125,0.046875,0,39.158721923828125,28.389473469462246,192.69904000759124,192.69904000759124,-1811.9447729349135,1e-06,0.08219959066358898
b0-stage3-nokl-model1,/data-1/wandb_runs/MATH-B0_STAGE3_NOKL_MODEL1-QWEN3-1P7B-V1/wandb/offline-run-20260721_122449-86vcz7w0,35,0.220703125,-0.55859375,-0.55859375,584.712890625,584.712890625,0.064453125,0,36.85561752319336,30.25950044579804,466.09118667515844,466.09118667515844,-2105.5918751413174,1e-06,0.08117140487604572
b0-stage3-nokl-model1,/data-1/wandb_runs/MATH-B0_STAGE3_NOKL_MODEL1-QWEN3-1P7B-V1/wandb/offline-run-20260721_122449-86vcz7w0,36,0.2578125,-0.484375,-0.484375,612.849609375,612.849609375,0.060546875,0,49.13751983642578,51.57532069925219,449.9558663151481,449.9558663151481,-2128.541747266596,1e-06,0.0829307160534303
b0-stage3-nokl-model1,/data-1/wandb_runs/MATH-B0_STAGE3_NOKL_MODEL1-QWEN3-1P7B-V1/wandb/offline-run-20260721_122449-86vcz7w0,37,0.17578125,-0.6484375,-0.6484375,563.646484375,563.646484375,0.041015625,0,41.62043380737305,32.97054838715121,277.62529977885157,277.62529977885157,-1568.457657033747,1e-06,0.08035938712456064
b0-stage3-nokl-model1,/data-1/wandb_runs/MATH-B0_STAGE3_NOKL_MODEL1-QWEN3-1P7B-V1/wandb/offline-run-20260721_122449-86vcz7w0,38,0.2109375,-0.578125,-0.578125,577.37109375,577.37109375,0.05078125,0,51.46871566772461,57.632527568377554,438.8212575045499,438.8212575045499,-1767.6713697693565,1e-06,0.08118569561658645
b0-stage3-nokl-model1,/data-1/wandb_runs/MATH-B0_STAGE3_NOKL_MODEL1-QWEN3-1P7B-V1/wandb/offline-run-20260721_122449-86vcz7w0,39,0.263671875,-0.47265625,-0.47265625,705.568359375,705.568359375,0.083984375,0,43.410484313964844,37.66564408876002,336.24096338565533,336.24096338565533,-1968.8977000163152,1e-06,0.08232172613351924
b0-stage3-nokl-model1,/data-1/wandb_runs/MATH-B0_STAGE3_NOKL_MODEL1-QWEN3-1P7B-V1/wandb/offline-run-20260721_122449-86vcz7w0,40,0.2890625,-0.421875,-0.421875,507.1953125,507.1953125,0.041015625,0,44.80779266357422,41.523374311160296,454.9918998003006,454.9918998003006,-1230.19776096344,1e-06,0.08081506386886247
b0-stage3-nokl-model2,/data-1/wandb_runs/MATH-B0_STAGE3_NOKL_MODEL2-QWEN3-1P7B-V1/wandb/offline-run-20260721_150209-04n1b0sf,1,0.22265625,-0.5546875,-0.5546875,410.642578125,410.642578125,0.03125,0,30.986038208007812,19.6073225941509,130.61102702882556,130.61102702882556,-1615.7851610183716,1e-06,0.08014119217821064
b0-stage3-nokl-model2,/data-1/wandb_runs/MATH-B0_STAGE3_NOKL_MODEL2-QWEN3-1P7B-V1/wandb/offline-run-20260721_150209-04n1b0sf,2,0.21484375,-0.5703125,-0.5703125,365.591796875,365.591796875,0.0234375,0,30.378568649291992,23.63220239104703,237.88946017622948,237.88946017622948,-1407.0595461726189,1e-06,0.08283147942895264
b0-stage3-nokl-model2,/data-1/wandb_runs/MATH-B0_STAGE3_NOKL_MODEL2-QWEN3-1P7B-V1/wandb/offline-run-20260721_150209-04n1b0sf,3,0.2109375,-0.578125,-0.578125,384.01953125,384.01953125,0.017578125,0,39.07834243774414,28.363592143636197,265.45299020409584,265.45299020409584,-1148.383177638054,1e-06,0.08469465173443905
b0-stage3-nokl-model2,/data-1/wandb_runs/MATH-B0_STAGE3_NOKL_MODEL2-QWEN3-1P7B-V1/wandb/offline-run-20260721_150209-04n1b0sf,4,0.228515625,-0.54296875,-0.54296875,375.728515625,375.728515625,0.02734375,0,31.94521713256836,22.51121168024838,145.40113654732704,145.40113654732704,-1462.3426151275635,1e-06,0.083314712728778
b0-stage3-nokl-model2,/data-1/wandb_runs/MATH-B0_STAGE3_NOKL_MODEL2-QWEN3-1P7B-V1/wandb/offline-run-20260721_150209-04n1b0sf,5,0.212890625,-0.57421875,-0.57421875,421.0625,421.0625,0.03125,0,32.381141662597656,20.39053438929841,157.84080386161804,157.84080386161804,-1633.1866189108955,1e-06,0.08154795087601281
b0-stage3-nokl-model2,/data-1/wandb_runs/MATH-B0_STAGE3_NOKL_MODEL2-QWEN3-1P7B-V1/wandb/offline-run-20260721_150209-04n1b0sf,6,0.15234375,-0.6953125,-0.6953125,429.4609375,429.4609375,0.025390625,0,37.167537689208984,32.502767130732536,271.4864216910468,271.4864216910468,-1284.6723607381184,1e-06,0.08168780125497378
b0-stage3-nokl-model2,/data-1/wandb_runs/MATH-B0_STAGE3_NOKL_MODEL2-QWEN3-1P7B-V1/wandb/offline-run-20260721_150209-04n1b0sf,7,0.203125,-0.59375,-0.59375,368.01171875,368.01171875,0.01953125,0,38.39506530761719,24.2577516855672,220.90255200862885,220.90255200862885,-942.9873589873314,1e-06,0.08183715742116207
b0-stage3-nokl-model2,/data-1/wandb_runs/MATH-B0_STAGE3_NOKL_MODEL2-QWEN3-1P7B-V1/wandb/offline-run-20260721_150209-04n1b0sf,8,0.22265625,-0.5546875,-0.5546875,505.271484375,505.271484375,0.05078125,0,32.89902114868164,25.002237445674837,151.5839870452881,151.5839870452881,-1829.3419424057006,1e-06,0.08628106260495744
b0-stage3-nokl-model2,/data-1/wandb_runs/MATH-B0_STAGE3_NOKL_MODEL2-QWEN3-1P7B-V1/wandb/offline-run-20260721_150209-04n1b0sf,9,0.19140625,-0.6171875,-0.6171875,408.583984375,408.583984375,0.017578125,0,37.505619049072266,24.946195339784026,203.6393026775784,203.6393026775784,-1060.1674090491401,1e-06,0.08018400590638494
b0-stage3-nokl-model2,/data-1/wandb_runs/MATH-B0_STAGE3_NOKL_MODEL2-QWEN3-1P7B-V1/wandb/offline-run-20260721_150209-04n1b0sf,10,0.181640625,-0.63671875,-0.63671875,418.4375,418.4375,0.0234375,0,42.35103988647461,26.268280527554452,241.0031589402093,241.0031589402093,-786.7216662300957,1e-06,0.08026945588372214
b0-stage3-nokl-model2,/data-1/wandb_runs/MATH-B0_STAGE3_NOKL_MODEL2-QWEN3-1P7B-V1/wandb/offline-run-20260721_150209-04n1b0sf,11,0.189453125,-0.62109375,-0.62109375,363.97265625,363.97265625,0.015625,0,28.897031784057617,17.24158117780462,163.16461834311485,163.16461834311485,-1083.480087518692,1e-06,0.08078740216783689
b0-stage3-nokl-model2,/data-1/wandb_runs/MATH-B0_STAGE3_NOKL_MODEL2-QWEN3-1P7B-V1/wandb/offline-run-20260721_150209-04n1b0sf,12,0.150390625,-0.69921875,-0.69921875,498.646484375,498.646484375,0.046875,0,32.2504997253418,15.942370563745499,98.17025649547577,98.17025649547577,-1490.869270515442,1e-06,0.08492392621446368
b0-stage3-nokl-model2,/data-1/wandb_runs/MATH-B0_STAGE3_NOKL_MODEL2-QWEN3-1P7B-V1/wandb/offline-run-20260721_150209-04n1b0sf,13,0.1953125,-0.609375,-0.609375,438.861328125,438.861328125,0.0234375,0,37.23811721801758,29.62689257133752,286.8927149772644,286.8927149772644,-1403.6312593883938,1e-06,0.08350548107258898
b0-stage3-nokl-model2,/data-1/wandb_runs/MATH-B0_STAGE3_NOKL_MODEL2-QWEN3-1P7B-V1/wandb/offline-run-20260721_150209-04n1b0sf,14,0.255859375,-0.48828125,-0.48828125,423.16015625,423.16015625,0.021484375,0,33.37839889526367,26.972523668780923,294.9151500331031,294.9151500331031,-767.1816223462423,1e-06,0.08284260899258401
b0-stage3-nokl-model2,/data-1/wandb_runs/MATH-B0_STAGE3_NOKL_MODEL2-QWEN3-1P7B-V1/wandb/offline-run-20260721_150209-04n1b0sf,15,0.232421875,-0.53515625,-0.53515625,448.75390625,448.75390625,0.03125,0,44.31052780151367,29.661821654532105,223.36666247579785,223.36666247579785,-996.606525209215,1e-06,0.08459352041547075
b0-stage3-nokl-model2,/data-1/wandb_runs/MATH-B0_STAGE3_NOKL_MODEL2-QWEN3-1P7B-V1/wandb/offline-run-20260721_150209-04n1b0sf,16,0.283203125,-0.43359375,-0.43359375,483.603515625,483.603515625,0.0390625,0,36.550662994384766,29.390527946408838,263.77067648039923,263.77067648039923,-1375.8374044630264,1e-06,0.08863732737348683
b0-stage3-nokl-model2,/data-1/wandb_runs/MATH-B0_STAGE3_NOKL_MODEL2-QWEN3-1P7B-V1/wandb/offline-run-20260721_150209-04n1b0sf,17,0.240234375,-0.51953125,-0.51953125,488.541015625,488.541015625,0.0234375,0,38.35283279418945,34.22910980693996,347.16569413079156,347.16569413079156,-973.0679270426432,1e-06,0.08665660698968042
b0-stage3-nokl-model2,/data-1/wandb_runs/MATH-B0_STAGE3_NOKL_MODEL2-QWEN3-1P7B-V1/wandb/offline-run-20260721_150209-04n1b0sf,18,0.265625,-0.46875,-0.46875,625.15234375,625.15234375,0.060546875,0,38.050575256347656,32.226162863429636,222.35626209865916,222.35626209865916,-1337.7916623462331,1e-06,0.08863862001318751
b0-stage3-nokl-model2,/data-1/wandb_runs/MATH-B0_STAGE3_NOKL_MODEL2-QWEN3-1P7B-V1/wandb/offline-run-20260721_150209-04n1b0sf,19,0.2578125,-0.484375,-0.484375,523.865234375,523.865234375,0.033203125,0,44.729827880859375,41.98515490628779,295.3887370824814,295.3887370824814,-968.7454550266266,1e-06,0.08646579879705363
b0-stage3-nokl-model2,/data-1/wandb_runs/MATH-B0_STAGE3_NOKL_MODEL2-QWEN3-1P7B-V1/wandb/offline-run-20260721_150209-04n1b0sf,20,0.287109375,-0.42578125,-0.42578125,545.650390625,545.650390625,0.037109375,0,46.577613830566406,37.565746582113206,296.77274026870725,296.77274026870725,-1402.96188621521,1e-06,0.08730219519391154
b0-stage3-nokl-model2,/data-1/wandb_runs/MATH-B0_STAGE3_NOKL_MODEL2-QWEN3-1P7B-V1/wandb/offline-run-20260721_150209-04n1b0sf,21,0.2578125,-0.484375,-0.484375,570.28515625,570.28515625,0.05078125,0,35.50379943847656,31.137693275231868,183.43060807748273,183.43060807748273,-1208.3218772194602,1e-06,0.08358039380409221
b0-stage3-nokl-model2,/data-1/wandb_runs/MATH-B0_STAGE3_NOKL_MODEL2-QWEN3-1P7B-V1/wandb/offline-run-20260721_150209-04n1b0sf,22,0.220703125,-0.55859375,-0.55859375,567.599609375,567.599609375,0.037109375,0,44.84111022949219,30.137672819197178,256.80787381258875,256.80787381258875,-757.5743033669212,1e-06,0.08483319854934632
b0-stage3-nokl-model2,/data-1/wandb_runs/MATH-B0_STAGE3_NOKL_MODEL2-QWEN3-1P7B-V1/wandb/offline-run-20260721_150209-04n1b0sf,23,0.310546875,-0.37890625,-0.37890625,561.720703125,561.720703125,0.037109375,0,42.394466400146484,34.57902396097779,270.88525449145925,270.88525449145925,-871.4573466561058,1e-06,0.08396503967304125
b0-stage3-nokl-model2,/data-1/wandb_runs/MATH-B0_STAGE3_NOKL_MODEL2-QWEN3-1P7B-V1/wandb/offline-run-20260721_150209-04n1b0sf,24,0.333984375,-0.33203125,-0.33203125,709.5859375,709.5859375,0.0546875,0,44.730045318603516,43.15586497960612,340.46217780846814,340.46217780846814,-1052.3687345064604,1e-06,0.08538530061257743
b0-stage3-nokl-model2,/data-1/wandb_runs/MATH-B0_STAGE3_NOKL_MODEL2-QWEN3-1P7B-V1/wandb/offline-run-20260721_150209-04n1b0sf,25,0.3359375,-0.328125,-0.328125,664.31640625,664.31640625,0.056640625,0,46.59445571899414,36.840844217687845,313.06191841761273,313.06191841761273,-1142.8095138072968,1e-06,0.08683917145001534
b0-stage3-nokl-model2,/data-1/wandb_runs/MATH-B0_STAGE3_NOKL_MODEL2-QWEN3-1P7B-V1/wandb/offline-run-20260721_150209-04n1b0sf,26,0.37109375,-0.2578125,-0.2578125,586.9453125,586.9453125,0.041015625,0,34.89583206176758,28.531929990276694,259.37409071488815,259.37409071488815,-836.0991936380213,1e-06,0.08460520949132042
b0-stage3-nokl-model2,/data-1/wandb_runs/MATH-B0_STAGE3_NOKL_MODEL2-QWEN3-1P7B-V1/wandb/offline-run-20260721_150209-04n1b0sf,27,0.37109375,-0.2578125,-0.2578125,781.044921875,781.044921875,0.064453125,0,43.18239974975586,42.9519730405882,291.96450931685314,291.96450931685314,-994.9102637427194,1e-06,0.08612541776885514
b0-stage3-nokl-model2,/data-1/wandb_runs/MATH-B0_STAGE3_NOKL_MODEL2-QWEN3-1P7B-V1/wandb/offline-run-20260721_150209-04n1b0sf,28,0.33203125,-0.3359375,-0.3359375,988.486328125,988.486328125,0.095703125,0,51.565433502197266,46.88740749610588,355.6831494920394,355.6831494920394,-1077.6795249967015,1e-06,0.08778644597756793
b0-stage3-nokl-model2,/data-1/wandb_runs/MATH-B0_STAGE3_NOKL_MODEL2-QWEN3-1P7B-V1/wandb/offline-run-20260721_150209-04n1b0sf,29,0.435546875,-0.12890625,-0.12890625,881.236328125,881.236328125,0.068359375,0,42.579620361328125,52.00799380149692,417.84784536361695,417.84784536361695,-1185.427712281545,1e-06,0.08762204007794555
b0-stage3-nokl-model2,/data-1/wandb_runs/MATH-B0_STAGE3_NOKL_MODEL2-QWEN3-1P7B-V1/wandb/offline-run-20260721_150209-04n1b0sf,30,0.48046875,-0.0390625,-0.0390625,964.955078125,964.955078125,0.095703125,0,42.50032424926758,44.48982373718172,272.0584391653538,272.0584391653538,-1243.8637429475784,1e-06,0.08938987858073075
b0-stage3-nokl-model2,/data-1/wandb_runs/MATH-B0_STAGE3_NOKL_MODEL2-QWEN3-1P7B-V1/wandb/offline-run-20260721_150209-04n1b0sf,31,0.4453125,-0.109375,-0.109375,1000.650390625,1000.650390625,0.08203125,0,38.962825775146484,40.85900438018143,268.6080302350661,268.6080302350661,-975.083753305323,1e-06,0.08804279304272891
b0-stage3-nokl-model2,/data-1/wandb_runs/MATH-B0_STAGE3_NOKL_MODEL2-QWEN3-1P7B-V1/wandb/offline-run-20260721_150209-04n1b0sf,32,0.421875,-0.15625,-0.15625,1123.703125,1123.703125,0.1015625,0,49.13671112060547,51.50912821851671,339.97290245691937,339.97290245691937,-1123.244014289644,1e-06,0.09020306003133755
b0-stage3-nokl-model2,/data-1/wandb_runs/MATH-B0_STAGE3_NOKL_MODEL2-QWEN3-1P7B-V1/wandb/offline-run-20260721_150209-04n1b0sf,33,0.50390625,0.0078125,0.0078125,1113.05859375,1113.05859375,0.111328125,0,40.77330780029297,49.252362377010286,319.17167433102924,319.17167433102924,-1092.7294486496185,1e-06,0.08967623926830073
b0-stage3-nokl-model2,/data-1/wandb_runs/MATH-B0_STAGE3_NOKL_MODEL2-QWEN3-1P7B-V1/wandb/offline-run-20260721_150209-04n1b0sf,34,0.5,0,0,1138.263671875,1138.263671875,0.10546875,0,42.96247100830078,52.09350510360673,383.13490883927597,383.13490883927597,-1012.5713173213758,1e-06,0.08830232398990999
b0-stage3-nokl-model2,/data-1/wandb_runs/MATH-B0_STAGE3_NOKL_MODEL2-QWEN3-1P7B-V1/wandb/offline-run-20260721_150209-04n1b0sf,35,0.533203125,0.06640625,0.06640625,1198.458984375,1198.458984375,0.12109375,0,37.243892669677734,47.16720581240952,251.16483171362626,251.16483171362626,-1213.74160376348,1e-06,0.09021782504899248
b0-stage3-nokl-model2,/data-1/wandb_runs/MATH-B0_STAGE3_NOKL_MODEL2-QWEN3-1P7B-V1/wandb/offline-run-20260721_150209-04n1b0sf,36,0.5703125,0.140625,0.140625,1365.80078125,1365.80078125,0.140625,0,38.241485595703125,50.677720190025866,361.803424986926,361.803424986926,-1041.630421335047,1e-06,0.08879756784727902
b0-stage3-nokl-model2,/data-1/wandb_runs/MATH-B0_STAGE3_NOKL_MODEL2-QWEN3-1P7B-V1/wandb/offline-run-20260721_150209-04n1b0sf,37,0.5,0,0,1494.986328125,1494.986328125,0.15625,0,46.12973403930664,55.51195259578526,340.8864640394847,340.8864640394847,-1367.4145275056362,1e-06,0.08958961244134442
b0-stage3-nokl-model2,/data-1/wandb_runs/MATH-B0_STAGE3_NOKL_MODEL2-QWEN3-1P7B-V1/wandb/offline-run-20260721_150209-04n1b0sf,38,0.560546875,0.12109375,0.12109375,1429.951171875,1429.951171875,0.13671875,0,42.49573516845703,54.906157854013145,357.9984152628028,357.9984152628028,-1059.1109731197357,1e-06,0.08914572681577287
b0-stage3-nokl-model2,/data-1/wandb_runs/MATH-B0_STAGE3_NOKL_MODEL2-QWEN3-1P7B-V1/wandb/offline-run-20260721_150209-04n1b0sf,39,0.60546875,0.2109375,0.2109375,1524.703125,1524.703125,0.189453125,0,31.82560157775879,45.49182276148349,235.62449623147646,235.62449623147646,-1451.0601858496666,1e-06,0.09072025605718424
b0-stage3-nokl-model2,/data-1/wandb_runs/MATH-B0_STAGE3_NOKL_MODEL2-QWEN3-1P7B-V1/wandb/offline-run-20260721_150209-04n1b0sf,40,0.61328125,0.2265625,0.2265625,1463.64453125,1463.64453125,0.158203125,0,36.09055709838867,54.4017831813544,330.13586633101755,330.13586633101755,-1159.5380785879881,1e-06,0.09083664317242586
b0-stage3-m2kl-model1,/data-1/wandb_runs/MATH-B0_STAGE3_M2KL_MODEL1-QWEN3-1P7B-V1/wandb/offline-run-20260721_174633-dbak9ak3,1,0.140625,-0.71875,-0.71875,705.197265625,705.197265625,0.107421875,0,31.606664657592773,27.670683207921684,199.18850440245407,199.18850440245407,-3959.854476048396,1e-06,0.08422986547674421
b0-stage3-m2kl-model1,/data-1/wandb_runs/MATH-B0_STAGE3_M2KL_MODEL1-QWEN3-1P7B-V1/wandb/offline-run-20260721_174633-dbak9ak3,2,0.111328125,-0.77734375,-0.77734375,765.560546875,765.560546875,0.12890625,0,28.897783279418945,24.0236794850789,227.59665713991438,227.59665713991438,-3848.306033883776,1e-06,0.08470930796918982
b0-stage3-m2kl-model1,/data-1/wandb_runs/MATH-B0_STAGE3_M2KL_MODEL1-QWEN3-1P7B-V1/wandb/offline-run-20260721_174633-dbak9ak3,3,0.146484375,-0.70703125,-0.70703125,813.12109375,813.12109375,0.142578125,0,31.656190872192383,34.406863992102444,456.6053329365594,456.6053329365594,-4278.891518933432,1e-06,0.08784803570689778
b0-stage3-m2kl-model1,/data-1/wandb_runs/MATH-B0_STAGE3_M2KL_MODEL1-QWEN3-1P7B-V1/wandb/offline-run-20260721_174633-dbak9ak3,4,0.1484375,-0.703125,-0.703125,877.994140625,877.994140625,0.150390625,0,26.435625076293945,29.26211405172944,348.5190240542094,348.5190240542094,-4231.941193517049,1e-06,0.08688109718478967
b0-stage3-m2kl-model1,/data-1/wandb_runs/MATH-B0_STAGE3_M2KL_MODEL1-QWEN3-1P7B-V1/wandb/offline-run-20260721_174633-dbak9ak3,5,0.14453125,-0.7109375,-0.7109375,822.650390625,822.650390625,0.130859375,0,38.62705993652344,37.41804875060916,280.10988708904813,280.10988708904813,-4258.264854158674,1e-06,0.08798998915158388
b0-stage3-m2kl-model1,/data-1/wandb_runs/MATH-B0_STAGE3_M2KL_MODEL1-QWEN3-1P7B-V1/wandb/offline-run-20260721_174633-dbak9ak3,6,0.103515625,-0.79296875,-0.79296875,796.693359375,796.693359375,0.126953125,0,29.62140464782715,19.873572275042534,92.69969516141074,92.69969516141074,-5278.385863985334,1e-06,0.08575519060968856
b0-stage3-m2kl-model1,/data-1/wandb_runs/MATH-B0_STAGE3_M2KL_MODEL1-QWEN3-1P7B-V1/wandb/offline-run-20260721_174633-dbak9ak3,7,0.119140625,-0.76171875,-0.76171875,786.509765625,786.509765625,0.12890625,0,27.539247512817383,15.187083245255053,103.17258301803044,103.17258301803044,-3615.372764178685,1e-06,0.08537719125673941
b0-stage3-m2kl-model1,/data-1/wandb_runs/MATH-B0_STAGE3_M2KL_MODEL1-QWEN3-1P7B-V1/wandb/offline-run-20260721_174633-dbak9ak3,8,0.15234375,-0.6953125,-0.6953125,764.36328125,764.36328125,0.125,0,36.849388122558594,48.358432937879115,553.9774066209793,553.9774066209793,-3826.4865669522965,1e-06,0.0852352598717421
b0-stage3-m2kl-model1,/data-1/wandb_runs/MATH-B0_STAGE3_M2KL_MODEL1-QWEN3-1P7B-V1/wandb/offline-run-20260721_174633-dbak9ak3,9,0.107421875,-0.78515625,-0.78515625,787.4453125,787.4453125,0.130859375,0,37.26142883300781,31.786315066739917,299.91427075862885,299.91427075862885,-4471.951879126685,1e-06,0.08627791859219552
b0-stage3-m2kl-model1,/data-1/wandb_runs/MATH-B0_STAGE3_M2KL_MODEL1-QWEN3-1P7B-V1/wandb/offline-run-20260721_174633-dbak9ak3,10,0.0859375,-0.828125,-0.828125,775.26953125,775.26953125,0.123046875,0,31.92778205871582,22.94286060705781,96.57713053776668,96.57713053776668,-4027.8288578620322,1e-06,0.08878573905092277
b0-stage3-m2kl-model1,/data-1/wandb_runs/MATH-B0_STAGE3_M2KL_MODEL1-QWEN3-1P7B-V1/wandb/offline-run-20260721_174633-dbak9ak3,11,0.109375,-0.78125,-0.78125,671.912109375,671.912109375,0.095703125,0,35.69130325317383,24.531017544679344,172.6351938843727,172.6351938843727,-3871.2660171190896,1e-06,0.08588555232559106
b0-stage3-m2kl-model1,/data-1/wandb_runs/MATH-B0_STAGE3_M2KL_MODEL1-QWEN3-1P7B-V1/wandb/offline-run-20260721_174633-dbak9ak3,12,0.126953125,-0.74609375,-0.74609375,735.875,735.875,0.109375,0,33.96763229370117,25.016799149103463,321.479094688709,321.479094688709,-3569.785386305589,1e-06,0.08708995300740272
b0-stage3-m2kl-model1,/data-1/wandb_runs/MATH-B0_STAGE3_M2KL_MODEL1-QWEN3-1P7B-V1/wandb/offline-run-20260721_174633-dbak9ak3,13,0.12109375,-0.7578125,-0.7578125,738.201171875,738.201171875,0.11328125,0,29.04759407043457,35.899682289455086,568.135922065148,568.135922065148,-4129.418625904964,1e-06,0.08659310876183277
b0-stage3-m2kl-model1,/data-1/wandb_runs/MATH-B0_STAGE3_M2KL_MODEL1-QWEN3-1P7B-V1/wandb/offline-run-20260721_174633-dbak9ak3,14,0.15625,-0.6875,-0.6875,801.859375,801.859375,0.126953125,0,36.41130447387695,41.34961989149451,329.54881741319383,329.54881741319383,-4187.618552991322,1e-06,0.08679933502433412
b0-stage3-m2kl-model1,/data-1/wandb_runs/MATH-B0_STAGE3_M2KL_MODEL1-QWEN3-1P7B-V1/wandb/offline-run-20260721_174633-dbak9ak3,15,0.134765625,-0.73046875,-0.73046875,646.671875,646.671875,0.091796875,0,34.996028900146484,29.677791310474277,149.4458003838857,149.4458003838857,-3718.7370839118958,1e-06,0.0840971520824787
b0-stage3-m2kl-model1,/data-1/wandb_runs/MATH-B0_STAGE3_M2KL_MODEL1-QWEN3-1P7B-V1/wandb/offline-run-20260721_174633-dbak9ak3,16,0.1484375,-0.703125,-0.703125,643.6875,643.6875,0.08984375,0,32.31119155883789,45.27935751900077,474.3780144850413,474.3780144850413,-3287.8415357867875,1e-06,0.0841576759853256
b0-stage3-m2kl-model1,/data-1/wandb_runs/MATH-B0_STAGE3_M2KL_MODEL1-QWEN3-1P7B-V1/wandb/offline-run-20260721_174633-dbak9ak3,17,0.111328125,-0.77734375,-0.77734375,790.724609375,790.724609375,0.12109375,0,33.54025650024414,29.755344699136913,202.30332374572754,202.30332374572754,-3757.4655935083115,1e-06,0.08459625902258675
b0-stage3-m2kl-model1,/data-1/wandb_runs/MATH-B0_STAGE3_M2KL_MODEL1-QWEN3-1P7B-V1/wandb/offline-run-20260721_174633-dbak9ak3,18,0.146484375,-0.70703125,-0.70703125,835.09375,835.09375,0.1328125,0,34.94412612915039,26.908113145269454,217.35687373365676,217.35687373365676,-3960.393952522959,1e-06,0.0883492218288241
b0-stage3-m2kl-model1,/data-1/wandb_runs/MATH-B0_STAGE3_M2KL_MODEL1-QWEN3-1P7B-V1/wandb/offline-run-20260721_174633-dbak9ak3,19,0.150390625,-0.69921875,-0.69921875,687.3828125,687.3828125,0.09765625,0,43.1995849609375,50.10163935832679,358.1182869076729,358.1182869076729,-3409.5175880392394,1e-06,0.08823768003055346
b0-stage3-m2kl-model1,/data-1/wandb_runs/MATH-B0_STAGE3_M2KL_MODEL1-QWEN3-1P7B-V1/wandb/offline-run-20260721_174633-dbak9ak3,20,0.171875,-0.65625,-0.65625,669.5390625,669.5390625,0.09375,0,33.80952835083008,29.86500504333526,191.00597250461578,191.00597250461578,-3110.2311712900796,1e-06,0.08588541979811615
b0-stage3-m2kl-model1,/data-1/wandb_runs/MATH-B0_STAGE3_M2KL_MODEL1-QWEN3-1P7B-V1/wandb/offline-run-20260721_174633-dbak9ak3,21,0.1328125,-0.734375,-0.734375,639.65625,639.65625,0.08984375,0,28.158714294433594,21.53304136125371,263.37985414266586,263.37985414266586,-3095.9800523122153,1e-06,0.0828008591932832
b0-stage3-m2kl-model1,/data-1/wandb_runs/MATH-B0_STAGE3_M2KL_MODEL1-QWEN3-1P7B-V1/wandb/offline-run-20260721_174633-dbak9ak3,22,0.109375,-0.78125,-0.78125,701.279296875,701.279296875,0.103515625,0,37.89877700805664,20.07241778727621,121.68921674214877,121.68921674214877,-3939.0116537534273,1e-06,0.08440178329024045
b0-stage3-m2kl-model1,/data-1/wandb_runs/MATH-B0_STAGE3_M2KL_MODEL1-QWEN3-1P7B-V1/wandb/offline-run-20260721_174633-dbak9ak3,23,0.1953125,-0.609375,-0.609375,595.271484375,595.271484375,0.08203125,0,29.16512680053711,24.37128352886066,308.155161857605,308.155161857605,-2932.4056062698364,1e-06,0.0856797144853727
b0-stage3-m2kl-model1,/data-1/wandb_runs/MATH-B0_STAGE3_M2KL_MODEL1-QWEN3-1P7B-V1/wandb/offline-run-20260721_174633-dbak9ak3,24,0.140625,-0.71875,-0.71875,674.173828125,674.173828125,0.091796875,0,40.518131256103516,30.283740975894034,254.3682178258896,254.3682178258896,-3042.622055331866,1e-06,0.0860297916710874
b0-stage3-m2kl-model1,/data-1/wandb_runs/MATH-B0_STAGE3_M2KL_MODEL1-QWEN3-1P7B-V1/wandb/offline-run-20260721_174633-dbak9ak3,25,0.173828125,-0.65234375,-0.65234375,676.091796875,676.091796875,0.08984375,0,40.598609924316406,35.63460338162258,271.77045371135074,271.77045371135074,-3298.4857687155404,1e-06,0.08601139490225376
b0-stage3-m2kl-model1,/data-1/wandb_runs/MATH-B0_STAGE3_M2KL_MODEL1-QWEN3-1P7B-V1/wandb/offline-run-20260721_174633-dbak9ak3,26,0.1796875,-0.640625,-0.640625,613.98828125,613.98828125,0.078125,0,28.72527313232422,33.52214822731912,633.3950330560857,633.3950330560857,-3202.3215446905656,1e-06,0.08570195813747429
b0-stage3-m2kl-model1,/data-1/wandb_runs/MATH-B0_STAGE3_M2KL_MODEL1-QWEN3-1P7B-V1/wandb/offline-run-20260721_174633-dbak9ak3,27,0.189453125,-0.62109375,-0.62109375,486.177734375,486.177734375,0.052734375,0,37.75010681152344,33.690522549673915,330.17704532146456,330.17704532146456,-2469.117716407776,1e-06,0.0805464934874705
b0-stage3-m2kl-model1,/data-1/wandb_runs/MATH-B0_STAGE3_M2KL_MODEL1-QWEN3-1P7B-V1/wandb/offline-run-20260721_174633-dbak9ak3,28,0.1484375,-0.703125,-0.703125,663.98828125,663.98828125,0.0859375,0,38.231510162353516,29.190448716282845,366.8968540430069,366.8968540430069,-2725.713936408361,1e-06,0.08587276950116854
b0-stage3-m2kl-model1,/data-1/wandb_runs/MATH-B0_STAGE3_M2KL_MODEL1-QWEN3-1P7B-V1/wandb/offline-run-20260721_174633-dbak9ak3,29,0.1796875,-0.640625,-0.640625,564.41015625,564.41015625,0.064453125,0,34.09395217895508,21.418511965777725,169.25214269161225,169.25214269161225,-2930.667893791199,1e-06,0.08698423497669414
b0-stage3-m2kl-model1,/data-1/wandb_runs/MATH-B0_STAGE3_M2KL_MODEL1-QWEN3-1P7B-V1/wandb/offline-run-20260721_174633-dbak9ak3,30,0.216796875,-0.56640625,-0.56640625,554.232421875,554.232421875,0.06640625,0,29.607067108154297,23.298834366025403,340.6221391612833,340.6221391612833,-2692.1265600377865,1e-06,0.08122971461478365
b0-stage3-m2kl-model1,/data-1/wandb_runs/MATH-B0_STAGE3_M2KL_MODEL1-QWEN3-1P7B-V1/wandb/offline-run-20260721_174633-dbak9ak3,31,0.189453125,-0.62109375,-0.62109375,502.978515625,502.978515625,0.056640625,0,34.9097785949707,27.56913675321266,410.9308501720428,410.9308501720428,-2757.2400800704954,1e-06,0.08322881897411549
b0-stage3-m2kl-model1,/data-1/wandb_runs/MATH-B0_STAGE3_M2KL_MODEL1-QWEN3-1P7B-V1/wandb/offline-run-20260721_174633-dbak9ak3,32,0.146484375,-0.70703125,-0.70703125,519.001953125,519.001953125,0.060546875,0,36.9036979675293,16.255508130416274,88.73609981536865,88.73609981536865,-2792.8213391304016,1e-06,0.0836717449295325
b0-stage3-m2kl-model1,/data-1/wandb_runs/MATH-B0_STAGE3_M2KL_MODEL1-QWEN3-1P7B-V1/wandb/offline-run-20260721_174633-dbak9ak3,33,0.20703125,-0.5859375,-0.5859375,635.25390625,635.25390625,0.076171875,0,42.94035720825195,54.31197936180979,409.31866228580475,409.31866228580475,-2812.3318457603455,1e-06,0.08232272771941311
b0-stage3-m2kl-model1,/data-1/wandb_runs/MATH-B0_STAGE3_M2KL_MODEL1-QWEN3-1P7B-V1/wandb/offline-run-20260721_174633-dbak9ak3,34,0.2109375,-0.578125,-0.578125,522.638671875,522.638671875,0.05078125,0,42.463191986083984,40.768582832533866,490.8386087179184,490.8386087179184,-2295.2182782649993,1e-06,0.08428917752081522
b0-stage3-m2kl-model1,/data-1/wandb_runs/MATH-B0_STAGE3_M2KL_MODEL1-QWEN3-1P7B-V1/wandb/offline-run-20260721_174633-dbak9ak3,35,0.216796875,-0.56640625,-0.56640625,545.87109375,545.87109375,0.0546875,0,36.05280303955078,40.369719348847866,362.5842122554779,362.5842122554779,-2359.421033859253,1e-06,0.0848684620909042
b0-stage3-m2kl-model1,/data-1/wandb_runs/MATH-B0_STAGE3_M2KL_MODEL1-QWEN3-1P7B-V1/wandb/offline-run-20260721_174633-dbak9ak3,36,0.197265625,-0.60546875,-0.60546875,586.193359375,586.193359375,0.064453125,0,48.74856185913086,52.704501278698444,654.702378316359,654.702378316359,-1731.7885270768945,1e-06,0.08329741707790733
b0-stage3-m2kl-model1,/data-1/wandb_runs/MATH-B0_STAGE3_M2KL_MODEL1-QWEN3-1P7B-V1/wandb/offline-run-20260721_174633-dbak9ak3,37,0.18359375,-0.6328125,-0.6328125,613.001953125,613.001953125,0.064453125,0,47.886505126953125,41.53872608952224,278.1587857549841,278.1587857549841,-2093.339096589522,1e-06,0.08678363613402307
b0-stage3-m2kl-model1,/data-1/wandb_runs/MATH-B0_STAGE3_M2KL_MODEL1-QWEN3-1P7B-V1/wandb/offline-run-20260721_174633-dbak9ak3,38,0.21484375,-0.5703125,-0.5703125,529.6171875,529.6171875,0.052734375,0,43.438323974609375,29.37780036777258,201.8966694831848,201.8966694831848,-1866.8612867832185,1e-06,0.08449617665067916
b0-stage3-m2kl-model1,/data-1/wandb_runs/MATH-B0_STAGE3_M2KL_MODEL1-QWEN3-1P7B-V1/wandb/offline-run-20260721_174633-dbak9ak3,39,0.23828125,-0.5234375,-0.5234375,585.79296875,585.79296875,0.05078125,0,34.66749954223633,34.246338861994445,529.657961173491,529.657961173491,-1983.491987878626,1e-06,0.08429772679224483
b0-stage3-m2kl-model1,/data-1/wandb_runs/MATH-B0_STAGE3_M2KL_MODEL1-QWEN3-1P7B-V1/wandb/offline-run-20260721_174633-dbak9ak3,40,0.251953125,-0.49609375,-0.49609375,585.818359375,585.818359375,0.05859375,0,45.853553771972656,34.46908047422767,256.3910873586481,256.3910873586481,-2179.9847653562374,1e-06,0.08453787414348933
b0-stage3-m2kl-model2,/data-1/wandb_runs/MATH-B0_STAGE3_M2KL_MODEL2-QWEN3-1P7B-V1/wandb/offline-run-20260721_202521-m1mh7suc,1,0.234375,-0.53125,-0.53125,346.302734375,346.302734375,0.017578125,0,32.128971099853516,22.319622149690986,227.0217546224594,227.0217546224594,-856.8214596509933,1e-06,0.07617147018958256
b0-stage3-m2kl-model2,/data-1/wandb_runs/MATH-B0_STAGE3_M2KL_MODEL2-QWEN3-1P7B-V1/wandb/offline-run-20260721_202521-m1mh7suc,2,0.19921875,-0.6015625,-0.6015625,413.69921875,413.69921875,0.029296875,0,30.736995697021484,19.70502486033365,153.8722907702128,153.8722907702128,-1626.6493824323018,1e-06,0.07785440027197096
b0-stage3-m2kl-model2,/data-1/wandb_runs/MATH-B0_STAGE3_M2KL_MODEL2-QWEN3-1P7B-V1/wandb/offline-run-20260721_202521-m1mh7suc,3,0.224609375,-0.55078125,-0.55078125,377.05078125,377.05078125,0.0234375,0,36.05845260620117,22.15789092052728,161.76057669520378,161.76057669520378,-848.3079297542572,1e-06,0.08042611026401304
b0-stage3-m2kl-model2,/data-1/wandb_runs/MATH-B0_STAGE3_M2KL_MODEL2-QWEN3-1P7B-V1/wandb/offline-run-20260721_202521-m1mh7suc,4,0.22265625,-0.5546875,-0.5546875,353.74609375,353.74609375,0.021484375,0,30.986309051513672,25.508833857253194,301.4080947935581,301.4080947935581,-1018.9414864480495,1e-06,0.07633688031000443
b0-stage3-m2kl-model2,/data-1/wandb_runs/MATH-B0_STAGE3_M2KL_MODEL2-QWEN3-1P7B-V1/wandb/offline-run-20260721_202521-m1mh7suc,5,0.2109375,-0.578125,-0.578125,348.525390625,348.525390625,0.017578125,0,29.331398010253906,20.518218161538243,144.16753140091896,144.16753140091896,-1292.1205594539642,1e-06,0.0760826163492705
b0-stage3-m2kl-model2,/data-1/wandb_runs/MATH-B0_STAGE3_M2KL_MODEL2-QWEN3-1P7B-V1/wandb/offline-run-20260721_202521-m1mh7suc,6,0.154296875,-0.69140625,-0.69140625,386.8125,386.8125,0.025390625,0,37.18035888671875,19.72452713130042,152.65320312976837,152.65320312976837,-1361.31380712986,1e-06,0.08041912781398095
b0-stage3-m2kl-model2,/data-1/wandb_runs/MATH-B0_STAGE3_M2KL_MODEL2-QWEN3-1P7B-V1/wandb/offline-run-20260721_202521-m1mh7suc,7,0.189453125,-0.62109375,-0.62109375,394.392578125,394.392578125,0.02734375,0,30.431922912597656,20.27196471672505,291.47143042087555,291.47143042087555,-1084.7757903337479,1e-06,0.08127353183829104
b0-stage3-m2kl-model2,/data-1/wandb_runs/MATH-B0_STAGE3_M2KL_MODEL2-QWEN3-1P7B-V1/wandb/offline-run-20260721_202521-m1mh7suc,8,0.20703125,-0.5859375,-0.5859375,441.958984375,441.958984375,0.033203125,0,37.414066314697266,31.386230465956032,292.25029129452173,292.25029129452173,-1389.1632130940754,1e-06,0.08203457678547654
b0-stage3-m2kl-model2,/data-1/wandb_runs/MATH-B0_STAGE3_M2KL_MODEL2-QWEN3-1P7B-V1/wandb/offline-run-20260721_202521-m1mh7suc,9,0.205078125,-0.58984375,-0.58984375,412.005859375,412.005859375,0.021484375,0,39.39297103881836,25.467983713373542,204.39288669162326,204.39288669162326,-736.114542749193,1e-06,0.07730462257157847
b0-stage3-m2kl-model2,/data-1/wandb_runs/MATH-B0_STAGE3_M2KL_MODEL2-QWEN3-1P7B-V1/wandb/offline-run-20260721_202521-m1mh7suc,10,0.1640625,-0.671875,-0.671875,373.568359375,373.568359375,0.017578125,0,42.005043029785156,26.22974938666448,190.74203696846962,190.74203696846962,-1189.974083662033,1e-06,0.07872783318336177
b0-stage3-m2kl-model2,/data-1/wandb_runs/MATH-B0_STAGE3_M2KL_MODEL2-QWEN3-1P7B-V1/wandb/offline-run-20260721_202521-m1mh7suc,11,0.16796875,-0.6640625,-0.6640625,418.546875,418.546875,0.03125,0,38.02988815307617,25.787495393306017,155.9972264766693,155.9972264766693,-2136.67422914505,1e-06,0.08380659111370513
b0-stage3-m2kl-model2,/data-1/wandb_runs/MATH-B0_STAGE3_M2KL_MODEL2-QWEN3-1P7B-V1/wandb/offline-run-20260721_202521-m1mh7suc,12,0.181640625,-0.63671875,-0.63671875,430.51953125,430.51953125,0.025390625,0,40.05835723876953,29.988320538774133,204.43815024693808,204.43815024693808,-1182.3726734585232,1e-06,0.08042623636521179
b0-stage3-m2kl-model2,/data-1/wandb_runs/MATH-B0_STAGE3_M2KL_MODEL2-QWEN3-1P7B-V1/wandb/offline-run-20260721_202521-m1mh7suc,13,0.236328125,-0.52734375,-0.52734375,432.677734375,432.677734375,0.025390625,0,37.26774597167969,26.46233796980232,264.834750228458,264.834750228458,-1243.4543055428398,1e-06,0.07930472734411934
b0-stage3-m2kl-model2,/data-1/wandb_runs/MATH-B0_STAGE3_M2KL_MODEL2-QWEN3-1P7B-V1/wandb/offline-run-20260721_202521-m1mh7suc,14,0.216796875,-0.56640625,-0.56640625,451.130859375,451.130859375,0.0390625,0,33.40342712402344,22.8976344964467,151.87550237443713,151.87550237443713,-1166.1682855818008,1e-06,0.08244240249999941
b0-stage3-m2kl-model2,/data-1/wandb_runs/MATH-B0_STAGE3_M2KL_MODEL2-QWEN3-1P7B-V1/wandb/offline-run-20260721_202521-m1mh7suc,15,0.208984375,-0.58203125,-0.58203125,414.0234375,414.0234375,0.01953125,0,53.98862075805664,40.744483516551554,310.7152845263481,310.7152845263481,-1249.9160523414612,1e-06,0.08281133566890442
b0-stage3-m2kl-model2,/data-1/wandb_runs/MATH-B0_STAGE3_M2KL_MODEL2-QWEN3-1P7B-V1/wandb/offline-run-20260721_202521-m1mh7suc,16,0.248046875,-0.50390625,-0.50390625,502.595703125,502.595703125,0.04296875,0,39.347496032714844,45.32846253551543,328.3167253255844,328.3167253255844,-1254.754851436615,1e-06,0.08048258819859763
b0-stage3-m2kl-model2,/data-1/wandb_runs/MATH-B0_STAGE3_M2KL_MODEL2-QWEN3-1P7B-V1/wandb/offline-run-20260721_202521-m1mh7suc,17,0.208984375,-0.58203125,-0.58203125,476.857421875,476.857421875,0.0390625,0,42.632957458496094,28.096759151667356,182.11859186490378,182.11859186490378,-1455.0877395206028,1e-06,0.082088077894093
b0-stage3-m2kl-model2,/data-1/wandb_runs/MATH-B0_STAGE3_M2KL_MODEL2-QWEN3-1P7B-V1/wandb/offline-run-20260721_202521-m1mh7suc,18,0.248046875,-0.50390625,-0.50390625,589.556640625,589.556640625,0.056640625,0,38.821739196777344,34.798554262146354,290.6468697894703,290.6468697894703,-1293.3917331695557,1e-06,0.08234327606824535
b0-stage3-m2kl-model2,/data-1/wandb_runs/MATH-B0_STAGE3_M2KL_MODEL2-QWEN3-1P7B-V1/wandb/offline-run-20260721_202521-m1mh7suc,19,0.228515625,-0.54296875,-0.54296875,550.49609375,550.49609375,0.04296875,0,38.65599822998047,32.132056549191475,234.01191433993253,234.01191433993253,-1275.1153156107123,1e-06,0.0798337757420757
b0-stage3-m2kl-model2,/data-1/wandb_runs/MATH-B0_STAGE3_M2KL_MODEL2-QWEN3-1P7B-V1/wandb/offline-run-20260721_202521-m1mh7suc,20,0.2734375,-0.453125,-0.453125,487.421875,487.421875,0.037109375,0,36.236412048339844,29.051661482080817,208.26512834760877,208.26512834760877,-1156.4579155974918,1e-06,0.08453252225624278
b0-stage3-m2kl-model2,/data-1/wandb_runs/MATH-B0_STAGE3_M2KL_MODEL2-QWEN3-1P7B-V1/wandb/offline-run-20260721_202521-m1mh7suc,21,0.251953125,-0.49609375,-0.49609375,491.1328125,491.1328125,0.025390625,0,43.85749053955078,31.174017664976418,225.46007376246982,225.46007376246982,-837.1447055604723,1e-06,0.08380406319695095
b0-stage3-m2kl-model2,/data-1/wandb_runs/MATH-B0_STAGE3_M2KL_MODEL2-QWEN3-1P7B-V1/wandb/offline-run-20260721_202521-m1mh7suc,22,0.2265625,-0.546875,-0.546875,674.056640625,674.056640625,0.060546875,0,53.42416763305664,43.40279584610835,380.9031958778699,380.9031958778699,-1166.5288066864014,1e-06,0.08455388041516276
b0-stage3-m2kl-model2,/data-1/wandb_runs/MATH-B0_STAGE3_M2KL_MODEL2-QWEN3-1P7B-V1/wandb/offline-run-20260721_202521-m1mh7suc,23,0.298828125,-0.40234375,-0.40234375,640.412109375,640.412109375,0.05078125,0,39.73706817626953,38.13113284856081,316.0978547533353,316.0978547533353,-1213.8289026220639,1e-06,0.0818123925367785
b0-stage3-m2kl-model2,/data-1/wandb_runs/MATH-B0_STAGE3_M2KL_MODEL2-QWEN3-1P7B-V1/wandb/offline-run-20260721_202521-m1mh7suc,24,0.3203125,-0.359375,-0.359375,730.390625,730.390625,0.052734375,0,52.335289001464844,49.66542794043198,336.9765409506284,336.9765409506284,-1128.4723301667434,1e-06,0.08306022866675138
b0-stage3-m2kl-model2,/data-1/wandb_runs/MATH-B0_STAGE3_M2KL_MODEL2-QWEN3-1P7B-V1/wandb/offline-run-20260721_202521-m1mh7suc,25,0.328125,-0.34375,-0.34375,702.826171875,702.826171875,0.056640625,0,48.77461624145508,46.00852687982842,313.24845081567764,313.24845081567764,-1069.2222406864166,1e-06,0.08577239702341084
b0-stage3-m2kl-model2,/data-1/wandb_runs/MATH-B0_STAGE3_M2KL_MODEL2-QWEN3-1P7B-V1/wandb/offline-run-20260721_202521-m1mh7suc,26,0.349609375,-0.30078125,-0.30078125,675.4296875,675.4296875,0.056640625,0,47.91741180419922,37.12142709083855,259.3995186885198,259.3995186885198,-1085.931959470113,1e-06,0.08310914175124427
b0-stage3-m2kl-model2,/data-1/wandb_runs/MATH-B0_STAGE3_M2KL_MODEL2-QWEN3-1P7B-V1/wandb/offline-run-20260721_202521-m1mh7suc,27,0.35546875,-0.2890625,-0.2890625,755.423828125,755.423828125,0.05859375,0,48.091888427734375,45.264107572846115,327.3843651918265,327.3843651918265,-964.5465252949641,1e-06,0.08463051052220688
b0-stage3-m2kl-model2,/data-1/wandb_runs/MATH-B0_STAGE3_M2KL_MODEL2-QWEN3-1P7B-V1/wandb/offline-run-20260721_202521-m1mh7suc,28,0.34375,-0.3125,-0.3125,1025.6875,1025.6875,0.11328125,0,48.95606994628906,44.817482303828,251.81654155955596,251.81654155955596,-1296.7693532494939,1e-06,0.08598053036160189
b0-stage3-m2kl-model2,/data-1/wandb_runs/MATH-B0_STAGE3_M2KL_MODEL2-QWEN3-1P7B-V1/wandb/offline-run-20260721_202521-m1mh7suc,29,0.4140625,-0.171875,-0.171875,981.578125,981.578125,0.08203125,0,47.35981369018555,48.474000486545265,300.3865931928158,300.3865931928158,-1156.7917086184025,1e-06,0.08576613726235047
b0-stage3-m2kl-model2,/data-1/wandb_runs/MATH-B0_STAGE3_M2KL_MODEL2-QWEN3-1P7B-V1/wandb/offline-run-20260721_202521-m1mh7suc,30,0.423828125,-0.15234375,-0.15234375,989.830078125,989.830078125,0.095703125,0,45.94662857055664,44.94695788435638,285.6374578475952,285.6374578475952,-1156.094257102293,1e-06,0.08343052630968334
b0-stage3-m2kl-model2,/data-1/wandb_runs/MATH-B0_STAGE3_M2KL_MODEL2-QWEN3-1P7B-V1/wandb/offline-run-20260721_202521-m1mh7suc,31,0.474609375,-0.05078125,-0.05078125,1008.71484375,1008.71484375,0.076171875,0,48.926536560058594,51.57253851741552,403.85942515204937,403.85942515204937,-889.1964181030498,1e-06,0.084893273333738
b0-stage3-m2kl-model2,/data-1/wandb_runs/MATH-B0_STAGE3_M2KL_MODEL2-QWEN3-1P7B-V1/wandb/offline-run-20260721_202521-m1mh7suc,32,0.458984375,-0.08203125,-0.08203125,1200.96484375,1200.96484375,0.109375,0,42.56266784667969,53.461377972736955,328.08165291736003,328.08165291736003,-1176.9817850966203,1e-06,0.0870931267977713
b0-stage3-m2kl-model2,/data-1/wandb_runs/MATH-B0_STAGE3_M2KL_MODEL2-QWEN3-1P7B-V1/wandb/offline-run-20260721_202521-m1mh7suc,33,0.509765625,0.01953125,0.01953125,1197.38671875,1197.38671875,0.11328125,0,49.5516357421875,53.350810809992254,345.9190919901195,345.9190919901195,-1072.854859025855,1e-06,0.08692723992128547
b0-stage3-m2kl-model2,/data-1/wandb_runs/MATH-B0_STAGE3_M2KL_MODEL2-QWEN3-1P7B-V1/wandb/offline-run-20260721_202521-m1mh7suc,34,0.484375,-0.03125,-0.03125,1158.91796875,1158.91796875,0.1015625,0,47.13711166381836,56.07016065437347,375.94147393577975,375.94147393577975,-1106.881985162434,1e-06,0.08530176787320126
b0-stage3-m2kl-model2,/data-1/wandb_runs/MATH-B0_STAGE3_M2KL_MODEL2-QWEN3-1P7B-V1/wandb/offline-run-20260721_202521-m1mh7suc,35,0.54296875,0.0859375,0.0859375,1337.92578125,1337.92578125,0.13671875,0,44.48440933227539,54.06691942177713,323.6028359503973,323.6028359503973,-1159.35238581612,1e-06,0.08664428035718645
b0-stage3-m2kl-model2,/data-1/wandb_runs/MATH-B0_STAGE3_M2KL_MODEL2-QWEN3-1P7B-V1/wandb/offline-run-20260721_202521-m1mh7suc,36,0.5390625,0.078125,0.078125,1432.064453125,1432.064453125,0.17578125,0,37.05533218383789,46.04270369000733,280.54903054237366,280.54903054237366,-1047.5832024487581,1e-06,0.08798974701549164
b0-stage3-m2kl-model2,/data-1/wandb_runs/MATH-B0_STAGE3_M2KL_MODEL2-QWEN3-1P7B-V1/wandb/offline-run-20260721_202521-m1mh7suc,37,0.521484375,0.04296875,0.04296875,1653.0234375,1653.0234375,0.17578125,0,42.090065002441406,62.58605770766735,387.3104544786307,387.3104544786307,-1287.717873298205,1e-06,0.0866531754784419
b0-stage3-m2kl-model2,/data-1/wandb_runs/MATH-B0_STAGE3_M2KL_MODEL2-QWEN3-1P7B-V1/wandb/offline-run-20260721_202521-m1mh7suc,38,0.560546875,0.12109375,0.12109375,1561.119140625,1561.119140625,0.16015625,0,41.56366729736328,59.00270115584135,401.0158189535141,401.0158189535141,-918.8576278984547,1e-06,0.08766150589504537
b0-stage3-m2kl-model2,/data-1/wandb_runs/MATH-B0_STAGE3_M2KL_MODEL2-QWEN3-1P7B-V1/wandb/offline-run-20260721_202521-m1mh7suc,39,0.568359375,0.13671875,0.13671875,1662.373046875,1662.373046875,0.220703125,0,36.0295524597168,46.432968344539404,259.9022246507498,259.9022246507498,-1370.9623220883882,1e-06,0.0873155718623039
b0-stage3-m2kl-model2,/data-1/wandb_runs/MATH-B0_STAGE3_M2KL_MODEL2-QWEN3-1P7B-V1/wandb/offline-run-20260721_202521-m1mh7suc,40,0.609375,0.21875,0.21875,1529.455078125,1529.455078125,0.162109375,0,37.39968490600586,50.06147736404091,321.1636347273986,321.1636347273986,-1048.0862524708111,1e-06,0.08693011580734253
b01-stage3-nokl-model1,/data-1/wandb_runs/MATH-B01_STAGE3_NOKL_MODEL1-QWEN3-1P7B-V1/wandb/offline-run-20260722_014119-r8afhkhq,1,0.130859375,-0.73828125,-0.73828125,850.546875,850.546875,0.154296875,0,33.85359191894531,14.760830848710611,-272.02046600182854,225.86052389144896,-4978.809850120544,1e-06,0.08197069782482572
b01-stage3-nokl-model1,/data-1/wandb_runs/MATH-B01_STAGE3_NOKL_MODEL1-QWEN3-1P7B-V1/wandb/offline-run-20260722_014119-r8afhkhq,2,0.130859375,-0.73828125,-0.73828125,866.939453125,866.939453125,0.154296875,0,35.60182189941406,9.55489576922264,-130.43954925934474,311.23952016830447,-4416.7906042734785,1e-06,0.08388275252876772
b01-stage3-nokl-model1,/data-1/wandb_runs/MATH-B01_STAGE3_NOKL_MODEL1-QWEN3-1P7B-V1/wandb/offline-run-20260722_014119-r8afhkhq,3,0.146484375,-0.70703125,-0.70703125,718.8046875,718.8046875,0.119140625,0,32.5709114074707,10.554724772227928,-112.19808698617496,297.20667360379144,-4094.0475055254424,1e-06,0.08267847778193811
b01-stage3-nokl-model1,/data-1/wandb_runs/MATH-B01_STAGE3_NOKL_MODEL1-QWEN3-1P7B-V1/wandb/offline-run-20260722_014119-r8afhkhq,4,0.15625,-0.6875,-0.6875,817.689453125,817.689453125,0.134765625,0,26.05449104309082,9.982636601664126,-155.3007150547845,278.0626767703465,-4333.633851051331,1e-06,0.08428630425341281
b01-stage3-nokl-model1,/data-1/wandb_runs/MATH-B01_STAGE3_NOKL_MODEL1-QWEN3-1P7B-V1/wandb/offline-run-20260722_014119-r8afhkhq,5,0.1328125,-0.734375,-0.734375,867.8359375,867.8359375,0.146484375,0,33.73008728027344,16.714378212578595,-123.90322751998902,329.5825437227885,-4534.857625389099,1e-06,0.08329767770139239
b01-stage3-nokl-model1,/data-1/wandb_runs/MATH-B01_STAGE3_NOKL_MODEL1-QWEN3-1P7B-V1/wandb/offline-run-20260722_014119-r8afhkhq,6,0.099609375,-0.80078125,-0.80078125,836.77734375,836.77734375,0.142578125,0,35.61152267456055,5.613266241271049,-293.6995425479753,126.18326875141689,-4198.828048774174,1e-06,0.08557194728289247
b01-stage3-nokl-model1,/data-1/wandb_runs/MATH-B01_STAGE3_NOKL_MODEL1-QWEN3-1P7B-V1/wandb/offline-run-20260722_014119-r8afhkhq,7,0.130859375,-0.73828125,-0.73828125,700.166015625,700.166015625,0.11328125,0,25.700836181640625,0.5866211570100859,-273.13050458522946,87.62772640815147,-3607.5822410583496,1e-06,0.08062448057838212
b01-stage3-nokl-model1,/data-1/wandb_runs/MATH-B01_STAGE3_NOKL_MODEL1-QWEN3-1P7B-V1/wandb/offline-run-20260722_014119-r8afhkhq,8,0.138671875,-0.72265625,-0.72265625,720.822265625,720.822265625,0.111328125,0,31.079572677612305,9.67629610770382,-114.80430218806633,307.208731339528,-4220.130240807166,1e-06,0.08273417752568207
b01-stage3-nokl-model1,/data-1/wandb_runs/MATH-B01_STAGE3_NOKL_MODEL1-QWEN3-1P7B-V1/wandb/offline-run-20260722_014119-r8afhkhq,9,0.107421875,-0.78515625,-0.78515625,763.302734375,763.302734375,0.123046875,0,38.575931549072266,8.201335326768458,-149.08649945259094,197.65440951860867,-3467.4090288969187,1e-06,0.08579399554195677
b01-stage3-nokl-model1,/data-1/wandb_runs/MATH-B01_STAGE3_NOKL_MODEL1-QWEN3-1P7B-V1/wandb/offline-run-20260722_014119-r8afhkhq,10,0.099609375,-0.80078125,-0.80078125,853.49609375,853.49609375,0.146484375,0,35.64920425415039,11.921585975331254,-123.2736854672432,310.69541931152344,-4339.6909762064615,1e-06,0.0824916234286957
b01-stage3-nokl-model1,/data-1/wandb_runs/MATH-B01_STAGE3_NOKL_MODEL1-QWEN3-1P7B-V1/wandb/offline-run-20260722_014119-r8afhkhq,11,0.109375,-0.78125,-0.78125,815.0625,815.0625,0.140625,0,28.09209442138672,-2.9598160376772285,-328.97433941704884,134.0438953467778,-4630.182252883911,1e-06,0.08390613050802048
b01-stage3-nokl-model1,/data-1/wandb_runs/MATH-B01_STAGE3_NOKL_MODEL1-QWEN3-1P7B-V1/wandb/offline-run-20260722_014119-r8afhkhq,12,0.08203125,-0.8359375,-0.8359375,643.77734375,643.77734375,0.095703125,0,29.048778533935547,7.709095252212137,-269.13319299618405,91.48865294456482,-3606.2184093793235,1e-06,0.08216836881198566
b01-stage3-nokl-model1,/data-1/wandb_runs/MATH-B01_STAGE3_NOKL_MODEL1-QWEN3-1P7B-V1/wandb/offline-run-20260722_014119-r8afhkhq,13,0.14453125,-0.7109375,-0.7109375,681.80078125,681.80078125,0.1015625,0,35.87007522583008,16.940272751729935,-75.83401304483414,346.81025326251984,-4226.442560990651,1e-06,0.08400644836346227
b01-stage3-nokl-model1,/data-1/wandb_runs/MATH-B01_STAGE3_NOKL_MODEL1-QWEN3-1P7B-V1/wandb/offline-run-20260722_014119-r8afhkhq,14,0.12890625,-0.7421875,-0.7421875,883.3359375,883.3359375,0.150390625,0,29.423206329345703,25.938106598798186,2.875354798634847,469.55000688234963,-4666.746440728505,1e-06,0.08501788290725401
b01-stage3-nokl-model1,/data-1/wandb_runs/MATH-B01_STAGE3_NOKL_MODEL1-QWEN3-1P7B-V1/wandb/offline-run-20260722_014119-r8afhkhq,15,0.14453125,-0.7109375,-0.7109375,629.46484375,629.46484375,0.095703125,0,35.07113265991211,10.280993870459497,-164.39205157756805,174.87131251891455,-3392.6335911750793,1e-06,0.08007413596799517
b01-stage3-nokl-model1,/data-1/wandb_runs/MATH-B01_STAGE3_NOKL_MODEL1-QWEN3-1P7B-V1/wandb/offline-run-20260722_014119-r8afhkhq,16,0.146484375,-0.70703125,-0.70703125,683.359375,683.359375,0.099609375,0,32.02935028076172,14.480921750655398,-23.984850853681564,325.02849608659744,-3490.1334206263223,1e-06,0.08421191836923517
b01-stage3-nokl-model1,/data-1/wandb_runs/MATH-B01_STAGE3_NOKL_MODEL1-QWEN3-1P7B-V1/wandb/offline-run-20260722_014119-r8afhkhq,17,0.14453125,-0.7109375,-0.7109375,775.986328125,775.986328125,0.119140625,0,44.53425598144531,42.723866417538375,157.79832031176642,485.63245898026685,-3278.3413694088276,1e-06,0.08495418705473255
b01-stage3-nokl-model1,/data-1/wandb_runs/MATH-B01_STAGE3_NOKL_MODEL1-QWEN3-1P7B-V1/wandb/offline-run-20260722_014119-r8afhkhq,18,0.125,-0.75,-0.75,709.71875,709.71875,0.10546875,0,31.414546966552734,11.49303298565792,-138.48670996840184,213.0803686472086,-3515.6707360561077,1e-06,0.0813120218483832
b01-stage3-nokl-model1,/data-1/wandb_runs/MATH-B01_STAGE3_NOKL_MODEL1-QWEN3-1P7B-V1/wandb/offline-run-20260722_014119-r8afhkhq,19,0.125,-0.75,-0.75,602.666015625,602.666015625,0.08203125,0,36.88695526123047,28.958426001481712,111.13532783768393,419.09447969089854,-3079.5914331782947,1e-06,0.0837482278996167
b01-stage3-nokl-model1,/data-1/wandb_runs/MATH-B01_STAGE3_NOKL_MODEL1-QWEN3-1P7B-V1/wandb/offline-run-20260722_014119-r8afhkhq,20,0.189453125,-0.62109375,-0.62109375,645.93359375,645.93359375,0.08984375,0,32.08074951171875,29.315364946436603,145.61699433376393,407.74964680274326,-2621.32645269235,1e-06,0.0809768578773419
b01-stage3-nokl-model1,/data-1/wandb_runs/MATH-B01_STAGE3_NOKL_MODEL1-QWEN3-1P7B-V1/wandb/offline-run-20260722_014119-r8afhkhq,21,0.15234375,-0.6953125,-0.6953125,665.16015625,665.16015625,0.08984375,0,45.56754684448242,31.908997098216787,-87.15996300180753,290.1511924266815,-3773.111462175846,1e-06,0.08176551285861174
b01-stage3-nokl-model1,/data-1/wandb_runs/MATH-B01_STAGE3_NOKL_MODEL1-QWEN3-1P7B-V1/wandb/offline-run-20260722_014119-r8afhkhq,22,0.099609375,-0.80078125,-0.80078125,649.12890625,649.12890625,0.091796875,0,38.03087615966797,19.213598744245246,-131.6179798344771,175.33759552240372,-3069.5557198524475,1e-06,0.0822556300279374
b01-stage3-nokl-model1,/data-1/wandb_runs/MATH-B01_STAGE3_NOKL_MODEL1-QWEN3-1P7B-V1/wandb/offline-run-20260722_014119-r8afhkhq,23,0.208984375,-0.58203125,-0.58203125,563.5546875,563.5546875,0.072265625,0,38.14967346191406,12.20203079096973,-209.37543812665072,134.40650688518178,-3437.819410757585,1e-06,0.0799686465111292
b01-stage3-nokl-model1,/data-1/wandb_runs/MATH-B01_STAGE3_NOKL_MODEL1-QWEN3-1P7B-V1/wandb/offline-run-20260722_014119-r8afhkhq,24,0.162109375,-0.67578125,-0.67578125,692.357421875,692.357421875,0.091796875,0,37.645389556884766,16.650052755139768,-120.46887453397115,282.96440237760544,-4034.332713405291,1e-06,0.08433424857541583
b01-stage3-nokl-model1,/data-1/wandb_runs/MATH-B01_STAGE3_NOKL_MODEL1-QWEN3-1P7B-V1/wandb/offline-run-20260722_014119-r8afhkhq,25,0.158203125,-0.68359375,-0.68359375,675.576171875,675.576171875,0.095703125,0,32.73444747924805,14.55219160951674,-119.73251279195149,240.93720457951227,-3606.6971411705017,1e-06,0.08291331191410566
b01-stage3-nokl-model1,/data-1/wandb_runs/MATH-B01_STAGE3_NOKL_MODEL1-QWEN3-1P7B-V1/wandb/offline-run-20260722_014119-r8afhkhq,26,0.1640625,-0.671875,-0.671875,628.673828125,628.673828125,0.091796875,0,28.04963493347168,9.81840517965611,-167.90405172109604,150.261493509466,-3181.6553839986973,1e-06,0.08418085296607254
b01-stage3-nokl-model1,/data-1/wandb_runs/MATH-B01_STAGE3_NOKL_MODEL1-QWEN3-1P7B-V1/wandb/offline-run-20260722_014119-r8afhkhq,27,0.19140625,-0.6171875,-0.6171875,588.33203125,588.33203125,0.07421875,0,31.751426696777344,13.436567957047373,-2.745501171458851,340.33201456069946,-3430.7751183943315,1e-06,0.08174087875210295
b01-stage3-nokl-model1,/data-1/wandb_runs/MATH-B01_STAGE3_NOKL_MODEL1-QWEN3-1P7B-V1/wandb/offline-run-20260722_014119-r8afhkhq,28,0.1328125,-0.734375,-0.734375,541.951171875,541.951171875,0.05859375,0,36.38805389404297,5.371393279638141,-132.57636437416076,177.59062278270721,-3101.669817733765,1e-06,0.08353975075870151
b01-stage3-nokl-model1,/data-1/wandb_runs/MATH-B01_STAGE3_NOKL_MODEL1-QWEN3-1P7B-V1/wandb/offline-run-20260722_014119-r8afhkhq,29,0.16796875,-0.6640625,-0.6640625,578.86328125,578.86328125,0.068359375,0,37.15492248535156,12.617592074442655,-66.42165942625566,260.63967394828796,-3270.613272406838,1e-06,0.0797373869361643
b01-stage3-nokl-model1,/data-1/wandb_runs/MATH-B01_STAGE3_NOKL_MODEL1-QWEN3-1P7B-V1/wandb/offline-run-20260722_014119-r8afhkhq,30,0.205078125,-0.58984375,-0.58984375,562.1328125,562.1328125,0.072265625,0,28.91172981262207,13.653175322338939,-22.22687781940807,258.8983950831673,-2811.252717885104,1e-06,0.07920149615026859
b01-stage3-nokl-model1,/data-1/wandb_runs/MATH-B01_STAGE3_NOKL_MODEL1-QWEN3-1P7B-V1/wandb/offline-run-20260722_014119-r8afhkhq,31,0.197265625,-0.60546875,-0.60546875,450.123046875,450.123046875,0.0390625,0,34.608028411865234,20.110613815952092,-42.26263772116767,176.69300447569952,-2189.5563847753738,1e-06,0.08081600906265075
b01-stage3-nokl-model1,/data-1/wandb_runs/MATH-B01_STAGE3_NOKL_MODEL1-QWEN3-1P7B-V1/wandb/offline-run-20260722_014119-r8afhkhq,32,0.171875,-0.65625,-0.65625,584.64453125,584.64453125,0.0703125,0,35.45948028564453,10.172620427794755,-126.39427388798107,127.21651536768132,-2536.107874610207,1e-06,0.0809555806914897
b01-stage3-nokl-model1,/data-1/wandb_runs/MATH-B01_STAGE3_NOKL_MODEL1-QWEN3-1P7B-V1/wandb/offline-run-20260722_014119-r8afhkhq,33,0.185546875,-0.62890625,-0.62890625,568.953125,568.953125,0.06640625,0,40.06668472290039,20.391084405593574,-32.473265712911434,212.9559471390464,-2454.292076544328,1e-06,0.07928278008550804
b01-stage3-nokl-model1,/data-1/wandb_runs/MATH-B01_STAGE3_NOKL_MODEL1-QWEN3-1P7B-V1/wandb/offline-run-20260722_014119-r8afhkhq,34,0.203125,-0.59375,-0.59375,455.390625,455.390625,0.041015625,0,31.323196411132812,20.243047882802784,2.433483918507894,178.03742504119873,-1756.0393928951687,1e-06,0.08109385009662348
b01-stage3-nokl-model1,/data-1/wandb_runs/MATH-B01_STAGE3_NOKL_MODEL1-QWEN3-1P7B-V1/wandb/offline-run-20260722_014119-r8afhkhq,35,0.23046875,-0.5390625,-0.5390625,463.03125,463.03125,0.044921875,0,41.24788284301758,31.34094939008355,-4.128992239634196,247.41331979963513,-2515.423119544983,1e-06,0.08041840983886482
b01-stage3-nokl-model1,/data-1/wandb_runs/MATH-B01_STAGE3_NOKL_MODEL1-QWEN3-1P7B-V1/wandb/offline-run-20260722_014119-r8afhkhq,36,0.23046875,-0.5390625,-0.5390625,566.09765625,566.09765625,0.0625,0,35.3690071105957,13.431609963532537,-64.08560885082592,121.52165963433005,-1856.0726440603082,1e-06,0.07813603214572104
b01-stage3-nokl-model1,/data-1/wandb_runs/MATH-B01_STAGE3_NOKL_MODEL1-QWEN3-1P7B-V1/wandb/offline-run-20260722_014119-r8afhkhq,37,0.15234375,-0.6953125,-0.6953125,546.55078125,546.55078125,0.056640625,0,47.6839714050293,33.32007538806647,50.42689056396485,262.564377951622,-2121.374822998047,1e-06,0.08338491598954664
b01-stage3-nokl-model1,/data-1/wandb_runs/MATH-B01_STAGE3_NOKL_MODEL1-QWEN3-1P7B-V1/wandb/offline-run-20260722_014119-r8afhkhq,38,0.181640625,-0.63671875,-0.63671875,554.666015625,554.666015625,0.05859375,0,51.571407318115234,32.64504298148677,57.6839940071106,265.2601321220398,-2075.76136341095,1e-06,0.08392794848700225
b01-stage3-nokl-model1,/data-1/wandb_runs/MATH-B01_STAGE3_NOKL_MODEL1-QWEN3-1P7B-V1/wandb/offline-run-20260722_014119-r8afhkhq,39,0.23046875,-0.5390625,-0.5390625,536.166015625,536.166015625,0.0546875,0,49.961647033691406,22.644655061885715,227.59867506027223,400.20357217788694,-1726.0489506721497,1e-06,0.08269299825649512
b01-stage3-nokl-model1,/data-1/wandb_runs/MATH-B01_STAGE3_NOKL_MODEL1-QWEN3-1P7B-V1/wandb/offline-run-20260722_014119-r8afhkhq,40,0.25,-0.5,-0.5,540.857421875,540.857421875,0.056640625,0,39.125545501708984,21.92459696950391,41.70886435508728,217.78385162353516,-1760.7498480796814,1e-06,0.08305991222088782
b01-stage3-nokl-model2,/data-1/wandb_runs/MATH-B01_STAGE3_NOKL_MODEL2-QWEN3-1P7B-V1/wandb/offline-run-20260722_041631-61nnyz8m,1,0.203125,-0.59375,-0.59375,373.83984375,373.83984375,0.029296875,0,34.24153518676758,18.20326891122386,20.470508188009262,160.7654403746128,-1402.949315071106,1e-06,0.0798647613933261
b01-stage3-nokl-model2,/data-1/wandb_runs/MATH-B01_STAGE3_NOKL_MODEL2-QWEN3-1P7B-V1/wandb/offline-run-20260722_041631-61nnyz8m,2,0.181640625,-0.63671875,-0.63671875,321.271484375,321.271484375,0.013671875,0,37.12940216064453,15.923523304052651,58.81352417809622,162.22894709450858,-1034.154201916286,1e-06,0.08129275373782147
b01-stage3-nokl-model2,/data-1/wandb_runs/MATH-B01_STAGE3_NOKL_MODEL2-QWEN3-1P7B-V1/wandb/offline-run-20260722_041631-61nnyz8m,3,0.201171875,-0.59765625,-0.59765625,339.48046875,339.48046875,0.01953125,0,32.72531509399414,22.876026840880513,223.37325251102448,322.8552537560463,-994.8199892044067,1e-06,0.07552728169686954
b01-stage3-nokl-model2,/data-1/wandb_runs/MATH-B01_STAGE3_NOKL_MODEL2-QWEN3-1P7B-V1/wandb/offline-run-20260722_041631-61nnyz8m,4,0.169921875,-0.66015625,-0.66015625,336.876953125,336.876953125,0.017578125,0,37.89435958862305,23.64012950984761,123.70950815081596,237.35184755921364,-1136.4234100580215,1e-06,0.07424130067354777
b01-stage3-nokl-model2,/data-1/wandb_runs/MATH-B01_STAGE3_NOKL_MODEL2-QWEN3-1P7B-V1/wandb/offline-run-20260722_041631-61nnyz8m,5,0.1953125,-0.609375,-0.609375,365.751953125,365.751953125,0.0234375,0,31.789812088012695,18.21158945793286,97.77354943752289,183.38766914606094,-856.1411800384521,1e-06,0.07847700667496074
b01-stage3-nokl-model2,/data-1/wandb_runs/MATH-B01_STAGE3_NOKL_MODEL2-QWEN3-1P7B-V1/wandb/offline-run-20260722_041631-61nnyz8m,6,0.146484375,-0.70703125,-0.70703125,396.013671875,396.013671875,0.025390625,0,38.783050537109375,19.444869385566562,142.99186086654663,226.22664898633957,-832.3478464484215,1e-06,0.08124611582405686
b01-stage3-nokl-model2,/data-1/wandb_runs/MATH-B01_STAGE3_NOKL_MODEL2-QWEN3-1P7B-V1/wandb/offline-run-20260722_041631-61nnyz8m,7,0.181640625,-0.63671875,-0.63671875,397.859375,397.859375,0.029296875,0,33.920475006103516,14.414184016175568,87.84690418839455,238.20328056812286,-1503.563749551773,1e-06,0.08187816122536501
b01-stage3-nokl-model2,/data-1/wandb_runs/MATH-B01_STAGE3_NOKL_MODEL2-QWEN3-1P7B-V1/wandb/offline-run-20260722_041631-61nnyz8m,8,0.212890625,-0.57421875,-0.57421875,409.115234375,409.115234375,0.0390625,0,29.635578155517578,13.232144609239185,96.66638155281544,226.39998573727078,-1297.3360146681468,1e-06,0.07868917130140715
b01-stage3-nokl-model2,/data-1/wandb_runs/MATH-B01_STAGE3_NOKL_MODEL2-QWEN3-1P7B-V1/wandb/offline-run-20260722_041631-61nnyz8m,9,0.177734375,-0.64453125,-0.64453125,444.548828125,444.548828125,0.037109375,0,36.09751892089844,19.214720635907724,31.203378584649826,173.22418366538153,-1420.208027018441,1e-06,0.0815345745096594
b01-stage3-nokl-model2,/data-1/wandb_runs/MATH-B01_STAGE3_NOKL_MODEL2-QWEN3-1P7B-V1/wandb/offline-run-20260722_041631-61nnyz8m,10,0.1484375,-0.703125,-0.703125,413.498046875,413.498046875,0.029296875,0,42.28759765625,21.11015555355698,55.33850118849013,202.33107662200928,-1469.9257295396592,1e-06,0.07656286611502146
b01-stage3-nokl-model2,/data-1/wandb_runs/MATH-B01_STAGE3_NOKL_MODEL2-QWEN3-1P7B-V1/wandb/offline-run-20260722_041631-61nnyz8m,11,0.171875,-0.65625,-0.65625,391.96875,391.96875,0.029296875,0,33.5822868347168,15.20112343551591,54.530101388692856,169.13495737314224,-1146.0485444068909,1e-06,0.08121391245207779
b01-stage3-nokl-model2,/data-1/wandb_runs/MATH-B01_STAGE3_NOKL_MODEL2-QWEN3-1P7B-V1/wandb/offline-run-20260722_041631-61nnyz8m,12,0.1640625,-0.671875,-0.671875,411.599609375,411.599609375,0.02734375,0,45.628509521484375,21.81719749676995,125.59065915478601,227.84270450803967,-1022.5204445785946,1e-06,0.07833923198510984
b01-stage3-nokl-model2,/data-1/wandb_runs/MATH-B01_STAGE3_NOKL_MODEL2-QWEN3-1P7B-V1/wandb/offline-run-20260722_041631-61nnyz8m,13,0.203125,-0.59375,-0.59375,388.6875,388.6875,0.021484375,0,40.767120361328125,24.57258257921785,178.7930771112442,260.53756457567215,-817.4448636770248,1e-06,0.08121950262549085
b01-stage3-nokl-model2,/data-1/wandb_runs/MATH-B01_STAGE3_NOKL_MODEL2-QWEN3-1P7B-V1/wandb/offline-run-20260722_041631-61nnyz8m,14,0.19140625,-0.6171875,-0.6171875,401.0859375,401.0859375,0.02734375,0,33.75326156616211,21.326160449068993,113.06399434804916,222.977911144495,-1099.1391578912735,1e-06,0.08347664060494633
b01-stage3-nokl-model2,/data-1/wandb_runs/MATH-B01_STAGE3_NOKL_MODEL2-QWEN3-1P7B-V1/wandb/offline-run-20260722_041631-61nnyz8m,15,0.228515625,-0.54296875,-0.54296875,413.705078125,413.705078125,0.02734375,0,34.73862838745117,17.303382225334644,92.59691467881203,244.80552369356155,-1522.0860495567322,1e-06,0.08362825714908913
b01-stage3-nokl-model2,/data-1/wandb_runs/MATH-B01_STAGE3_NOKL_MODEL2-QWEN3-1P7B-V1/wandb/offline-run-20260722_041631-61nnyz8m,16,0.228515625,-0.54296875,-0.54296875,457.58984375,457.58984375,0.029296875,0,41.20724868774414,23.869970210362226,116.23379808002048,256.23541883627576,-1400.0161774953206,1e-06,0.08195468133449467
b01-stage3-nokl-model2,/data-1/wandb_runs/MATH-B01_STAGE3_NOKL_MODEL2-QWEN3-1P7B-V1/wandb/offline-run-20260722_041631-61nnyz8m,17,0.2109375,-0.578125,-0.578125,467.73828125,467.73828125,0.0390625,0,34.633758544921875,15.627038951031864,8.703833023707071,144.76150533888074,-1360.5766877068413,1e-06,0.08148020753342394
b01-stage3-nokl-model2,/data-1/wandb_runs/MATH-B01_STAGE3_NOKL_MODEL2-QWEN3-1P7B-V1/wandb/offline-run-20260722_041631-61nnyz8m,18,0.1953125,-0.609375,-0.609375,623.369140625,623.369140625,0.06640625,0,40.12437438964844,24.63108258729335,28.713077409700915,200.299011295492,-1715.859302520752,1e-06,0.08495139021847964
b01-stage3-nokl-model2,/data-1/wandb_runs/MATH-B01_STAGE3_NOKL_MODEL2-QWEN3-1P7B-V1/wandb/offline-run-20260722_041631-61nnyz8m,19,0.234375,-0.53125,-0.53125,430.765625,430.765625,0.03125,0,36.103179931640625,24.77997305523604,124.43535817994012,239.21138964758978,-1147.7602632310654,1e-06,0.08047423537455635
b01-stage3-nokl-model2,/data-1/wandb_runs/MATH-B01_STAGE3_NOKL_MODEL2-QWEN3-1P7B-V1/wandb/offline-run-20260722_041631-61nnyz8m,20,0.25,-0.5,-0.5,487.12109375,487.12109375,0.03125,0,43.41150665283203,28.084982506930828,76.21081354882982,238.94870273272196,-1627.3788837856716,1e-06,0.08425071589178615
b01-stage3-nokl-model2,/data-1/wandb_runs/MATH-B01_STAGE3_NOKL_MODEL2-QWEN3-1P7B-V1/wandb/offline-run-20260722_041631-61nnyz8m,21,0.255859375,-0.48828125,-0.48828125,550.3984375,550.3984375,0.0546875,0,46.38398742675781,28.477841965388507,45.54152858257294,200.33768424987792,-1547.9615211486816,1e-06,0.08395426248322668
b01-stage3-nokl-model2,/data-1/wandb_runs/MATH-B01_STAGE3_NOKL_MODEL2-QWEN3-1P7B-V1/wandb/offline-run-20260722_041631-61nnyz8m,22,0.205078125,-0.58984375,-0.58984375,538.08984375,538.08984375,0.0390625,0,56.189762115478516,30.563168675871566,175.48162204027176,294.2826904296875,-1188.0106680870056,1e-06,0.08387772191020783
b01-stage3-nokl-model2,/data-1/wandb_runs/MATH-B01_STAGE3_NOKL_MODEL2-QWEN3-1P7B-V1/wandb/offline-run-20260722_041631-61nnyz8m,23,0.283203125,-0.43359375,-0.43359375,511.890625,511.890625,0.02734375,0,43.61215591430664,32.41631807945669,240.2658162355423,328.19101243019105,-879.2519550323486,1e-06,0.0815714212535811
b01-stage3-nokl-model2,/data-1/wandb_runs/MATH-B01_STAGE3_NOKL_MODEL2-QWEN3-1P7B-V1/wandb/offline-run-20260722_041631-61nnyz8m,24,0.2578125,-0.484375,-0.484375,587.576171875,587.576171875,0.048828125,0,50.54655456542969,33.53148122841958,172.56141012907028,278.7512930956754,-1061.8988204869356,1e-06,0.08223252760254227
b01-stage3-nokl-model2,/data-1/wandb_runs/MATH-B01_STAGE3_NOKL_MODEL2-QWEN3-1P7B-V1/wandb/offline-run-20260722_041631-61nnyz8m,25,0.328125,-0.34375,-0.34375,636.021484375,636.021484375,0.052734375,0,50.66935348510742,38.877472423017025,200.2632313966751,319.8294293483098,-1195.661959330241,1e-06,0.08081783319937669
b01-stage3-nokl-model2,/data-1/wandb_runs/MATH-B01_STAGE3_NOKL_MODEL2-QWEN3-1P7B-V1/wandb/offline-run-20260722_041631-61nnyz8m,26,0.30859375,-0.3828125,-0.3828125,565.642578125,565.642578125,0.033203125,0,56.16819381713867,47.45333347469568,311.0343370437622,400.10413508415223,-890.6979413032532,1e-06,0.08471670033017772
b01-stage3-nokl-model2,/data-1/wandb_runs/MATH-B01_STAGE3_NOKL_MODEL2-QWEN3-1P7B-V1/wandb/offline-run-20260722_041631-61nnyz8m,27,0.31640625,-0.3671875,-0.3671875,697.515625,697.515625,0.0546875,0,51.2463264465332,42.35996391973458,262.31082545717555,373.5444686611493,-1112.336391210556,1e-06,0.08559385305516366
b01-stage3-nokl-model2,/data-1/wandb_runs/MATH-B01_STAGE3_NOKL_MODEL2-QWEN3-1P7B-V1/wandb/offline-run-20260722_041631-61nnyz8m,28,0.322265625,-0.35546875,-0.35546875,846.73828125,846.73828125,0.076171875,0,50.978214263916016,42.52171505475417,292.2443835258484,410.7042846997579,-1184.5990095774332,1e-06,0.0833188638956967
b01-stage3-nokl-model2,/data-1/wandb_runs/MATH-B01_STAGE3_NOKL_MODEL2-QWEN3-1P7B-V1/wandb/offline-run-20260722_041631-61nnyz8m,29,0.36328125,-0.2734375,-0.2734375,850.333984375,850.333984375,0.06640625,0,50.4992561340332,48.428477523848414,284.1230413573129,382.4786186218262,-983.5557628699711,1e-06,0.08586156015025187
b01-stage3-nokl-model2,/data-1/wandb_runs/MATH-B01_STAGE3_NOKL_MODEL2-QWEN3-1P7B-V1/wandb/offline-run-20260722_041631-61nnyz8m,30,0.4140625,-0.171875,-0.171875,954.958984375,954.958984375,0.08984375,0,46.826637268066406,43.14110745792277,197.75670660287142,323.0685960948467,-1253.1188546419144,1e-06,0.08486987894960157
b01-stage3-nokl-model2,/data-1/wandb_runs/MATH-B01_STAGE3_NOKL_MODEL2-QWEN3-1P7B-V1/wandb/offline-run-20260722_041631-61nnyz8m,31,0.40625,-0.1875,-0.1875,949.271484375,949.271484375,0.07421875,0,49.91072463989258,46.89621234498918,228.23878198862076,353.6869314312935,-1254.4814644753933,1e-06,0.08517267074875068
b01-stage3-nokl-model2,/data-1/wandb_runs/MATH-B01_STAGE3_NOKL_MODEL2-QWEN3-1P7B-V1/wandb/offline-run-20260722_041631-61nnyz8m,32,0.380859375,-0.23828125,-0.23828125,1013.017578125,1013.017578125,0.0859375,0,52.915794372558594,48.43409230001271,246.92471930559944,358.5668153622571,-1116.4209400766035,1e-06,0.08423211075634274
b01-stage3-nokl-model2,/data-1/wandb_runs/MATH-B01_STAGE3_NOKL_MODEL2-QWEN3-1P7B-V1/wandb/offline-run-20260722_041631-61nnyz8m,33,0.462890625,-0.07421875,-0.07421875,1088.20703125,1088.20703125,0.12109375,0,45.7966423034668,41.92880611680448,170.4746154944102,296.8304821120368,-1263.5586544805103,1e-06,0.08478861879564936
b01-stage3-nokl-model2,/data-1/wandb_runs/MATH-B01_STAGE3_NOKL_MODEL2-QWEN3-1P7B-V1/wandb/offline-run-20260722_041631-61nnyz8m,34,0.4609375,-0.078125,-0.078125,993.349609375,993.349609375,0.087890625,0,43.1824836730957,40.664734940975904,273.95031944443195,378.8420004423927,-1048.9167941738579,1e-06,0.08381692771926424
b01-stage3-nokl-model2,/data-1/wandb_runs/MATH-B01_STAGE3_NOKL_MODEL2-QWEN3-1P7B-V1/wandb/offline-run-20260722_041631-61nnyz8m,35,0.478515625,-0.04296875,-0.04296875,1157.240234375,1157.240234375,0.115234375,0,43.58543395996094,45.03575876355171,229.19852997127333,348.94028834292766,-1197.417572987707,1e-06,0.08441023358642369
b01-stage3-nokl-model2,/data-1/wandb_runs/MATH-B01_STAGE3_NOKL_MODEL2-QWEN3-1P7B-V1/wandb/offline-run-20260722_041631-61nnyz8m,36,0.54296875,0.0859375,0.0859375,1322.853515625,1322.853515625,0.115234375,0,47.28567886352539,58.113456602208316,351.619257972354,446.10962136586505,-944.9036133175805,1e-06,0.08566849796678769
b01-stage3-nokl-model2,/data-1/wandb_runs/MATH-B01_STAGE3_NOKL_MODEL2-QWEN3-1P7B-V1/wandb/offline-run-20260722_041631-61nnyz8m,37,0.4921875,-0.015625,-0.015625,1539.771484375,1539.771484375,0.1640625,0,41.864322662353516,44.8264931216836,192.63468247652054,329.00483337044716,-1363.7014876206715,1e-06,0.08728381474800029
b01-stage3-nokl-model2,/data-1/wandb_runs/MATH-B01_STAGE3_NOKL_MODEL2-QWEN3-1P7B-V1/wandb/offline-run-20260722_041631-61nnyz8m,38,0.556640625,0.11328125,0.11328125,1446.740234375,1446.740234375,0.140625,0,42.34906768798828,52.335887556895614,253.89097081059995,372.8665144547172,-1189.7554314551146,1e-06,0.08584441769962683
b01-stage3-nokl-model2,/data-1/wandb_runs/MATH-B01_STAGE3_NOKL_MODEL2-QWEN3-1P7B-V1/wandb/offline-run-20260722_041631-61nnyz8m,39,0.58203125,0.1640625,0.1640625,1493.91015625,1493.91015625,0.18359375,0,37.22759246826172,43.67441431386396,191.59971470634142,332.4113937616348,-1408.1167693436146,1e-06,0.08571644273922283
b01-stage3-nokl-model2,/data-1/wandb_runs/MATH-B01_STAGE3_NOKL_MODEL2-QWEN3-1P7B-V1/wandb/offline-run-20260722_041631-61nnyz8m,40,0.615234375,0.23046875,0.23046875,1529.458984375,1529.458984375,0.16796875,0,39.143001556396484,45.425797276198864,234.76002510388693,345.5735837817192,-1108.1355511347454,1e-06,0.08681863304219514
b01-stage3-m2kl-model1,/data-1/wandb_runs/MATH-B01_STAGE3_M2KL_MODEL1-QWEN3-1P7B-V1/wandb/offline-run-20260722_070345-d0awsxih,1,0.142578125,-0.71484375,-0.71484375,824.763671875,824.763671875,0.138671875,0,30.83510971069336,16.62701011984609,-93.8057079740933,329.4527511085783,-4232.58453646728,1e-06,0.08644587004687329
b01-stage3-m2kl-model1,/data-1/wandb_runs/MATH-B01_STAGE3_M2KL_MODEL1-QWEN3-1P7B-V1/wandb/offline-run-20260722_070345-d0awsxih,2,0.111328125,-0.77734375,-0.77734375,707.63671875,707.63671875,0.1171875,0,33.7556266784668,3.524589993059635,-189.92845971767719,208.7701820043417,-3986.9863653182983,1e-06,0.08347696556325308
b01-stage3-m2kl-model1,/data-1/wandb_runs/MATH-B01_STAGE3_M2KL_MODEL1-QWEN3-1P7B-V1/wandb/offline-run-20260722_070345-d0awsxih,3,0.119140625,-0.76171875,-0.76171875,704.626953125,704.626953125,0.111328125,0,25.523670196533203,3.403211209923029,-197.40231649692242,216.63563200143668,-4140.379422701322,1e-06,0.08299838146469243
b01-stage3-m2kl-model1,/data-1/wandb_runs/MATH-B01_STAGE3_M2KL_MODEL1-QWEN3-1P7B-V1/wandb/offline-run-20260722_070345-d0awsxih,4,0.109375,-0.78125,-0.78125,721.861328125,721.861328125,0.111328125,0,32.77927017211914,5.480358104512561,-216.0474476149449,216.29814929228561,-4323.455909545605,1e-06,0.08358027771034271
b01-stage3-m2kl-model1,/data-1/wandb_runs/MATH-B01_STAGE3_M2KL_MODEL1-QWEN3-1P7B-V1/wandb/offline-run-20260722_070345-d0awsxih,5,0.125,-0.75,-0.75,844.78125,844.78125,0.140625,0,33.80430603027344,20.160384236834943,137.7132390141487,450.30681012357985,-3125.9355488504684,1e-06,0.08785667665196965
b01-stage3-m2kl-model1,/data-1/wandb_runs/MATH-B01_STAGE3_M2KL_MODEL1-QWEN3-1P7B-V1/wandb/offline-run-20260722_070345-d0awsxih,6,0.11328125,-0.7734375,-0.7734375,667.560546875,667.560546875,0.1015625,0,29.451162338256836,3.2531336820684373,-286.4461322625478,151.99825020631155,-4384.443720340729,1e-06,0.08402955437798662
b01-stage3-m2kl-model1,/data-1/wandb_runs/MATH-B01_STAGE3_M2KL_MODEL1-QWEN3-1P7B-V1/wandb/offline-run-20260722_070345-d0awsxih,7,0.095703125,-0.80859375,-0.80859375,770.189453125,770.189453125,0.130859375,0,30.959224700927734,1.2060182732529938,-198.05590530542227,163.03990996800937,-3610.9580894616934,1e-06,0.08731536977175319
b01-stage3-m2kl-model1,/data-1/wandb_runs/MATH-B01_STAGE3_M2KL_MODEL1-QWEN3-1P7B-V1/wandb/offline-run-20260722_070345-d0awsxih,8,0.125,-0.75,-0.75,826.8046875,826.8046875,0.134765625,0,41.01032257080078,23.93739408766851,73.86888522761208,446.66436866351535,-3727.9547586781637,1e-06,0.08758668533523192
b01-stage3-m2kl-model1,/data-1/wandb_runs/MATH-B01_STAGE3_M2KL_MODEL1-QWEN3-1P7B-V1/wandb/offline-run-20260722_070345-d0awsxih,9,0.130859375,-0.73828125,-0.73828125,852.24609375,852.24609375,0.142578125,0,33.048274993896484,3.9726832604501396,-267.7927663405736,178.39866456985473,-4461.91423034668,1e-06,0.08438975141139743
b01-stage3-m2kl-model1,/data-1/wandb_runs/MATH-B01_STAGE3_M2KL_MODEL1-QWEN3-1P7B-V1/wandb/offline-run-20260722_070345-d0awsxih,10,0.0859375,-0.828125,-0.828125,801.71484375,801.71484375,0.138671875,0,31.61911964416504,14.167678256635554,7.693191668816975,428.71925033841814,-4210.260489634105,1e-06,0.08447763775193128
b01-stage3-m2kl-model1,/data-1/wandb_runs/MATH-B01_STAGE3_M2KL_MODEL1-QWEN3-1P7B-V1/wandb/offline-run-20260722_070345-d0awsxih,11,0.119140625,-0.76171875,-0.76171875,643.55859375,643.55859375,0.095703125,0,36.37451934814453,14.509827971924096,-221.2548288901647,189.09621435403824,-4103.51039091746,1e-06,0.08239283590012328
b01-stage3-m2kl-model1,/data-1/wandb_runs/MATH-B01_STAGE3_M2KL_MODEL1-QWEN3-1P7B-V1/wandb/offline-run-20260722_070345-d0awsxih,12,0.1015625,-0.796875,-0.796875,694.623046875,694.623046875,0.1015625,0,29.11394500732422,2.701467738021165,-248.387568455476,112.27828262402461,-3606.658440259787,1e-06,0.08283069566711826
b01-stage3-m2kl-model1,/data-1/wandb_runs/MATH-B01_STAGE3_M2KL_MODEL1-QWEN3-1P7B-V1/wandb/offline-run-20260722_070345-d0awsxih,13,0.15234375,-0.6953125,-0.6953125,660.685546875,660.685546875,0.099609375,0,35.106536865234375,20.072996590170078,60.912074998021126,441.6699688633283,-3807.578859806061,1e-06,0.08409225222579053
b01-stage3-m2kl-model1,/data-1/wandb_runs/MATH-B01_STAGE3_M2KL_MODEL1-QWEN3-1P7B-V1/wandb/offline-run-20260722_070345-d0awsxih,14,0.140625,-0.71875,-0.71875,785.73828125,785.73828125,0.12890625,0,30.55931854248047,6.910189116024412,-332.7664731698377,109.79290556907654,-4425.593698774065,1e-06,0.0845495912169944
b01-stage3-m2kl-model1,/data-1/wandb_runs/MATH-B01_STAGE3_M2KL_MODEL1-QWEN3-1P7B-V1/wandb/offline-run-20260722_070345-d0awsxih,15,0.134765625,-0.73046875,-0.73046875,733.8359375,733.8359375,0.115234375,0,34.447174072265625,6.119668241532054,-232.34504389992128,156.6708148442782,-3890.1584972418273,1e-06,0.084425676132756
b01-stage3-m2kl-model1,/data-1/wandb_runs/MATH-B01_STAGE3_M2KL_MODEL1-QWEN3-1P7B-V1/wandb/offline-run-20260722_070345-d0awsxih,16,0.15625,-0.6875,-0.6875,616.23046875,616.23046875,0.087890625,0,37.343788146972656,22.640032527124276,-112.33601214262572,292.8605581413616,-4051.9656465703792,1e-06,0.08555524056676272
b01-stage3-m2kl-model1,/data-1/wandb_runs/MATH-B01_STAGE3_M2KL_MODEL1-QWEN3-1P7B-V1/wandb/offline-run-20260722_070345-d0awsxih,17,0.126953125,-0.74609375,-0.74609375,695.30859375,695.30859375,0.103515625,0,31.53444480895996,6.171358805149794,-232.850830078125,162.23772245645523,-3950.8854422569275,1e-06,0.08542521119232929
b01-stage3-m2kl-model1,/data-1/wandb_runs/MATH-B01_STAGE3_M2KL_MODEL1-QWEN3-1P7B-V1/wandb/offline-run-20260722_070345-d0awsxih,18,0.162109375,-0.67578125,-0.67578125,749.93359375,749.93359375,0.11328125,0,39.476524353027344,25.855466413893737,-138.83745334240106,254.9474943784567,-3937.8494188602153,1e-06,0.0854333364805279
b01-stage3-m2kl-model1,/data-1/wandb_runs/MATH-B01_STAGE3_M2KL_MODEL1-QWEN3-1P7B-V1/wandb/offline-run-20260722_070345-d0awsxih,19,0.125,-0.75,-0.75,602.06640625,602.06640625,0.083984375,0,38.1254997253418,11.741419562371448,-172.7740579843521,182.4651269045743,-3552.3917991464787,1e-06,0.08558065471643125
b01-stage3-m2kl-model1,/data-1/wandb_runs/MATH-B01_STAGE3_M2KL_MODEL1-QWEN3-1P7B-V1/wandb/offline-run-20260722_070345-d0awsxih,20,0.19140625,-0.6171875,-0.6171875,663.412109375,663.412109375,0.099609375,0,31.318588256835938,15.955421132966876,-76.99751094977061,260.83627072970074,-3378.3377254803977,1e-06,0.08416365363309819
b01-stage3-m2kl-model1,/data-1/wandb_runs/MATH-B01_STAGE3_M2KL_MODEL1-QWEN3-1P7B-V1/wandb/offline-run-20260722_070345-d0awsxih,21,0.14453125,-0.7109375,-0.7109375,591.173828125,591.173828125,0.0703125,0,64.18284606933594,22.494913862552494,-105.30859381502324,221.20013037594882,-3265.087185079401,1e-06,0.08268553951211102
b01-stage3-m2kl-model1,/data-1/wandb_runs/MATH-B01_STAGE3_M2KL_MODEL1-QWEN3-1P7B-V1/wandb/offline-run-20260722_070345-d0awsxih,22,0.107421875,-0.78515625,-0.78515625,599.41015625,599.41015625,0.08203125,0,32.91488265991211,6.8530064499937,-220.3690675605427,116.97320916435935,-3373.4227237701416,1e-06,0.08469725794019989
b01-stage3-m2kl-model1,/data-1/wandb_runs/MATH-B01_STAGE3_M2KL_MODEL1-QWEN3-1P7B-V1/wandb/offline-run-20260722_070345-d0awsxih,23,0.197265625,-0.60546875,-0.60546875,630.95703125,630.95703125,0.09375,0,30.076663970947266,13.439248447946738,-91.95646392554045,193.83041193087897,-2857.868739525477,1e-06,0.08207439761854782
b01-stage3-m2kl-model1,/data-1/wandb_runs/MATH-B01_STAGE3_M2KL_MODEL1-QWEN3-1P7B-V1/wandb/offline-run-20260722_070345-d0awsxih,24,0.154296875,-0.69140625,-0.69140625,595.828125,595.828125,0.08203125,0,34.55573272705078,22.205242817813996,-147.17127812721512,165.5090117888017,-3126.802855513313,1e-06,0.0839825170880058
b01-stage3-m2kl-model1,/data-1/wandb_runs/MATH-B01_STAGE3_M2KL_MODEL1-QWEN3-1P7B-V1/wandb/offline-run-20260722_070345-d0awsxih,25,0.154296875,-0.69140625,-0.69140625,567.033203125,567.033203125,0.072265625,0,38.91838073730469,21.54159960243851,-143.35416861013934,170.54364178397438,-3138.9780292510986,1e-06,0.08092047102485425
b01-stage3-m2kl-model1,/data-1/wandb_runs/MATH-B01_STAGE3_M2KL_MODEL1-QWEN3-1P7B-V1/wandb/offline-run-20260722_070345-d0awsxih,26,0.185546875,-0.62890625,-0.62890625,572.099609375,572.099609375,0.078125,0,33.79343032836914,25.700375481508672,-101.86830635504289,195.00815974582326,-2968.7646004069934,1e-06,0.08089064797378233
b01-stage3-m2kl-model1,/data-1/wandb_runs/MATH-B01_STAGE3_M2KL_MODEL1-QWEN3-1P7B-V1/wandb/offline-run-20260722_070345-d0awsxih,27,0.171875,-0.65625,-0.65625,507.74609375,507.74609375,0.060546875,0,36.466094970703125,10.575795142445713,-152.45201313495636,147.42771492004394,-2998.7972312927245,1e-06,0.081488497634157
b01-stage3-m2kl-model1,/data-1/wandb_runs/MATH-B01_STAGE3_M2KL_MODEL1-QWEN3-1P7B-V1/wandb/offline-run-20260722_070345-d0awsxih,28,0.1484375,-0.703125,-0.703125,569.359375,569.359375,0.078125,0,29.728578567504883,9.772219122445676,114.10064333406362,378.6768698692322,-2645.7622160694814,1e-06,0.08238961454535348
b01-stage3-m2kl-model1,/data-1/wandb_runs/MATH-B01_STAGE3_M2KL_MODEL1-QWEN3-1P7B-V1/wandb/offline-run-20260722_070345-d0awsxih,29,0.181640625,-0.63671875,-0.63671875,565.15625,565.15625,0.0703125,0,47.54466247558594,22.531656806822866,-85.6998085975647,177.09776203632356,-2627.975635433197,1e-06,0.08552412799343356
b01-stage3-m2kl-model1,/data-1/wandb_runs/MATH-B01_STAGE3_M2KL_MODEL1-QWEN3-1P7B-V1/wandb/offline-run-20260722_070345-d0awsxih,30,0.220703125,-0.55859375,-0.55859375,483.806640625,483.806640625,0.05078125,0,37.95356369018555,22.686905207345262,-28.037238743570114,199.51362040307788,-2275.508534749349,1e-06,0.0851717322747888
b01-stage3-m2kl-model1,/data-1/wandb_runs/MATH-B01_STAGE3_M2KL_MODEL1-QWEN3-1P7B-V1/wandb/offline-run-20260722_070345-d0awsxih,31,0.18359375,-0.6328125,-0.6328125,504.322265625,504.322265625,0.05859375,0,35.299530029296875,12.62667852465529,-75.48262750506402,170.65456340312957,-2461.371849155426,1e-06,0.08209737133078437
b01-stage3-m2kl-model1,/data-1/wandb_runs/MATH-B01_STAGE3_M2KL_MODEL1-QWEN3-1P7B-V1/wandb/offline-run-20260722_070345-d0awsxih,32,0.13671875,-0.7265625,-0.7265625,481.412109375,481.412109375,0.048828125,0,33.47899627685547,13.506433461559936,-130.80924207634396,139.82677925957574,-2706.360182735655,1e-06,0.08429018256800586
b01-stage3-m2kl-model1,/data-1/wandb_runs/MATH-B01_STAGE3_M2KL_MODEL1-QWEN3-1P7B-V1/wandb/offline-run-20260722_070345-d0awsxih,33,0.17578125,-0.6484375,-0.6484375,626.353515625,626.353515625,0.078125,0,37.301185607910156,12.6740159438923,-67.55827127803455,226.53449067202482,-2940.9275674819946,1e-06,0.08564083324892613
b01-stage3-m2kl-model1,/data-1/wandb_runs/MATH-B01_STAGE3_M2KL_MODEL1-QWEN3-1P7B-V1/wandb/offline-run-20260722_070345-d0awsxih,34,0.193359375,-0.61328125,-0.61328125,454.45703125,454.45703125,0.048828125,0,35.17093276977539,20.27650238526985,-67.66675803396437,156.568258550432,-2242.3501248889497,1e-06,0.08306061227208561
b01-stage3-m2kl-model1,/data-1/wandb_runs/MATH-B01_STAGE3_M2KL_MODEL1-QWEN3-1P7B-V1/wandb/offline-run-20260722_070345-d0awsxih,35,0.205078125,-0.58984375,-0.58984375,510.3515625,510.3515625,0.05859375,0,37.9520378112793,30.899013963062316,214.14236142635346,415.923970079422,-2017.8160426139832,1e-06,0.08053450862962824
b01-stage3-m2kl-model1,/data-1/wandb_runs/MATH-B01_STAGE3_M2KL_MODEL1-QWEN3-1P7B-V1/wandb/offline-run-20260722_070345-d0awsxih,36,0.21875,-0.5625,-0.5625,598.056640625,598.056640625,0.0703125,0,42.615814208984375,21.39136879146099,-5.091145688837225,220.57250236381185,-2256.636447906494,1e-06,0.08278809747769081
b01-stage3-m2kl-model1,/data-1/wandb_runs/MATH-B01_STAGE3_M2KL_MODEL1-QWEN3-1P7B-V1/wandb/offline-run-20260722_070345-d0awsxih,37,0.19140625,-0.6171875,-0.6171875,649.57421875,649.57421875,0.08203125,0,47.79204559326172,25.9070758279413,-10.6219113667806,233.2849489847819,-2439.0685535271964,1e-06,0.08339003419886148
b01-stage3-m2kl-model1,/data-1/wandb_runs/MATH-B01_STAGE3_M2KL_MODEL1-QWEN3-1P7B-V1/wandb/offline-run-20260722_070345-d0awsxih,38,0.2109375,-0.578125,-0.578125,532.328125,532.328125,0.05078125,0,39.137611389160156,22.13542749825865,-7.060531330108643,168.1464110851288,-1752.069393157959,1e-06,0.08345613049463418
b01-stage3-m2kl-model1,/data-1/wandb_runs/MATH-B01_STAGE3_M2KL_MODEL1-QWEN3-1P7B-V1/wandb/offline-run-20260722_070345-d0awsxih,39,0.26171875,-0.4765625,-0.4765625,558.044921875,558.044921875,0.05078125,0,38.24629592895508,22.470358648337424,57.404062899676234,253.52219039743596,-1961.18124034188,1e-06,0.08073542920239218
b01-stage3-m2kl-model1,/data-1/wandb_runs/MATH-B01_STAGE3_M2KL_MODEL1-QWEN3-1P7B-V1/wandb/offline-run-20260722_070345-d0awsxih,40,0.205078125,-0.58984375,-0.58984375,493.486328125,493.486328125,0.048828125,0,34.91011047363281,13.509295301511884,-2.132257652282715,146.93468401432037,-1490.6693910121917,1e-06,0.08037446034834271
b01-stage3-m2kl-model2,/data-1/wandb_runs/MATH-B01_STAGE3_M2KL_MODEL2-QWEN3-1P7B-V1/wandb/offline-run-20260722_094054-zff1zcql,1,0.220703125,-0.55859375,-0.55859375,429.390625,429.390625,0.041015625,0,34.5540771484375,21.044533064123243,141.77659307585822,335.66505765914917,-1938.8846321105957,1e-06,0.0791145609765497
b01-stage3-m2kl-model2,/data-1/wandb_runs/MATH-B01_STAGE3_M2KL_MODEL2-QWEN3-1P7B-V1/wandb/offline-run-20260722_094054-zff1zcql,2,0.18359375,-0.6328125,-0.6328125,394.732421875,394.732421875,0.029296875,0,29.514667510986328,10.507536415709183,-48.19405381381512,116.59405681490898,-1647.8810801506042,1e-06,0.0820245787625789
b01-stage3-m2kl-model2,/data-1/wandb_runs/MATH-B01_STAGE3_M2KL_MODEL2-QWEN3-1P7B-V1/wandb/offline-run-20260722_094054-zff1zcql,3,0.21875,-0.5625,-0.5625,388.96875,388.96875,0.025390625,0,35.880859375,26.71385003812611,332.4141281545162,443.8970196247101,-1114.8288794755936,1e-06,0.08143635698373283
b01-stage3-m2kl-model2,/data-1/wandb_runs/MATH-B01_STAGE3_M2KL_MODEL2-QWEN3-1P7B-V1/wandb/offline-run-20260722_094054-zff1zcql,4,0.205078125,-0.58984375,-0.58984375,407.30859375,407.30859375,0.033203125,0,30.854015350341797,19.97999158455059,283.3782669901848,450.30235746502876,-1669.2408739328384,1e-06,0.08320088368215413
b01-stage3-m2kl-model2,/data-1/wandb_runs/MATH-B01_STAGE3_M2KL_MODEL2-QWEN3-1P7B-V1/wandb/offline-run-20260722_094054-zff1zcql,5,0.173828125,-0.65234375,-0.65234375,408.59375,408.59375,0.03125,0,41.063724517822266,20.103843200020492,30.4772706925869,219.2410804629326,-1887.6380591392517,1e-06,0.083299107250969
b01-stage3-m2kl-model2,/data-1/wandb_runs/MATH-B01_STAGE3_M2KL_MODEL2-QWEN3-1P7B-V1/wandb/offline-run-20260722_094054-zff1zcql,6,0.1484375,-0.703125,-0.703125,394.623046875,394.623046875,0.0234375,0,49.83070373535156,26.789829190354794,184.50675243139267,288.5792852640152,-1040.7252887487411,1e-06,0.08120894087958434
b01-stage3-m2kl-model2,/data-1/wandb_runs/MATH-B01_STAGE3_M2KL_MODEL2-QWEN3-1P7B-V1/wandb/offline-run-20260722_094054-zff1zcql,7,0.177734375,-0.64453125,-0.64453125,440.626953125,440.626953125,0.0390625,0,33.419036865234375,16.702883360208943,-15.982846882608202,141.49386035071478,-1574.7670432196724,1e-06,0.07981907888166617
b01-stage3-m2kl-model2,/data-1/wandb_runs/MATH-B01_STAGE3_M2KL_MODEL2-QWEN3-1P7B-V1/wandb/offline-run-20260722_094054-zff1zcql,8,0.21484375,-0.5703125,-0.5703125,401.5078125,401.5078125,0.037109375,0,29.0454158782959,12.869270337279886,18.207077026367188,117.49441292550829,-992.8733353084988,1e-06,0.07772639034103623
b01-stage3-m2kl-model2,/data-1/wandb_runs/MATH-B01_STAGE3_M2KL_MODEL2-QWEN3-1P7B-V1/wandb/offline-run-20260722_094054-zff1zcql,9,0.181640625,-0.63671875,-0.63671875,452.216796875,452.216796875,0.033203125,0,49.15776443481445,27.290775532834232,174.74369123246936,301.25556749767725,-1265.1187441613938,1e-06,0.08209711005183756
b01-stage3-m2kl-model2,/data-1/wandb_runs/MATH-B01_STAGE3_M2KL_MODEL2-QWEN3-1P7B-V1/wandb/offline-run-20260722_094054-zff1zcql,10,0.16015625,-0.6796875,-0.6796875,386.212890625,386.212890625,0.0234375,0,42.8618278503418,24.652999939396977,127.70120143890381,268.26862490177155,-1405.6742140054703,1e-06,0.08027536258390658
b01-stage3-m2kl-model2,/data-1/wandb_runs/MATH-B01_STAGE3_M2KL_MODEL2-QWEN3-1P7B-V1/wandb/offline-run-20260722_094054-zff1zcql,11,0.14453125,-0.7109375,-0.7109375,348.51953125,348.51953125,0.013671875,0,39.44322204589844,12.185461040586233,41.20589941740036,138.36726081371307,-971.613590836525,1e-06,0.07534212290933745
b01-stage3-m2kl-model2,/data-1/wandb_runs/MATH-B01_STAGE3_M2KL_MODEL2-QWEN3-1P7B-V1/wandb/offline-run-20260722_094054-zff1zcql,12,0.15234375,-0.6953125,-0.6953125,500.552734375,500.552734375,0.056640625,0,39.35960006713867,17.36742711858824,92.96027336120605,264.66618981361387,-1717.05914478302,1e-06,0.08149915859041837
b01-stage3-m2kl-model2,/data-1/wandb_runs/MATH-B01_STAGE3_M2KL_MODEL2-QWEN3-1P7B-V1/wandb/offline-run-20260722_094054-zff1zcql,13,0.212890625,-0.57421875,-0.57421875,395.1640625,395.1640625,0.025390625,0,35.455322265625,21.9524015779607,96.57680717110634,202.1738315820694,-1055.970241189003,1e-06,0.08188807039408558
b01-stage3-m2kl-model2,/data-1/wandb_runs/MATH-B01_STAGE3_M2KL_MODEL2-QWEN3-1P7B-V1/wandb/offline-run-20260722_094054-zff1zcql,14,0.21484375,-0.5703125,-0.5703125,448.716796875,448.716796875,0.03515625,0,46.3282470703125,30.24457880621776,172.76155638694763,283.0506730079651,-1102.8911412556965,1e-06,0.08180707443578332
b01-stage3-m2kl-model2,/data-1/wandb_runs/MATH-B01_STAGE3_M2KL_MODEL2-QWEN3-1P7B-V1/wandb/offline-run-20260722_094054-zff1zcql,15,0.205078125,-0.58984375,-0.58984375,397.40234375,397.40234375,0.021484375,0,40.277400970458984,25.992755681741983,147.91430801153183,260.75714111328125,-1128.4283084273338,1e-06,0.08158574526255181
b01-stage3-m2kl-model2,/data-1/wandb_runs/MATH-B01_STAGE3_M2KL_MODEL2-QWEN3-1P7B-V1/wandb/offline-run-20260722_094054-zff1zcql,16,0.205078125,-0.58984375,-0.58984375,417.728515625,417.728515625,0.02734375,0,40.022979736328125,27.351032582693733,208.94184836414126,277.25743296411304,-683.1558443175422,1e-06,0.07752800110217459
b01-stage3-m2kl-model2,/data-1/wandb_runs/MATH-B01_STAGE3_M2KL_MODEL2-QWEN3-1P7B-V1/wandb/offline-run-20260722_094054-zff1zcql,17,0.1796875,-0.640625,-0.640625,549.388671875,549.388671875,0.056640625,0,49.54325866699219,17.390456330496818,-18.676555728912355,144.56100437641143,-1632.3755843162537,1e-06,0.08344569050989359
b01-stage3-m2kl-model2,/data-1/wandb_runs/MATH-B01_STAGE3_M2KL_MODEL2-QWEN3-1P7B-V1/wandb/offline-run-20260722_094054-zff1zcql,18,0.220703125,-0.55859375,-0.55859375,541.32421875,541.32421875,0.046875,0,42.4260368347168,28.595978789031506,101.68663592338562,250.0019980430603,-1483.153605556488,1e-06,0.08310188211456426
b01-stage3-m2kl-model2,/data-1/wandb_runs/MATH-B01_STAGE3_M2KL_MODEL2-QWEN3-1P7B-V1/wandb/offline-run-20260722_094054-zff1zcql,19,0.2109375,-0.578125,-0.578125,446.4609375,446.4609375,0.03125,0,44.08153533935547,26.013126817531884,176.42460232310825,276.26208395428125,-998.3748125500149,1e-06,0.08172483090497332
b01-stage3-m2kl-model2,/data-1/wandb_runs/MATH-B01_STAGE3_M2KL_MODEL2-QWEN3-1P7B-V1/wandb/offline-run-20260722_094054-zff1zcql,20,0.25390625,-0.4921875,-0.4921875,428.166015625,428.166015625,0.01953125,0,47.821632385253906,28.70365678984672,188.83368259006076,307.00041892793445,-1181.6672987408108,1e-06,0.07809641655800756
b01-stage3-m2kl-model2,/data-1/wandb_runs/MATH-B01_STAGE3_M2KL_MODEL2-QWEN3-1P7B-V1/wandb/offline-run-20260722_094054-zff1zcql,21,0.236328125,-0.52734375,-0.52734375,469.615234375,469.615234375,0.033203125,0,40.285770416259766,20.657195300795138,114.69845848613315,200.86727009879218,-861.6881097157797,1e-06,0.08217035182020761
b01-stage3-m2kl-model2,/data-1/wandb_runs/MATH-B01_STAGE3_M2KL_MODEL2-QWEN3-1P7B-V1/wandb/offline-run-20260722_094054-zff1zcql,22,0.228515625,-0.54296875,-0.54296875,675.36328125,675.36328125,0.05859375,0,58.369266510009766,52.96446290053427,398.2492679754893,513.5739794969559,-1153.2470879554749,1e-06,0.08469856029967704
b01-stage3-m2kl-model2,/data-1/wandb_runs/MATH-B01_STAGE3_M2KL_MODEL2-QWEN3-1P7B-V1/wandb/offline-run-20260722_094054-zff1zcql,23,0.283203125,-0.43359375,-0.43359375,566.2421875,566.2421875,0.046875,0,41.30356216430664,24.81179000902921,132.788592078469,229.26575604352084,-964.7716240449386,1e-06,0.08099920662548227
b01-stage3-m2kl-model2,/data-1/wandb_runs/MATH-B01_STAGE3_M2KL_MODEL2-QWEN3-1P7B-V1/wandb/offline-run-20260722_094054-zff1zcql,24,0.294921875,-0.41015625,-0.41015625,637.658203125,637.658203125,0.044921875,0,52.123779296875,39.2996393982321,236.0605065425237,349.15626764297485,-1130.9575798511505,1e-06,0.08097435519097662
b01-stage3-m2kl-model2,/data-1/wandb_runs/MATH-B01_STAGE3_M2KL_MODEL2-QWEN3-1P7B-V1/wandb/offline-run-20260722_094054-zff1zcql,25,0.2890625,-0.421875,-0.421875,630.28125,630.28125,0.048828125,0,52.46199035644531,33.16862317174673,128.8868382844058,235.07055269588125,-1061.8371253447099,1e-06,0.08529389441531174
b01-stage3-m2kl-model2,/data-1/wandb_runs/MATH-B01_STAGE3_M2KL_MODEL2-QWEN3-1P7B-V1/wandb/offline-run-20260722_094054-zff1zcql,26,0.341796875,-0.31640625,-0.31640625,677.134765625,677.134765625,0.056640625,0,47.01270294189453,34.65194383729249,229.6340782046318,332.08985741933185,-1024.5577917099,1e-06,0.08323961336036373
b01-stage3-m2kl-model2,/data-1/wandb_runs/MATH-B01_STAGE3_M2KL_MODEL2-QWEN3-1P7B-V1/wandb/offline-run-20260722_094054-zff1zcql,27,0.310546875,-0.37890625,-0.37890625,712.72265625,712.72265625,0.046875,0,44.187992095947266,36.93383271759376,335.9191600176004,444.3429957353152,-1084.2383401944087,1e-06,0.08188770417247666
b01-stage3-m2kl-model2,/data-1/wandb_runs/MATH-B01_STAGE3_M2KL_MODEL2-QWEN3-1P7B-V1/wandb/offline-run-20260722_094054-zff1zcql,28,0.30859375,-0.3828125,-0.3828125,953.796875,953.796875,0.09765625,0,49.015586853027344,32.26316621666774,118.6953497081995,245.36580055952072,-1266.704492509365,1e-06,0.08580824242646795
b01-stage3-m2kl-model2,/data-1/wandb_runs/MATH-B01_STAGE3_M2KL_MODEL2-QWEN3-1P7B-V1/wandb/offline-run-20260722_094054-zff1zcql,29,0.40234375,-0.1953125,-0.1953125,878.794921875,878.794921875,0.05859375,0,53.629878997802734,47.95041250064969,343.70315783818563,446.8558614730835,-1031.5270413716635,1e-06,0.08356063485736216
b01-stage3-m2kl-model2,/data-1/wandb_runs/MATH-B01_STAGE3_M2KL_MODEL2-QWEN3-1P7B-V1/wandb/offline-run-20260722_094054-zff1zcql,30,0.421875,-0.15625,-0.15625,854.001953125,854.001953125,0.080078125,0,54.682064056396484,36.32733328640461,189.057004181544,299.4336285750071,-1103.766243092219,1e-06,0.08310575343565357
b01-stage3-m2kl-model2,/data-1/wandb_runs/MATH-B01_STAGE3_M2KL_MODEL2-QWEN3-1P7B-V1/wandb/offline-run-20260722_094054-zff1zcql,31,0.41796875,-0.1640625,-0.1640625,903.400390625,903.400390625,0.072265625,0,46.49759292602539,34.12378787063062,144.94349114100137,261.97689291636146,-1170.3339975992837,1e-06,0.08607213900815333
b01-stage3-m2kl-model2,/data-1/wandb_runs/MATH-B01_STAGE3_M2KL_MODEL2-QWEN3-1P7B-V1/wandb/offline-run-20260722_094054-zff1zcql,32,0.39453125,-0.2109375,-0.2109375,1125.484375,1125.484375,0.107421875,0,48.315528869628906,40.00948037020862,184.34020988146463,288.73431052101984,-1043.9409994151856,1e-06,0.08673945904510444
b01-stage3-m2kl-model2,/data-1/wandb_runs/MATH-B01_STAGE3_M2KL_MODEL2-QWEN3-1P7B-V1/wandb/offline-run-20260722_094054-zff1zcql,33,0.48046875,-0.0390625,-0.0390625,1089.1953125,1089.1953125,0.107421875,0,49.8018684387207,43.193318978883326,217.07505938741895,320.65579448805914,-1035.8073539336522,1e-06,0.08485617858733427
b01-stage3-m2kl-model2,/data-1/wandb_runs/MATH-B01_STAGE3_M2KL_MODEL2-QWEN3-1P7B-V1/wandb/offline-run-20260722_094054-zff1zcql,34,0.486328125,-0.02734375,-0.02734375,1047.37890625,1047.37890625,0.076171875,0,47.592979431152344,48.70315912843216,295.76488559736924,387.73936653137207,-919.7447672451244,1e-06,0.08642721199176887
b01-stage3-m2kl-model2,/data-1/wandb_runs/MATH-B01_STAGE3_M2KL_MODEL2-QWEN3-1P7B-V1/wandb/offline-run-20260722_094054-zff1zcql,35,0.5078125,0.015625,0.015625,1237.6484375,1237.6484375,0.125,0,45.297237396240234,49.22896271478385,239.43404214382173,353.2399649143219,-1138.0592217206954,1e-06,0.08535966895043622
b01-stage3-m2kl-model2,/data-1/wandb_runs/MATH-B01_STAGE3_M2KL_MODEL2-QWEN3-1P7B-V1/wandb/offline-run-20260722_094054-zff1zcql,36,0.587890625,0.17578125,0.17578125,1297.306640625,1297.306640625,0.126953125,0,42.34292221069336,42.72776883468032,231.96261419568742,326.8901687576657,-949.2755176737195,1e-06,0.08473208685322847
b01-stage3-m2kl-model2,/data-1/wandb_runs/MATH-B01_STAGE3_M2KL_MODEL2-QWEN3-1P7B-V1/wandb/offline-run-20260722_094054-zff1zcql,37,0.4765625,-0.046875,-0.046875,1415.123046875,1415.123046875,0.142578125,0,48.13860321044922,49.65737666003406,250.04570623066115,377.2123730700949,-1271.666647610457,1e-06,0.08509113892788861
b01-stage3-m2kl-model2,/data-1/wandb_runs/MATH-B01_STAGE3_M2KL_MODEL2-QWEN3-1P7B-V1/wandb/offline-run-20260722_094054-zff1zcql,38,0.537109375,0.07421875,0.07421875,1433.3125,1433.3125,0.14453125,0,45.95246887207031,51.43868553638458,268.3612220183663,376.48964359449303,-1081.2841910382976,1e-06,0.0853350977097607
b01-stage3-m2kl-model2,/data-1/wandb_runs/MATH-B01_STAGE3_M2KL_MODEL2-QWEN3-1P7B-V1/wandb/offline-run-20260722_094054-zff1zcql,39,0.56640625,0.1328125,0.1328125,1449.251953125,1449.251953125,0.189453125,0,37.950828552246094,37.37470244197175,112.80562967839448,247.97675074701723,-1351.7111958109815,1e-06,0.08666012861612113
b01-stage3-m2kl-model2,/data-1/wandb_runs/MATH-B01_STAGE3_M2KL_MODEL2-QWEN3-1P7B-V1/wandb/offline-run-20260722_094054-zff1zcql,40,0.5859375,0.171875,0.171875,1485.849609375,1485.849609375,0.16015625,0,39.386192321777344,44.19757632538676,220.27218590611997,317.11860559297645,-968.4641821488091,1e-06,0.08793573690215137
